[0.173s] [34mcolcon[0m [1;30mDEBUG[0m [32mCommand line arguments: ['/usr/bin/colcon', 'build'][0m
[0.174s] [34mcolcon[0m [1;30mDEBUG[0m [32mParsed command line arguments: Namespace(log_base=None, log_level=None, verb_name='build', build_base='build', install_base='install', merge_install=False, symlink_install=False, test_result_base=None, continue_on_error=False, executor='parallel', parallel_workers=20, event_handlers=None, ignore_user_meta=False, metas=['./colcon.meta'], base_paths=['.'], packages_ignore=None, packages_ignore_regex=None, paths=None, packages_up_to=None, packages_up_to_regex=None, packages_above=None, packages_above_and_dependencies=None, packages_above_depth=None, packages_select_by_dep=None, packages_skip_by_dep=None, packages_skip_up_to=None, packages_select_build_failed=False, packages_skip_build_finished=False, packages_select_test_failures=False, packages_skip_test_passed=False, packages_select=None, packages_skip=None, packages_select_regex=None, packages_skip_regex=None, packages_start=None, packages_end=None, allow_overriding=[], cmake_args=None, cmake_target=None, cmake_target_skip_unavailable=False, cmake_clean_cache=False, cmake_clean_first=False, cmake_force_configure=False, ament_cmake_args=None, catkin_cmake_args=None, catkin_skip_building_tests=False, mixin_files=None, mixin=None, verb_parser=<colcon_mixin.mixin.mixin_argument.MixinArgumentDecorator object at 0x7d44b994baf0>, verb_extension=<colcon_core.verb.build.BuildVerb object at 0x7d44b9a80ac0>, main=<bound method BuildVerb.main of <colcon_core.verb.build.BuildVerb object at 0x7d44b9a80ac0>>, mixin_verb=('build',))[0m
[0.455s] [34mcolcon.colcon_core.package_discovery[0m [1;30mLevel 1[0m discover_packages(colcon_meta) check parameters
[0.455s] [34mcolcon.colcon_core.package_discovery[0m [1;30mLevel 1[0m discover_packages(recursive) check parameters
[0.455s] [34mcolcon.colcon_core.package_discovery[0m [1;30mLevel 1[0m discover_packages(ignore) check parameters
[0.456s] [34mcolcon.colcon_core.package_discovery[0m [1;30mLevel 1[0m discover_packages(path) check parameters
[0.456s] [34mcolcon.colcon_core.package_discovery[0m [1;30mLevel 1[0m discover_packages(colcon_meta) discover
[0.456s] [34mcolcon.colcon_core.package_discovery[0m [1;30mLevel 1[0m discover_packages(recursive) discover
[0.456s] [34mcolcon.colcon_core.package_discovery[0m [1;30mINFO[0m Crawling recursively for packages in '/home/smartcps/ros2_ws/src/doosan-robot2/Image_Detection-main'
[0.456s] [34mcolcon.colcon_core.package_identification[0m [1;30mLevel 1[0m _identify(.) by extensions ['ignore', 'ignore_ament_install']
[0.456s] [34mcolcon.colcon_core.package_identification[0m [1;30mLevel 1[0m _identify(.) by extension 'ignore'
[0.456s] [34mcolcon.colcon_core.package_identification[0m [1;30mLevel 1[0m _identify(.) by extension 'ignore_ament_install'
[0.456s] [34mcolcon.colcon_core.package_identification[0m [1;30mLevel 1[0m _identify(.) by extensions ['colcon_pkg']
[0.456s] [34mcolcon.colcon_core.package_identification[0m [1;30mLevel 1[0m _identify(.) by extension 'colcon_pkg'
[0.456s] [34mcolcon.colcon_core.package_identification[0m [1;30mLevel 1[0m _identify(.) by extensions ['colcon_meta']
[0.457s] [34mcolcon.colcon_core.package_identification[0m [1;30mLevel 1[0m _identify(.) by extension 'colcon_meta'
[0.457s] [34mcolcon.colcon_core.package_identification[0m [1;30mLevel 1[0m _identify(.) by extensions ['ros']
[0.457s] [34mcolcon.colcon_core.package_identification[0m [1;30mLevel 1[0m _identify(.) by extension 'ros'
[0.477s] [34mcolcon.colcon_core.package_identification[0m [1;30mLevel 1[0m _identify(.) by extensions ['cmake', 'python']
[0.477s] [34mcolcon.colcon_core.package_identification[0m [1;30mLevel 1[0m _identify(.) by extension 'cmake'
[0.477s] [34mcolcon.colcon_core.package_identification[0m [1;30mLevel 1[0m _identify(.) by extension 'python'
[0.477s] [34mcolcon.colcon_core.package_identification[0m [1;30mLevel 1[0m _identify(.) by extensions ['python_setup_py']
[0.477s] [34mcolcon.colcon_core.package_identification[0m [1;30mLevel 1[0m _identify(.) by extension 'python_setup_py'
[0.478s] [34mcolcon.colcon_core.package_identification[0m [1;30mLevel 1[0m _identify(Test) by extensions ['ignore', 'ignore_ament_install']
[0.478s] [34mcolcon.colcon_core.package_identification[0m [1;30mLevel 1[0m _identify(Test) by extension 'ignore'
[0.478s] [34mcolcon.colcon_core.package_identification[0m [1;30mLevel 1[0m _identify(Test) by extension 'ignore_ament_install'
[0.478s] [34mcolcon.colcon_core.package_identification[0m [1;30mLevel 1[0m _identify(Test) by extensions ['colcon_pkg']
[0.478s] [34mcolcon.colcon_core.package_identification[0m [1;30mLevel 1[0m _identify(Test) by extension 'colcon_pkg'
[0.478s] [34mcolcon.colcon_core.package_identification[0m [1;30mLevel 1[0m _identify(Test) by extensions ['colcon_meta']
[0.478s] [34mcolcon.colcon_core.package_identification[0m [1;30mLevel 1[0m _identify(Test) by extension 'colcon_meta'
[0.479s] [34mcolcon.colcon_core.package_identification[0m [1;30mLevel 1[0m _identify(Test) by extensions ['ros']
[0.479s] [34mcolcon.colcon_core.package_identification[0m [1;30mLevel 1[0m _identify(Test) by extension 'ros'
[0.479s] [34mcolcon.colcon_core.package_identification[0m [1;30mLevel 1[0m _identify(Test) by extensions ['cmake', 'python']
[0.479s] [34mcolcon.colcon_core.package_identification[0m [1;30mLevel 1[0m _identify(Test) by extension 'cmake'
[0.479s] [34mcolcon.colcon_core.package_identification[0m [1;30mLevel 1[0m _identify(Test) by extension 'python'
[0.479s] [34mcolcon.colcon_core.package_identification[0m [1;30mLevel 1[0m _identify(Test) by extensions ['python_setup_py']
[0.479s] [34mcolcon.colcon_core.package_identification[0m [1;30mLevel 1[0m _identify(Test) by extension 'python_setup_py'
[0.479s] [34mcolcon.colcon_core.package_identification[0m [1;30mLevel 1[0m _identify(__pycache__) by extensions ['ignore', 'ignore_ament_install']
[0.479s] [34mcolcon.colcon_core.package_identification[0m [1;30mLevel 1[0m _identify(__pycache__) by extension 'ignore'
[0.479s] [34mcolcon.colcon_core.package_identification[0m [1;30mLevel 1[0m _identify(__pycache__) by extension 'ignore_ament_install'
[0.479s] [34mcolcon.colcon_core.package_identification[0m [1;30mLevel 1[0m _identify(__pycache__) by extensions ['colcon_pkg']
[0.479s] [34mcolcon.colcon_core.package_identification[0m [1;30mLevel 1[0m _identify(__pycache__) by extension 'colcon_pkg'
[0.479s] [34mcolcon.colcon_core.package_identification[0m [1;30mLevel 1[0m _identify(__pycache__) by extensions ['colcon_meta']
[0.479s] [34mcolcon.colcon_core.package_identification[0m [1;30mLevel 1[0m _identify(__pycache__) by extension 'colcon_meta'
[0.480s] [34mcolcon.colcon_core.package_identification[0m [1;30mLevel 1[0m _identify(__pycache__) by extensions ['ros']
[0.480s] [34mcolcon.colcon_core.package_identification[0m [1;30mLevel 1[0m _identify(__pycache__) by extension 'ros'
[0.480s] [34mcolcon.colcon_core.package_identification[0m [1;30mLevel 1[0m _identify(__pycache__) by extensions ['cmake', 'python']
[0.480s] [34mcolcon.colcon_core.package_identification[0m [1;30mLevel 1[0m _identify(__pycache__) by extension 'cmake'
[0.480s] [34mcolcon.colcon_core.package_identification[0m [1;30mLevel 1[0m _identify(__pycache__) by extension 'python'
[0.480s] [34mcolcon.colcon_core.package_identification[0m [1;30mLevel 1[0m _identify(__pycache__) by extensions ['python_setup_py']
[0.480s] [34mcolcon.colcon_core.package_identification[0m [1;30mLevel 1[0m _identify(__pycache__) by extension 'python_setup_py'
[0.480s] [34mcolcon.colcon_core.package_identification[0m [1;30mLevel 1[0m _identify(anaconda_projects) by extensions ['ignore', 'ignore_ament_install']
[0.480s] [34mcolcon.colcon_core.package_identification[0m [1;30mLevel 1[0m _identify(anaconda_projects) by extension 'ignore'
[0.480s] [34mcolcon.colcon_core.package_identification[0m [1;30mLevel 1[0m _identify(anaconda_projects) by extension 'ignore_ament_install'
[0.480s] [34mcolcon.colcon_core.package_identification[0m [1;30mLevel 1[0m _identify(anaconda_projects) by extensions ['colcon_pkg']
[0.480s] [34mcolcon.colcon_core.package_identification[0m [1;30mLevel 1[0m _identify(anaconda_projects) by extension 'colcon_pkg'
[0.480s] [34mcolcon.colcon_core.package_identification[0m [1;30mLevel 1[0m _identify(anaconda_projects) by extensions ['colcon_meta']
[0.480s] [34mcolcon.colcon_core.package_identification[0m [1;30mLevel 1[0m _identify(anaconda_projects) by extension 'colcon_meta'
[0.480s] [34mcolcon.colcon_core.package_identification[0m [1;30mLevel 1[0m _identify(anaconda_projects) by extensions ['ros']
[0.481s] [34mcolcon.colcon_core.package_identification[0m [1;30mLevel 1[0m _identify(anaconda_projects) by extension 'ros'
[0.481s] [34mcolcon.colcon_core.package_identification[0m [1;30mLevel 1[0m _identify(anaconda_projects) by extensions ['cmake', 'python']
[0.481s] [34mcolcon.colcon_core.package_identification[0m [1;30mLevel 1[0m _identify(anaconda_projects) by extension 'cmake'
[0.481s] [34mcolcon.colcon_core.package_identification[0m [1;30mLevel 1[0m _identify(anaconda_projects) by extension 'python'
[0.481s] [34mcolcon.colcon_core.package_identification[0m [1;30mLevel 1[0m _identify(anaconda_projects) by extensions ['python_setup_py']
[0.481s] [34mcolcon.colcon_core.package_identification[0m [1;30mLevel 1[0m _identify(anaconda_projects) by extension 'python_setup_py'
[0.481s] [34mcolcon.colcon_core.package_identification[0m [1;30mLevel 1[0m _identify(anaconda_projects/db) by extensions ['ignore', 'ignore_ament_install']
[0.481s] [34mcolcon.colcon_core.package_identification[0m [1;30mLevel 1[0m _identify(anaconda_projects/db) by extension 'ignore'
[0.481s] [34mcolcon.colcon_core.package_identification[0m [1;30mLevel 1[0m _identify(anaconda_projects/db) by extension 'ignore_ament_install'
[0.481s] [34mcolcon.colcon_core.package_identification[0m [1;30mLevel 1[0m _identify(anaconda_projects/db) by extensions ['colcon_pkg']
[0.481s] [34mcolcon.colcon_core.package_identification[0m [1;30mLevel 1[0m _identify(anaconda_projects/db) by extension 'colcon_pkg'
[0.481s] [34mcolcon.colcon_core.package_identification[0m [1;30mLevel 1[0m _identify(anaconda_projects/db) by extensions ['colcon_meta']
[0.481s] [34mcolcon.colcon_core.package_identification[0m [1;30mLevel 1[0m _identify(anaconda_projects/db) by extension 'colcon_meta'
[0.481s] [34mcolcon.colcon_core.package_identification[0m [1;30mLevel 1[0m _identify(anaconda_projects/db) by extensions ['ros']
[0.481s] [34mcolcon.colcon_core.package_identification[0m [1;30mLevel 1[0m _identify(anaconda_projects/db) by extension 'ros'
[0.481s] [34mcolcon.colcon_core.package_identification[0m [1;30mLevel 1[0m _identify(anaconda_projects/db) by extensions ['cmake', 'python']
[0.481s] [34mcolcon.colcon_core.package_identification[0m [1;30mLevel 1[0m _identify(anaconda_projects/db) by extension 'cmake'
[0.481s] [34mcolcon.colcon_core.package_identification[0m [1;30mLevel 1[0m _identify(anaconda_projects/db) by extension 'python'
[0.482s] [34mcolcon.colcon_core.package_identification[0m [1;30mLevel 1[0m _identify(anaconda_projects/db) by extensions ['python_setup_py']
[0.482s] [34mcolcon.colcon_core.package_identification[0m [1;30mLevel 1[0m _identify(anaconda_projects/db) by extension 'python_setup_py'
[0.482s] [34mcolcon.colcon_core.package_identification[0m [1;30mLevel 1[0m _identify(build) by extensions ['ignore', 'ignore_ament_install']
[0.482s] [34mcolcon.colcon_core.package_identification[0m [1;30mLevel 1[0m _identify(build) by extension 'ignore'
[0.482s] [34mcolcon.colcon_core.package_identification[0m [1;30mLevel 1[0m _identify(build) ignored
[0.482s] [34mcolcon.colcon_core.package_identification[0m [1;30mLevel 1[0m _identify(config) by extensions ['ignore', 'ignore_ament_install']
[0.482s] [34mcolcon.colcon_core.package_identification[0m [1;30mLevel 1[0m _identify(config) by extension 'ignore'
[0.482s] [34mcolcon.colcon_core.package_identification[0m [1;30mLevel 1[0m _identify(config) by extension 'ignore_ament_install'
[0.482s] [34mcolcon.colcon_core.package_identification[0m [1;30mLevel 1[0m _identify(config) by extensions ['colcon_pkg']
[0.482s] [34mcolcon.colcon_core.package_identification[0m [1;30mLevel 1[0m _identify(config) by extension 'colcon_pkg'
[0.482s] [34mcolcon.colcon_core.package_identification[0m [1;30mLevel 1[0m _identify(config) by extensions ['colcon_meta']
[0.482s] [34mcolcon.colcon_core.package_identification[0m [1;30mLevel 1[0m _identify(config) by extension 'colcon_meta'
[0.482s] [34mcolcon.colcon_core.package_identification[0m [1;30mLevel 1[0m _identify(config) by extensions ['ros']
[0.482s] [34mcolcon.colcon_core.package_identification[0m [1;30mLevel 1[0m _identify(config) by extension 'ros'
[0.482s] [34mcolcon.colcon_core.package_identification[0m [1;30mLevel 1[0m _identify(config) by extensions ['cmake', 'python']
[0.482s] [34mcolcon.colcon_core.package_identification[0m [1;30mLevel 1[0m _identify(config) by extension 'cmake'
[0.482s] [34mcolcon.colcon_core.package_identification[0m [1;30mLevel 1[0m _identify(config) by extension 'python'
[0.483s] [34mcolcon.colcon_core.package_identification[0m [1;30mLevel 1[0m _identify(config) by extensions ['python_setup_py']
[0.483s] [34mcolcon.colcon_core.package_identification[0m [1;30mLevel 1[0m _identify(config) by extension 'python_setup_py'
[0.483s] [34mcolcon.colcon_core.package_identification[0m [1;30mLevel 1[0m _identify(data) by extensions ['ignore', 'ignore_ament_install']
[0.483s] [34mcolcon.colcon_core.package_identification[0m [1;30mLevel 1[0m _identify(data) by extension 'ignore'
[0.483s] [34mcolcon.colcon_core.package_identification[0m [1;30mLevel 1[0m _identify(data) by extension 'ignore_ament_install'
[0.483s] [34mcolcon.colcon_core.package_identification[0m [1;30mLevel 1[0m _identify(data) by extensions ['colcon_pkg']
[0.483s] [34mcolcon.colcon_core.package_identification[0m [1;30mLevel 1[0m _identify(data) by extension 'colcon_pkg'
[0.483s] [34mcolcon.colcon_core.package_identification[0m [1;30mLevel 1[0m _identify(data) by extensions ['colcon_meta']
[0.483s] [34mcolcon.colcon_core.package_identification[0m [1;30mLevel 1[0m _identify(data) by extension 'colcon_meta'
[0.483s] [34mcolcon.colcon_core.package_identification[0m [1;30mLevel 1[0m _identify(data) by extensions ['ros']
[0.483s] [34mcolcon.colcon_core.package_identification[0m [1;30mLevel 1[0m _identify(data) by extension 'ros'
[0.483s] [34mcolcon.colcon_core.package_identification[0m [1;30mLevel 1[0m _identify(data) by extensions ['cmake', 'python']
[0.483s] [34mcolcon.colcon_core.package_identification[0m [1;30mLevel 1[0m _identify(data) by extension 'cmake'
[0.483s] [34mcolcon.colcon_core.package_identification[0m [1;30mLevel 1[0m _identify(data) by extension 'python'
[0.483s] [34mcolcon.colcon_core.package_identification[0m [1;30mLevel 1[0m _identify(data) by extensions ['python_setup_py']
[0.483s] [34mcolcon.colcon_core.package_identification[0m [1;30mLevel 1[0m _identify(data) by extension 'python_setup_py'
[0.483s] [34mcolcon.colcon_core.package_identification[0m [1;30mLevel 1[0m _identify(data/20260324_192735_session) by extensions ['ignore', 'ignore_ament_install']
[0.483s] [34mcolcon.colcon_core.package_identification[0m [1;30mLevel 1[0m _identify(data/20260324_192735_session) by extension 'ignore'
[0.484s] [34mcolcon.colcon_core.package_identification[0m [1;30mLevel 1[0m _identify(data/20260324_192735_session) by extension 'ignore_ament_install'
[0.484s] [34mcolcon.colcon_core.package_identification[0m [1;30mLevel 1[0m _identify(data/20260324_192735_session) by extensions ['colcon_pkg']
[0.484s] [34mcolcon.colcon_core.package_identification[0m [1;30mLevel 1[0m _identify(data/20260324_192735_session) by extension 'colcon_pkg'
[0.484s] [34mcolcon.colcon_core.package_identification[0m [1;30mLevel 1[0m _identify(data/20260324_192735_session) by extensions ['colcon_meta']
[0.484s] [34mcolcon.colcon_core.package_identification[0m [1;30mLevel 1[0m _identify(data/20260324_192735_session) by extension 'colcon_meta'
[0.484s] [34mcolcon.colcon_core.package_identification[0m [1;30mLevel 1[0m _identify(data/20260324_192735_session) by extensions ['ros']
[0.484s] [34mcolcon.colcon_core.package_identification[0m [1;30mLevel 1[0m _identify(data/20260324_192735_session) by extension 'ros'
[0.484s] [34mcolcon.colcon_core.package_identification[0m [1;30mLevel 1[0m _identify(data/20260324_192735_session) by extensions ['cmake', 'python']
[0.484s] [34mcolcon.colcon_core.package_identification[0m [1;30mLevel 1[0m _identify(data/20260324_192735_session) by extension 'cmake'
[0.484s] [34mcolcon.colcon_core.package_identification[0m [1;30mLevel 1[0m _identify(data/20260324_192735_session) by extension 'python'
[0.484s] [34mcolcon.colcon_core.package_identification[0m [1;30mLevel 1[0m _identify(data/20260324_192735_session) by extensions ['python_setup_py']
[0.484s] [34mcolcon.colcon_core.package_identification[0m [1;30mLevel 1[0m _identify(data/20260324_192735_session) by extension 'python_setup_py'
[0.484s] [34mcolcon.colcon_core.package_identification[0m [1;30mLevel 1[0m _identify(data/20260324_192735_session/1_capture) by extensions ['ignore', 'ignore_ament_install']
[0.484s] [34mcolcon.colcon_core.package_identification[0m [1;30mLevel 1[0m _identify(data/20260324_192735_session/1_capture) by extension 'ignore'
[0.485s] [34mcolcon.colcon_core.package_identification[0m [1;30mLevel 1[0m _identify(data/20260324_192735_session/1_capture) by extension 'ignore_ament_install'
[0.485s] [34mcolcon.colcon_core.package_identification[0m [1;30mLevel 1[0m _identify(data/20260324_192735_session/1_capture) by extensions ['colcon_pkg']
[0.485s] [34mcolcon.colcon_core.package_identification[0m [1;30mLevel 1[0m _identify(data/20260324_192735_session/1_capture) by extension 'colcon_pkg'
[0.485s] [34mcolcon.colcon_core.package_identification[0m [1;30mLevel 1[0m _identify(data/20260324_192735_session/1_capture) by extensions ['colcon_meta']
[0.485s] [34mcolcon.colcon_core.package_identification[0m [1;30mLevel 1[0m _identify(data/20260324_192735_session/1_capture) by extension 'colcon_meta'
[0.485s] [34mcolcon.colcon_core.package_identification[0m [1;30mLevel 1[0m _identify(data/20260324_192735_session/1_capture) by extensions ['ros']
[0.485s] [34mcolcon.colcon_core.package_identification[0m [1;30mLevel 1[0m _identify(data/20260324_192735_session/1_capture) by extension 'ros'
[0.485s] [34mcolcon.colcon_core.package_identification[0m [1;30mLevel 1[0m _identify(data/20260324_192735_session/1_capture) by extensions ['cmake', 'python']
[0.485s] [34mcolcon.colcon_core.package_identification[0m [1;30mLevel 1[0m _identify(data/20260324_192735_session/1_capture) by extension 'cmake'
[0.485s] [34mcolcon.colcon_core.package_identification[0m [1;30mLevel 1[0m _identify(data/20260324_192735_session/1_capture) by extension 'python'
[0.486s] [34mcolcon.colcon_core.package_identification[0m [1;30mLevel 1[0m _identify(data/20260324_192735_session/1_capture) by extensions ['python_setup_py']
[0.486s] [34mcolcon.colcon_core.package_identification[0m [1;30mLevel 1[0m _identify(data/20260324_192735_session/1_capture) by extension 'python_setup_py'
[0.486s] [34mcolcon.colcon_core.package_identification[0m [1;30mLevel 1[0m _identify(data/20260324_192735_session/1_capture/intermediate) by extensions ['ignore', 'ignore_ament_install']
[0.486s] [34mcolcon.colcon_core.package_identification[0m [1;30mLevel 1[0m _identify(data/20260324_192735_session/1_capture/intermediate) by extension 'ignore'
[0.486s] [34mcolcon.colcon_core.package_identification[0m [1;30mLevel 1[0m _identify(data/20260324_192735_session/1_capture/intermediate) by extension 'ignore_ament_install'
[0.486s] [34mcolcon.colcon_core.package_identification[0m [1;30mLevel 1[0m _identify(data/20260324_192735_session/1_capture/intermediate) by extensions ['colcon_pkg']
[0.486s] [34mcolcon.colcon_core.package_identification[0m [1;30mLevel 1[0m _identify(data/20260324_192735_session/1_capture/intermediate) by extension 'colcon_pkg'
[0.486s] [34mcolcon.colcon_core.package_identification[0m [1;30mLevel 1[0m _identify(data/20260324_192735_session/1_capture/intermediate) by extensions ['colcon_meta']
[0.486s] [34mcolcon.colcon_core.package_identification[0m [1;30mLevel 1[0m _identify(data/20260324_192735_session/1_capture/intermediate) by extension 'colcon_meta'
[0.486s] [34mcolcon.colcon_core.package_identification[0m [1;30mLevel 1[0m _identify(data/20260324_192735_session/1_capture/intermediate) by extensions ['ros']
[0.486s] [34mcolcon.colcon_core.package_identification[0m [1;30mLevel 1[0m _identify(data/20260324_192735_session/1_capture/intermediate) by extension 'ros'
[0.486s] [34mcolcon.colcon_core.package_identification[0m [1;30mLevel 1[0m _identify(data/20260324_192735_session/1_capture/intermediate) by extensions ['cmake', 'python']
[0.486s] [34mcolcon.colcon_core.package_identification[0m [1;30mLevel 1[0m _identify(data/20260324_192735_session/1_capture/intermediate) by extension 'cmake'
[0.486s] [34mcolcon.colcon_core.package_identification[0m [1;30mLevel 1[0m _identify(data/20260324_192735_session/1_capture/intermediate) by extension 'python'
[0.486s] [34mcolcon.colcon_core.package_identification[0m [1;30mLevel 1[0m _identify(data/20260324_192735_session/1_capture/intermediate) by extensions ['python_setup_py']
[0.486s] [34mcolcon.colcon_core.package_identification[0m [1;30mLevel 1[0m _identify(data/20260324_192735_session/1_capture/intermediate) by extension 'python_setup_py'
[0.486s] [34mcolcon.colcon_core.package_identification[0m [1;30mLevel 1[0m _identify(data/20260324_192735_session/1_capture/processed) by extensions ['ignore', 'ignore_ament_install']
[0.487s] [34mcolcon.colcon_core.package_identification[0m [1;30mLevel 1[0m _identify(data/20260324_192735_session/1_capture/processed) by extension 'ignore'
[0.487s] [34mcolcon.colcon_core.package_identification[0m [1;30mLevel 1[0m _identify(data/20260324_192735_session/1_capture/processed) by extension 'ignore_ament_install'
[0.487s] [34mcolcon.colcon_core.package_identification[0m [1;30mLevel 1[0m _identify(data/20260324_192735_session/1_capture/processed) by extensions ['colcon_pkg']
[0.487s] [34mcolcon.colcon_core.package_identification[0m [1;30mLevel 1[0m _identify(data/20260324_192735_session/1_capture/processed) by extension 'colcon_pkg'
[0.487s] [34mcolcon.colcon_core.package_identification[0m [1;30mLevel 1[0m _identify(data/20260324_192735_session/1_capture/processed) by extensions ['colcon_meta']
[0.487s] [34mcolcon.colcon_core.package_identification[0m [1;30mLevel 1[0m _identify(data/20260324_192735_session/1_capture/processed) by extension 'colcon_meta'
[0.487s] [34mcolcon.colcon_core.package_identification[0m [1;30mLevel 1[0m _identify(data/20260324_192735_session/1_capture/processed) by extensions ['ros']
[0.487s] [34mcolcon.colcon_core.package_identification[0m [1;30mLevel 1[0m _identify(data/20260324_192735_session/1_capture/processed) by extension 'ros'
[0.487s] [34mcolcon.colcon_core.package_identification[0m [1;30mLevel 1[0m _identify(data/20260324_192735_session/1_capture/processed) by extensions ['cmake', 'python']
[0.487s] [34mcolcon.colcon_core.package_identification[0m [1;30mLevel 1[0m _identify(data/20260324_192735_session/1_capture/processed) by extension 'cmake'
[0.487s] [34mcolcon.colcon_core.package_identification[0m [1;30mLevel 1[0m _identify(data/20260324_192735_session/1_capture/processed) by extension 'python'
[0.487s] [34mcolcon.colcon_core.package_identification[0m [1;30mLevel 1[0m _identify(data/20260324_192735_session/1_capture/processed) by extensions ['python_setup_py']
[0.487s] [34mcolcon.colcon_core.package_identification[0m [1;30mLevel 1[0m _identify(data/20260324_192735_session/1_capture/processed) by extension 'python_setup_py'
[0.487s] [34mcolcon.colcon_core.package_identification[0m [1;30mLevel 1[0m _identify(data/20260324_192735_session/1_capture/raw) by extensions ['ignore', 'ignore_ament_install']
[0.487s] [34mcolcon.colcon_core.package_identification[0m [1;30mLevel 1[0m _identify(data/20260324_192735_session/1_capture/raw) by extension 'ignore'
[0.487s] [34mcolcon.colcon_core.package_identification[0m [1;30mLevel 1[0m _identify(data/20260324_192735_session/1_capture/raw) by extension 'ignore_ament_install'
[0.487s] [34mcolcon.colcon_core.package_identification[0m [1;30mLevel 1[0m _identify(data/20260324_192735_session/1_capture/raw) by extensions ['colcon_pkg']
[0.487s] [34mcolcon.colcon_core.package_identification[0m [1;30mLevel 1[0m _identify(data/20260324_192735_session/1_capture/raw) by extension 'colcon_pkg'
[0.487s] [34mcolcon.colcon_core.package_identification[0m [1;30mLevel 1[0m _identify(data/20260324_192735_session/1_capture/raw) by extensions ['colcon_meta']
[0.487s] [34mcolcon.colcon_core.package_identification[0m [1;30mLevel 1[0m _identify(data/20260324_192735_session/1_capture/raw) by extension 'colcon_meta'
[0.488s] [34mcolcon.colcon_core.package_identification[0m [1;30mLevel 1[0m _identify(data/20260324_192735_session/1_capture/raw) by extensions ['ros']
[0.488s] [34mcolcon.colcon_core.package_identification[0m [1;30mLevel 1[0m _identify(data/20260324_192735_session/1_capture/raw) by extension 'ros'
[0.488s] [34mcolcon.colcon_core.package_identification[0m [1;30mLevel 1[0m _identify(data/20260324_192735_session/1_capture/raw) by extensions ['cmake', 'python']
[0.488s] [34mcolcon.colcon_core.package_identification[0m [1;30mLevel 1[0m _identify(data/20260324_192735_session/1_capture/raw) by extension 'cmake'
[0.488s] [34mcolcon.colcon_core.package_identification[0m [1;30mLevel 1[0m _identify(data/20260324_192735_session/1_capture/raw) by extension 'python'
[0.488s] [34mcolcon.colcon_core.package_identification[0m [1;30mLevel 1[0m _identify(data/20260324_192735_session/1_capture/raw) by extensions ['python_setup_py']
[0.488s] [34mcolcon.colcon_core.package_identification[0m [1;30mLevel 1[0m _identify(data/20260324_192735_session/1_capture/raw) by extension 'python_setup_py'
[0.488s] [34mcolcon.colcon_core.package_identification[0m [1;30mLevel 1[0m _identify(data/20260324_193040_session) by extensions ['ignore', 'ignore_ament_install']
[0.488s] [34mcolcon.colcon_core.package_identification[0m [1;30mLevel 1[0m _identify(data/20260324_193040_session) by extension 'ignore'
[0.488s] [34mcolcon.colcon_core.package_identification[0m [1;30mLevel 1[0m _identify(data/20260324_193040_session) by extension 'ignore_ament_install'
[0.488s] [34mcolcon.colcon_core.package_identification[0m [1;30mLevel 1[0m _identify(data/20260324_193040_session) by extensions ['colcon_pkg']
[0.488s] [34mcolcon.colcon_core.package_identification[0m [1;30mLevel 1[0m _identify(data/20260324_193040_session) by extension 'colcon_pkg'
[0.488s] [34mcolcon.colcon_core.package_identification[0m [1;30mLevel 1[0m _identify(data/20260324_193040_session) by extensions ['colcon_meta']
[0.488s] [34mcolcon.colcon_core.package_identification[0m [1;30mLevel 1[0m _identify(data/20260324_193040_session) by extension 'colcon_meta'
[0.488s] [34mcolcon.colcon_core.package_identification[0m [1;30mLevel 1[0m _identify(data/20260324_193040_session) by extensions ['ros']
[0.489s] [34mcolcon.colcon_core.package_identification[0m [1;30mLevel 1[0m _identify(data/20260324_193040_session) by extension 'ros'
[0.489s] [34mcolcon.colcon_core.package_identification[0m [1;30mLevel 1[0m _identify(data/20260324_193040_session) by extensions ['cmake', 'python']
[0.489s] [34mcolcon.colcon_core.package_identification[0m [1;30mLevel 1[0m _identify(data/20260324_193040_session) by extension 'cmake'
[0.489s] [34mcolcon.colcon_core.package_identification[0m [1;30mLevel 1[0m _identify(data/20260324_193040_session) by extension 'python'
[0.489s] [34mcolcon.colcon_core.package_identification[0m [1;30mLevel 1[0m _identify(data/20260324_193040_session) by extensions ['python_setup_py']
[0.489s] [34mcolcon.colcon_core.package_identification[0m [1;30mLevel 1[0m _identify(data/20260324_193040_session) by extension 'python_setup_py'
[0.490s] [34mcolcon.colcon_core.package_identification[0m [1;30mLevel 1[0m _identify(data/20260324_193040_session/1_capture) by extensions ['ignore', 'ignore_ament_install']
[0.490s] [34mcolcon.colcon_core.package_identification[0m [1;30mLevel 1[0m _identify(data/20260324_193040_session/1_capture) by extension 'ignore'
[0.490s] [34mcolcon.colcon_core.package_identification[0m [1;30mLevel 1[0m _identify(data/20260324_193040_session/1_capture) by extension 'ignore_ament_install'
[0.490s] [34mcolcon.colcon_core.package_identification[0m [1;30mLevel 1[0m _identify(data/20260324_193040_session/1_capture) by extensions ['colcon_pkg']
[0.490s] [34mcolcon.colcon_core.package_identification[0m [1;30mLevel 1[0m _identify(data/20260324_193040_session/1_capture) by extension 'colcon_pkg'
[0.490s] [34mcolcon.colcon_core.package_identification[0m [1;30mLevel 1[0m _identify(data/20260324_193040_session/1_capture) by extensions ['colcon_meta']
[0.490s] [34mcolcon.colcon_core.package_identification[0m [1;30mLevel 1[0m _identify(data/20260324_193040_session/1_capture) by extension 'colcon_meta'
[0.490s] [34mcolcon.colcon_core.package_identification[0m [1;30mLevel 1[0m _identify(data/20260324_193040_session/1_capture) by extensions ['ros']
[0.490s] [34mcolcon.colcon_core.package_identification[0m [1;30mLevel 1[0m _identify(data/20260324_193040_session/1_capture) by extension 'ros'
[0.491s] [34mcolcon.colcon_core.package_identification[0m [1;30mLevel 1[0m _identify(data/20260324_193040_session/1_capture) by extensions ['cmake', 'python']
[0.491s] [34mcolcon.colcon_core.package_identification[0m [1;30mLevel 1[0m _identify(data/20260324_193040_session/1_capture) by extension 'cmake'
[0.491s] [34mcolcon.colcon_core.package_identification[0m [1;30mLevel 1[0m _identify(data/20260324_193040_session/1_capture) by extension 'python'
[0.491s] [34mcolcon.colcon_core.package_identification[0m [1;30mLevel 1[0m _identify(data/20260324_193040_session/1_capture) by extensions ['python_setup_py']
[0.491s] [34mcolcon.colcon_core.package_identification[0m [1;30mLevel 1[0m _identify(data/20260324_193040_session/1_capture) by extension 'python_setup_py'
[0.491s] [34mcolcon.colcon_core.package_identification[0m [1;30mLevel 1[0m _identify(data/20260324_193040_session/1_capture/intermediate) by extensions ['ignore', 'ignore_ament_install']
[0.491s] [34mcolcon.colcon_core.package_identification[0m [1;30mLevel 1[0m _identify(data/20260324_193040_session/1_capture/intermediate) by extension 'ignore'
[0.491s] [34mcolcon.colcon_core.package_identification[0m [1;30mLevel 1[0m _identify(data/20260324_193040_session/1_capture/intermediate) by extension 'ignore_ament_install'
[0.491s] [34mcolcon.colcon_core.package_identification[0m [1;30mLevel 1[0m _identify(data/20260324_193040_session/1_capture/intermediate) by extensions ['colcon_pkg']
[0.491s] [34mcolcon.colcon_core.package_identification[0m [1;30mLevel 1[0m _identify(data/20260324_193040_session/1_capture/intermediate) by extension 'colcon_pkg'
[0.491s] [34mcolcon.colcon_core.package_identification[0m [1;30mLevel 1[0m _identify(data/20260324_193040_session/1_capture/intermediate) by extensions ['colcon_meta']
[0.491s] [34mcolcon.colcon_core.package_identification[0m [1;30mLevel 1[0m _identify(data/20260324_193040_session/1_capture/intermediate) by extension 'colcon_meta'
[0.491s] [34mcolcon.colcon_core.package_identification[0m [1;30mLevel 1[0m _identify(data/20260324_193040_session/1_capture/intermediate) by extensions ['ros']
[0.491s] [34mcolcon.colcon_core.package_identification[0m [1;30mLevel 1[0m _identify(data/20260324_193040_session/1_capture/intermediate) by extension 'ros'
[0.491s] [34mcolcon.colcon_core.package_identification[0m [1;30mLevel 1[0m _identify(data/20260324_193040_session/1_capture/intermediate) by extensions ['cmake', 'python']
[0.491s] [34mcolcon.colcon_core.package_identification[0m [1;30mLevel 1[0m _identify(data/20260324_193040_session/1_capture/intermediate) by extension 'cmake'
[0.492s] [34mcolcon.colcon_core.package_identification[0m [1;30mLevel 1[0m _identify(data/20260324_193040_session/1_capture/intermediate) by extension 'python'
[0.492s] [34mcolcon.colcon_core.package_identification[0m [1;30mLevel 1[0m _identify(data/20260324_193040_session/1_capture/intermediate) by extensions ['python_setup_py']
[0.492s] [34mcolcon.colcon_core.package_identification[0m [1;30mLevel 1[0m _identify(data/20260324_193040_session/1_capture/intermediate) by extension 'python_setup_py'
[0.492s] [34mcolcon.colcon_core.package_identification[0m [1;30mLevel 1[0m _identify(data/20260324_193040_session/1_capture/processed) by extensions ['ignore', 'ignore_ament_install']
[0.492s] [34mcolcon.colcon_core.package_identification[0m [1;30mLevel 1[0m _identify(data/20260324_193040_session/1_capture/processed) by extension 'ignore'
[0.492s] [34mcolcon.colcon_core.package_identification[0m [1;30mLevel 1[0m _identify(data/20260324_193040_session/1_capture/processed) by extension 'ignore_ament_install'
[0.492s] [34mcolcon.colcon_core.package_identification[0m [1;30mLevel 1[0m _identify(data/20260324_193040_session/1_capture/processed) by extensions ['colcon_pkg']
[0.492s] [34mcolcon.colcon_core.package_identification[0m [1;30mLevel 1[0m _identify(data/20260324_193040_session/1_capture/processed) by extension 'colcon_pkg'
[0.492s] [34mcolcon.colcon_core.package_identification[0m [1;30mLevel 1[0m _identify(data/20260324_193040_session/1_capture/processed) by extensions ['colcon_meta']
[0.492s] [34mcolcon.colcon_core.package_identification[0m [1;30mLevel 1[0m _identify(data/20260324_193040_session/1_capture/processed) by extension 'colcon_meta'
[0.492s] [34mcolcon.colcon_core.package_identification[0m [1;30mLevel 1[0m _identify(data/20260324_193040_session/1_capture/processed) by extensions ['ros']
[0.492s] [34mcolcon.colcon_core.package_identification[0m [1;30mLevel 1[0m _identify(data/20260324_193040_session/1_capture/processed) by extension 'ros'
[0.492s] [34mcolcon.colcon_core.package_identification[0m [1;30mLevel 1[0m _identify(data/20260324_193040_session/1_capture/processed) by extensions ['cmake', 'python']
[0.492s] [34mcolcon.colcon_core.package_identification[0m [1;30mLevel 1[0m _identify(data/20260324_193040_session/1_capture/processed) by extension 'cmake'
[0.493s] [34mcolcon.colcon_core.package_identification[0m [1;30mLevel 1[0m _identify(data/20260324_193040_session/1_capture/processed) by extension 'python'
[0.493s] [34mcolcon.colcon_core.package_identification[0m [1;30mLevel 1[0m _identify(data/20260324_193040_session/1_capture/processed) by extensions ['python_setup_py']
[0.493s] [34mcolcon.colcon_core.package_identification[0m [1;30mLevel 1[0m _identify(data/20260324_193040_session/1_capture/processed) by extension 'python_setup_py'
[0.493s] [34mcolcon.colcon_core.package_identification[0m [1;30mLevel 1[0m _identify(data/20260324_193040_session/1_capture/raw) by extensions ['ignore', 'ignore_ament_install']
[0.493s] [34mcolcon.colcon_core.package_identification[0m [1;30mLevel 1[0m _identify(data/20260324_193040_session/1_capture/raw) by extension 'ignore'
[0.493s] [34mcolcon.colcon_core.package_identification[0m [1;30mLevel 1[0m _identify(data/20260324_193040_session/1_capture/raw) by extension 'ignore_ament_install'
[0.494s] [34mcolcon.colcon_core.package_identification[0m [1;30mLevel 1[0m _identify(data/20260324_193040_session/1_capture/raw) by extensions ['colcon_pkg']
[0.494s] [34mcolcon.colcon_core.package_identification[0m [1;30mLevel 1[0m _identify(data/20260324_193040_session/1_capture/raw) by extension 'colcon_pkg'
[0.494s] [34mcolcon.colcon_core.package_identification[0m [1;30mLevel 1[0m _identify(data/20260324_193040_session/1_capture/raw) by extensions ['colcon_meta']
[0.494s] [34mcolcon.colcon_core.package_identification[0m [1;30mLevel 1[0m _identify(data/20260324_193040_session/1_capture/raw) by extension 'colcon_meta'
[0.494s] [34mcolcon.colcon_core.package_identification[0m [1;30mLevel 1[0m _identify(data/20260324_193040_session/1_capture/raw) by extensions ['ros']
[0.494s] [34mcolcon.colcon_core.package_identification[0m [1;30mLevel 1[0m _identify(data/20260324_193040_session/1_capture/raw) by extension 'ros'
[0.494s] [34mcolcon.colcon_core.package_identification[0m [1;30mLevel 1[0m _identify(data/20260324_193040_session/1_capture/raw) by extensions ['cmake', 'python']
[0.495s] [34mcolcon.colcon_core.package_identification[0m [1;30mLevel 1[0m _identify(data/20260324_193040_session/1_capture/raw) by extension 'cmake'
[0.495s] [34mcolcon.colcon_core.package_identification[0m [1;30mLevel 1[0m _identify(data/20260324_193040_session/1_capture/raw) by extension 'python'
[0.495s] [34mcolcon.colcon_core.package_identification[0m [1;30mLevel 1[0m _identify(data/20260324_193040_session/1_capture/raw) by extensions ['python_setup_py']
[0.495s] [34mcolcon.colcon_core.package_identification[0m [1;30mLevel 1[0m _identify(data/20260324_193040_session/1_capture/raw) by extension 'python_setup_py'
[0.495s] [34mcolcon.colcon_core.package_identification[0m [1;30mLevel 1[0m _identify(data/20260324_193040_session/2_capture) by extensions ['ignore', 'ignore_ament_install']
[0.495s] [34mcolcon.colcon_core.package_identification[0m [1;30mLevel 1[0m _identify(data/20260324_193040_session/2_capture) by extension 'ignore'
[0.495s] [34mcolcon.colcon_core.package_identification[0m [1;30mLevel 1[0m _identify(data/20260324_193040_session/2_capture) by extension 'ignore_ament_install'
[0.496s] [34mcolcon.colcon_core.package_identification[0m [1;30mLevel 1[0m _identify(data/20260324_193040_session/2_capture) by extensions ['colcon_pkg']
[0.496s] [34mcolcon.colcon_core.package_identification[0m [1;30mLevel 1[0m _identify(data/20260324_193040_session/2_capture) by extension 'colcon_pkg'
[0.496s] [34mcolcon.colcon_core.package_identification[0m [1;30mLevel 1[0m _identify(data/20260324_193040_session/2_capture) by extensions ['colcon_meta']
[0.496s] [34mcolcon.colcon_core.package_identification[0m [1;30mLevel 1[0m _identify(data/20260324_193040_session/2_capture) by extension 'colcon_meta'
[0.496s] [34mcolcon.colcon_core.package_identification[0m [1;30mLevel 1[0m _identify(data/20260324_193040_session/2_capture) by extensions ['ros']
[0.496s] [34mcolcon.colcon_core.package_identification[0m [1;30mLevel 1[0m _identify(data/20260324_193040_session/2_capture) by extension 'ros'
[0.496s] [34mcolcon.colcon_core.package_identification[0m [1;30mLevel 1[0m _identify(data/20260324_193040_session/2_capture) by extensions ['cmake', 'python']
[0.496s] [34mcolcon.colcon_core.package_identification[0m [1;30mLevel 1[0m _identify(data/20260324_193040_session/2_capture) by extension 'cmake'
[0.496s] [34mcolcon.colcon_core.package_identification[0m [1;30mLevel 1[0m _identify(data/20260324_193040_session/2_capture) by extension 'python'
[0.496s] [34mcolcon.colcon_core.package_identification[0m [1;30mLevel 1[0m _identify(data/20260324_193040_session/2_capture) by extensions ['python_setup_py']
[0.496s] [34mcolcon.colcon_core.package_identification[0m [1;30mLevel 1[0m _identify(data/20260324_193040_session/2_capture) by extension 'python_setup_py'
[0.497s] [34mcolcon.colcon_core.package_identification[0m [1;30mLevel 1[0m _identify(data/20260324_193040_session/2_capture/intermediate) by extensions ['ignore', 'ignore_ament_install']
[0.497s] [34mcolcon.colcon_core.package_identification[0m [1;30mLevel 1[0m _identify(data/20260324_193040_session/2_capture/intermediate) by extension 'ignore'
[0.497s] [34mcolcon.colcon_core.package_identification[0m [1;30mLevel 1[0m _identify(data/20260324_193040_session/2_capture/intermediate) by extension 'ignore_ament_install'
[0.497s] [34mcolcon.colcon_core.package_identification[0m [1;30mLevel 1[0m _identify(data/20260324_193040_session/2_capture/intermediate) by extensions ['colcon_pkg']
[0.497s] [34mcolcon.colcon_core.package_identification[0m [1;30mLevel 1[0m _identify(data/20260324_193040_session/2_capture/intermediate) by extension 'colcon_pkg'
[0.497s] [34mcolcon.colcon_core.package_identification[0m [1;30mLevel 1[0m _identify(data/20260324_193040_session/2_capture/intermediate) by extensions ['colcon_meta']
[0.497s] [34mcolcon.colcon_core.package_identification[0m [1;30mLevel 1[0m _identify(data/20260324_193040_session/2_capture/intermediate) by extension 'colcon_meta'
[0.497s] [34mcolcon.colcon_core.package_identification[0m [1;30mLevel 1[0m _identify(data/20260324_193040_session/2_capture/intermediate) by extensions ['ros']
[0.497s] [34mcolcon.colcon_core.package_identification[0m [1;30mLevel 1[0m _identify(data/20260324_193040_session/2_capture/intermediate) by extension 'ros'
[0.497s] [34mcolcon.colcon_core.package_identification[0m [1;30mLevel 1[0m _identify(data/20260324_193040_session/2_capture/intermediate) by extensions ['cmake', 'python']
[0.497s] [34mcolcon.colcon_core.package_identification[0m [1;30mLevel 1[0m _identify(data/20260324_193040_session/2_capture/intermediate) by extension 'cmake'
[0.497s] [34mcolcon.colcon_core.package_identification[0m [1;30mLevel 1[0m _identify(data/20260324_193040_session/2_capture/intermediate) by extension 'python'
[0.497s] [34mcolcon.colcon_core.package_identification[0m [1;30mLevel 1[0m _identify(data/20260324_193040_session/2_capture/intermediate) by extensions ['python_setup_py']
[0.497s] [34mcolcon.colcon_core.package_identification[0m [1;30mLevel 1[0m _identify(data/20260324_193040_session/2_capture/intermediate) by extension 'python_setup_py'
[0.497s] [34mcolcon.colcon_core.package_identification[0m [1;30mLevel 1[0m _identify(data/20260324_193040_session/2_capture/processed) by extensions ['ignore', 'ignore_ament_install']
[0.497s] [34mcolcon.colcon_core.package_identification[0m [1;30mLevel 1[0m _identify(data/20260324_193040_session/2_capture/processed) by extension 'ignore'
[0.497s] [34mcolcon.colcon_core.package_identification[0m [1;30mLevel 1[0m _identify(data/20260324_193040_session/2_capture/processed) by extension 'ignore_ament_install'
[0.497s] [34mcolcon.colcon_core.package_identification[0m [1;30mLevel 1[0m _identify(data/20260324_193040_session/2_capture/processed) by extensions ['colcon_pkg']
[0.498s] [34mcolcon.colcon_core.package_identification[0m [1;30mLevel 1[0m _identify(data/20260324_193040_session/2_capture/processed) by extension 'colcon_pkg'
[0.498s] [34mcolcon.colcon_core.package_identification[0m [1;30mLevel 1[0m _identify(data/20260324_193040_session/2_capture/processed) by extensions ['colcon_meta']
[0.498s] [34mcolcon.colcon_core.package_identification[0m [1;30mLevel 1[0m _identify(data/20260324_193040_session/2_capture/processed) by extension 'colcon_meta'
[0.498s] [34mcolcon.colcon_core.package_identification[0m [1;30mLevel 1[0m _identify(data/20260324_193040_session/2_capture/processed) by extensions ['ros']
[0.498s] [34mcolcon.colcon_core.package_identification[0m [1;30mLevel 1[0m _identify(data/20260324_193040_session/2_capture/processed) by extension 'ros'
[0.498s] [34mcolcon.colcon_core.package_identification[0m [1;30mLevel 1[0m _identify(data/20260324_193040_session/2_capture/processed) by extensions ['cmake', 'python']
[0.498s] [34mcolcon.colcon_core.package_identification[0m [1;30mLevel 1[0m _identify(data/20260324_193040_session/2_capture/processed) by extension 'cmake'
[0.498s] [34mcolcon.colcon_core.package_identification[0m [1;30mLevel 1[0m _identify(data/20260324_193040_session/2_capture/processed) by extension 'python'
[0.498s] [34mcolcon.colcon_core.package_identification[0m [1;30mLevel 1[0m _identify(data/20260324_193040_session/2_capture/processed) by extensions ['python_setup_py']
[0.499s] [34mcolcon.colcon_core.package_identification[0m [1;30mLevel 1[0m _identify(data/20260324_193040_session/2_capture/processed) by extension 'python_setup_py'
[0.499s] [34mcolcon.colcon_core.package_identification[0m [1;30mLevel 1[0m _identify(data/20260324_193040_session/2_capture/raw) by extensions ['ignore', 'ignore_ament_install']
[0.499s] [34mcolcon.colcon_core.package_identification[0m [1;30mLevel 1[0m _identify(data/20260324_193040_session/2_capture/raw) by extension 'ignore'
[0.499s] [34mcolcon.colcon_core.package_identification[0m [1;30mLevel 1[0m _identify(data/20260324_193040_session/2_capture/raw) by extension 'ignore_ament_install'
[0.499s] [34mcolcon.colcon_core.package_identification[0m [1;30mLevel 1[0m _identify(data/20260324_193040_session/2_capture/raw) by extensions ['colcon_pkg']
[0.499s] [34mcolcon.colcon_core.package_identification[0m [1;30mLevel 1[0m _identify(data/20260324_193040_session/2_capture/raw) by extension 'colcon_pkg'
[0.499s] [34mcolcon.colcon_core.package_identification[0m [1;30mLevel 1[0m _identify(data/20260324_193040_session/2_capture/raw) by extensions ['colcon_meta']
[0.499s] [34mcolcon.colcon_core.package_identification[0m [1;30mLevel 1[0m _identify(data/20260324_193040_session/2_capture/raw) by extension 'colcon_meta'
[0.499s] [34mcolcon.colcon_core.package_identification[0m [1;30mLevel 1[0m _identify(data/20260324_193040_session/2_capture/raw) by extensions ['ros']
[0.499s] [34mcolcon.colcon_core.package_identification[0m [1;30mLevel 1[0m _identify(data/20260324_193040_session/2_capture/raw) by extension 'ros'
[0.500s] [34mcolcon.colcon_core.package_identification[0m [1;30mLevel 1[0m _identify(data/20260324_193040_session/2_capture/raw) by extensions ['cmake', 'python']
[0.500s] [34mcolcon.colcon_core.package_identification[0m [1;30mLevel 1[0m _identify(data/20260324_193040_session/2_capture/raw) by extension 'cmake'
[0.500s] [34mcolcon.colcon_core.package_identification[0m [1;30mLevel 1[0m _identify(data/20260324_193040_session/2_capture/raw) by extension 'python'
[0.500s] [34mcolcon.colcon_core.package_identification[0m [1;30mLevel 1[0m _identify(data/20260324_193040_session/2_capture/raw) by extensions ['python_setup_py']
[0.500s] [34mcolcon.colcon_core.package_identification[0m [1;30mLevel 1[0m _identify(data/20260324_193040_session/2_capture/raw) by extension 'python_setup_py'
[0.500s] [34mcolcon.colcon_core.package_identification[0m [1;30mLevel 1[0m _identify(data/20260324_193957_session) by extensions ['ignore', 'ignore_ament_install']
[0.500s] [34mcolcon.colcon_core.package_identification[0m [1;30mLevel 1[0m _identify(data/20260324_193957_session) by extension 'ignore'
[0.500s] [34mcolcon.colcon_core.package_identification[0m [1;30mLevel 1[0m _identify(data/20260324_193957_session) by extension 'ignore_ament_install'
[0.500s] [34mcolcon.colcon_core.package_identification[0m [1;30mLevel 1[0m _identify(data/20260324_193957_session) by extensions ['colcon_pkg']
[0.500s] [34mcolcon.colcon_core.package_identification[0m [1;30mLevel 1[0m _identify(data/20260324_193957_session) by extension 'colcon_pkg'
[0.500s] [34mcolcon.colcon_core.package_identification[0m [1;30mLevel 1[0m _identify(data/20260324_193957_session) by extensions ['colcon_meta']
[0.500s] [34mcolcon.colcon_core.package_identification[0m [1;30mLevel 1[0m _identify(data/20260324_193957_session) by extension 'colcon_meta'
[0.500s] [34mcolcon.colcon_core.package_identification[0m [1;30mLevel 1[0m _identify(data/20260324_193957_session) by extensions ['ros']
[0.500s] [34mcolcon.colcon_core.package_identification[0m [1;30mLevel 1[0m _identify(data/20260324_193957_session) by extension 'ros'
[0.500s] [34mcolcon.colcon_core.package_identification[0m [1;30mLevel 1[0m _identify(data/20260324_193957_session) by extensions ['cmake', 'python']
[0.500s] [34mcolcon.colcon_core.package_identification[0m [1;30mLevel 1[0m _identify(data/20260324_193957_session) by extension 'cmake'
[0.500s] [34mcolcon.colcon_core.package_identification[0m [1;30mLevel 1[0m _identify(data/20260324_193957_session) by extension 'python'
[0.500s] [34mcolcon.colcon_core.package_identification[0m [1;30mLevel 1[0m _identify(data/20260324_193957_session) by extensions ['python_setup_py']
[0.501s] [34mcolcon.colcon_core.package_identification[0m [1;30mLevel 1[0m _identify(data/20260324_193957_session) by extension 'python_setup_py'
[0.501s] [34mcolcon.colcon_core.package_identification[0m [1;30mLevel 1[0m _identify(data/20260324_193957_session/1_capture) by extensions ['ignore', 'ignore_ament_install']
[0.501s] [34mcolcon.colcon_core.package_identification[0m [1;30mLevel 1[0m _identify(data/20260324_193957_session/1_capture) by extension 'ignore'
[0.501s] [34mcolcon.colcon_core.package_identification[0m [1;30mLevel 1[0m _identify(data/20260324_193957_session/1_capture) by extension 'ignore_ament_install'
[0.501s] [34mcolcon.colcon_core.package_identification[0m [1;30mLevel 1[0m _identify(data/20260324_193957_session/1_capture) by extensions ['colcon_pkg']
[0.501s] [34mcolcon.colcon_core.package_identification[0m [1;30mLevel 1[0m _identify(data/20260324_193957_session/1_capture) by extension 'colcon_pkg'
[0.501s] [34mcolcon.colcon_core.package_identification[0m [1;30mLevel 1[0m _identify(data/20260324_193957_session/1_capture) by extensions ['colcon_meta']
[0.501s] [34mcolcon.colcon_core.package_identification[0m [1;30mLevel 1[0m _identify(data/20260324_193957_session/1_capture) by extension 'colcon_meta'
[0.501s] [34mcolcon.colcon_core.package_identification[0m [1;30mLevel 1[0m _identify(data/20260324_193957_session/1_capture) by extensions ['ros']
[0.501s] [34mcolcon.colcon_core.package_identification[0m [1;30mLevel 1[0m _identify(data/20260324_193957_session/1_capture) by extension 'ros'
[0.501s] [34mcolcon.colcon_core.package_identification[0m [1;30mLevel 1[0m _identify(data/20260324_193957_session/1_capture) by extensions ['cmake', 'python']
[0.501s] [34mcolcon.colcon_core.package_identification[0m [1;30mLevel 1[0m _identify(data/20260324_193957_session/1_capture) by extension 'cmake'
[0.501s] [34mcolcon.colcon_core.package_identification[0m [1;30mLevel 1[0m _identify(data/20260324_193957_session/1_capture) by extension 'python'
[0.502s] [34mcolcon.colcon_core.package_identification[0m [1;30mLevel 1[0m _identify(data/20260324_193957_session/1_capture) by extensions ['python_setup_py']
[0.502s] [34mcolcon.colcon_core.package_identification[0m [1;30mLevel 1[0m _identify(data/20260324_193957_session/1_capture) by extension 'python_setup_py'
[0.502s] [34mcolcon.colcon_core.package_identification[0m [1;30mLevel 1[0m _identify(data/20260324_193957_session/1_capture/intermediate) by extensions ['ignore', 'ignore_ament_install']
[0.502s] [34mcolcon.colcon_core.package_identification[0m [1;30mLevel 1[0m _identify(data/20260324_193957_session/1_capture/intermediate) by extension 'ignore'
[0.502s] [34mcolcon.colcon_core.package_identification[0m [1;30mLevel 1[0m _identify(data/20260324_193957_session/1_capture/intermediate) by extension 'ignore_ament_install'
[0.502s] [34mcolcon.colcon_core.package_identification[0m [1;30mLevel 1[0m _identify(data/20260324_193957_session/1_capture/intermediate) by extensions ['colcon_pkg']
[0.502s] [34mcolcon.colcon_core.package_identification[0m [1;30mLevel 1[0m _identify(data/20260324_193957_session/1_capture/intermediate) by extension 'colcon_pkg'
[0.502s] [34mcolcon.colcon_core.package_identification[0m [1;30mLevel 1[0m _identify(data/20260324_193957_session/1_capture/intermediate) by extensions ['colcon_meta']
[0.502s] [34mcolcon.colcon_core.package_identification[0m [1;30mLevel 1[0m _identify(data/20260324_193957_session/1_capture/intermediate) by extension 'colcon_meta'
[0.502s] [34mcolcon.colcon_core.package_identification[0m [1;30mLevel 1[0m _identify(data/20260324_193957_session/1_capture/intermediate) by extensions ['ros']
[0.502s] [34mcolcon.colcon_core.package_identification[0m [1;30mLevel 1[0m _identify(data/20260324_193957_session/1_capture/intermediate) by extension 'ros'
[0.502s] [34mcolcon.colcon_core.package_identification[0m [1;30mLevel 1[0m _identify(data/20260324_193957_session/1_capture/intermediate) by extensions ['cmake', 'python']
[0.502s] [34mcolcon.colcon_core.package_identification[0m [1;30mLevel 1[0m _identify(data/20260324_193957_session/1_capture/intermediate) by extension 'cmake'
[0.503s] [34mcolcon.colcon_core.package_identification[0m [1;30mLevel 1[0m _identify(data/20260324_193957_session/1_capture/intermediate) by extension 'python'
[0.503s] [34mcolcon.colcon_core.package_identification[0m [1;30mLevel 1[0m _identify(data/20260324_193957_session/1_capture/intermediate) by extensions ['python_setup_py']
[0.503s] [34mcolcon.colcon_core.package_identification[0m [1;30mLevel 1[0m _identify(data/20260324_193957_session/1_capture/intermediate) by extension 'python_setup_py'
[0.503s] [34mcolcon.colcon_core.package_identification[0m [1;30mLevel 1[0m _identify(data/20260324_193957_session/1_capture/processed) by extensions ['ignore', 'ignore_ament_install']
[0.503s] [34mcolcon.colcon_core.package_identification[0m [1;30mLevel 1[0m _identify(data/20260324_193957_session/1_capture/processed) by extension 'ignore'
[0.503s] [34mcolcon.colcon_core.package_identification[0m [1;30mLevel 1[0m _identify(data/20260324_193957_session/1_capture/processed) by extension 'ignore_ament_install'
[0.503s] [34mcolcon.colcon_core.package_identification[0m [1;30mLevel 1[0m _identify(data/20260324_193957_session/1_capture/processed) by extensions ['colcon_pkg']
[0.503s] [34mcolcon.colcon_core.package_identification[0m [1;30mLevel 1[0m _identify(data/20260324_193957_session/1_capture/processed) by extension 'colcon_pkg'
[0.503s] [34mcolcon.colcon_core.package_identification[0m [1;30mLevel 1[0m _identify(data/20260324_193957_session/1_capture/processed) by extensions ['colcon_meta']
[0.503s] [34mcolcon.colcon_core.package_identification[0m [1;30mLevel 1[0m _identify(data/20260324_193957_session/1_capture/processed) by extension 'colcon_meta'
[0.503s] [34mcolcon.colcon_core.package_identification[0m [1;30mLevel 1[0m _identify(data/20260324_193957_session/1_capture/processed) by extensions ['ros']
[0.503s] [34mcolcon.colcon_core.package_identification[0m [1;30mLevel 1[0m _identify(data/20260324_193957_session/1_capture/processed) by extension 'ros'
[0.503s] [34mcolcon.colcon_core.package_identification[0m [1;30mLevel 1[0m _identify(data/20260324_193957_session/1_capture/processed) by extensions ['cmake', 'python']
[0.503s] [34mcolcon.colcon_core.package_identification[0m [1;30mLevel 1[0m _identify(data/20260324_193957_session/1_capture/processed) by extension 'cmake'
[0.503s] [34mcolcon.colcon_core.package_identification[0m [1;30mLevel 1[0m _identify(data/20260324_193957_session/1_capture/processed) by extension 'python'
[0.503s] [34mcolcon.colcon_core.package_identification[0m [1;30mLevel 1[0m _identify(data/20260324_193957_session/1_capture/processed) by extensions ['python_setup_py']
[0.503s] [34mcolcon.colcon_core.package_identification[0m [1;30mLevel 1[0m _identify(data/20260324_193957_session/1_capture/processed) by extension 'python_setup_py'
[0.504s] [34mcolcon.colcon_core.package_identification[0m [1;30mLevel 1[0m _identify(data/20260324_193957_session/1_capture/raw) by extensions ['ignore', 'ignore_ament_install']
[0.504s] [34mcolcon.colcon_core.package_identification[0m [1;30mLevel 1[0m _identify(data/20260324_193957_session/1_capture/raw) by extension 'ignore'
[0.504s] [34mcolcon.colcon_core.package_identification[0m [1;30mLevel 1[0m _identify(data/20260324_193957_session/1_capture/raw) by extension 'ignore_ament_install'
[0.504s] [34mcolcon.colcon_core.package_identification[0m [1;30mLevel 1[0m _identify(data/20260324_193957_session/1_capture/raw) by extensions ['colcon_pkg']
[0.504s] [34mcolcon.colcon_core.package_identification[0m [1;30mLevel 1[0m _identify(data/20260324_193957_session/1_capture/raw) by extension 'colcon_pkg'
[0.504s] [34mcolcon.colcon_core.package_identification[0m [1;30mLevel 1[0m _identify(data/20260324_193957_session/1_capture/raw) by extensions ['colcon_meta']
[0.504s] [34mcolcon.colcon_core.package_identification[0m [1;30mLevel 1[0m _identify(data/20260324_193957_session/1_capture/raw) by extension 'colcon_meta'
[0.504s] [34mcolcon.colcon_core.package_identification[0m [1;30mLevel 1[0m _identify(data/20260324_193957_session/1_capture/raw) by extensions ['ros']
[0.504s] [34mcolcon.colcon_core.package_identification[0m [1;30mLevel 1[0m _identify(data/20260324_193957_session/1_capture/raw) by extension 'ros'
[0.504s] [34mcolcon.colcon_core.package_identification[0m [1;30mLevel 1[0m _identify(data/20260324_193957_session/1_capture/raw) by extensions ['cmake', 'python']
[0.504s] [34mcolcon.colcon_core.package_identification[0m [1;30mLevel 1[0m _identify(data/20260324_193957_session/1_capture/raw) by extension 'cmake'
[0.504s] [34mcolcon.colcon_core.package_identification[0m [1;30mLevel 1[0m _identify(data/20260324_193957_session/1_capture/raw) by extension 'python'
[0.504s] [34mcolcon.colcon_core.package_identification[0m [1;30mLevel 1[0m _identify(data/20260324_193957_session/1_capture/raw) by extensions ['python_setup_py']
[0.504s] [34mcolcon.colcon_core.package_identification[0m [1;30mLevel 1[0m _identify(data/20260324_193957_session/1_capture/raw) by extension 'python_setup_py'
[0.504s] [34mcolcon.colcon_core.package_identification[0m [1;30mLevel 1[0m _identify(data/20260324_193957_session/2_capture) by extensions ['ignore', 'ignore_ament_install']
[0.505s] [34mcolcon.colcon_core.package_identification[0m [1;30mLevel 1[0m _identify(data/20260324_193957_session/2_capture) by extension 'ignore'
[0.505s] [34mcolcon.colcon_core.package_identification[0m [1;30mLevel 1[0m _identify(data/20260324_193957_session/2_capture) by extension 'ignore_ament_install'
[0.505s] [34mcolcon.colcon_core.package_identification[0m [1;30mLevel 1[0m _identify(data/20260324_193957_session/2_capture) by extensions ['colcon_pkg']
[0.505s] [34mcolcon.colcon_core.package_identification[0m [1;30mLevel 1[0m _identify(data/20260324_193957_session/2_capture) by extension 'colcon_pkg'
[0.505s] [34mcolcon.colcon_core.package_identification[0m [1;30mLevel 1[0m _identify(data/20260324_193957_session/2_capture) by extensions ['colcon_meta']
[0.505s] [34mcolcon.colcon_core.package_identification[0m [1;30mLevel 1[0m _identify(data/20260324_193957_session/2_capture) by extension 'colcon_meta'
[0.505s] [34mcolcon.colcon_core.package_identification[0m [1;30mLevel 1[0m _identify(data/20260324_193957_session/2_capture) by extensions ['ros']
[0.505s] [34mcolcon.colcon_core.package_identification[0m [1;30mLevel 1[0m _identify(data/20260324_193957_session/2_capture) by extension 'ros'
[0.505s] [34mcolcon.colcon_core.package_identification[0m [1;30mLevel 1[0m _identify(data/20260324_193957_session/2_capture) by extensions ['cmake', 'python']
[0.505s] [34mcolcon.colcon_core.package_identification[0m [1;30mLevel 1[0m _identify(data/20260324_193957_session/2_capture) by extension 'cmake'
[0.505s] [34mcolcon.colcon_core.package_identification[0m [1;30mLevel 1[0m _identify(data/20260324_193957_session/2_capture) by extension 'python'
[0.505s] [34mcolcon.colcon_core.package_identification[0m [1;30mLevel 1[0m _identify(data/20260324_193957_session/2_capture) by extensions ['python_setup_py']
[0.505s] [34mcolcon.colcon_core.package_identification[0m [1;30mLevel 1[0m _identify(data/20260324_193957_session/2_capture) by extension 'python_setup_py'
[0.505s] [34mcolcon.colcon_core.package_identification[0m [1;30mLevel 1[0m _identify(data/20260324_193957_session/2_capture/intermediate) by extensions ['ignore', 'ignore_ament_install']
[0.505s] [34mcolcon.colcon_core.package_identification[0m [1;30mLevel 1[0m _identify(data/20260324_193957_session/2_capture/intermediate) by extension 'ignore'
[0.505s] [34mcolcon.colcon_core.package_identification[0m [1;30mLevel 1[0m _identify(data/20260324_193957_session/2_capture/intermediate) by extension 'ignore_ament_install'
[0.505s] [34mcolcon.colcon_core.package_identification[0m [1;30mLevel 1[0m _identify(data/20260324_193957_session/2_capture/intermediate) by extensions ['colcon_pkg']
[0.505s] [34mcolcon.colcon_core.package_identification[0m [1;30mLevel 1[0m _identify(data/20260324_193957_session/2_capture/intermediate) by extension 'colcon_pkg'
[0.506s] [34mcolcon.colcon_core.package_identification[0m [1;30mLevel 1[0m _identify(data/20260324_193957_session/2_capture/intermediate) by extensions ['colcon_meta']
[0.506s] [34mcolcon.colcon_core.package_identification[0m [1;30mLevel 1[0m _identify(data/20260324_193957_session/2_capture/intermediate) by extension 'colcon_meta'
[0.506s] [34mcolcon.colcon_core.package_identification[0m [1;30mLevel 1[0m _identify(data/20260324_193957_session/2_capture/intermediate) by extensions ['ros']
[0.506s] [34mcolcon.colcon_core.package_identification[0m [1;30mLevel 1[0m _identify(data/20260324_193957_session/2_capture/intermediate) by extension 'ros'
[0.506s] [34mcolcon.colcon_core.package_identification[0m [1;30mLevel 1[0m _identify(data/20260324_193957_session/2_capture/intermediate) by extensions ['cmake', 'python']
[0.506s] [34mcolcon.colcon_core.package_identification[0m [1;30mLevel 1[0m _identify(data/20260324_193957_session/2_capture/intermediate) by extension 'cmake'
[0.506s] [34mcolcon.colcon_core.package_identification[0m [1;30mLevel 1[0m _identify(data/20260324_193957_session/2_capture/intermediate) by extension 'python'
[0.506s] [34mcolcon.colcon_core.package_identification[0m [1;30mLevel 1[0m _identify(data/20260324_193957_session/2_capture/intermediate) by extensions ['python_setup_py']
[0.506s] [34mcolcon.colcon_core.package_identification[0m [1;30mLevel 1[0m _identify(data/20260324_193957_session/2_capture/intermediate) by extension 'python_setup_py'
[0.506s] [34mcolcon.colcon_core.package_identification[0m [1;30mLevel 1[0m _identify(data/20260324_193957_session/2_capture/processed) by extensions ['ignore', 'ignore_ament_install']
[0.506s] [34mcolcon.colcon_core.package_identification[0m [1;30mLevel 1[0m _identify(data/20260324_193957_session/2_capture/processed) by extension 'ignore'
[0.506s] [34mcolcon.colcon_core.package_identification[0m [1;30mLevel 1[0m _identify(data/20260324_193957_session/2_capture/processed) by extension 'ignore_ament_install'
[0.506s] [34mcolcon.colcon_core.package_identification[0m [1;30mLevel 1[0m _identify(data/20260324_193957_session/2_capture/processed) by extensions ['colcon_pkg']
[0.506s] [34mcolcon.colcon_core.package_identification[0m [1;30mLevel 1[0m _identify(data/20260324_193957_session/2_capture/processed) by extension 'colcon_pkg'
[0.506s] [34mcolcon.colcon_core.package_identification[0m [1;30mLevel 1[0m _identify(data/20260324_193957_session/2_capture/processed) by extensions ['colcon_meta']
[0.506s] [34mcolcon.colcon_core.package_identification[0m [1;30mLevel 1[0m _identify(data/20260324_193957_session/2_capture/processed) by extension 'colcon_meta'
[0.506s] [34mcolcon.colcon_core.package_identification[0m [1;30mLevel 1[0m _identify(data/20260324_193957_session/2_capture/processed) by extensions ['ros']
[0.506s] [34mcolcon.colcon_core.package_identification[0m [1;30mLevel 1[0m _identify(data/20260324_193957_session/2_capture/processed) by extension 'ros'
[0.507s] [34mcolcon.colcon_core.package_identification[0m [1;30mLevel 1[0m _identify(data/20260324_193957_session/2_capture/processed) by extensions ['cmake', 'python']
[0.507s] [34mcolcon.colcon_core.package_identification[0m [1;30mLevel 1[0m _identify(data/20260324_193957_session/2_capture/processed) by extension 'cmake'
[0.507s] [34mcolcon.colcon_core.package_identification[0m [1;30mLevel 1[0m _identify(data/20260324_193957_session/2_capture/processed) by extension 'python'
[0.507s] [34mcolcon.colcon_core.package_identification[0m [1;30mLevel 1[0m _identify(data/20260324_193957_session/2_capture/processed) by extensions ['python_setup_py']
[0.507s] [34mcolcon.colcon_core.package_identification[0m [1;30mLevel 1[0m _identify(data/20260324_193957_session/2_capture/processed) by extension 'python_setup_py'
[0.507s] [34mcolcon.colcon_core.package_identification[0m [1;30mLevel 1[0m _identify(data/20260324_193957_session/2_capture/raw) by extensions ['ignore', 'ignore_ament_install']
[0.507s] [34mcolcon.colcon_core.package_identification[0m [1;30mLevel 1[0m _identify(data/20260324_193957_session/2_capture/raw) by extension 'ignore'
[0.507s] [34mcolcon.colcon_core.package_identification[0m [1;30mLevel 1[0m _identify(data/20260324_193957_session/2_capture/raw) by extension 'ignore_ament_install'
[0.507s] [34mcolcon.colcon_core.package_identification[0m [1;30mLevel 1[0m _identify(data/20260324_193957_session/2_capture/raw) by extensions ['colcon_pkg']
[0.507s] [34mcolcon.colcon_core.package_identification[0m [1;30mLevel 1[0m _identify(data/20260324_193957_session/2_capture/raw) by extension 'colcon_pkg'
[0.507s] [34mcolcon.colcon_core.package_identification[0m [1;30mLevel 1[0m _identify(data/20260324_193957_session/2_capture/raw) by extensions ['colcon_meta']
[0.507s] [34mcolcon.colcon_core.package_identification[0m [1;30mLevel 1[0m _identify(data/20260324_193957_session/2_capture/raw) by extension 'colcon_meta'
[0.507s] [34mcolcon.colcon_core.package_identification[0m [1;30mLevel 1[0m _identify(data/20260324_193957_session/2_capture/raw) by extensions ['ros']
[0.507s] [34mcolcon.colcon_core.package_identification[0m [1;30mLevel 1[0m _identify(data/20260324_193957_session/2_capture/raw) by extension 'ros'
[0.507s] [34mcolcon.colcon_core.package_identification[0m [1;30mLevel 1[0m _identify(data/20260324_193957_session/2_capture/raw) by extensions ['cmake', 'python']
[0.507s] [34mcolcon.colcon_core.package_identification[0m [1;30mLevel 1[0m _identify(data/20260324_193957_session/2_capture/raw) by extension 'cmake'
[0.507s] [34mcolcon.colcon_core.package_identification[0m [1;30mLevel 1[0m _identify(data/20260324_193957_session/2_capture/raw) by extension 'python'
[0.507s] [34mcolcon.colcon_core.package_identification[0m [1;30mLevel 1[0m _identify(data/20260324_193957_session/2_capture/raw) by extensions ['python_setup_py']
[0.507s] [34mcolcon.colcon_core.package_identification[0m [1;30mLevel 1[0m _identify(data/20260324_193957_session/2_capture/raw) by extension 'python_setup_py'
[0.507s] [34mcolcon.colcon_core.package_identification[0m [1;30mLevel 1[0m _identify(data/20260325_142714_session) by extensions ['ignore', 'ignore_ament_install']
[0.507s] [34mcolcon.colcon_core.package_identification[0m [1;30mLevel 1[0m _identify(data/20260325_142714_session) by extension 'ignore'
[0.507s] [34mcolcon.colcon_core.package_identification[0m [1;30mLevel 1[0m _identify(data/20260325_142714_session) by extension 'ignore_ament_install'
[0.507s] [34mcolcon.colcon_core.package_identification[0m [1;30mLevel 1[0m _identify(data/20260325_142714_session) by extensions ['colcon_pkg']
[0.507s] [34mcolcon.colcon_core.package_identification[0m [1;30mLevel 1[0m _identify(data/20260325_142714_session) by extension 'colcon_pkg'
[0.508s] [34mcolcon.colcon_core.package_identification[0m [1;30mLevel 1[0m _identify(data/20260325_142714_session) by extensions ['colcon_meta']
[0.508s] [34mcolcon.colcon_core.package_identification[0m [1;30mLevel 1[0m _identify(data/20260325_142714_session) by extension 'colcon_meta'
[0.508s] [34mcolcon.colcon_core.package_identification[0m [1;30mLevel 1[0m _identify(data/20260325_142714_session) by extensions ['ros']
[0.508s] [34mcolcon.colcon_core.package_identification[0m [1;30mLevel 1[0m _identify(data/20260325_142714_session) by extension 'ros'
[0.508s] [34mcolcon.colcon_core.package_identification[0m [1;30mLevel 1[0m _identify(data/20260325_142714_session) by extensions ['cmake', 'python']
[0.508s] [34mcolcon.colcon_core.package_identification[0m [1;30mLevel 1[0m _identify(data/20260325_142714_session) by extension 'cmake'
[0.508s] [34mcolcon.colcon_core.package_identification[0m [1;30mLevel 1[0m _identify(data/20260325_142714_session) by extension 'python'
[0.508s] [34mcolcon.colcon_core.package_identification[0m [1;30mLevel 1[0m _identify(data/20260325_142714_session) by extensions ['python_setup_py']
[0.508s] [34mcolcon.colcon_core.package_identification[0m [1;30mLevel 1[0m _identify(data/20260325_142714_session) by extension 'python_setup_py'
[0.508s] [34mcolcon.colcon_core.package_identification[0m [1;30mLevel 1[0m _identify(data/20260325_142714_session/1_capture) by extensions ['ignore', 'ignore_ament_install']
[0.508s] [34mcolcon.colcon_core.package_identification[0m [1;30mLevel 1[0m _identify(data/20260325_142714_session/1_capture) by extension 'ignore'
[0.508s] [34mcolcon.colcon_core.package_identification[0m [1;30mLevel 1[0m _identify(data/20260325_142714_session/1_capture) by extension 'ignore_ament_install'
[0.508s] [34mcolcon.colcon_core.package_identification[0m [1;30mLevel 1[0m _identify(data/20260325_142714_session/1_capture) by extensions ['colcon_pkg']
[0.508s] [34mcolcon.colcon_core.package_identification[0m [1;30mLevel 1[0m _identify(data/20260325_142714_session/1_capture) by extension 'colcon_pkg'
[0.508s] [34mcolcon.colcon_core.package_identification[0m [1;30mLevel 1[0m _identify(data/20260325_142714_session/1_capture) by extensions ['colcon_meta']
[0.508s] [34mcolcon.colcon_core.package_identification[0m [1;30mLevel 1[0m _identify(data/20260325_142714_session/1_capture) by extension 'colcon_meta'
[0.508s] [34mcolcon.colcon_core.package_identification[0m [1;30mLevel 1[0m _identify(data/20260325_142714_session/1_capture) by extensions ['ros']
[0.508s] [34mcolcon.colcon_core.package_identification[0m [1;30mLevel 1[0m _identify(data/20260325_142714_session/1_capture) by extension 'ros'
[0.508s] [34mcolcon.colcon_core.package_identification[0m [1;30mLevel 1[0m _identify(data/20260325_142714_session/1_capture) by extensions ['cmake', 'python']
[0.508s] [34mcolcon.colcon_core.package_identification[0m [1;30mLevel 1[0m _identify(data/20260325_142714_session/1_capture) by extension 'cmake'
[0.508s] [34mcolcon.colcon_core.package_identification[0m [1;30mLevel 1[0m _identify(data/20260325_142714_session/1_capture) by extension 'python'
[0.508s] [34mcolcon.colcon_core.package_identification[0m [1;30mLevel 1[0m _identify(data/20260325_142714_session/1_capture) by extensions ['python_setup_py']
[0.508s] [34mcolcon.colcon_core.package_identification[0m [1;30mLevel 1[0m _identify(data/20260325_142714_session/1_capture) by extension 'python_setup_py'
[0.508s] [34mcolcon.colcon_core.package_identification[0m [1;30mLevel 1[0m _identify(data/20260325_142714_session/1_capture/intermediate) by extensions ['ignore', 'ignore_ament_install']
[0.509s] [34mcolcon.colcon_core.package_identification[0m [1;30mLevel 1[0m _identify(data/20260325_142714_session/1_capture/intermediate) by extension 'ignore'
[0.509s] [34mcolcon.colcon_core.package_identification[0m [1;30mLevel 1[0m _identify(data/20260325_142714_session/1_capture/intermediate) by extension 'ignore_ament_install'
[0.509s] [34mcolcon.colcon_core.package_identification[0m [1;30mLevel 1[0m _identify(data/20260325_142714_session/1_capture/intermediate) by extensions ['colcon_pkg']
[0.509s] [34mcolcon.colcon_core.package_identification[0m [1;30mLevel 1[0m _identify(data/20260325_142714_session/1_capture/intermediate) by extension 'colcon_pkg'
[0.509s] [34mcolcon.colcon_core.package_identification[0m [1;30mLevel 1[0m _identify(data/20260325_142714_session/1_capture/intermediate) by extensions ['colcon_meta']
[0.509s] [34mcolcon.colcon_core.package_identification[0m [1;30mLevel 1[0m _identify(data/20260325_142714_session/1_capture/intermediate) by extension 'colcon_meta'
[0.509s] [34mcolcon.colcon_core.package_identification[0m [1;30mLevel 1[0m _identify(data/20260325_142714_session/1_capture/intermediate) by extensions ['ros']
[0.509s] [34mcolcon.colcon_core.package_identification[0m [1;30mLevel 1[0m _identify(data/20260325_142714_session/1_capture/intermediate) by extension 'ros'
[0.509s] [34mcolcon.colcon_core.package_identification[0m [1;30mLevel 1[0m _identify(data/20260325_142714_session/1_capture/intermediate) by extensions ['cmake', 'python']
[0.509s] [34mcolcon.colcon_core.package_identification[0m [1;30mLevel 1[0m _identify(data/20260325_142714_session/1_capture/intermediate) by extension 'cmake'
[0.509s] [34mcolcon.colcon_core.package_identification[0m [1;30mLevel 1[0m _identify(data/20260325_142714_session/1_capture/intermediate) by extension 'python'
[0.509s] [34mcolcon.colcon_core.package_identification[0m [1;30mLevel 1[0m _identify(data/20260325_142714_session/1_capture/intermediate) by extensions ['python_setup_py']
[0.509s] [34mcolcon.colcon_core.package_identification[0m [1;30mLevel 1[0m _identify(data/20260325_142714_session/1_capture/intermediate) by extension 'python_setup_py'
[0.509s] [34mcolcon.colcon_core.package_identification[0m [1;30mLevel 1[0m _identify(data/20260325_142714_session/1_capture/processed) by extensions ['ignore', 'ignore_ament_install']
[0.509s] [34mcolcon.colcon_core.package_identification[0m [1;30mLevel 1[0m _identify(data/20260325_142714_session/1_capture/processed) by extension 'ignore'
[0.509s] [34mcolcon.colcon_core.package_identification[0m [1;30mLevel 1[0m _identify(data/20260325_142714_session/1_capture/processed) by extension 'ignore_ament_install'
[0.509s] [34mcolcon.colcon_core.package_identification[0m [1;30mLevel 1[0m _identify(data/20260325_142714_session/1_capture/processed) by extensions ['colcon_pkg']
[0.509s] [34mcolcon.colcon_core.package_identification[0m [1;30mLevel 1[0m _identify(data/20260325_142714_session/1_capture/processed) by extension 'colcon_pkg'
[0.509s] [34mcolcon.colcon_core.package_identification[0m [1;30mLevel 1[0m _identify(data/20260325_142714_session/1_capture/processed) by extensions ['colcon_meta']
[0.509s] [34mcolcon.colcon_core.package_identification[0m [1;30mLevel 1[0m _identify(data/20260325_142714_session/1_capture/processed) by extension 'colcon_meta'
[0.509s] [34mcolcon.colcon_core.package_identification[0m [1;30mLevel 1[0m _identify(data/20260325_142714_session/1_capture/processed) by extensions ['ros']
[0.509s] [34mcolcon.colcon_core.package_identification[0m [1;30mLevel 1[0m _identify(data/20260325_142714_session/1_capture/processed) by extension 'ros'
[0.509s] [34mcolcon.colcon_core.package_identification[0m [1;30mLevel 1[0m _identify(data/20260325_142714_session/1_capture/processed) by extensions ['cmake', 'python']
[0.509s] [34mcolcon.colcon_core.package_identification[0m [1;30mLevel 1[0m _identify(data/20260325_142714_session/1_capture/processed) by extension 'cmake'
[0.510s] [34mcolcon.colcon_core.package_identification[0m [1;30mLevel 1[0m _identify(data/20260325_142714_session/1_capture/processed) by extension 'python'
[0.510s] [34mcolcon.colcon_core.package_identification[0m [1;30mLevel 1[0m _identify(data/20260325_142714_session/1_capture/processed) by extensions ['python_setup_py']
[0.510s] [34mcolcon.colcon_core.package_identification[0m [1;30mLevel 1[0m _identify(data/20260325_142714_session/1_capture/processed) by extension 'python_setup_py'
[0.510s] [34mcolcon.colcon_core.package_identification[0m [1;30mLevel 1[0m _identify(data/20260325_142714_session/1_capture/raw) by extensions ['ignore', 'ignore_ament_install']
[0.510s] [34mcolcon.colcon_core.package_identification[0m [1;30mLevel 1[0m _identify(data/20260325_142714_session/1_capture/raw) by extension 'ignore'
[0.510s] [34mcolcon.colcon_core.package_identification[0m [1;30mLevel 1[0m _identify(data/20260325_142714_session/1_capture/raw) by extension 'ignore_ament_install'
[0.510s] [34mcolcon.colcon_core.package_identification[0m [1;30mLevel 1[0m _identify(data/20260325_142714_session/1_capture/raw) by extensions ['colcon_pkg']
[0.510s] [34mcolcon.colcon_core.package_identification[0m [1;30mLevel 1[0m _identify(data/20260325_142714_session/1_capture/raw) by extension 'colcon_pkg'
[0.510s] [34mcolcon.colcon_core.package_identification[0m [1;30mLevel 1[0m _identify(data/20260325_142714_session/1_capture/raw) by extensions ['colcon_meta']
[0.510s] [34mcolcon.colcon_core.package_identification[0m [1;30mLevel 1[0m _identify(data/20260325_142714_session/1_capture/raw) by extension 'colcon_meta'
[0.510s] [34mcolcon.colcon_core.package_identification[0m [1;30mLevel 1[0m _identify(data/20260325_142714_session/1_capture/raw) by extensions ['ros']
[0.510s] [34mcolcon.colcon_core.package_identification[0m [1;30mLevel 1[0m _identify(data/20260325_142714_session/1_capture/raw) by extension 'ros'
[0.510s] [34mcolcon.colcon_core.package_identification[0m [1;30mLevel 1[0m _identify(data/20260325_142714_session/1_capture/raw) by extensions ['cmake', 'python']
[0.510s] [34mcolcon.colcon_core.package_identification[0m [1;30mLevel 1[0m _identify(data/20260325_142714_session/1_capture/raw) by extension 'cmake'
[0.510s] [34mcolcon.colcon_core.package_identification[0m [1;30mLevel 1[0m _identify(data/20260325_142714_session/1_capture/raw) by extension 'python'
[0.510s] [34mcolcon.colcon_core.package_identification[0m [1;30mLevel 1[0m _identify(data/20260325_142714_session/1_capture/raw) by extensions ['python_setup_py']
[0.510s] [34mcolcon.colcon_core.package_identification[0m [1;30mLevel 1[0m _identify(data/20260325_142714_session/1_capture/raw) by extension 'python_setup_py'
[0.510s] [34mcolcon.colcon_core.package_identification[0m [1;30mLevel 1[0m _identify(data/20260325_142714_session/2_capture) by extensions ['ignore', 'ignore_ament_install']
[0.510s] [34mcolcon.colcon_core.package_identification[0m [1;30mLevel 1[0m _identify(data/20260325_142714_session/2_capture) by extension 'ignore'
[0.510s] [34mcolcon.colcon_core.package_identification[0m [1;30mLevel 1[0m _identify(data/20260325_142714_session/2_capture) by extension 'ignore_ament_install'
[0.510s] [34mcolcon.colcon_core.package_identification[0m [1;30mLevel 1[0m _identify(data/20260325_142714_session/2_capture) by extensions ['colcon_pkg']
[0.511s] [34mcolcon.colcon_core.package_identification[0m [1;30mLevel 1[0m _identify(data/20260325_142714_session/2_capture) by extension 'colcon_pkg'
[0.511s] [34mcolcon.colcon_core.package_identification[0m [1;30mLevel 1[0m _identify(data/20260325_142714_session/2_capture) by extensions ['colcon_meta']
[0.511s] [34mcolcon.colcon_core.package_identification[0m [1;30mLevel 1[0m _identify(data/20260325_142714_session/2_capture) by extension 'colcon_meta'
[0.511s] [34mcolcon.colcon_core.package_identification[0m [1;30mLevel 1[0m _identify(data/20260325_142714_session/2_capture) by extensions ['ros']
[0.511s] [34mcolcon.colcon_core.package_identification[0m [1;30mLevel 1[0m _identify(data/20260325_142714_session/2_capture) by extension 'ros'
[0.511s] [34mcolcon.colcon_core.package_identification[0m [1;30mLevel 1[0m _identify(data/20260325_142714_session/2_capture) by extensions ['cmake', 'python']
[0.511s] [34mcolcon.colcon_core.package_identification[0m [1;30mLevel 1[0m _identify(data/20260325_142714_session/2_capture) by extension 'cmake'
[0.511s] [34mcolcon.colcon_core.package_identification[0m [1;30mLevel 1[0m _identify(data/20260325_142714_session/2_capture) by extension 'python'
[0.511s] [34mcolcon.colcon_core.package_identification[0m [1;30mLevel 1[0m _identify(data/20260325_142714_session/2_capture) by extensions ['python_setup_py']
[0.511s] [34mcolcon.colcon_core.package_identification[0m [1;30mLevel 1[0m _identify(data/20260325_142714_session/2_capture) by extension 'python_setup_py'
[0.511s] [34mcolcon.colcon_core.package_identification[0m [1;30mLevel 1[0m _identify(data/20260325_142714_session/2_capture/intermediate) by extensions ['ignore', 'ignore_ament_install']
[0.511s] [34mcolcon.colcon_core.package_identification[0m [1;30mLevel 1[0m _identify(data/20260325_142714_session/2_capture/intermediate) by extension 'ignore'
[0.511s] [34mcolcon.colcon_core.package_identification[0m [1;30mLevel 1[0m _identify(data/20260325_142714_session/2_capture/intermediate) by extension 'ignore_ament_install'
[0.511s] [34mcolcon.colcon_core.package_identification[0m [1;30mLevel 1[0m _identify(data/20260325_142714_session/2_capture/intermediate) by extensions ['colcon_pkg']
[0.511s] [34mcolcon.colcon_core.package_identification[0m [1;30mLevel 1[0m _identify(data/20260325_142714_session/2_capture/intermediate) by extension 'colcon_pkg'
[0.511s] [34mcolcon.colcon_core.package_identification[0m [1;30mLevel 1[0m _identify(data/20260325_142714_session/2_capture/intermediate) by extensions ['colcon_meta']
[0.511s] [34mcolcon.colcon_core.package_identification[0m [1;30mLevel 1[0m _identify(data/20260325_142714_session/2_capture/intermediate) by extension 'colcon_meta'
[0.511s] [34mcolcon.colcon_core.package_identification[0m [1;30mLevel 1[0m _identify(data/20260325_142714_session/2_capture/intermediate) by extensions ['ros']
[0.511s] [34mcolcon.colcon_core.package_identification[0m [1;30mLevel 1[0m _identify(data/20260325_142714_session/2_capture/intermediate) by extension 'ros'
[0.512s] [34mcolcon.colcon_core.package_identification[0m [1;30mLevel 1[0m _identify(data/20260325_142714_session/2_capture/intermediate) by extensions ['cmake', 'python']
[0.512s] [34mcolcon.colcon_core.package_identification[0m [1;30mLevel 1[0m _identify(data/20260325_142714_session/2_capture/intermediate) by extension 'cmake'
[0.512s] [34mcolcon.colcon_core.package_identification[0m [1;30mLevel 1[0m _identify(data/20260325_142714_session/2_capture/intermediate) by extension 'python'
[0.512s] [34mcolcon.colcon_core.package_identification[0m [1;30mLevel 1[0m _identify(data/20260325_142714_session/2_capture/intermediate) by extensions ['python_setup_py']
[0.512s] [34mcolcon.colcon_core.package_identification[0m [1;30mLevel 1[0m _identify(data/20260325_142714_session/2_capture/intermediate) by extension 'python_setup_py'
[0.512s] [34mcolcon.colcon_core.package_identification[0m [1;30mLevel 1[0m _identify(data/20260325_142714_session/2_capture/processed) by extensions ['ignore', 'ignore_ament_install']
[0.512s] [34mcolcon.colcon_core.package_identification[0m [1;30mLevel 1[0m _identify(data/20260325_142714_session/2_capture/processed) by extension 'ignore'
[0.512s] [34mcolcon.colcon_core.package_identification[0m [1;30mLevel 1[0m _identify(data/20260325_142714_session/2_capture/processed) by extension 'ignore_ament_install'
[0.512s] [34mcolcon.colcon_core.package_identification[0m [1;30mLevel 1[0m _identify(data/20260325_142714_session/2_capture/processed) by extensions ['colcon_pkg']
[0.512s] [34mcolcon.colcon_core.package_identification[0m [1;30mLevel 1[0m _identify(data/20260325_142714_session/2_capture/processed) by extension 'colcon_pkg'
[0.512s] [34mcolcon.colcon_core.package_identification[0m [1;30mLevel 1[0m _identify(data/20260325_142714_session/2_capture/processed) by extensions ['colcon_meta']
[0.512s] [34mcolcon.colcon_core.package_identification[0m [1;30mLevel 1[0m _identify(data/20260325_142714_session/2_capture/processed) by extension 'colcon_meta'
[0.512s] [34mcolcon.colcon_core.package_identification[0m [1;30mLevel 1[0m _identify(data/20260325_142714_session/2_capture/processed) by extensions ['ros']
[0.512s] [34mcolcon.colcon_core.package_identification[0m [1;30mLevel 1[0m _identify(data/20260325_142714_session/2_capture/processed) by extension 'ros'
[0.513s] [34mcolcon.colcon_core.package_identification[0m [1;30mLevel 1[0m _identify(data/20260325_142714_session/2_capture/processed) by extensions ['cmake', 'python']
[0.513s] [34mcolcon.colcon_core.package_identification[0m [1;30mLevel 1[0m _identify(data/20260325_142714_session/2_capture/processed) by extension 'cmake'
[0.513s] [34mcolcon.colcon_core.package_identification[0m [1;30mLevel 1[0m _identify(data/20260325_142714_session/2_capture/processed) by extension 'python'
[0.513s] [34mcolcon.colcon_core.package_identification[0m [1;30mLevel 1[0m _identify(data/20260325_142714_session/2_capture/processed) by extensions ['python_setup_py']
[0.513s] [34mcolcon.colcon_core.package_identification[0m [1;30mLevel 1[0m _identify(data/20260325_142714_session/2_capture/processed) by extension 'python_setup_py'
[0.513s] [34mcolcon.colcon_core.package_identification[0m [1;30mLevel 1[0m _identify(data/20260325_142714_session/2_capture/raw) by extensions ['ignore', 'ignore_ament_install']
[0.513s] [34mcolcon.colcon_core.package_identification[0m [1;30mLevel 1[0m _identify(data/20260325_142714_session/2_capture/raw) by extension 'ignore'
[0.513s] [34mcolcon.colcon_core.package_identification[0m [1;30mLevel 1[0m _identify(data/20260325_142714_session/2_capture/raw) by extension 'ignore_ament_install'
[0.513s] [34mcolcon.colcon_core.package_identification[0m [1;30mLevel 1[0m _identify(data/20260325_142714_session/2_capture/raw) by extensions ['colcon_pkg']
[0.513s] [34mcolcon.colcon_core.package_identification[0m [1;30mLevel 1[0m _identify(data/20260325_142714_session/2_capture/raw) by extension 'colcon_pkg'
[0.513s] [34mcolcon.colcon_core.package_identification[0m [1;30mLevel 1[0m _identify(data/20260325_142714_session/2_capture/raw) by extensions ['colcon_meta']
[0.513s] [34mcolcon.colcon_core.package_identification[0m [1;30mLevel 1[0m _identify(data/20260325_142714_session/2_capture/raw) by extension 'colcon_meta'
[0.513s] [34mcolcon.colcon_core.package_identification[0m [1;30mLevel 1[0m _identify(data/20260325_142714_session/2_capture/raw) by extensions ['ros']
[0.513s] [34mcolcon.colcon_core.package_identification[0m [1;30mLevel 1[0m _identify(data/20260325_142714_session/2_capture/raw) by extension 'ros'
[0.513s] [34mcolcon.colcon_core.package_identification[0m [1;30mLevel 1[0m _identify(data/20260325_142714_session/2_capture/raw) by extensions ['cmake', 'python']
[0.514s] [34mcolcon.colcon_core.package_identification[0m [1;30mLevel 1[0m _identify(data/20260325_142714_session/2_capture/raw) by extension 'cmake'
[0.514s] [34mcolcon.colcon_core.package_identification[0m [1;30mLevel 1[0m _identify(data/20260325_142714_session/2_capture/raw) by extension 'python'
[0.514s] [34mcolcon.colcon_core.package_identification[0m [1;30mLevel 1[0m _identify(data/20260325_142714_session/2_capture/raw) by extensions ['python_setup_py']
[0.514s] [34mcolcon.colcon_core.package_identification[0m [1;30mLevel 1[0m _identify(data/20260325_142714_session/2_capture/raw) by extension 'python_setup_py'
[0.514s] [34mcolcon.colcon_core.package_identification[0m [1;30mLevel 1[0m _identify(data/20260325_142714_session/3_capture) by extensions ['ignore', 'ignore_ament_install']
[0.514s] [34mcolcon.colcon_core.package_identification[0m [1;30mLevel 1[0m _identify(data/20260325_142714_session/3_capture) by extension 'ignore'
[0.514s] [34mcolcon.colcon_core.package_identification[0m [1;30mLevel 1[0m _identify(data/20260325_142714_session/3_capture) by extension 'ignore_ament_install'
[0.514s] [34mcolcon.colcon_core.package_identification[0m [1;30mLevel 1[0m _identify(data/20260325_142714_session/3_capture) by extensions ['colcon_pkg']
[0.514s] [34mcolcon.colcon_core.package_identification[0m [1;30mLevel 1[0m _identify(data/20260325_142714_session/3_capture) by extension 'colcon_pkg'
[0.514s] [34mcolcon.colcon_core.package_identification[0m [1;30mLevel 1[0m _identify(data/20260325_142714_session/3_capture) by extensions ['colcon_meta']
[0.514s] [34mcolcon.colcon_core.package_identification[0m [1;30mLevel 1[0m _identify(data/20260325_142714_session/3_capture) by extension 'colcon_meta'
[0.514s] [34mcolcon.colcon_core.package_identification[0m [1;30mLevel 1[0m _identify(data/20260325_142714_session/3_capture) by extensions ['ros']
[0.514s] [34mcolcon.colcon_core.package_identification[0m [1;30mLevel 1[0m _identify(data/20260325_142714_session/3_capture) by extension 'ros'
[0.514s] [34mcolcon.colcon_core.package_identification[0m [1;30mLevel 1[0m _identify(data/20260325_142714_session/3_capture) by extensions ['cmake', 'python']
[0.514s] [34mcolcon.colcon_core.package_identification[0m [1;30mLevel 1[0m _identify(data/20260325_142714_session/3_capture) by extension 'cmake'
[0.515s] [34mcolcon.colcon_core.package_identification[0m [1;30mLevel 1[0m _identify(data/20260325_142714_session/3_capture) by extension 'python'
[0.515s] [34mcolcon.colcon_core.package_identification[0m [1;30mLevel 1[0m _identify(data/20260325_142714_session/3_capture) by extensions ['python_setup_py']
[0.515s] [34mcolcon.colcon_core.package_identification[0m [1;30mLevel 1[0m _identify(data/20260325_142714_session/3_capture) by extension 'python_setup_py'
[0.515s] [34mcolcon.colcon_core.package_identification[0m [1;30mLevel 1[0m _identify(data/20260325_142714_session/3_capture/intermediate) by extensions ['ignore', 'ignore_ament_install']
[0.515s] [34mcolcon.colcon_core.package_identification[0m [1;30mLevel 1[0m _identify(data/20260325_142714_session/3_capture/intermediate) by extension 'ignore'
[0.515s] [34mcolcon.colcon_core.package_identification[0m [1;30mLevel 1[0m _identify(data/20260325_142714_session/3_capture/intermediate) by extension 'ignore_ament_install'
[0.515s] [34mcolcon.colcon_core.package_identification[0m [1;30mLevel 1[0m _identify(data/20260325_142714_session/3_capture/intermediate) by extensions ['colcon_pkg']
[0.515s] [34mcolcon.colcon_core.package_identification[0m [1;30mLevel 1[0m _identify(data/20260325_142714_session/3_capture/intermediate) by extension 'colcon_pkg'
[0.515s] [34mcolcon.colcon_core.package_identification[0m [1;30mLevel 1[0m _identify(data/20260325_142714_session/3_capture/intermediate) by extensions ['colcon_meta']
[0.515s] [34mcolcon.colcon_core.package_identification[0m [1;30mLevel 1[0m _identify(data/20260325_142714_session/3_capture/intermediate) by extension 'colcon_meta'
[0.515s] [34mcolcon.colcon_core.package_identification[0m [1;30mLevel 1[0m _identify(data/20260325_142714_session/3_capture/intermediate) by extensions ['ros']
[0.515s] [34mcolcon.colcon_core.package_identification[0m [1;30mLevel 1[0m _identify(data/20260325_142714_session/3_capture/intermediate) by extension 'ros'
[0.515s] [34mcolcon.colcon_core.package_identification[0m [1;30mLevel 1[0m _identify(data/20260325_142714_session/3_capture/intermediate) by extensions ['cmake', 'python']
[0.515s] [34mcolcon.colcon_core.package_identification[0m [1;30mLevel 1[0m _identify(data/20260325_142714_session/3_capture/intermediate) by extension 'cmake'
[0.515s] [34mcolcon.colcon_core.package_identification[0m [1;30mLevel 1[0m _identify(data/20260325_142714_session/3_capture/intermediate) by extension 'python'
[0.516s] [34mcolcon.colcon_core.package_identification[0m [1;30mLevel 1[0m _identify(data/20260325_142714_session/3_capture/intermediate) by extensions ['python_setup_py']
[0.516s] [34mcolcon.colcon_core.package_identification[0m [1;30mLevel 1[0m _identify(data/20260325_142714_session/3_capture/intermediate) by extension 'python_setup_py'
[0.516s] [34mcolcon.colcon_core.package_identification[0m [1;30mLevel 1[0m _identify(data/20260325_142714_session/3_capture/processed) by extensions ['ignore', 'ignore_ament_install']
[0.516s] [34mcolcon.colcon_core.package_identification[0m [1;30mLevel 1[0m _identify(data/20260325_142714_session/3_capture/processed) by extension 'ignore'
[0.516s] [34mcolcon.colcon_core.package_identification[0m [1;30mLevel 1[0m _identify(data/20260325_142714_session/3_capture/processed) by extension 'ignore_ament_install'
[0.516s] [34mcolcon.colcon_core.package_identification[0m [1;30mLevel 1[0m _identify(data/20260325_142714_session/3_capture/processed) by extensions ['colcon_pkg']
[0.516s] [34mcolcon.colcon_core.package_identification[0m [1;30mLevel 1[0m _identify(data/20260325_142714_session/3_capture/processed) by extension 'colcon_pkg'
[0.516s] [34mcolcon.colcon_core.package_identification[0m [1;30mLevel 1[0m _identify(data/20260325_142714_session/3_capture/processed) by extensions ['colcon_meta']
[0.516s] [34mcolcon.colcon_core.package_identification[0m [1;30mLevel 1[0m _identify(data/20260325_142714_session/3_capture/processed) by extension 'colcon_meta'
[0.516s] [34mcolcon.colcon_core.package_identification[0m [1;30mLevel 1[0m _identify(data/20260325_142714_session/3_capture/processed) by extensions ['ros']
[0.516s] [34mcolcon.colcon_core.package_identification[0m [1;30mLevel 1[0m _identify(data/20260325_142714_session/3_capture/processed) by extension 'ros'
[0.516s] [34mcolcon.colcon_core.package_identification[0m [1;30mLevel 1[0m _identify(data/20260325_142714_session/3_capture/processed) by extensions ['cmake', 'python']
[0.516s] [34mcolcon.colcon_core.package_identification[0m [1;30mLevel 1[0m _identify(data/20260325_142714_session/3_capture/processed) by extension 'cmake'
[0.516s] [34mcolcon.colcon_core.package_identification[0m [1;30mLevel 1[0m _identify(data/20260325_142714_session/3_capture/processed) by extension 'python'
[0.516s] [34mcolcon.colcon_core.package_identification[0m [1;30mLevel 1[0m _identify(data/20260325_142714_session/3_capture/processed) by extensions ['python_setup_py']
[0.517s] [34mcolcon.colcon_core.package_identification[0m [1;30mLevel 1[0m _identify(data/20260325_142714_session/3_capture/processed) by extension 'python_setup_py'
[0.517s] [34mcolcon.colcon_core.package_identification[0m [1;30mLevel 1[0m _identify(data/20260325_142714_session/3_capture/raw) by extensions ['ignore', 'ignore_ament_install']
[0.517s] [34mcolcon.colcon_core.package_identification[0m [1;30mLevel 1[0m _identify(data/20260325_142714_session/3_capture/raw) by extension 'ignore'
[0.517s] [34mcolcon.colcon_core.package_identification[0m [1;30mLevel 1[0m _identify(data/20260325_142714_session/3_capture/raw) by extension 'ignore_ament_install'
[0.517s] [34mcolcon.colcon_core.package_identification[0m [1;30mLevel 1[0m _identify(data/20260325_142714_session/3_capture/raw) by extensions ['colcon_pkg']
[0.517s] [34mcolcon.colcon_core.package_identification[0m [1;30mLevel 1[0m _identify(data/20260325_142714_session/3_capture/raw) by extension 'colcon_pkg'
[0.517s] [34mcolcon.colcon_core.package_identification[0m [1;30mLevel 1[0m _identify(data/20260325_142714_session/3_capture/raw) by extensions ['colcon_meta']
[0.517s] [34mcolcon.colcon_core.package_identification[0m [1;30mLevel 1[0m _identify(data/20260325_142714_session/3_capture/raw) by extension 'colcon_meta'
[0.517s] [34mcolcon.colcon_core.package_identification[0m [1;30mLevel 1[0m _identify(data/20260325_142714_session/3_capture/raw) by extensions ['ros']
[0.517s] [34mcolcon.colcon_core.package_identification[0m [1;30mLevel 1[0m _identify(data/20260325_142714_session/3_capture/raw) by extension 'ros'
[0.517s] [34mcolcon.colcon_core.package_identification[0m [1;30mLevel 1[0m _identify(data/20260325_142714_session/3_capture/raw) by extensions ['cmake', 'python']
[0.517s] [34mcolcon.colcon_core.package_identification[0m [1;30mLevel 1[0m _identify(data/20260325_142714_session/3_capture/raw) by extension 'cmake'
[0.517s] [34mcolcon.colcon_core.package_identification[0m [1;30mLevel 1[0m _identify(data/20260325_142714_session/3_capture/raw) by extension 'python'
[0.517s] [34mcolcon.colcon_core.package_identification[0m [1;30mLevel 1[0m _identify(data/20260325_142714_session/3_capture/raw) by extensions ['python_setup_py']
[0.517s] [34mcolcon.colcon_core.package_identification[0m [1;30mLevel 1[0m _identify(data/20260325_142714_session/3_capture/raw) by extension 'python_setup_py'
[0.518s] [34mcolcon.colcon_core.package_identification[0m [1;30mLevel 1[0m _identify(data/20260325_143355_session) by extensions ['ignore', 'ignore_ament_install']
[0.518s] [34mcolcon.colcon_core.package_identification[0m [1;30mLevel 1[0m _identify(data/20260325_143355_session) by extension 'ignore'
[0.518s] [34mcolcon.colcon_core.package_identification[0m [1;30mLevel 1[0m _identify(data/20260325_143355_session) by extension 'ignore_ament_install'
[0.518s] [34mcolcon.colcon_core.package_identification[0m [1;30mLevel 1[0m _identify(data/20260325_143355_session) by extensions ['colcon_pkg']
[0.518s] [34mcolcon.colcon_core.package_identification[0m [1;30mLevel 1[0m _identify(data/20260325_143355_session) by extension 'colcon_pkg'
[0.518s] [34mcolcon.colcon_core.package_identification[0m [1;30mLevel 1[0m _identify(data/20260325_143355_session) by extensions ['colcon_meta']
[0.518s] [34mcolcon.colcon_core.package_identification[0m [1;30mLevel 1[0m _identify(data/20260325_143355_session) by extension 'colcon_meta'
[0.518s] [34mcolcon.colcon_core.package_identification[0m [1;30mLevel 1[0m _identify(data/20260325_143355_session) by extensions ['ros']
[0.518s] [34mcolcon.colcon_core.package_identification[0m [1;30mLevel 1[0m _identify(data/20260325_143355_session) by extension 'ros'
[0.518s] [34mcolcon.colcon_core.package_identification[0m [1;30mLevel 1[0m _identify(data/20260325_143355_session) by extensions ['cmake', 'python']
[0.518s] [34mcolcon.colcon_core.package_identification[0m [1;30mLevel 1[0m _identify(data/20260325_143355_session) by extension 'cmake'
[0.518s] [34mcolcon.colcon_core.package_identification[0m [1;30mLevel 1[0m _identify(data/20260325_143355_session) by extension 'python'
[0.518s] [34mcolcon.colcon_core.package_identification[0m [1;30mLevel 1[0m _identify(data/20260325_143355_session) by extensions ['python_setup_py']
[0.518s] [34mcolcon.colcon_core.package_identification[0m [1;30mLevel 1[0m _identify(data/20260325_143355_session) by extension 'python_setup_py'
[0.519s] [34mcolcon.colcon_core.package_identification[0m [1;30mLevel 1[0m _identify(data/20260325_143355_session/1_capture) by extensions ['ignore', 'ignore_ament_install']
[0.519s] [34mcolcon.colcon_core.package_identification[0m [1;30mLevel 1[0m _identify(data/20260325_143355_session/1_capture) by extension 'ignore'
[0.519s] [34mcolcon.colcon_core.package_identification[0m [1;30mLevel 1[0m _identify(data/20260325_143355_session/1_capture) by extension 'ignore_ament_install'
[0.519s] [34mcolcon.colcon_core.package_identification[0m [1;30mLevel 1[0m _identify(data/20260325_143355_session/1_capture) by extensions ['colcon_pkg']
[0.519s] [34mcolcon.colcon_core.package_identification[0m [1;30mLevel 1[0m _identify(data/20260325_143355_session/1_capture) by extension 'colcon_pkg'
[0.519s] [34mcolcon.colcon_core.package_identification[0m [1;30mLevel 1[0m _identify(data/20260325_143355_session/1_capture) by extensions ['colcon_meta']
[0.519s] [34mcolcon.colcon_core.package_identification[0m [1;30mLevel 1[0m _identify(data/20260325_143355_session/1_capture) by extension 'colcon_meta'
[0.519s] [34mcolcon.colcon_core.package_identification[0m [1;30mLevel 1[0m _identify(data/20260325_143355_session/1_capture) by extensions ['ros']
[0.519s] [34mcolcon.colcon_core.package_identification[0m [1;30mLevel 1[0m _identify(data/20260325_143355_session/1_capture) by extension 'ros'
[0.519s] [34mcolcon.colcon_core.package_identification[0m [1;30mLevel 1[0m _identify(data/20260325_143355_session/1_capture) by extensions ['cmake', 'python']
[0.519s] [34mcolcon.colcon_core.package_identification[0m [1;30mLevel 1[0m _identify(data/20260325_143355_session/1_capture) by extension 'cmake'
[0.519s] [34mcolcon.colcon_core.package_identification[0m [1;30mLevel 1[0m _identify(data/20260325_143355_session/1_capture) by extension 'python'
[0.520s] [34mcolcon.colcon_core.package_identification[0m [1;30mLevel 1[0m _identify(data/20260325_143355_session/1_capture) by extensions ['python_setup_py']
[0.520s] [34mcolcon.colcon_core.package_identification[0m [1;30mLevel 1[0m _identify(data/20260325_143355_session/1_capture) by extension 'python_setup_py'
[0.520s] [34mcolcon.colcon_core.package_identification[0m [1;30mLevel 1[0m _identify(data/20260325_143355_session/1_capture/intermediate) by extensions ['ignore', 'ignore_ament_install']
[0.520s] [34mcolcon.colcon_core.package_identification[0m [1;30mLevel 1[0m _identify(data/20260325_143355_session/1_capture/intermediate) by extension 'ignore'
[0.520s] [34mcolcon.colcon_core.package_identification[0m [1;30mLevel 1[0m _identify(data/20260325_143355_session/1_capture/intermediate) by extension 'ignore_ament_install'
[0.520s] [34mcolcon.colcon_core.package_identification[0m [1;30mLevel 1[0m _identify(data/20260325_143355_session/1_capture/intermediate) by extensions ['colcon_pkg']
[0.520s] [34mcolcon.colcon_core.package_identification[0m [1;30mLevel 1[0m _identify(data/20260325_143355_session/1_capture/intermediate) by extension 'colcon_pkg'
[0.520s] [34mcolcon.colcon_core.package_identification[0m [1;30mLevel 1[0m _identify(data/20260325_143355_session/1_capture/intermediate) by extensions ['colcon_meta']
[0.520s] [34mcolcon.colcon_core.package_identification[0m [1;30mLevel 1[0m _identify(data/20260325_143355_session/1_capture/intermediate) by extension 'colcon_meta'
[0.520s] [34mcolcon.colcon_core.package_identification[0m [1;30mLevel 1[0m _identify(data/20260325_143355_session/1_capture/intermediate) by extensions ['ros']
[0.520s] [34mcolcon.colcon_core.package_identification[0m [1;30mLevel 1[0m _identify(data/20260325_143355_session/1_capture/intermediate) by extension 'ros'
[0.520s] [34mcolcon.colcon_core.package_identification[0m [1;30mLevel 1[0m _identify(data/20260325_143355_session/1_capture/intermediate) by extensions ['cmake', 'python']
[0.520s] [34mcolcon.colcon_core.package_identification[0m [1;30mLevel 1[0m _identify(data/20260325_143355_session/1_capture/intermediate) by extension 'cmake'
[0.520s] [34mcolcon.colcon_core.package_identification[0m [1;30mLevel 1[0m _identify(data/20260325_143355_session/1_capture/intermediate) by extension 'python'
[0.520s] [34mcolcon.colcon_core.package_identification[0m [1;30mLevel 1[0m _identify(data/20260325_143355_session/1_capture/intermediate) by extensions ['python_setup_py']
[0.521s] [34mcolcon.colcon_core.package_identification[0m [1;30mLevel 1[0m _identify(data/20260325_143355_session/1_capture/intermediate) by extension 'python_setup_py'
[0.521s] [34mcolcon.colcon_core.package_identification[0m [1;30mLevel 1[0m _identify(data/20260325_143355_session/1_capture/processed) by extensions ['ignore', 'ignore_ament_install']
[0.521s] [34mcolcon.colcon_core.package_identification[0m [1;30mLevel 1[0m _identify(data/20260325_143355_session/1_capture/processed) by extension 'ignore'
[0.521s] [34mcolcon.colcon_core.package_identification[0m [1;30mLevel 1[0m _identify(data/20260325_143355_session/1_capture/processed) by extension 'ignore_ament_install'
[0.521s] [34mcolcon.colcon_core.package_identification[0m [1;30mLevel 1[0m _identify(data/20260325_143355_session/1_capture/processed) by extensions ['colcon_pkg']
[0.521s] [34mcolcon.colcon_core.package_identification[0m [1;30mLevel 1[0m _identify(data/20260325_143355_session/1_capture/processed) by extension 'colcon_pkg'
[0.521s] [34mcolcon.colcon_core.package_identification[0m [1;30mLevel 1[0m _identify(data/20260325_143355_session/1_capture/processed) by extensions ['colcon_meta']
[0.521s] [34mcolcon.colcon_core.package_identification[0m [1;30mLevel 1[0m _identify(data/20260325_143355_session/1_capture/processed) by extension 'colcon_meta'
[0.521s] [34mcolcon.colcon_core.package_identification[0m [1;30mLevel 1[0m _identify(data/20260325_143355_session/1_capture/processed) by extensions ['ros']
[0.521s] [34mcolcon.colcon_core.package_identification[0m [1;30mLevel 1[0m _identify(data/20260325_143355_session/1_capture/processed) by extension 'ros'
[0.521s] [34mcolcon.colcon_core.package_identification[0m [1;30mLevel 1[0m _identify(data/20260325_143355_session/1_capture/processed) by extensions ['cmake', 'python']
[0.521s] [34mcolcon.colcon_core.package_identification[0m [1;30mLevel 1[0m _identify(data/20260325_143355_session/1_capture/processed) by extension 'cmake'
[0.521s] [34mcolcon.colcon_core.package_identification[0m [1;30mLevel 1[0m _identify(data/20260325_143355_session/1_capture/processed) by extension 'python'
[0.521s] [34mcolcon.colcon_core.package_identification[0m [1;30mLevel 1[0m _identify(data/20260325_143355_session/1_capture/processed) by extensions ['python_setup_py']
[0.521s] [34mcolcon.colcon_core.package_identification[0m [1;30mLevel 1[0m _identify(data/20260325_143355_session/1_capture/processed) by extension 'python_setup_py'
[0.522s] [34mcolcon.colcon_core.package_identification[0m [1;30mLevel 1[0m _identify(data/20260325_143355_session/1_capture/raw) by extensions ['ignore', 'ignore_ament_install']
[0.522s] [34mcolcon.colcon_core.package_identification[0m [1;30mLevel 1[0m _identify(data/20260325_143355_session/1_capture/raw) by extension 'ignore'
[0.522s] [34mcolcon.colcon_core.package_identification[0m [1;30mLevel 1[0m _identify(data/20260325_143355_session/1_capture/raw) by extension 'ignore_ament_install'
[0.522s] [34mcolcon.colcon_core.package_identification[0m [1;30mLevel 1[0m _identify(data/20260325_143355_session/1_capture/raw) by extensions ['colcon_pkg']
[0.522s] [34mcolcon.colcon_core.package_identification[0m [1;30mLevel 1[0m _identify(data/20260325_143355_session/1_capture/raw) by extension 'colcon_pkg'
[0.522s] [34mcolcon.colcon_core.package_identification[0m [1;30mLevel 1[0m _identify(data/20260325_143355_session/1_capture/raw) by extensions ['colcon_meta']
[0.522s] [34mcolcon.colcon_core.package_identification[0m [1;30mLevel 1[0m _identify(data/20260325_143355_session/1_capture/raw) by extension 'colcon_meta'
[0.522s] [34mcolcon.colcon_core.package_identification[0m [1;30mLevel 1[0m _identify(data/20260325_143355_session/1_capture/raw) by extensions ['ros']
[0.522s] [34mcolcon.colcon_core.package_identification[0m [1;30mLevel 1[0m _identify(data/20260325_143355_session/1_capture/raw) by extension 'ros'
[0.522s] [34mcolcon.colcon_core.package_identification[0m [1;30mLevel 1[0m _identify(data/20260325_143355_session/1_capture/raw) by extensions ['cmake', 'python']
[0.522s] [34mcolcon.colcon_core.package_identification[0m [1;30mLevel 1[0m _identify(data/20260325_143355_session/1_capture/raw) by extension 'cmake'
[0.522s] [34mcolcon.colcon_core.package_identification[0m [1;30mLevel 1[0m _identify(data/20260325_143355_session/1_capture/raw) by extension 'python'
[0.523s] [34mcolcon.colcon_core.package_identification[0m [1;30mLevel 1[0m _identify(data/20260325_143355_session/1_capture/raw) by extensions ['python_setup_py']
[0.523s] [34mcolcon.colcon_core.package_identification[0m [1;30mLevel 1[0m _identify(data/20260325_143355_session/1_capture/raw) by extension 'python_setup_py'
[0.523s] [34mcolcon.colcon_core.package_identification[0m [1;30mLevel 1[0m _identify(data/20260325_143355_session/2_capture) by extensions ['ignore', 'ignore_ament_install']
[0.523s] [34mcolcon.colcon_core.package_identification[0m [1;30mLevel 1[0m _identify(data/20260325_143355_session/2_capture) by extension 'ignore'
[0.523s] [34mcolcon.colcon_core.package_identification[0m [1;30mLevel 1[0m _identify(data/20260325_143355_session/2_capture) by extension 'ignore_ament_install'
[0.523s] [34mcolcon.colcon_core.package_identification[0m [1;30mLevel 1[0m _identify(data/20260325_143355_session/2_capture) by extensions ['colcon_pkg']
[0.523s] [34mcolcon.colcon_core.package_identification[0m [1;30mLevel 1[0m _identify(data/20260325_143355_session/2_capture) by extension 'colcon_pkg'
[0.523s] [34mcolcon.colcon_core.package_identification[0m [1;30mLevel 1[0m _identify(data/20260325_143355_session/2_capture) by extensions ['colcon_meta']
[0.523s] [34mcolcon.colcon_core.package_identification[0m [1;30mLevel 1[0m _identify(data/20260325_143355_session/2_capture) by extension 'colcon_meta'
[0.523s] [34mcolcon.colcon_core.package_identification[0m [1;30mLevel 1[0m _identify(data/20260325_143355_session/2_capture) by extensions ['ros']
[0.523s] [34mcolcon.colcon_core.package_identification[0m [1;30mLevel 1[0m _identify(data/20260325_143355_session/2_capture) by extension 'ros'
[0.523s] [34mcolcon.colcon_core.package_identification[0m [1;30mLevel 1[0m _identify(data/20260325_143355_session/2_capture) by extensions ['cmake', 'python']
[0.523s] [34mcolcon.colcon_core.package_identification[0m [1;30mLevel 1[0m _identify(data/20260325_143355_session/2_capture) by extension 'cmake'
[0.523s] [34mcolcon.colcon_core.package_identification[0m [1;30mLevel 1[0m _identify(data/20260325_143355_session/2_capture) by extension 'python'
[0.523s] [34mcolcon.colcon_core.package_identification[0m [1;30mLevel 1[0m _identify(data/20260325_143355_session/2_capture) by extensions ['python_setup_py']
[0.523s] [34mcolcon.colcon_core.package_identification[0m [1;30mLevel 1[0m _identify(data/20260325_143355_session/2_capture) by extension 'python_setup_py'
[0.524s] [34mcolcon.colcon_core.package_identification[0m [1;30mLevel 1[0m _identify(data/20260325_143355_session/2_capture/intermediate) by extensions ['ignore', 'ignore_ament_install']
[0.524s] [34mcolcon.colcon_core.package_identification[0m [1;30mLevel 1[0m _identify(data/20260325_143355_session/2_capture/intermediate) by extension 'ignore'
[0.524s] [34mcolcon.colcon_core.package_identification[0m [1;30mLevel 1[0m _identify(data/20260325_143355_session/2_capture/intermediate) by extension 'ignore_ament_install'
[0.524s] [34mcolcon.colcon_core.package_identification[0m [1;30mLevel 1[0m _identify(data/20260325_143355_session/2_capture/intermediate) by extensions ['colcon_pkg']
[0.524s] [34mcolcon.colcon_core.package_identification[0m [1;30mLevel 1[0m _identify(data/20260325_143355_session/2_capture/intermediate) by extension 'colcon_pkg'
[0.524s] [34mcolcon.colcon_core.package_identification[0m [1;30mLevel 1[0m _identify(data/20260325_143355_session/2_capture/intermediate) by extensions ['colcon_meta']
[0.524s] [34mcolcon.colcon_core.package_identification[0m [1;30mLevel 1[0m _identify(data/20260325_143355_session/2_capture/intermediate) by extension 'colcon_meta'
[0.524s] [34mcolcon.colcon_core.package_identification[0m [1;30mLevel 1[0m _identify(data/20260325_143355_session/2_capture/intermediate) by extensions ['ros']
[0.524s] [34mcolcon.colcon_core.package_identification[0m [1;30mLevel 1[0m _identify(data/20260325_143355_session/2_capture/intermediate) by extension 'ros'
[0.524s] [34mcolcon.colcon_core.package_identification[0m [1;30mLevel 1[0m _identify(data/20260325_143355_session/2_capture/intermediate) by extensions ['cmake', 'python']
[0.524s] [34mcolcon.colcon_core.package_identification[0m [1;30mLevel 1[0m _identify(data/20260325_143355_session/2_capture/intermediate) by extension 'cmake'
[0.524s] [34mcolcon.colcon_core.package_identification[0m [1;30mLevel 1[0m _identify(data/20260325_143355_session/2_capture/intermediate) by extension 'python'
[0.524s] [34mcolcon.colcon_core.package_identification[0m [1;30mLevel 1[0m _identify(data/20260325_143355_session/2_capture/intermediate) by extensions ['python_setup_py']
[0.524s] [34mcolcon.colcon_core.package_identification[0m [1;30mLevel 1[0m _identify(data/20260325_143355_session/2_capture/intermediate) by extension 'python_setup_py'
[0.525s] [34mcolcon.colcon_core.package_identification[0m [1;30mLevel 1[0m _identify(data/20260325_143355_session/2_capture/processed) by extensions ['ignore', 'ignore_ament_install']
[0.525s] [34mcolcon.colcon_core.package_identification[0m [1;30mLevel 1[0m _identify(data/20260325_143355_session/2_capture/processed) by extension 'ignore'
[0.525s] [34mcolcon.colcon_core.package_identification[0m [1;30mLevel 1[0m _identify(data/20260325_143355_session/2_capture/processed) by extension 'ignore_ament_install'
[0.525s] [34mcolcon.colcon_core.package_identification[0m [1;30mLevel 1[0m _identify(data/20260325_143355_session/2_capture/processed) by extensions ['colcon_pkg']
[0.525s] [34mcolcon.colcon_core.package_identification[0m [1;30mLevel 1[0m _identify(data/20260325_143355_session/2_capture/processed) by extension 'colcon_pkg'
[0.525s] [34mcolcon.colcon_core.package_identification[0m [1;30mLevel 1[0m _identify(data/20260325_143355_session/2_capture/processed) by extensions ['colcon_meta']
[0.525s] [34mcolcon.colcon_core.package_identification[0m [1;30mLevel 1[0m _identify(data/20260325_143355_session/2_capture/processed) by extension 'colcon_meta'
[0.525s] [34mcolcon.colcon_core.package_identification[0m [1;30mLevel 1[0m _identify(data/20260325_143355_session/2_capture/processed) by extensions ['ros']
[0.525s] [34mcolcon.colcon_core.package_identification[0m [1;30mLevel 1[0m _identify(data/20260325_143355_session/2_capture/processed) by extension 'ros'
[0.525s] [34mcolcon.colcon_core.package_identification[0m [1;30mLevel 1[0m _identify(data/20260325_143355_session/2_capture/processed) by extensions ['cmake', 'python']
[0.525s] [34mcolcon.colcon_core.package_identification[0m [1;30mLevel 1[0m _identify(data/20260325_143355_session/2_capture/processed) by extension 'cmake'
[0.525s] [34mcolcon.colcon_core.package_identification[0m [1;30mLevel 1[0m _identify(data/20260325_143355_session/2_capture/processed) by extension 'python'
[0.525s] [34mcolcon.colcon_core.package_identification[0m [1;30mLevel 1[0m _identify(data/20260325_143355_session/2_capture/processed) by extensions ['python_setup_py']
[0.525s] [34mcolcon.colcon_core.package_identification[0m [1;30mLevel 1[0m _identify(data/20260325_143355_session/2_capture/processed) by extension 'python_setup_py'
[0.525s] [34mcolcon.colcon_core.package_identification[0m [1;30mLevel 1[0m _identify(data/20260325_143355_session/2_capture/raw) by extensions ['ignore', 'ignore_ament_install']
[0.525s] [34mcolcon.colcon_core.package_identification[0m [1;30mLevel 1[0m _identify(data/20260325_143355_session/2_capture/raw) by extension 'ignore'
[0.525s] [34mcolcon.colcon_core.package_identification[0m [1;30mLevel 1[0m _identify(data/20260325_143355_session/2_capture/raw) by extension 'ignore_ament_install'
[0.525s] [34mcolcon.colcon_core.package_identification[0m [1;30mLevel 1[0m _identify(data/20260325_143355_session/2_capture/raw) by extensions ['colcon_pkg']
[0.525s] [34mcolcon.colcon_core.package_identification[0m [1;30mLevel 1[0m _identify(data/20260325_143355_session/2_capture/raw) by extension 'colcon_pkg'
[0.525s] [34mcolcon.colcon_core.package_identification[0m [1;30mLevel 1[0m _identify(data/20260325_143355_session/2_capture/raw) by extensions ['colcon_meta']
[0.525s] [34mcolcon.colcon_core.package_identification[0m [1;30mLevel 1[0m _identify(data/20260325_143355_session/2_capture/raw) by extension 'colcon_meta'
[0.526s] [34mcolcon.colcon_core.package_identification[0m [1;30mLevel 1[0m _identify(data/20260325_143355_session/2_capture/raw) by extensions ['ros']
[0.526s] [34mcolcon.colcon_core.package_identification[0m [1;30mLevel 1[0m _identify(data/20260325_143355_session/2_capture/raw) by extension 'ros'
[0.526s] [34mcolcon.colcon_core.package_identification[0m [1;30mLevel 1[0m _identify(data/20260325_143355_session/2_capture/raw) by extensions ['cmake', 'python']
[0.526s] [34mcolcon.colcon_core.package_identification[0m [1;30mLevel 1[0m _identify(data/20260325_143355_session/2_capture/raw) by extension 'cmake'
[0.526s] [34mcolcon.colcon_core.package_identification[0m [1;30mLevel 1[0m _identify(data/20260325_143355_session/2_capture/raw) by extension 'python'
[0.526s] [34mcolcon.colcon_core.package_identification[0m [1;30mLevel 1[0m _identify(data/20260325_143355_session/2_capture/raw) by extensions ['python_setup_py']
[0.526s] [34mcolcon.colcon_core.package_identification[0m [1;30mLevel 1[0m _identify(data/20260325_143355_session/2_capture/raw) by extension 'python_setup_py'
[0.526s] [34mcolcon.colcon_core.package_identification[0m [1;30mLevel 1[0m _identify(data/20260401_174746_session) by extensions ['ignore', 'ignore_ament_install']
[0.526s] [34mcolcon.colcon_core.package_identification[0m [1;30mLevel 1[0m _identify(data/20260401_174746_session) by extension 'ignore'
[0.526s] [34mcolcon.colcon_core.package_identification[0m [1;30mLevel 1[0m _identify(data/20260401_174746_session) by extension 'ignore_ament_install'
[0.526s] [34mcolcon.colcon_core.package_identification[0m [1;30mLevel 1[0m _identify(data/20260401_174746_session) by extensions ['colcon_pkg']
[0.526s] [34mcolcon.colcon_core.package_identification[0m [1;30mLevel 1[0m _identify(data/20260401_174746_session) by extension 'colcon_pkg'
[0.526s] [34mcolcon.colcon_core.package_identification[0m [1;30mLevel 1[0m _identify(data/20260401_174746_session) by extensions ['colcon_meta']
[0.526s] [34mcolcon.colcon_core.package_identification[0m [1;30mLevel 1[0m _identify(data/20260401_174746_session) by extension 'colcon_meta'
[0.526s] [34mcolcon.colcon_core.package_identification[0m [1;30mLevel 1[0m _identify(data/20260401_174746_session) by extensions ['ros']
[0.526s] [34mcolcon.colcon_core.package_identification[0m [1;30mLevel 1[0m _identify(data/20260401_174746_session) by extension 'ros'
[0.526s] [34mcolcon.colcon_core.package_identification[0m [1;30mLevel 1[0m _identify(data/20260401_174746_session) by extensions ['cmake', 'python']
[0.526s] [34mcolcon.colcon_core.package_identification[0m [1;30mLevel 1[0m _identify(data/20260401_174746_session) by extension 'cmake'
[0.526s] [34mcolcon.colcon_core.package_identification[0m [1;30mLevel 1[0m _identify(data/20260401_174746_session) by extension 'python'
[0.526s] [34mcolcon.colcon_core.package_identification[0m [1;30mLevel 1[0m _identify(data/20260401_174746_session) by extensions ['python_setup_py']
[0.526s] [34mcolcon.colcon_core.package_identification[0m [1;30mLevel 1[0m _identify(data/20260401_174746_session) by extension 'python_setup_py'
[0.527s] [34mcolcon.colcon_core.package_identification[0m [1;30mLevel 1[0m _identify(data/20260401_174746_session/1_capture) by extensions ['ignore', 'ignore_ament_install']
[0.527s] [34mcolcon.colcon_core.package_identification[0m [1;30mLevel 1[0m _identify(data/20260401_174746_session/1_capture) by extension 'ignore'
[0.527s] [34mcolcon.colcon_core.package_identification[0m [1;30mLevel 1[0m _identify(data/20260401_174746_session/1_capture) by extension 'ignore_ament_install'
[0.527s] [34mcolcon.colcon_core.package_identification[0m [1;30mLevel 1[0m _identify(data/20260401_174746_session/1_capture) by extensions ['colcon_pkg']
[0.527s] [34mcolcon.colcon_core.package_identification[0m [1;30mLevel 1[0m _identify(data/20260401_174746_session/1_capture) by extension 'colcon_pkg'
[0.527s] [34mcolcon.colcon_core.package_identification[0m [1;30mLevel 1[0m _identify(data/20260401_174746_session/1_capture) by extensions ['colcon_meta']
[0.527s] [34mcolcon.colcon_core.package_identification[0m [1;30mLevel 1[0m _identify(data/20260401_174746_session/1_capture) by extension 'colcon_meta'
[0.527s] [34mcolcon.colcon_core.package_identification[0m [1;30mLevel 1[0m _identify(data/20260401_174746_session/1_capture) by extensions ['ros']
[0.527s] [34mcolcon.colcon_core.package_identification[0m [1;30mLevel 1[0m _identify(data/20260401_174746_session/1_capture) by extension 'ros'
[0.527s] [34mcolcon.colcon_core.package_identification[0m [1;30mLevel 1[0m _identify(data/20260401_174746_session/1_capture) by extensions ['cmake', 'python']
[0.527s] [34mcolcon.colcon_core.package_identification[0m [1;30mLevel 1[0m _identify(data/20260401_174746_session/1_capture) by extension 'cmake'
[0.527s] [34mcolcon.colcon_core.package_identification[0m [1;30mLevel 1[0m _identify(data/20260401_174746_session/1_capture) by extension 'python'
[0.527s] [34mcolcon.colcon_core.package_identification[0m [1;30mLevel 1[0m _identify(data/20260401_174746_session/1_capture) by extensions ['python_setup_py']
[0.527s] [34mcolcon.colcon_core.package_identification[0m [1;30mLevel 1[0m _identify(data/20260401_174746_session/1_capture) by extension 'python_setup_py'
[0.527s] [34mcolcon.colcon_core.package_identification[0m [1;30mLevel 1[0m _identify(data/20260401_174746_session/1_capture/intermediate) by extensions ['ignore', 'ignore_ament_install']
[0.527s] [34mcolcon.colcon_core.package_identification[0m [1;30mLevel 1[0m _identify(data/20260401_174746_session/1_capture/intermediate) by extension 'ignore'
[0.527s] [34mcolcon.colcon_core.package_identification[0m [1;30mLevel 1[0m _identify(data/20260401_174746_session/1_capture/intermediate) by extension 'ignore_ament_install'
[0.527s] [34mcolcon.colcon_core.package_identification[0m [1;30mLevel 1[0m _identify(data/20260401_174746_session/1_capture/intermediate) by extensions ['colcon_pkg']
[0.527s] [34mcolcon.colcon_core.package_identification[0m [1;30mLevel 1[0m _identify(data/20260401_174746_session/1_capture/intermediate) by extension 'colcon_pkg'
[0.527s] [34mcolcon.colcon_core.package_identification[0m [1;30mLevel 1[0m _identify(data/20260401_174746_session/1_capture/intermediate) by extensions ['colcon_meta']
[0.527s] [34mcolcon.colcon_core.package_identification[0m [1;30mLevel 1[0m _identify(data/20260401_174746_session/1_capture/intermediate) by extension 'colcon_meta'
[0.527s] [34mcolcon.colcon_core.package_identification[0m [1;30mLevel 1[0m _identify(data/20260401_174746_session/1_capture/intermediate) by extensions ['ros']
[0.527s] [34mcolcon.colcon_core.package_identification[0m [1;30mLevel 1[0m _identify(data/20260401_174746_session/1_capture/intermediate) by extension 'ros'
[0.527s] [34mcolcon.colcon_core.package_identification[0m [1;30mLevel 1[0m _identify(data/20260401_174746_session/1_capture/intermediate) by extensions ['cmake', 'python']
[0.528s] [34mcolcon.colcon_core.package_identification[0m [1;30mLevel 1[0m _identify(data/20260401_174746_session/1_capture/intermediate) by extension 'cmake'
[0.528s] [34mcolcon.colcon_core.package_identification[0m [1;30mLevel 1[0m _identify(data/20260401_174746_session/1_capture/intermediate) by extension 'python'
[0.528s] [34mcolcon.colcon_core.package_identification[0m [1;30mLevel 1[0m _identify(data/20260401_174746_session/1_capture/intermediate) by extensions ['python_setup_py']
[0.528s] [34mcolcon.colcon_core.package_identification[0m [1;30mLevel 1[0m _identify(data/20260401_174746_session/1_capture/intermediate) by extension 'python_setup_py'
[0.528s] [34mcolcon.colcon_core.package_identification[0m [1;30mLevel 1[0m _identify(data/20260401_174746_session/1_capture/processed) by extensions ['ignore', 'ignore_ament_install']
[0.528s] [34mcolcon.colcon_core.package_identification[0m [1;30mLevel 1[0m _identify(data/20260401_174746_session/1_capture/processed) by extension 'ignore'
[0.528s] [34mcolcon.colcon_core.package_identification[0m [1;30mLevel 1[0m _identify(data/20260401_174746_session/1_capture/processed) by extension 'ignore_ament_install'
[0.528s] [34mcolcon.colcon_core.package_identification[0m [1;30mLevel 1[0m _identify(data/20260401_174746_session/1_capture/processed) by extensions ['colcon_pkg']
[0.528s] [34mcolcon.colcon_core.package_identification[0m [1;30mLevel 1[0m _identify(data/20260401_174746_session/1_capture/processed) by extension 'colcon_pkg'
[0.528s] [34mcolcon.colcon_core.package_identification[0m [1;30mLevel 1[0m _identify(data/20260401_174746_session/1_capture/processed) by extensions ['colcon_meta']
[0.528s] [34mcolcon.colcon_core.package_identification[0m [1;30mLevel 1[0m _identify(data/20260401_174746_session/1_capture/processed) by extension 'colcon_meta'
[0.528s] [34mcolcon.colcon_core.package_identification[0m [1;30mLevel 1[0m _identify(data/20260401_174746_session/1_capture/processed) by extensions ['ros']
[0.528s] [34mcolcon.colcon_core.package_identification[0m [1;30mLevel 1[0m _identify(data/20260401_174746_session/1_capture/processed) by extension 'ros'
[0.528s] [34mcolcon.colcon_core.package_identification[0m [1;30mLevel 1[0m _identify(data/20260401_174746_session/1_capture/processed) by extensions ['cmake', 'python']
[0.528s] [34mcolcon.colcon_core.package_identification[0m [1;30mLevel 1[0m _identify(data/20260401_174746_session/1_capture/processed) by extension 'cmake'
[0.528s] [34mcolcon.colcon_core.package_identification[0m [1;30mLevel 1[0m _identify(data/20260401_174746_session/1_capture/processed) by extension 'python'
[0.528s] [34mcolcon.colcon_core.package_identification[0m [1;30mLevel 1[0m _identify(data/20260401_174746_session/1_capture/processed) by extensions ['python_setup_py']
[0.528s] [34mcolcon.colcon_core.package_identification[0m [1;30mLevel 1[0m _identify(data/20260401_174746_session/1_capture/processed) by extension 'python_setup_py'
[0.528s] [34mcolcon.colcon_core.package_identification[0m [1;30mLevel 1[0m _identify(data/20260401_174746_session/1_capture/raw) by extensions ['ignore', 'ignore_ament_install']
[0.528s] [34mcolcon.colcon_core.package_identification[0m [1;30mLevel 1[0m _identify(data/20260401_174746_session/1_capture/raw) by extension 'ignore'
[0.528s] [34mcolcon.colcon_core.package_identification[0m [1;30mLevel 1[0m _identify(data/20260401_174746_session/1_capture/raw) by extension 'ignore_ament_install'
[0.529s] [34mcolcon.colcon_core.package_identification[0m [1;30mLevel 1[0m _identify(data/20260401_174746_session/1_capture/raw) by extensions ['colcon_pkg']
[0.529s] [34mcolcon.colcon_core.package_identification[0m [1;30mLevel 1[0m _identify(data/20260401_174746_session/1_capture/raw) by extension 'colcon_pkg'
[0.529s] [34mcolcon.colcon_core.package_identification[0m [1;30mLevel 1[0m _identify(data/20260401_174746_session/1_capture/raw) by extensions ['colcon_meta']
[0.529s] [34mcolcon.colcon_core.package_identification[0m [1;30mLevel 1[0m _identify(data/20260401_174746_session/1_capture/raw) by extension 'colcon_meta'
[0.529s] [34mcolcon.colcon_core.package_identification[0m [1;30mLevel 1[0m _identify(data/20260401_174746_session/1_capture/raw) by extensions ['ros']
[0.529s] [34mcolcon.colcon_core.package_identification[0m [1;30mLevel 1[0m _identify(data/20260401_174746_session/1_capture/raw) by extension 'ros'
[0.529s] [34mcolcon.colcon_core.package_identification[0m [1;30mLevel 1[0m _identify(data/20260401_174746_session/1_capture/raw) by extensions ['cmake', 'python']
[0.529s] [34mcolcon.colcon_core.package_identification[0m [1;30mLevel 1[0m _identify(data/20260401_174746_session/1_capture/raw) by extension 'cmake'
[0.529s] [34mcolcon.colcon_core.package_identification[0m [1;30mLevel 1[0m _identify(data/20260401_174746_session/1_capture/raw) by extension 'python'
[0.529s] [34mcolcon.colcon_core.package_identification[0m [1;30mLevel 1[0m _identify(data/20260401_174746_session/1_capture/raw) by extensions ['python_setup_py']
[0.529s] [34mcolcon.colcon_core.package_identification[0m [1;30mLevel 1[0m _identify(data/20260401_174746_session/1_capture/raw) by extension 'python_setup_py'
[0.529s] [34mcolcon.colcon_core.package_identification[0m [1;30mLevel 1[0m _identify(data/20260401_174746_session/2_capture) by extensions ['ignore', 'ignore_ament_install']
[0.529s] [34mcolcon.colcon_core.package_identification[0m [1;30mLevel 1[0m _identify(data/20260401_174746_session/2_capture) by extension 'ignore'
[0.529s] [34mcolcon.colcon_core.package_identification[0m [1;30mLevel 1[0m _identify(data/20260401_174746_session/2_capture) by extension 'ignore_ament_install'
[0.529s] [34mcolcon.colcon_core.package_identification[0m [1;30mLevel 1[0m _identify(data/20260401_174746_session/2_capture) by extensions ['colcon_pkg']
[0.529s] [34mcolcon.colcon_core.package_identification[0m [1;30mLevel 1[0m _identify(data/20260401_174746_session/2_capture) by extension 'colcon_pkg'
[0.529s] [34mcolcon.colcon_core.package_identification[0m [1;30mLevel 1[0m _identify(data/20260401_174746_session/2_capture) by extensions ['colcon_meta']
[0.529s] [34mcolcon.colcon_core.package_identification[0m [1;30mLevel 1[0m _identify(data/20260401_174746_session/2_capture) by extension 'colcon_meta'
[0.530s] [34mcolcon.colcon_core.package_identification[0m [1;30mLevel 1[0m _identify(data/20260401_174746_session/2_capture) by extensions ['ros']
[0.530s] [34mcolcon.colcon_core.package_identification[0m [1;30mLevel 1[0m _identify(data/20260401_174746_session/2_capture) by extension 'ros'
[0.530s] [34mcolcon.colcon_core.package_identification[0m [1;30mLevel 1[0m _identify(data/20260401_174746_session/2_capture) by extensions ['cmake', 'python']
[0.530s] [34mcolcon.colcon_core.package_identification[0m [1;30mLevel 1[0m _identify(data/20260401_174746_session/2_capture) by extension 'cmake'
[0.530s] [34mcolcon.colcon_core.package_identification[0m [1;30mLevel 1[0m _identify(data/20260401_174746_session/2_capture) by extension 'python'
[0.530s] [34mcolcon.colcon_core.package_identification[0m [1;30mLevel 1[0m _identify(data/20260401_174746_session/2_capture) by extensions ['python_setup_py']
[0.530s] [34mcolcon.colcon_core.package_identification[0m [1;30mLevel 1[0m _identify(data/20260401_174746_session/2_capture) by extension 'python_setup_py'
[0.530s] [34mcolcon.colcon_core.package_identification[0m [1;30mLevel 1[0m _identify(data/20260401_174746_session/2_capture/intermediate) by extensions ['ignore', 'ignore_ament_install']
[0.530s] [34mcolcon.colcon_core.package_identification[0m [1;30mLevel 1[0m _identify(data/20260401_174746_session/2_capture/intermediate) by extension 'ignore'
[0.530s] [34mcolcon.colcon_core.package_identification[0m [1;30mLevel 1[0m _identify(data/20260401_174746_session/2_capture/intermediate) by extension 'ignore_ament_install'
[0.530s] [34mcolcon.colcon_core.package_identification[0m [1;30mLevel 1[0m _identify(data/20260401_174746_session/2_capture/intermediate) by extensions ['colcon_pkg']
[0.530s] [34mcolcon.colcon_core.package_identification[0m [1;30mLevel 1[0m _identify(data/20260401_174746_session/2_capture/intermediate) by extension 'colcon_pkg'
[0.530s] [34mcolcon.colcon_core.package_identification[0m [1;30mLevel 1[0m _identify(data/20260401_174746_session/2_capture/intermediate) by extensions ['colcon_meta']
[0.530s] [34mcolcon.colcon_core.package_identification[0m [1;30mLevel 1[0m _identify(data/20260401_174746_session/2_capture/intermediate) by extension 'colcon_meta'
[0.530s] [34mcolcon.colcon_core.package_identification[0m [1;30mLevel 1[0m _identify(data/20260401_174746_session/2_capture/intermediate) by extensions ['ros']
[0.530s] [34mcolcon.colcon_core.package_identification[0m [1;30mLevel 1[0m _identify(data/20260401_174746_session/2_capture/intermediate) by extension 'ros'
[0.530s] [34mcolcon.colcon_core.package_identification[0m [1;30mLevel 1[0m _identify(data/20260401_174746_session/2_capture/intermediate) by extensions ['cmake', 'python']
[0.530s] [34mcolcon.colcon_core.package_identification[0m [1;30mLevel 1[0m _identify(data/20260401_174746_session/2_capture/intermediate) by extension 'cmake'
[0.530s] [34mcolcon.colcon_core.package_identification[0m [1;30mLevel 1[0m _identify(data/20260401_174746_session/2_capture/intermediate) by extension 'python'
[0.530s] [34mcolcon.colcon_core.package_identification[0m [1;30mLevel 1[0m _identify(data/20260401_174746_session/2_capture/intermediate) by extensions ['python_setup_py']
[0.531s] [34mcolcon.colcon_core.package_identification[0m [1;30mLevel 1[0m _identify(data/20260401_174746_session/2_capture/intermediate) by extension 'python_setup_py'
[0.531s] [34mcolcon.colcon_core.package_identification[0m [1;30mLevel 1[0m _identify(data/20260401_174746_session/2_capture/processed) by extensions ['ignore', 'ignore_ament_install']
[0.531s] [34mcolcon.colcon_core.package_identification[0m [1;30mLevel 1[0m _identify(data/20260401_174746_session/2_capture/processed) by extension 'ignore'
[0.531s] [34mcolcon.colcon_core.package_identification[0m [1;30mLevel 1[0m _identify(data/20260401_174746_session/2_capture/processed) by extension 'ignore_ament_install'
[0.531s] [34mcolcon.colcon_core.package_identification[0m [1;30mLevel 1[0m _identify(data/20260401_174746_session/2_capture/processed) by extensions ['colcon_pkg']
[0.531s] [34mcolcon.colcon_core.package_identification[0m [1;30mLevel 1[0m _identify(data/20260401_174746_session/2_capture/processed) by extension 'colcon_pkg'
[0.531s] [34mcolcon.colcon_core.package_identification[0m [1;30mLevel 1[0m _identify(data/20260401_174746_session/2_capture/processed) by extensions ['colcon_meta']
[0.531s] [34mcolcon.colcon_core.package_identification[0m [1;30mLevel 1[0m _identify(data/20260401_174746_session/2_capture/processed) by extension 'colcon_meta'
[0.531s] [34mcolcon.colcon_core.package_identification[0m [1;30mLevel 1[0m _identify(data/20260401_174746_session/2_capture/processed) by extensions ['ros']
[0.531s] [34mcolcon.colcon_core.package_identification[0m [1;30mLevel 1[0m _identify(data/20260401_174746_session/2_capture/processed) by extension 'ros'
[0.531s] [34mcolcon.colcon_core.package_identification[0m [1;30mLevel 1[0m _identify(data/20260401_174746_session/2_capture/processed) by extensions ['cmake', 'python']
[0.531s] [34mcolcon.colcon_core.package_identification[0m [1;30mLevel 1[0m _identify(data/20260401_174746_session/2_capture/processed) by extension 'cmake'
[0.531s] [34mcolcon.colcon_core.package_identification[0m [1;30mLevel 1[0m _identify(data/20260401_174746_session/2_capture/processed) by extension 'python'
[0.531s] [34mcolcon.colcon_core.package_identification[0m [1;30mLevel 1[0m _identify(data/20260401_174746_session/2_capture/processed) by extensions ['python_setup_py']
[0.531s] [34mcolcon.colcon_core.package_identification[0m [1;30mLevel 1[0m _identify(data/20260401_174746_session/2_capture/processed) by extension 'python_setup_py'
[0.531s] [34mcolcon.colcon_core.package_identification[0m [1;30mLevel 1[0m _identify(data/20260401_174746_session/2_capture/raw) by extensions ['ignore', 'ignore_ament_install']
[0.531s] [34mcolcon.colcon_core.package_identification[0m [1;30mLevel 1[0m _identify(data/20260401_174746_session/2_capture/raw) by extension 'ignore'
[0.531s] [34mcolcon.colcon_core.package_identification[0m [1;30mLevel 1[0m _identify(data/20260401_174746_session/2_capture/raw) by extension 'ignore_ament_install'
[0.531s] [34mcolcon.colcon_core.package_identification[0m [1;30mLevel 1[0m _identify(data/20260401_174746_session/2_capture/raw) by extensions ['colcon_pkg']
[0.531s] [34mcolcon.colcon_core.package_identification[0m [1;30mLevel 1[0m _identify(data/20260401_174746_session/2_capture/raw) by extension 'colcon_pkg'
[0.531s] [34mcolcon.colcon_core.package_identification[0m [1;30mLevel 1[0m _identify(data/20260401_174746_session/2_capture/raw) by extensions ['colcon_meta']
[0.532s] [34mcolcon.colcon_core.package_identification[0m [1;30mLevel 1[0m _identify(data/20260401_174746_session/2_capture/raw) by extension 'colcon_meta'
[0.532s] [34mcolcon.colcon_core.package_identification[0m [1;30mLevel 1[0m _identify(data/20260401_174746_session/2_capture/raw) by extensions ['ros']
[0.532s] [34mcolcon.colcon_core.package_identification[0m [1;30mLevel 1[0m _identify(data/20260401_174746_session/2_capture/raw) by extension 'ros'
[0.532s] [34mcolcon.colcon_core.package_identification[0m [1;30mLevel 1[0m _identify(data/20260401_174746_session/2_capture/raw) by extensions ['cmake', 'python']
[0.532s] [34mcolcon.colcon_core.package_identification[0m [1;30mLevel 1[0m _identify(data/20260401_174746_session/2_capture/raw) by extension 'cmake'
[0.532s] [34mcolcon.colcon_core.package_identification[0m [1;30mLevel 1[0m _identify(data/20260401_174746_session/2_capture/raw) by extension 'python'
[0.532s] [34mcolcon.colcon_core.package_identification[0m [1;30mLevel 1[0m _identify(data/20260401_174746_session/2_capture/raw) by extensions ['python_setup_py']
[0.532s] [34mcolcon.colcon_core.package_identification[0m [1;30mLevel 1[0m _identify(data/20260401_174746_session/2_capture/raw) by extension 'python_setup_py'
[0.532s] [34mcolcon.colcon_core.package_identification[0m [1;30mLevel 1[0m _identify(data/20260510_151534_session) by extensions ['ignore', 'ignore_ament_install']
[0.532s] [34mcolcon.colcon_core.package_identification[0m [1;30mLevel 1[0m _identify(data/20260510_151534_session) by extension 'ignore'
[0.532s] [34mcolcon.colcon_core.package_identification[0m [1;30mLevel 1[0m _identify(data/20260510_151534_session) by extension 'ignore_ament_install'
[0.532s] [34mcolcon.colcon_core.package_identification[0m [1;30mLevel 1[0m _identify(data/20260510_151534_session) by extensions ['colcon_pkg']
[0.532s] [34mcolcon.colcon_core.package_identification[0m [1;30mLevel 1[0m _identify(data/20260510_151534_session) by extension 'colcon_pkg'
[0.532s] [34mcolcon.colcon_core.package_identification[0m [1;30mLevel 1[0m _identify(data/20260510_151534_session) by extensions ['colcon_meta']
[0.532s] [34mcolcon.colcon_core.package_identification[0m [1;30mLevel 1[0m _identify(data/20260510_151534_session) by extension 'colcon_meta'
[0.532s] [34mcolcon.colcon_core.package_identification[0m [1;30mLevel 1[0m _identify(data/20260510_151534_session) by extensions ['ros']
[0.532s] [34mcolcon.colcon_core.package_identification[0m [1;30mLevel 1[0m _identify(data/20260510_151534_session) by extension 'ros'
[0.532s] [34mcolcon.colcon_core.package_identification[0m [1;30mLevel 1[0m _identify(data/20260510_151534_session) by extensions ['cmake', 'python']
[0.532s] [34mcolcon.colcon_core.package_identification[0m [1;30mLevel 1[0m _identify(data/20260510_151534_session) by extension 'cmake'
[0.532s] [34mcolcon.colcon_core.package_identification[0m [1;30mLevel 1[0m _identify(data/20260510_151534_session) by extension 'python'
[0.533s] [34mcolcon.colcon_core.package_identification[0m [1;30mLevel 1[0m _identify(data/20260510_151534_session) by extensions ['python_setup_py']
[0.533s] [34mcolcon.colcon_core.package_identification[0m [1;30mLevel 1[0m _identify(data/20260510_151534_session) by extension 'python_setup_py'
[0.533s] [34mcolcon.colcon_core.package_identification[0m [1;30mLevel 1[0m _identify(data/20260510_151830_session) by extensions ['ignore', 'ignore_ament_install']
[0.533s] [34mcolcon.colcon_core.package_identification[0m [1;30mLevel 1[0m _identify(data/20260510_151830_session) by extension 'ignore'
[0.533s] [34mcolcon.colcon_core.package_identification[0m [1;30mLevel 1[0m _identify(data/20260510_151830_session) by extension 'ignore_ament_install'
[0.533s] [34mcolcon.colcon_core.package_identification[0m [1;30mLevel 1[0m _identify(data/20260510_151830_session) by extensions ['colcon_pkg']
[0.533s] [34mcolcon.colcon_core.package_identification[0m [1;30mLevel 1[0m _identify(data/20260510_151830_session) by extension 'colcon_pkg'
[0.533s] [34mcolcon.colcon_core.package_identification[0m [1;30mLevel 1[0m _identify(data/20260510_151830_session) by extensions ['colcon_meta']
[0.533s] [34mcolcon.colcon_core.package_identification[0m [1;30mLevel 1[0m _identify(data/20260510_151830_session) by extension 'colcon_meta'
[0.533s] [34mcolcon.colcon_core.package_identification[0m [1;30mLevel 1[0m _identify(data/20260510_151830_session) by extensions ['ros']
[0.533s] [34mcolcon.colcon_core.package_identification[0m [1;30mLevel 1[0m _identify(data/20260510_151830_session) by extension 'ros'
[0.533s] [34mcolcon.colcon_core.package_identification[0m [1;30mLevel 1[0m _identify(data/20260510_151830_session) by extensions ['cmake', 'python']
[0.533s] [34mcolcon.colcon_core.package_identification[0m [1;30mLevel 1[0m _identify(data/20260510_151830_session) by extension 'cmake'
[0.533s] [34mcolcon.colcon_core.package_identification[0m [1;30mLevel 1[0m _identify(data/20260510_151830_session) by extension 'python'
[0.533s] [34mcolcon.colcon_core.package_identification[0m [1;30mLevel 1[0m _identify(data/20260510_151830_session) by extensions ['python_setup_py']
[0.533s] [34mcolcon.colcon_core.package_identification[0m [1;30mLevel 1[0m _identify(data/20260510_151830_session) by extension 'python_setup_py'
[0.533s] [34mcolcon.colcon_core.package_identification[0m [1;30mLevel 1[0m _identify(data/20260510_152121_session) by extensions ['ignore', 'ignore_ament_install']
[0.533s] [34mcolcon.colcon_core.package_identification[0m [1;30mLevel 1[0m _identify(data/20260510_152121_session) by extension 'ignore'
[0.534s] [34mcolcon.colcon_core.package_identification[0m [1;30mLevel 1[0m _identify(data/20260510_152121_session) by extension 'ignore_ament_install'
[0.534s] [34mcolcon.colcon_core.package_identification[0m [1;30mLevel 1[0m _identify(data/20260510_152121_session) by extensions ['colcon_pkg']
[0.534s] [34mcolcon.colcon_core.package_identification[0m [1;30mLevel 1[0m _identify(data/20260510_152121_session) by extension 'colcon_pkg'
[0.534s] [34mcolcon.colcon_core.package_identification[0m [1;30mLevel 1[0m _identify(data/20260510_152121_session) by extensions ['colcon_meta']
[0.534s] [34mcolcon.colcon_core.package_identification[0m [1;30mLevel 1[0m _identify(data/20260510_152121_session) by extension 'colcon_meta'
[0.534s] [34mcolcon.colcon_core.package_identification[0m [1;30mLevel 1[0m _identify(data/20260510_152121_session) by extensions ['ros']
[0.534s] [34mcolcon.colcon_core.package_identification[0m [1;30mLevel 1[0m _identify(data/20260510_152121_session) by extension 'ros'
[0.534s] [34mcolcon.colcon_core.package_identification[0m [1;30mLevel 1[0m _identify(data/20260510_152121_session) by extensions ['cmake', 'python']
[0.534s] [34mcolcon.colcon_core.package_identification[0m [1;30mLevel 1[0m _identify(data/20260510_152121_session) by extension 'cmake'
[0.534s] [34mcolcon.colcon_core.package_identification[0m [1;30mLevel 1[0m _identify(data/20260510_152121_session) by extension 'python'
[0.534s] [34mcolcon.colcon_core.package_identification[0m [1;30mLevel 1[0m _identify(data/20260510_152121_session) by extensions ['python_setup_py']
[0.534s] [34mcolcon.colcon_core.package_identification[0m [1;30mLevel 1[0m _identify(data/20260510_152121_session) by extension 'python_setup_py'
[0.534s] [34mcolcon.colcon_core.package_identification[0m [1;30mLevel 1[0m _identify(data/20260510_152152_session) by extensions ['ignore', 'ignore_ament_install']
[0.534s] [34mcolcon.colcon_core.package_identification[0m [1;30mLevel 1[0m _identify(data/20260510_152152_session) by extension 'ignore'
[0.534s] [34mcolcon.colcon_core.package_identification[0m [1;30mLevel 1[0m _identify(data/20260510_152152_session) by extension 'ignore_ament_install'
[0.534s] [34mcolcon.colcon_core.package_identification[0m [1;30mLevel 1[0m _identify(data/20260510_152152_session) by extensions ['colcon_pkg']
[0.534s] [34mcolcon.colcon_core.package_identification[0m [1;30mLevel 1[0m _identify(data/20260510_152152_session) by extension 'colcon_pkg'
[0.534s] [34mcolcon.colcon_core.package_identification[0m [1;30mLevel 1[0m _identify(data/20260510_152152_session) by extensions ['colcon_meta']
[0.534s] [34mcolcon.colcon_core.package_identification[0m [1;30mLevel 1[0m _identify(data/20260510_152152_session) by extension 'colcon_meta'
[0.535s] [34mcolcon.colcon_core.package_identification[0m [1;30mLevel 1[0m _identify(data/20260510_152152_session) by extensions ['ros']
[0.535s] [34mcolcon.colcon_core.package_identification[0m [1;30mLevel 1[0m _identify(data/20260510_152152_session) by extension 'ros'
[0.535s] [34mcolcon.colcon_core.package_identification[0m [1;30mLevel 1[0m _identify(data/20260510_152152_session) by extensions ['cmake', 'python']
[0.535s] [34mcolcon.colcon_core.package_identification[0m [1;30mLevel 1[0m _identify(data/20260510_152152_session) by extension 'cmake'
[0.535s] [34mcolcon.colcon_core.package_identification[0m [1;30mLevel 1[0m _identify(data/20260510_152152_session) by extension 'python'
[0.535s] [34mcolcon.colcon_core.package_identification[0m [1;30mLevel 1[0m _identify(data/20260510_152152_session) by extensions ['python_setup_py']
[0.535s] [34mcolcon.colcon_core.package_identification[0m [1;30mLevel 1[0m _identify(data/20260510_152152_session) by extension 'python_setup_py'
[0.535s] [34mcolcon.colcon_core.package_identification[0m [1;30mLevel 1[0m _identify(data/20260510_152225_session) by extensions ['ignore', 'ignore_ament_install']
[0.535s] [34mcolcon.colcon_core.package_identification[0m [1;30mLevel 1[0m _identify(data/20260510_152225_session) by extension 'ignore'
[0.535s] [34mcolcon.colcon_core.package_identification[0m [1;30mLevel 1[0m _identify(data/20260510_152225_session) by extension 'ignore_ament_install'
[0.535s] [34mcolcon.colcon_core.package_identification[0m [1;30mLevel 1[0m _identify(data/20260510_152225_session) by extensions ['colcon_pkg']
[0.535s] [34mcolcon.colcon_core.package_identification[0m [1;30mLevel 1[0m _identify(data/20260510_152225_session) by extension 'colcon_pkg'
[0.535s] [34mcolcon.colcon_core.package_identification[0m [1;30mLevel 1[0m _identify(data/20260510_152225_session) by extensions ['colcon_meta']
[0.535s] [34mcolcon.colcon_core.package_identification[0m [1;30mLevel 1[0m _identify(data/20260510_152225_session) by extension 'colcon_meta'
[0.535s] [34mcolcon.colcon_core.package_identification[0m [1;30mLevel 1[0m _identify(data/20260510_152225_session) by extensions ['ros']
[0.535s] [34mcolcon.colcon_core.package_identification[0m [1;30mLevel 1[0m _identify(data/20260510_152225_session) by extension 'ros'
[0.535s] [34mcolcon.colcon_core.package_identification[0m [1;30mLevel 1[0m _identify(data/20260510_152225_session) by extensions ['cmake', 'python']
[0.535s] [34mcolcon.colcon_core.package_identification[0m [1;30mLevel 1[0m _identify(data/20260510_152225_session) by extension 'cmake'
[0.535s] [34mcolcon.colcon_core.package_identification[0m [1;30mLevel 1[0m _identify(data/20260510_152225_session) by extension 'python'
[0.535s] [34mcolcon.colcon_core.package_identification[0m [1;30mLevel 1[0m _identify(data/20260510_152225_session) by extensions ['python_setup_py']
[0.536s] [34mcolcon.colcon_core.package_identification[0m [1;30mLevel 1[0m _identify(data/20260510_152225_session) by extension 'python_setup_py'
[0.536s] [34mcolcon.colcon_core.package_identification[0m [1;30mLevel 1[0m _identify(data/20260510_152454_session) by extensions ['ignore', 'ignore_ament_install']
[0.536s] [34mcolcon.colcon_core.package_identification[0m [1;30mLevel 1[0m _identify(data/20260510_152454_session) by extension 'ignore'
[0.536s] [34mcolcon.colcon_core.package_identification[0m [1;30mLevel 1[0m _identify(data/20260510_152454_session) by extension 'ignore_ament_install'
[0.536s] [34mcolcon.colcon_core.package_identification[0m [1;30mLevel 1[0m _identify(data/20260510_152454_session) by extensions ['colcon_pkg']
[0.536s] [34mcolcon.colcon_core.package_identification[0m [1;30mLevel 1[0m _identify(data/20260510_152454_session) by extension 'colcon_pkg'
[0.536s] [34mcolcon.colcon_core.package_identification[0m [1;30mLevel 1[0m _identify(data/20260510_152454_session) by extensions ['colcon_meta']
[0.536s] [34mcolcon.colcon_core.package_identification[0m [1;30mLevel 1[0m _identify(data/20260510_152454_session) by extension 'colcon_meta'
[0.536s] [34mcolcon.colcon_core.package_identification[0m [1;30mLevel 1[0m _identify(data/20260510_152454_session) by extensions ['ros']
[0.536s] [34mcolcon.colcon_core.package_identification[0m [1;30mLevel 1[0m _identify(data/20260510_152454_session) by extension 'ros'
[0.536s] [34mcolcon.colcon_core.package_identification[0m [1;30mLevel 1[0m _identify(data/20260510_152454_session) by extensions ['cmake', 'python']
[0.536s] [34mcolcon.colcon_core.package_identification[0m [1;30mLevel 1[0m _identify(data/20260510_152454_session) by extension 'cmake'
[0.536s] [34mcolcon.colcon_core.package_identification[0m [1;30mLevel 1[0m _identify(data/20260510_152454_session) by extension 'python'
[0.536s] [34mcolcon.colcon_core.package_identification[0m [1;30mLevel 1[0m _identify(data/20260510_152454_session) by extensions ['python_setup_py']
[0.536s] [34mcolcon.colcon_core.package_identification[0m [1;30mLevel 1[0m _identify(data/20260510_152454_session) by extension 'python_setup_py'
[0.536s] [34mcolcon.colcon_core.package_identification[0m [1;30mLevel 1[0m _identify(data/20260510_152532_session) by extensions ['ignore', 'ignore_ament_install']
[0.536s] [34mcolcon.colcon_core.package_identification[0m [1;30mLevel 1[0m _identify(data/20260510_152532_session) by extension 'ignore'
[0.536s] [34mcolcon.colcon_core.package_identification[0m [1;30mLevel 1[0m _identify(data/20260510_152532_session) by extension 'ignore_ament_install'
[0.537s] [34mcolcon.colcon_core.package_identification[0m [1;30mLevel 1[0m _identify(data/20260510_152532_session) by extensions ['colcon_pkg']
[0.537s] [34mcolcon.colcon_core.package_identification[0m [1;30mLevel 1[0m _identify(data/20260510_152532_session) by extension 'colcon_pkg'
[0.537s] [34mcolcon.colcon_core.package_identification[0m [1;30mLevel 1[0m _identify(data/20260510_152532_session) by extensions ['colcon_meta']
[0.537s] [34mcolcon.colcon_core.package_identification[0m [1;30mLevel 1[0m _identify(data/20260510_152532_session) by extension 'colcon_meta'
[0.537s] [34mcolcon.colcon_core.package_identification[0m [1;30mLevel 1[0m _identify(data/20260510_152532_session) by extensions ['ros']
[0.537s] [34mcolcon.colcon_core.package_identification[0m [1;30mLevel 1[0m _identify(data/20260510_152532_session) by extension 'ros'
[0.537s] [34mcolcon.colcon_core.package_identification[0m [1;30mLevel 1[0m _identify(data/20260510_152532_session) by extensions ['cmake', 'python']
[0.537s] [34mcolcon.colcon_core.package_identification[0m [1;30mLevel 1[0m _identify(data/20260510_152532_session) by extension 'cmake'
[0.537s] [34mcolcon.colcon_core.package_identification[0m [1;30mLevel 1[0m _identify(data/20260510_152532_session) by extension 'python'
[0.537s] [34mcolcon.colcon_core.package_identification[0m [1;30mLevel 1[0m _identify(data/20260510_152532_session) by extensions ['python_setup_py']
[0.537s] [34mcolcon.colcon_core.package_identification[0m [1;30mLevel 1[0m _identify(data/20260510_152532_session) by extension 'python_setup_py'
[0.537s] [34mcolcon.colcon_core.package_identification[0m [1;30mLevel 1[0m _identify(data/20260510_152622_session) by extensions ['ignore', 'ignore_ament_install']
[0.537s] [34mcolcon.colcon_core.package_identification[0m [1;30mLevel 1[0m _identify(data/20260510_152622_session) by extension 'ignore'
[0.537s] [34mcolcon.colcon_core.package_identification[0m [1;30mLevel 1[0m _identify(data/20260510_152622_session) by extension 'ignore_ament_install'
[0.537s] [34mcolcon.colcon_core.package_identification[0m [1;30mLevel 1[0m _identify(data/20260510_152622_session) by extensions ['colcon_pkg']
[0.537s] [34mcolcon.colcon_core.package_identification[0m [1;30mLevel 1[0m _identify(data/20260510_152622_session) by extension 'colcon_pkg'
[0.537s] [34mcolcon.colcon_core.package_identification[0m [1;30mLevel 1[0m _identify(data/20260510_152622_session) by extensions ['colcon_meta']
[0.537s] [34mcolcon.colcon_core.package_identification[0m [1;30mLevel 1[0m _identify(data/20260510_152622_session) by extension 'colcon_meta'
[0.537s] [34mcolcon.colcon_core.package_identification[0m [1;30mLevel 1[0m _identify(data/20260510_152622_session) by extensions ['ros']
[0.537s] [34mcolcon.colcon_core.package_identification[0m [1;30mLevel 1[0m _identify(data/20260510_152622_session) by extension 'ros'
[0.538s] [34mcolcon.colcon_core.package_identification[0m [1;30mLevel 1[0m _identify(data/20260510_152622_session) by extensions ['cmake', 'python']
[0.538s] [34mcolcon.colcon_core.package_identification[0m [1;30mLevel 1[0m _identify(data/20260510_152622_session) by extension 'cmake'
[0.538s] [34mcolcon.colcon_core.package_identification[0m [1;30mLevel 1[0m _identify(data/20260510_152622_session) by extension 'python'
[0.538s] [34mcolcon.colcon_core.package_identification[0m [1;30mLevel 1[0m _identify(data/20260510_152622_session) by extensions ['python_setup_py']
[0.538s] [34mcolcon.colcon_core.package_identification[0m [1;30mLevel 1[0m _identify(data/20260510_152622_session) by extension 'python_setup_py'
[0.538s] [34mcolcon.colcon_core.package_identification[0m [1;30mLevel 1[0m _identify(data/20260510_152622_session/1_gui_capture) by extensions ['ignore', 'ignore_ament_install']
[0.538s] [34mcolcon.colcon_core.package_identification[0m [1;30mLevel 1[0m _identify(data/20260510_152622_session/1_gui_capture) by extension 'ignore'
[0.538s] [34mcolcon.colcon_core.package_identification[0m [1;30mLevel 1[0m _identify(data/20260510_152622_session/1_gui_capture) by extension 'ignore_ament_install'
[0.538s] [34mcolcon.colcon_core.package_identification[0m [1;30mLevel 1[0m _identify(data/20260510_152622_session/1_gui_capture) by extensions ['colcon_pkg']
[0.538s] [34mcolcon.colcon_core.package_identification[0m [1;30mLevel 1[0m _identify(data/20260510_152622_session/1_gui_capture) by extension 'colcon_pkg'
[0.538s] [34mcolcon.colcon_core.package_identification[0m [1;30mLevel 1[0m _identify(data/20260510_152622_session/1_gui_capture) by extensions ['colcon_meta']
[0.538s] [34mcolcon.colcon_core.package_identification[0m [1;30mLevel 1[0m _identify(data/20260510_152622_session/1_gui_capture) by extension 'colcon_meta'
[0.538s] [34mcolcon.colcon_core.package_identification[0m [1;30mLevel 1[0m _identify(data/20260510_152622_session/1_gui_capture) by extensions ['ros']
[0.538s] [34mcolcon.colcon_core.package_identification[0m [1;30mLevel 1[0m _identify(data/20260510_152622_session/1_gui_capture) by extension 'ros'
[0.538s] [34mcolcon.colcon_core.package_identification[0m [1;30mLevel 1[0m _identify(data/20260510_152622_session/1_gui_capture) by extensions ['cmake', 'python']
[0.538s] [34mcolcon.colcon_core.package_identification[0m [1;30mLevel 1[0m _identify(data/20260510_152622_session/1_gui_capture) by extension 'cmake'
[0.538s] [34mcolcon.colcon_core.package_identification[0m [1;30mLevel 1[0m _identify(data/20260510_152622_session/1_gui_capture) by extension 'python'
[0.538s] [34mcolcon.colcon_core.package_identification[0m [1;30mLevel 1[0m _identify(data/20260510_152622_session/1_gui_capture) by extensions ['python_setup_py']
[0.538s] [34mcolcon.colcon_core.package_identification[0m [1;30mLevel 1[0m _identify(data/20260510_152622_session/1_gui_capture) by extension 'python_setup_py'
[0.539s] [34mcolcon.colcon_core.package_identification[0m [1;30mLevel 1[0m _identify(data/20260510_152622_session/1_gui_capture/intermediate) by extensions ['ignore', 'ignore_ament_install']
[0.539s] [34mcolcon.colcon_core.package_identification[0m [1;30mLevel 1[0m _identify(data/20260510_152622_session/1_gui_capture/intermediate) by extension 'ignore'
[0.539s] [34mcolcon.colcon_core.package_identification[0m [1;30mLevel 1[0m _identify(data/20260510_152622_session/1_gui_capture/intermediate) by extension 'ignore_ament_install'
[0.539s] [34mcolcon.colcon_core.package_identification[0m [1;30mLevel 1[0m _identify(data/20260510_152622_session/1_gui_capture/intermediate) by extensions ['colcon_pkg']
[0.539s] [34mcolcon.colcon_core.package_identification[0m [1;30mLevel 1[0m _identify(data/20260510_152622_session/1_gui_capture/intermediate) by extension 'colcon_pkg'
[0.539s] [34mcolcon.colcon_core.package_identification[0m [1;30mLevel 1[0m _identify(data/20260510_152622_session/1_gui_capture/intermediate) by extensions ['colcon_meta']
[0.539s] [34mcolcon.colcon_core.package_identification[0m [1;30mLevel 1[0m _identify(data/20260510_152622_session/1_gui_capture/intermediate) by extension 'colcon_meta'
[0.539s] [34mcolcon.colcon_core.package_identification[0m [1;30mLevel 1[0m _identify(data/20260510_152622_session/1_gui_capture/intermediate) by extensions ['ros']
[0.539s] [34mcolcon.colcon_core.package_identification[0m [1;30mLevel 1[0m _identify(data/20260510_152622_session/1_gui_capture/intermediate) by extension 'ros'
[0.539s] [34mcolcon.colcon_core.package_identification[0m [1;30mLevel 1[0m _identify(data/20260510_152622_session/1_gui_capture/intermediate) by extensions ['cmake', 'python']
[0.539s] [34mcolcon.colcon_core.package_identification[0m [1;30mLevel 1[0m _identify(data/20260510_152622_session/1_gui_capture/intermediate) by extension 'cmake'
[0.539s] [34mcolcon.colcon_core.package_identification[0m [1;30mLevel 1[0m _identify(data/20260510_152622_session/1_gui_capture/intermediate) by extension 'python'
[0.539s] [34mcolcon.colcon_core.package_identification[0m [1;30mLevel 1[0m _identify(data/20260510_152622_session/1_gui_capture/intermediate) by extensions ['python_setup_py']
[0.539s] [34mcolcon.colcon_core.package_identification[0m [1;30mLevel 1[0m _identify(data/20260510_152622_session/1_gui_capture/intermediate) by extension 'python_setup_py'
[0.539s] [34mcolcon.colcon_core.package_identification[0m [1;30mLevel 1[0m _identify(data/20260510_152622_session/1_gui_capture/processed) by extensions ['ignore', 'ignore_ament_install']
[0.539s] [34mcolcon.colcon_core.package_identification[0m [1;30mLevel 1[0m _identify(data/20260510_152622_session/1_gui_capture/processed) by extension 'ignore'
[0.539s] [34mcolcon.colcon_core.package_identification[0m [1;30mLevel 1[0m _identify(data/20260510_152622_session/1_gui_capture/processed) by extension 'ignore_ament_install'
[0.540s] [34mcolcon.colcon_core.package_identification[0m [1;30mLevel 1[0m _identify(data/20260510_152622_session/1_gui_capture/processed) by extensions ['colcon_pkg']
[0.540s] [34mcolcon.colcon_core.package_identification[0m [1;30mLevel 1[0m _identify(data/20260510_152622_session/1_gui_capture/processed) by extension 'colcon_pkg'
[0.540s] [34mcolcon.colcon_core.package_identification[0m [1;30mLevel 1[0m _identify(data/20260510_152622_session/1_gui_capture/processed) by extensions ['colcon_meta']
[0.540s] [34mcolcon.colcon_core.package_identification[0m [1;30mLevel 1[0m _identify(data/20260510_152622_session/1_gui_capture/processed) by extension 'colcon_meta'
[0.540s] [34mcolcon.colcon_core.package_identification[0m [1;30mLevel 1[0m _identify(data/20260510_152622_session/1_gui_capture/processed) by extensions ['ros']
[0.540s] [34mcolcon.colcon_core.package_identification[0m [1;30mLevel 1[0m _identify(data/20260510_152622_session/1_gui_capture/processed) by extension 'ros'
[0.540s] [34mcolcon.colcon_core.package_identification[0m [1;30mLevel 1[0m _identify(data/20260510_152622_session/1_gui_capture/processed) by extensions ['cmake', 'python']
[0.540s] [34mcolcon.colcon_core.package_identification[0m [1;30mLevel 1[0m _identify(data/20260510_152622_session/1_gui_capture/processed) by extension 'cmake'
[0.540s] [34mcolcon.colcon_core.package_identification[0m [1;30mLevel 1[0m _identify(data/20260510_152622_session/1_gui_capture/processed) by extension 'python'
[0.540s] [34mcolcon.colcon_core.package_identification[0m [1;30mLevel 1[0m _identify(data/20260510_152622_session/1_gui_capture/processed) by extensions ['python_setup_py']
[0.540s] [34mcolcon.colcon_core.package_identification[0m [1;30mLevel 1[0m _identify(data/20260510_152622_session/1_gui_capture/processed) by extension 'python_setup_py'
[0.540s] [34mcolcon.colcon_core.package_identification[0m [1;30mLevel 1[0m _identify(data/20260510_152622_session/1_gui_capture/raw) by extensions ['ignore', 'ignore_ament_install']
[0.540s] [34mcolcon.colcon_core.package_identification[0m [1;30mLevel 1[0m _identify(data/20260510_152622_session/1_gui_capture/raw) by extension 'ignore'
[0.540s] [34mcolcon.colcon_core.package_identification[0m [1;30mLevel 1[0m _identify(data/20260510_152622_session/1_gui_capture/raw) by extension 'ignore_ament_install'
[0.540s] [34mcolcon.colcon_core.package_identification[0m [1;30mLevel 1[0m _identify(data/20260510_152622_session/1_gui_capture/raw) by extensions ['colcon_pkg']
[0.540s] [34mcolcon.colcon_core.package_identification[0m [1;30mLevel 1[0m _identify(data/20260510_152622_session/1_gui_capture/raw) by extension 'colcon_pkg'
[0.540s] [34mcolcon.colcon_core.package_identification[0m [1;30mLevel 1[0m _identify(data/20260510_152622_session/1_gui_capture/raw) by extensions ['colcon_meta']
[0.540s] [34mcolcon.colcon_core.package_identification[0m [1;30mLevel 1[0m _identify(data/20260510_152622_session/1_gui_capture/raw) by extension 'colcon_meta'
[0.540s] [34mcolcon.colcon_core.package_identification[0m [1;30mLevel 1[0m _identify(data/20260510_152622_session/1_gui_capture/raw) by extensions ['ros']
[0.540s] [34mcolcon.colcon_core.package_identification[0m [1;30mLevel 1[0m _identify(data/20260510_152622_session/1_gui_capture/raw) by extension 'ros'
[0.541s] [34mcolcon.colcon_core.package_identification[0m [1;30mLevel 1[0m _identify(data/20260510_152622_session/1_gui_capture/raw) by extensions ['cmake', 'python']
[0.541s] [34mcolcon.colcon_core.package_identification[0m [1;30mLevel 1[0m _identify(data/20260510_152622_session/1_gui_capture/raw) by extension 'cmake'
[0.541s] [34mcolcon.colcon_core.package_identification[0m [1;30mLevel 1[0m _identify(data/20260510_152622_session/1_gui_capture/raw) by extension 'python'
[0.541s] [34mcolcon.colcon_core.package_identification[0m [1;30mLevel 1[0m _identify(data/20260510_152622_session/1_gui_capture/raw) by extensions ['python_setup_py']
[0.541s] [34mcolcon.colcon_core.package_identification[0m [1;30mLevel 1[0m _identify(data/20260510_152622_session/1_gui_capture/raw) by extension 'python_setup_py'
[0.541s] [34mcolcon.colcon_core.package_identification[0m [1;30mLevel 1[0m _identify(data/20260510_153906_session) by extensions ['ignore', 'ignore_ament_install']
[0.541s] [34mcolcon.colcon_core.package_identification[0m [1;30mLevel 1[0m _identify(data/20260510_153906_session) by extension 'ignore'
[0.541s] [34mcolcon.colcon_core.package_identification[0m [1;30mLevel 1[0m _identify(data/20260510_153906_session) by extension 'ignore_ament_install'
[0.541s] [34mcolcon.colcon_core.package_identification[0m [1;30mLevel 1[0m _identify(data/20260510_153906_session) by extensions ['colcon_pkg']
[0.541s] [34mcolcon.colcon_core.package_identification[0m [1;30mLevel 1[0m _identify(data/20260510_153906_session) by extension 'colcon_pkg'
[0.541s] [34mcolcon.colcon_core.package_identification[0m [1;30mLevel 1[0m _identify(data/20260510_153906_session) by extensions ['colcon_meta']
[0.541s] [34mcolcon.colcon_core.package_identification[0m [1;30mLevel 1[0m _identify(data/20260510_153906_session) by extension 'colcon_meta'
[0.541s] [34mcolcon.colcon_core.package_identification[0m [1;30mLevel 1[0m _identify(data/20260510_153906_session) by extensions ['ros']
[0.541s] [34mcolcon.colcon_core.package_identification[0m [1;30mLevel 1[0m _identify(data/20260510_153906_session) by extension 'ros'
[0.541s] [34mcolcon.colcon_core.package_identification[0m [1;30mLevel 1[0m _identify(data/20260510_153906_session) by extensions ['cmake', 'python']
[0.541s] [34mcolcon.colcon_core.package_identification[0m [1;30mLevel 1[0m _identify(data/20260510_153906_session) by extension 'cmake'
[0.541s] [34mcolcon.colcon_core.package_identification[0m [1;30mLevel 1[0m _identify(data/20260510_153906_session) by extension 'python'
[0.541s] [34mcolcon.colcon_core.package_identification[0m [1;30mLevel 1[0m _identify(data/20260510_153906_session) by extensions ['python_setup_py']
[0.541s] [34mcolcon.colcon_core.package_identification[0m [1;30mLevel 1[0m _identify(data/20260510_153906_session) by extension 'python_setup_py'
[0.542s] [34mcolcon.colcon_core.package_identification[0m [1;30mLevel 1[0m _identify(data/20260510_153906_session/1_gui_capture) by extensions ['ignore', 'ignore_ament_install']
[0.542s] [34mcolcon.colcon_core.package_identification[0m [1;30mLevel 1[0m _identify(data/20260510_153906_session/1_gui_capture) by extension 'ignore'
[0.542s] [34mcolcon.colcon_core.package_identification[0m [1;30mLevel 1[0m _identify(data/20260510_153906_session/1_gui_capture) by extension 'ignore_ament_install'
[0.542s] [34mcolcon.colcon_core.package_identification[0m [1;30mLevel 1[0m _identify(data/20260510_153906_session/1_gui_capture) by extensions ['colcon_pkg']
[0.542s] [34mcolcon.colcon_core.package_identification[0m [1;30mLevel 1[0m _identify(data/20260510_153906_session/1_gui_capture) by extension 'colcon_pkg'
[0.542s] [34mcolcon.colcon_core.package_identification[0m [1;30mLevel 1[0m _identify(data/20260510_153906_session/1_gui_capture) by extensions ['colcon_meta']
[0.542s] [34mcolcon.colcon_core.package_identification[0m [1;30mLevel 1[0m _identify(data/20260510_153906_session/1_gui_capture) by extension 'colcon_meta'
[0.542s] [34mcolcon.colcon_core.package_identification[0m [1;30mLevel 1[0m _identify(data/20260510_153906_session/1_gui_capture) by extensions ['ros']
[0.542s] [34mcolcon.colcon_core.package_identification[0m [1;30mLevel 1[0m _identify(data/20260510_153906_session/1_gui_capture) by extension 'ros'
[0.542s] [34mcolcon.colcon_core.package_identification[0m [1;30mLevel 1[0m _identify(data/20260510_153906_session/1_gui_capture) by extensions ['cmake', 'python']
[0.542s] [34mcolcon.colcon_core.package_identification[0m [1;30mLevel 1[0m _identify(data/20260510_153906_session/1_gui_capture) by extension 'cmake'
[0.542s] [34mcolcon.colcon_core.package_identification[0m [1;30mLevel 1[0m _identify(data/20260510_153906_session/1_gui_capture) by extension 'python'
[0.542s] [34mcolcon.colcon_core.package_identification[0m [1;30mLevel 1[0m _identify(data/20260510_153906_session/1_gui_capture) by extensions ['python_setup_py']
[0.542s] [34mcolcon.colcon_core.package_identification[0m [1;30mLevel 1[0m _identify(data/20260510_153906_session/1_gui_capture) by extension 'python_setup_py'
[0.542s] [34mcolcon.colcon_core.package_identification[0m [1;30mLevel 1[0m _identify(data/20260510_153906_session/1_gui_capture/intermediate) by extensions ['ignore', 'ignore_ament_install']
[0.542s] [34mcolcon.colcon_core.package_identification[0m [1;30mLevel 1[0m _identify(data/20260510_153906_session/1_gui_capture/intermediate) by extension 'ignore'
[0.542s] [34mcolcon.colcon_core.package_identification[0m [1;30mLevel 1[0m _identify(data/20260510_153906_session/1_gui_capture/intermediate) by extension 'ignore_ament_install'
[0.542s] [34mcolcon.colcon_core.package_identification[0m [1;30mLevel 1[0m _identify(data/20260510_153906_session/1_gui_capture/intermediate) by extensions ['colcon_pkg']
[0.543s] [34mcolcon.colcon_core.package_identification[0m [1;30mLevel 1[0m _identify(data/20260510_153906_session/1_gui_capture/intermediate) by extension 'colcon_pkg'
[0.543s] [34mcolcon.colcon_core.package_identification[0m [1;30mLevel 1[0m _identify(data/20260510_153906_session/1_gui_capture/intermediate) by extensions ['colcon_meta']
[0.543s] [34mcolcon.colcon_core.package_identification[0m [1;30mLevel 1[0m _identify(data/20260510_153906_session/1_gui_capture/intermediate) by extension 'colcon_meta'
[0.543s] [34mcolcon.colcon_core.package_identification[0m [1;30mLevel 1[0m _identify(data/20260510_153906_session/1_gui_capture/intermediate) by extensions ['ros']
[0.543s] [34mcolcon.colcon_core.package_identification[0m [1;30mLevel 1[0m _identify(data/20260510_153906_session/1_gui_capture/intermediate) by extension 'ros'
[0.543s] [34mcolcon.colcon_core.package_identification[0m [1;30mLevel 1[0m _identify(data/20260510_153906_session/1_gui_capture/intermediate) by extensions ['cmake', 'python']
[0.543s] [34mcolcon.colcon_core.package_identification[0m [1;30mLevel 1[0m _identify(data/20260510_153906_session/1_gui_capture/intermediate) by extension 'cmake'
[0.543s] [34mcolcon.colcon_core.package_identification[0m [1;30mLevel 1[0m _identify(data/20260510_153906_session/1_gui_capture/intermediate) by extension 'python'
[0.543s] [34mcolcon.colcon_core.package_identification[0m [1;30mLevel 1[0m _identify(data/20260510_153906_session/1_gui_capture/intermediate) by extensions ['python_setup_py']
[0.543s] [34mcolcon.colcon_core.package_identification[0m [1;30mLevel 1[0m _identify(data/20260510_153906_session/1_gui_capture/intermediate) by extension 'python_setup_py'
[0.543s] [34mcolcon.colcon_core.package_identification[0m [1;30mLevel 1[0m _identify(data/20260510_153906_session/1_gui_capture/processed) by extensions ['ignore', 'ignore_ament_install']
[0.543s] [34mcolcon.colcon_core.package_identification[0m [1;30mLevel 1[0m _identify(data/20260510_153906_session/1_gui_capture/processed) by extension 'ignore'
[0.543s] [34mcolcon.colcon_core.package_identification[0m [1;30mLevel 1[0m _identify(data/20260510_153906_session/1_gui_capture/processed) by extension 'ignore_ament_install'
[0.543s] [34mcolcon.colcon_core.package_identification[0m [1;30mLevel 1[0m _identify(data/20260510_153906_session/1_gui_capture/processed) by extensions ['colcon_pkg']
[0.543s] [34mcolcon.colcon_core.package_identification[0m [1;30mLevel 1[0m _identify(data/20260510_153906_session/1_gui_capture/processed) by extension 'colcon_pkg'
[0.543s] [34mcolcon.colcon_core.package_identification[0m [1;30mLevel 1[0m _identify(data/20260510_153906_session/1_gui_capture/processed) by extensions ['colcon_meta']
[0.543s] [34mcolcon.colcon_core.package_identification[0m [1;30mLevel 1[0m _identify(data/20260510_153906_session/1_gui_capture/processed) by extension 'colcon_meta'
[0.543s] [34mcolcon.colcon_core.package_identification[0m [1;30mLevel 1[0m _identify(data/20260510_153906_session/1_gui_capture/processed) by extensions ['ros']
[0.543s] [34mcolcon.colcon_core.package_identification[0m [1;30mLevel 1[0m _identify(data/20260510_153906_session/1_gui_capture/processed) by extension 'ros'
[0.544s] [34mcolcon.colcon_core.package_identification[0m [1;30mLevel 1[0m _identify(data/20260510_153906_session/1_gui_capture/processed) by extensions ['cmake', 'python']
[0.544s] [34mcolcon.colcon_core.package_identification[0m [1;30mLevel 1[0m _identify(data/20260510_153906_session/1_gui_capture/processed) by extension 'cmake'
[0.544s] [34mcolcon.colcon_core.package_identification[0m [1;30mLevel 1[0m _identify(data/20260510_153906_session/1_gui_capture/processed) by extension 'python'
[0.544s] [34mcolcon.colcon_core.package_identification[0m [1;30mLevel 1[0m _identify(data/20260510_153906_session/1_gui_capture/processed) by extensions ['python_setup_py']
[0.544s] [34mcolcon.colcon_core.package_identification[0m [1;30mLevel 1[0m _identify(data/20260510_153906_session/1_gui_capture/processed) by extension 'python_setup_py'
[0.544s] [34mcolcon.colcon_core.package_identification[0m [1;30mLevel 1[0m _identify(data/20260510_153906_session/1_gui_capture/raw) by extensions ['ignore', 'ignore_ament_install']
[0.544s] [34mcolcon.colcon_core.package_identification[0m [1;30mLevel 1[0m _identify(data/20260510_153906_session/1_gui_capture/raw) by extension 'ignore'
[0.544s] [34mcolcon.colcon_core.package_identification[0m [1;30mLevel 1[0m _identify(data/20260510_153906_session/1_gui_capture/raw) by extension 'ignore_ament_install'
[0.544s] [34mcolcon.colcon_core.package_identification[0m [1;30mLevel 1[0m _identify(data/20260510_153906_session/1_gui_capture/raw) by extensions ['colcon_pkg']
[0.544s] [34mcolcon.colcon_core.package_identification[0m [1;30mLevel 1[0m _identify(data/20260510_153906_session/1_gui_capture/raw) by extension 'colcon_pkg'
[0.544s] [34mcolcon.colcon_core.package_identification[0m [1;30mLevel 1[0m _identify(data/20260510_153906_session/1_gui_capture/raw) by extensions ['colcon_meta']
[0.544s] [34mcolcon.colcon_core.package_identification[0m [1;30mLevel 1[0m _identify(data/20260510_153906_session/1_gui_capture/raw) by extension 'colcon_meta'
[0.544s] [34mcolcon.colcon_core.package_identification[0m [1;30mLevel 1[0m _identify(data/20260510_153906_session/1_gui_capture/raw) by extensions ['ros']
[0.544s] [34mcolcon.colcon_core.package_identification[0m [1;30mLevel 1[0m _identify(data/20260510_153906_session/1_gui_capture/raw) by extension 'ros'
[0.544s] [34mcolcon.colcon_core.package_identification[0m [1;30mLevel 1[0m _identify(data/20260510_153906_session/1_gui_capture/raw) by extensions ['cmake', 'python']
[0.544s] [34mcolcon.colcon_core.package_identification[0m [1;30mLevel 1[0m _identify(data/20260510_153906_session/1_gui_capture/raw) by extension 'cmake'
[0.544s] [34mcolcon.colcon_core.package_identification[0m [1;30mLevel 1[0m _identify(data/20260510_153906_session/1_gui_capture/raw) by extension 'python'
[0.544s] [34mcolcon.colcon_core.package_identification[0m [1;30mLevel 1[0m _identify(data/20260510_153906_session/1_gui_capture/raw) by extensions ['python_setup_py']
[0.544s] [34mcolcon.colcon_core.package_identification[0m [1;30mLevel 1[0m _identify(data/20260510_153906_session/1_gui_capture/raw) by extension 'python_setup_py'
[0.545s] [34mcolcon.colcon_core.package_identification[0m [1;30mLevel 1[0m _identify(data/20260510_154410_session) by extensions ['ignore', 'ignore_ament_install']
[0.545s] [34mcolcon.colcon_core.package_identification[0m [1;30mLevel 1[0m _identify(data/20260510_154410_session) by extension 'ignore'
[0.545s] [34mcolcon.colcon_core.package_identification[0m [1;30mLevel 1[0m _identify(data/20260510_154410_session) by extension 'ignore_ament_install'
[0.545s] [34mcolcon.colcon_core.package_identification[0m [1;30mLevel 1[0m _identify(data/20260510_154410_session) by extensions ['colcon_pkg']
[0.545s] [34mcolcon.colcon_core.package_identification[0m [1;30mLevel 1[0m _identify(data/20260510_154410_session) by extension 'colcon_pkg'
[0.545s] [34mcolcon.colcon_core.package_identification[0m [1;30mLevel 1[0m _identify(data/20260510_154410_session) by extensions ['colcon_meta']
[0.545s] [34mcolcon.colcon_core.package_identification[0m [1;30mLevel 1[0m _identify(data/20260510_154410_session) by extension 'colcon_meta'
[0.545s] [34mcolcon.colcon_core.package_identification[0m [1;30mLevel 1[0m _identify(data/20260510_154410_session) by extensions ['ros']
[0.545s] [34mcolcon.colcon_core.package_identification[0m [1;30mLevel 1[0m _identify(data/20260510_154410_session) by extension 'ros'
[0.545s] [34mcolcon.colcon_core.package_identification[0m [1;30mLevel 1[0m _identify(data/20260510_154410_session) by extensions ['cmake', 'python']
[0.545s] [34mcolcon.colcon_core.package_identification[0m [1;30mLevel 1[0m _identify(data/20260510_154410_session) by extension 'cmake'
[0.545s] [34mcolcon.colcon_core.package_identification[0m [1;30mLevel 1[0m _identify(data/20260510_154410_session) by extension 'python'
[0.545s] [34mcolcon.colcon_core.package_identification[0m [1;30mLevel 1[0m _identify(data/20260510_154410_session) by extensions ['python_setup_py']
[0.545s] [34mcolcon.colcon_core.package_identification[0m [1;30mLevel 1[0m _identify(data/20260510_154410_session) by extension 'python_setup_py'
[0.545s] [34mcolcon.colcon_core.package_identification[0m [1;30mLevel 1[0m _identify(data/20260510_154410_session/1_gui_capture) by extensions ['ignore', 'ignore_ament_install']
[0.545s] [34mcolcon.colcon_core.package_identification[0m [1;30mLevel 1[0m _identify(data/20260510_154410_session/1_gui_capture) by extension 'ignore'
[0.545s] [34mcolcon.colcon_core.package_identification[0m [1;30mLevel 1[0m _identify(data/20260510_154410_session/1_gui_capture) by extension 'ignore_ament_install'
[0.545s] [34mcolcon.colcon_core.package_identification[0m [1;30mLevel 1[0m _identify(data/20260510_154410_session/1_gui_capture) by extensions ['colcon_pkg']
[0.545s] [34mcolcon.colcon_core.package_identification[0m [1;30mLevel 1[0m _identify(data/20260510_154410_session/1_gui_capture) by extension 'colcon_pkg'
[0.546s] [34mcolcon.colcon_core.package_identification[0m [1;30mLevel 1[0m _identify(data/20260510_154410_session/1_gui_capture) by extensions ['colcon_meta']
[0.546s] [34mcolcon.colcon_core.package_identification[0m [1;30mLevel 1[0m _identify(data/20260510_154410_session/1_gui_capture) by extension 'colcon_meta'
[0.546s] [34mcolcon.colcon_core.package_identification[0m [1;30mLevel 1[0m _identify(data/20260510_154410_session/1_gui_capture) by extensions ['ros']
[0.546s] [34mcolcon.colcon_core.package_identification[0m [1;30mLevel 1[0m _identify(data/20260510_154410_session/1_gui_capture) by extension 'ros'
[0.546s] [34mcolcon.colcon_core.package_identification[0m [1;30mLevel 1[0m _identify(data/20260510_154410_session/1_gui_capture) by extensions ['cmake', 'python']
[0.546s] [34mcolcon.colcon_core.package_identification[0m [1;30mLevel 1[0m _identify(data/20260510_154410_session/1_gui_capture) by extension 'cmake'
[0.546s] [34mcolcon.colcon_core.package_identification[0m [1;30mLevel 1[0m _identify(data/20260510_154410_session/1_gui_capture) by extension 'python'
[0.546s] [34mcolcon.colcon_core.package_identification[0m [1;30mLevel 1[0m _identify(data/20260510_154410_session/1_gui_capture) by extensions ['python_setup_py']
[0.546s] [34mcolcon.colcon_core.package_identification[0m [1;30mLevel 1[0m _identify(data/20260510_154410_session/1_gui_capture) by extension 'python_setup_py'
[0.546s] [34mcolcon.colcon_core.package_identification[0m [1;30mLevel 1[0m _identify(data/20260510_154410_session/1_gui_capture/intermediate) by extensions ['ignore', 'ignore_ament_install']
[0.546s] [34mcolcon.colcon_core.package_identification[0m [1;30mLevel 1[0m _identify(data/20260510_154410_session/1_gui_capture/intermediate) by extension 'ignore'
[0.546s] [34mcolcon.colcon_core.package_identification[0m [1;30mLevel 1[0m _identify(data/20260510_154410_session/1_gui_capture/intermediate) by extension 'ignore_ament_install'
[0.546s] [34mcolcon.colcon_core.package_identification[0m [1;30mLevel 1[0m _identify(data/20260510_154410_session/1_gui_capture/intermediate) by extensions ['colcon_pkg']
[0.546s] [34mcolcon.colcon_core.package_identification[0m [1;30mLevel 1[0m _identify(data/20260510_154410_session/1_gui_capture/intermediate) by extension 'colcon_pkg'
[0.546s] [34mcolcon.colcon_core.package_identification[0m [1;30mLevel 1[0m _identify(data/20260510_154410_session/1_gui_capture/intermediate) by extensions ['colcon_meta']
[0.547s] [34mcolcon.colcon_core.package_identification[0m [1;30mLevel 1[0m _identify(data/20260510_154410_session/1_gui_capture/intermediate) by extension 'colcon_meta'
[0.547s] [34mcolcon.colcon_core.package_identification[0m [1;30mLevel 1[0m _identify(data/20260510_154410_session/1_gui_capture/intermediate) by extensions ['ros']
[0.547s] [34mcolcon.colcon_core.package_identification[0m [1;30mLevel 1[0m _identify(data/20260510_154410_session/1_gui_capture/intermediate) by extension 'ros'
[0.547s] [34mcolcon.colcon_core.package_identification[0m [1;30mLevel 1[0m _identify(data/20260510_154410_session/1_gui_capture/intermediate) by extensions ['cmake', 'python']
[0.547s] [34mcolcon.colcon_core.package_identification[0m [1;30mLevel 1[0m _identify(data/20260510_154410_session/1_gui_capture/intermediate) by extension 'cmake'
[0.547s] [34mcolcon.colcon_core.package_identification[0m [1;30mLevel 1[0m _identify(data/20260510_154410_session/1_gui_capture/intermediate) by extension 'python'
[0.547s] [34mcolcon.colcon_core.package_identification[0m [1;30mLevel 1[0m _identify(data/20260510_154410_session/1_gui_capture/intermediate) by extensions ['python_setup_py']
[0.548s] [34mcolcon.colcon_core.package_identification[0m [1;30mLevel 1[0m _identify(data/20260510_154410_session/1_gui_capture/intermediate) by extension 'python_setup_py'
[0.548s] [34mcolcon.colcon_core.package_identification[0m [1;30mLevel 1[0m _identify(data/20260510_154410_session/1_gui_capture/processed) by extensions ['ignore', 'ignore_ament_install']
[0.548s] [34mcolcon.colcon_core.package_identification[0m [1;30mLevel 1[0m _identify(data/20260510_154410_session/1_gui_capture/processed) by extension 'ignore'
[0.548s] [34mcolcon.colcon_core.package_identification[0m [1;30mLevel 1[0m _identify(data/20260510_154410_session/1_gui_capture/processed) by extension 'ignore_ament_install'
[0.548s] [34mcolcon.colcon_core.package_identification[0m [1;30mLevel 1[0m _identify(data/20260510_154410_session/1_gui_capture/processed) by extensions ['colcon_pkg']
[0.548s] [34mcolcon.colcon_core.package_identification[0m [1;30mLevel 1[0m _identify(data/20260510_154410_session/1_gui_capture/processed) by extension 'colcon_pkg'
[0.548s] [34mcolcon.colcon_core.package_identification[0m [1;30mLevel 1[0m _identify(data/20260510_154410_session/1_gui_capture/processed) by extensions ['colcon_meta']
[0.549s] [34mcolcon.colcon_core.package_identification[0m [1;30mLevel 1[0m _identify(data/20260510_154410_session/1_gui_capture/processed) by extension 'colcon_meta'
[0.549s] [34mcolcon.colcon_core.package_identification[0m [1;30mLevel 1[0m _identify(data/20260510_154410_session/1_gui_capture/processed) by extensions ['ros']
[0.549s] [34mcolcon.colcon_core.package_identification[0m [1;30mLevel 1[0m _identify(data/20260510_154410_session/1_gui_capture/processed) by extension 'ros'
[0.549s] [34mcolcon.colcon_core.package_identification[0m [1;30mLevel 1[0m _identify(data/20260510_154410_session/1_gui_capture/processed) by extensions ['cmake', 'python']
[0.549s] [34mcolcon.colcon_core.package_identification[0m [1;30mLevel 1[0m _identify(data/20260510_154410_session/1_gui_capture/processed) by extension 'cmake'
[0.549s] [34mcolcon.colcon_core.package_identification[0m [1;30mLevel 1[0m _identify(data/20260510_154410_session/1_gui_capture/processed) by extension 'python'
[0.549s] [34mcolcon.colcon_core.package_identification[0m [1;30mLevel 1[0m _identify(data/20260510_154410_session/1_gui_capture/processed) by extensions ['python_setup_py']
[0.550s] [34mcolcon.colcon_core.package_identification[0m [1;30mLevel 1[0m _identify(data/20260510_154410_session/1_gui_capture/processed) by extension 'python_setup_py'
[0.550s] [34mcolcon.colcon_core.package_identification[0m [1;30mLevel 1[0m _identify(data/20260510_154410_session/1_gui_capture/raw) by extensions ['ignore', 'ignore_ament_install']
[0.550s] [34mcolcon.colcon_core.package_identification[0m [1;30mLevel 1[0m _identify(data/20260510_154410_session/1_gui_capture/raw) by extension 'ignore'
[0.550s] [34mcolcon.colcon_core.package_identification[0m [1;30mLevel 1[0m _identify(data/20260510_154410_session/1_gui_capture/raw) by extension 'ignore_ament_install'
[0.550s] [34mcolcon.colcon_core.package_identification[0m [1;30mLevel 1[0m _identify(data/20260510_154410_session/1_gui_capture/raw) by extensions ['colcon_pkg']
[0.550s] [34mcolcon.colcon_core.package_identification[0m [1;30mLevel 1[0m _identify(data/20260510_154410_session/1_gui_capture/raw) by extension 'colcon_pkg'
[0.550s] [34mcolcon.colcon_core.package_identification[0m [1;30mLevel 1[0m _identify(data/20260510_154410_session/1_gui_capture/raw) by extensions ['colcon_meta']
[0.551s] [34mcolcon.colcon_core.package_identification[0m [1;30mLevel 1[0m _identify(data/20260510_154410_session/1_gui_capture/raw) by extension 'colcon_meta'
[0.551s] [34mcolcon.colcon_core.package_identification[0m [1;30mLevel 1[0m _identify(data/20260510_154410_session/1_gui_capture/raw) by extensions ['ros']
[0.551s] [34mcolcon.colcon_core.package_identification[0m [1;30mLevel 1[0m _identify(data/20260510_154410_session/1_gui_capture/raw) by extension 'ros'
[0.551s] [34mcolcon.colcon_core.package_identification[0m [1;30mLevel 1[0m _identify(data/20260510_154410_session/1_gui_capture/raw) by extensions ['cmake', 'python']
[0.551s] [34mcolcon.colcon_core.package_identification[0m [1;30mLevel 1[0m _identify(data/20260510_154410_session/1_gui_capture/raw) by extension 'cmake'
[0.551s] [34mcolcon.colcon_core.package_identification[0m [1;30mLevel 1[0m _identify(data/20260510_154410_session/1_gui_capture/raw) by extension 'python'
[0.551s] [34mcolcon.colcon_core.package_identification[0m [1;30mLevel 1[0m _identify(data/20260510_154410_session/1_gui_capture/raw) by extensions ['python_setup_py']
[0.552s] [34mcolcon.colcon_core.package_identification[0m [1;30mLevel 1[0m _identify(data/20260510_154410_session/1_gui_capture/raw) by extension 'python_setup_py'
[0.552s] [34mcolcon.colcon_core.package_identification[0m [1;30mLevel 1[0m _identify(data/20260510_155629_session) by extensions ['ignore', 'ignore_ament_install']
[0.552s] [34mcolcon.colcon_core.package_identification[0m [1;30mLevel 1[0m _identify(data/20260510_155629_session) by extension 'ignore'
[0.552s] [34mcolcon.colcon_core.package_identification[0m [1;30mLevel 1[0m _identify(data/20260510_155629_session) by extension 'ignore_ament_install'
[0.552s] [34mcolcon.colcon_core.package_identification[0m [1;30mLevel 1[0m _identify(data/20260510_155629_session) by extensions ['colcon_pkg']
[0.552s] [34mcolcon.colcon_core.package_identification[0m [1;30mLevel 1[0m _identify(data/20260510_155629_session) by extension 'colcon_pkg'
[0.552s] [34mcolcon.colcon_core.package_identification[0m [1;30mLevel 1[0m _identify(data/20260510_155629_session) by extensions ['colcon_meta']
[0.552s] [34mcolcon.colcon_core.package_identification[0m [1;30mLevel 1[0m _identify(data/20260510_155629_session) by extension 'colcon_meta'
[0.552s] [34mcolcon.colcon_core.package_identification[0m [1;30mLevel 1[0m _identify(data/20260510_155629_session) by extensions ['ros']
[0.552s] [34mcolcon.colcon_core.package_identification[0m [1;30mLevel 1[0m _identify(data/20260510_155629_session) by extension 'ros'
[0.552s] [34mcolcon.colcon_core.package_identification[0m [1;30mLevel 1[0m _identify(data/20260510_155629_session) by extensions ['cmake', 'python']
[0.552s] [34mcolcon.colcon_core.package_identification[0m [1;30mLevel 1[0m _identify(data/20260510_155629_session) by extension 'cmake'
[0.552s] [34mcolcon.colcon_core.package_identification[0m [1;30mLevel 1[0m _identify(data/20260510_155629_session) by extension 'python'
[0.553s] [34mcolcon.colcon_core.package_identification[0m [1;30mLevel 1[0m _identify(data/20260510_155629_session) by extensions ['python_setup_py']
[0.553s] [34mcolcon.colcon_core.package_identification[0m [1;30mLevel 1[0m _identify(data/20260510_155629_session) by extension 'python_setup_py'
[0.553s] [34mcolcon.colcon_core.package_identification[0m [1;30mLevel 1[0m _identify(data/20260510_160331_session) by extensions ['ignore', 'ignore_ament_install']
[0.553s] [34mcolcon.colcon_core.package_identification[0m [1;30mLevel 1[0m _identify(data/20260510_160331_session) by extension 'ignore'
[0.553s] [34mcolcon.colcon_core.package_identification[0m [1;30mLevel 1[0m _identify(data/20260510_160331_session) by extension 'ignore_ament_install'
[0.553s] [34mcolcon.colcon_core.package_identification[0m [1;30mLevel 1[0m _identify(data/20260510_160331_session) by extensions ['colcon_pkg']
[0.553s] [34mcolcon.colcon_core.package_identification[0m [1;30mLevel 1[0m _identify(data/20260510_160331_session) by extension 'colcon_pkg'
[0.553s] [34mcolcon.colcon_core.package_identification[0m [1;30mLevel 1[0m _identify(data/20260510_160331_session) by extensions ['colcon_meta']
[0.553s] [34mcolcon.colcon_core.package_identification[0m [1;30mLevel 1[0m _identify(data/20260510_160331_session) by extension 'colcon_meta'
[0.554s] [34mcolcon.colcon_core.package_identification[0m [1;30mLevel 1[0m _identify(data/20260510_160331_session) by extensions ['ros']
[0.554s] [34mcolcon.colcon_core.package_identification[0m [1;30mLevel 1[0m _identify(data/20260510_160331_session) by extension 'ros'
[0.554s] [34mcolcon.colcon_core.package_identification[0m [1;30mLevel 1[0m _identify(data/20260510_160331_session) by extensions ['cmake', 'python']
[0.554s] [34mcolcon.colcon_core.package_identification[0m [1;30mLevel 1[0m _identify(data/20260510_160331_session) by extension 'cmake'
[0.554s] [34mcolcon.colcon_core.package_identification[0m [1;30mLevel 1[0m _identify(data/20260510_160331_session) by extension 'python'
[0.554s] [34mcolcon.colcon_core.package_identification[0m [1;30mLevel 1[0m _identify(data/20260510_160331_session) by extensions ['python_setup_py']
[0.554s] [34mcolcon.colcon_core.package_identification[0m [1;30mLevel 1[0m _identify(data/20260510_160331_session) by extension 'python_setup_py'
[0.554s] [34mcolcon.colcon_core.package_identification[0m [1;30mLevel 1[0m _identify(data/20260510_160613_session) by extensions ['ignore', 'ignore_ament_install']
[0.554s] [34mcolcon.colcon_core.package_identification[0m [1;30mLevel 1[0m _identify(data/20260510_160613_session) by extension 'ignore'
[0.554s] [34mcolcon.colcon_core.package_identification[0m [1;30mLevel 1[0m _identify(data/20260510_160613_session) by extension 'ignore_ament_install'
[0.554s] [34mcolcon.colcon_core.package_identification[0m [1;30mLevel 1[0m _identify(data/20260510_160613_session) by extensions ['colcon_pkg']
[0.554s] [34mcolcon.colcon_core.package_identification[0m [1;30mLevel 1[0m _identify(data/20260510_160613_session) by extension 'colcon_pkg'
[0.554s] [34mcolcon.colcon_core.package_identification[0m [1;30mLevel 1[0m _identify(data/20260510_160613_session) by extensions ['colcon_meta']
[0.554s] [34mcolcon.colcon_core.package_identification[0m [1;30mLevel 1[0m _identify(data/20260510_160613_session) by extension 'colcon_meta'
[0.554s] [34mcolcon.colcon_core.package_identification[0m [1;30mLevel 1[0m _identify(data/20260510_160613_session) by extensions ['ros']
[0.554s] [34mcolcon.colcon_core.package_identification[0m [1;30mLevel 1[0m _identify(data/20260510_160613_session) by extension 'ros'
[0.554s] [34mcolcon.colcon_core.package_identification[0m [1;30mLevel 1[0m _identify(data/20260510_160613_session) by extensions ['cmake', 'python']
[0.554s] [34mcolcon.colcon_core.package_identification[0m [1;30mLevel 1[0m _identify(data/20260510_160613_session) by extension 'cmake'
[0.554s] [34mcolcon.colcon_core.package_identification[0m [1;30mLevel 1[0m _identify(data/20260510_160613_session) by extension 'python'
[0.555s] [34mcolcon.colcon_core.package_identification[0m [1;30mLevel 1[0m _identify(data/20260510_160613_session) by extensions ['python_setup_py']
[0.555s] [34mcolcon.colcon_core.package_identification[0m [1;30mLevel 1[0m _identify(data/20260510_160613_session) by extension 'python_setup_py'
[0.555s] [34mcolcon.colcon_core.package_identification[0m [1;30mLevel 1[0m _identify(data/20260510_162155_session) by extensions ['ignore', 'ignore_ament_install']
[0.555s] [34mcolcon.colcon_core.package_identification[0m [1;30mLevel 1[0m _identify(data/20260510_162155_session) by extension 'ignore'
[0.555s] [34mcolcon.colcon_core.package_identification[0m [1;30mLevel 1[0m _identify(data/20260510_162155_session) by extension 'ignore_ament_install'
[0.555s] [34mcolcon.colcon_core.package_identification[0m [1;30mLevel 1[0m _identify(data/20260510_162155_session) by extensions ['colcon_pkg']
[0.555s] [34mcolcon.colcon_core.package_identification[0m [1;30mLevel 1[0m _identify(data/20260510_162155_session) by extension 'colcon_pkg'
[0.555s] [34mcolcon.colcon_core.package_identification[0m [1;30mLevel 1[0m _identify(data/20260510_162155_session) by extensions ['colcon_meta']
[0.555s] [34mcolcon.colcon_core.package_identification[0m [1;30mLevel 1[0m _identify(data/20260510_162155_session) by extension 'colcon_meta'
[0.555s] [34mcolcon.colcon_core.package_identification[0m [1;30mLevel 1[0m _identify(data/20260510_162155_session) by extensions ['ros']
[0.555s] [34mcolcon.colcon_core.package_identification[0m [1;30mLevel 1[0m _identify(data/20260510_162155_session) by extension 'ros'
[0.555s] [34mcolcon.colcon_core.package_identification[0m [1;30mLevel 1[0m _identify(data/20260510_162155_session) by extensions ['cmake', 'python']
[0.555s] [34mcolcon.colcon_core.package_identification[0m [1;30mLevel 1[0m _identify(data/20260510_162155_session) by extension 'cmake'
[0.555s] [34mcolcon.colcon_core.package_identification[0m [1;30mLevel 1[0m _identify(data/20260510_162155_session) by extension 'python'
[0.555s] [34mcolcon.colcon_core.package_identification[0m [1;30mLevel 1[0m _identify(data/20260510_162155_session) by extensions ['python_setup_py']
[0.555s] [34mcolcon.colcon_core.package_identification[0m [1;30mLevel 1[0m _identify(data/20260510_162155_session) by extension 'python_setup_py'
[0.555s] [34mcolcon.colcon_core.package_identification[0m [1;30mLevel 1[0m _identify(data/20260510_162347_session) by extensions ['ignore', 'ignore_ament_install']
[0.555s] [34mcolcon.colcon_core.package_identification[0m [1;30mLevel 1[0m _identify(data/20260510_162347_session) by extension 'ignore'
[0.555s] [34mcolcon.colcon_core.package_identification[0m [1;30mLevel 1[0m _identify(data/20260510_162347_session) by extension 'ignore_ament_install'
[0.556s] [34mcolcon.colcon_core.package_identification[0m [1;30mLevel 1[0m _identify(data/20260510_162347_session) by extensions ['colcon_pkg']
[0.556s] [34mcolcon.colcon_core.package_identification[0m [1;30mLevel 1[0m _identify(data/20260510_162347_session) by extension 'colcon_pkg'
[0.556s] [34mcolcon.colcon_core.package_identification[0m [1;30mLevel 1[0m _identify(data/20260510_162347_session) by extensions ['colcon_meta']
[0.556s] [34mcolcon.colcon_core.package_identification[0m [1;30mLevel 1[0m _identify(data/20260510_162347_session) by extension 'colcon_meta'
[0.556s] [34mcolcon.colcon_core.package_identification[0m [1;30mLevel 1[0m _identify(data/20260510_162347_session) by extensions ['ros']
[0.556s] [34mcolcon.colcon_core.package_identification[0m [1;30mLevel 1[0m _identify(data/20260510_162347_session) by extension 'ros'
[0.556s] [34mcolcon.colcon_core.package_identification[0m [1;30mLevel 1[0m _identify(data/20260510_162347_session) by extensions ['cmake', 'python']
[0.556s] [34mcolcon.colcon_core.package_identification[0m [1;30mLevel 1[0m _identify(data/20260510_162347_session) by extension 'cmake'
[0.556s] [34mcolcon.colcon_core.package_identification[0m [1;30mLevel 1[0m _identify(data/20260510_162347_session) by extension 'python'
[0.556s] [34mcolcon.colcon_core.package_identification[0m [1;30mLevel 1[0m _identify(data/20260510_162347_session) by extensions ['python_setup_py']
[0.556s] [34mcolcon.colcon_core.package_identification[0m [1;30mLevel 1[0m _identify(data/20260510_162347_session) by extension 'python_setup_py'
[0.556s] [34mcolcon.colcon_core.package_identification[0m [1;30mLevel 1[0m _identify(data/20260510_162409_session) by extensions ['ignore', 'ignore_ament_install']
[0.556s] [34mcolcon.colcon_core.package_identification[0m [1;30mLevel 1[0m _identify(data/20260510_162409_session) by extension 'ignore'
[0.556s] [34mcolcon.colcon_core.package_identification[0m [1;30mLevel 1[0m _identify(data/20260510_162409_session) by extension 'ignore_ament_install'
[0.556s] [34mcolcon.colcon_core.package_identification[0m [1;30mLevel 1[0m _identify(data/20260510_162409_session) by extensions ['colcon_pkg']
[0.557s] [34mcolcon.colcon_core.package_identification[0m [1;30mLevel 1[0m _identify(data/20260510_162409_session) by extension 'colcon_pkg'
[0.557s] [34mcolcon.colcon_core.package_identification[0m [1;30mLevel 1[0m _identify(data/20260510_162409_session) by extensions ['colcon_meta']
[0.557s] [34mcolcon.colcon_core.package_identification[0m [1;30mLevel 1[0m _identify(data/20260510_162409_session) by extension 'colcon_meta'
[0.557s] [34mcolcon.colcon_core.package_identification[0m [1;30mLevel 1[0m _identify(data/20260510_162409_session) by extensions ['ros']
[0.557s] [34mcolcon.colcon_core.package_identification[0m [1;30mLevel 1[0m _identify(data/20260510_162409_session) by extension 'ros'
[0.557s] [34mcolcon.colcon_core.package_identification[0m [1;30mLevel 1[0m _identify(data/20260510_162409_session) by extensions ['cmake', 'python']
[0.557s] [34mcolcon.colcon_core.package_identification[0m [1;30mLevel 1[0m _identify(data/20260510_162409_session) by extension 'cmake'
[0.558s] [34mcolcon.colcon_core.package_identification[0m [1;30mLevel 1[0m _identify(data/20260510_162409_session) by extension 'python'
[0.558s] [34mcolcon.colcon_core.package_identification[0m [1;30mLevel 1[0m _identify(data/20260510_162409_session) by extensions ['python_setup_py']
[0.558s] [34mcolcon.colcon_core.package_identification[0m [1;30mLevel 1[0m _identify(data/20260510_162409_session) by extension 'python_setup_py'
[0.558s] [34mcolcon.colcon_core.package_identification[0m [1;30mLevel 1[0m _identify(data/20260510_163312_session) by extensions ['ignore', 'ignore_ament_install']
[0.558s] [34mcolcon.colcon_core.package_identification[0m [1;30mLevel 1[0m _identify(data/20260510_163312_session) by extension 'ignore'
[0.558s] [34mcolcon.colcon_core.package_identification[0m [1;30mLevel 1[0m _identify(data/20260510_163312_session) by extension 'ignore_ament_install'
[0.558s] [34mcolcon.colcon_core.package_identification[0m [1;30mLevel 1[0m _identify(data/20260510_163312_session) by extensions ['colcon_pkg']
[0.559s] [34mcolcon.colcon_core.package_identification[0m [1;30mLevel 1[0m _identify(data/20260510_163312_session) by extension 'colcon_pkg'
[0.559s] [34mcolcon.colcon_core.package_identification[0m [1;30mLevel 1[0m _identify(data/20260510_163312_session) by extensions ['colcon_meta']
[0.559s] [34mcolcon.colcon_core.package_identification[0m [1;30mLevel 1[0m _identify(data/20260510_163312_session) by extension 'colcon_meta'
[0.559s] [34mcolcon.colcon_core.package_identification[0m [1;30mLevel 1[0m _identify(data/20260510_163312_session) by extensions ['ros']
[0.559s] [34mcolcon.colcon_core.package_identification[0m [1;30mLevel 1[0m _identify(data/20260510_163312_session) by extension 'ros'
[0.559s] [34mcolcon.colcon_core.package_identification[0m [1;30mLevel 1[0m _identify(data/20260510_163312_session) by extensions ['cmake', 'python']
[0.559s] [34mcolcon.colcon_core.package_identification[0m [1;30mLevel 1[0m _identify(data/20260510_163312_session) by extension 'cmake'
[0.560s] [34mcolcon.colcon_core.package_identification[0m [1;30mLevel 1[0m _identify(data/20260510_163312_session) by extension 'python'
[0.560s] [34mcolcon.colcon_core.package_identification[0m [1;30mLevel 1[0m _identify(data/20260510_163312_session) by extensions ['python_setup_py']
[0.560s] [34mcolcon.colcon_core.package_identification[0m [1;30mLevel 1[0m _identify(data/20260510_163312_session) by extension 'python_setup_py'
[0.560s] [34mcolcon.colcon_core.package_identification[0m [1;30mLevel 1[0m _identify(data/20260510_163457_session) by extensions ['ignore', 'ignore_ament_install']
[0.560s] [34mcolcon.colcon_core.package_identification[0m [1;30mLevel 1[0m _identify(data/20260510_163457_session) by extension 'ignore'
[0.560s] [34mcolcon.colcon_core.package_identification[0m [1;30mLevel 1[0m _identify(data/20260510_163457_session) by extension 'ignore_ament_install'
[0.561s] [34mcolcon.colcon_core.package_identification[0m [1;30mLevel 1[0m _identify(data/20260510_163457_session) by extensions ['colcon_pkg']
[0.561s] [34mcolcon.colcon_core.package_identification[0m [1;30mLevel 1[0m _identify(data/20260510_163457_session) by extension 'colcon_pkg'
[0.561s] [34mcolcon.colcon_core.package_identification[0m [1;30mLevel 1[0m _identify(data/20260510_163457_session) by extensions ['colcon_meta']
[0.561s] [34mcolcon.colcon_core.package_identification[0m [1;30mLevel 1[0m _identify(data/20260510_163457_session) by extension 'colcon_meta'
[0.561s] [34mcolcon.colcon_core.package_identification[0m [1;30mLevel 1[0m _identify(data/20260510_163457_session) by extensions ['ros']
[0.561s] [34mcolcon.colcon_core.package_identification[0m [1;30mLevel 1[0m _identify(data/20260510_163457_session) by extension 'ros'
[0.561s] [34mcolcon.colcon_core.package_identification[0m [1;30mLevel 1[0m _identify(data/20260510_163457_session) by extensions ['cmake', 'python']
[0.561s] [34mcolcon.colcon_core.package_identification[0m [1;30mLevel 1[0m _identify(data/20260510_163457_session) by extension 'cmake'
[0.561s] [34mcolcon.colcon_core.package_identification[0m [1;30mLevel 1[0m _identify(data/20260510_163457_session) by extension 'python'
[0.561s] [34mcolcon.colcon_core.package_identification[0m [1;30mLevel 1[0m _identify(data/20260510_163457_session) by extensions ['python_setup_py']
[0.561s] [34mcolcon.colcon_core.package_identification[0m [1;30mLevel 1[0m _identify(data/20260510_163457_session) by extension 'python_setup_py'
[0.561s] [34mcolcon.colcon_core.package_identification[0m [1;30mLevel 1[0m _identify(data/20260510_163515_session) by extensions ['ignore', 'ignore_ament_install']
[0.562s] [34mcolcon.colcon_core.package_identification[0m [1;30mLevel 1[0m _identify(data/20260510_163515_session) by extension 'ignore'
[0.562s] [34mcolcon.colcon_core.package_identification[0m [1;30mLevel 1[0m _identify(data/20260510_163515_session) by extension 'ignore_ament_install'
[0.562s] [34mcolcon.colcon_core.package_identification[0m [1;30mLevel 1[0m _identify(data/20260510_163515_session) by extensions ['colcon_pkg']
[0.562s] [34mcolcon.colcon_core.package_identification[0m [1;30mLevel 1[0m _identify(data/20260510_163515_session) by extension 'colcon_pkg'
[0.562s] [34mcolcon.colcon_core.package_identification[0m [1;30mLevel 1[0m _identify(data/20260510_163515_session) by extensions ['colcon_meta']
[0.562s] [34mcolcon.colcon_core.package_identification[0m [1;30mLevel 1[0m _identify(data/20260510_163515_session) by extension 'colcon_meta'
[0.562s] [34mcolcon.colcon_core.package_identification[0m [1;30mLevel 1[0m _identify(data/20260510_163515_session) by extensions ['ros']
[0.562s] [34mcolcon.colcon_core.package_identification[0m [1;30mLevel 1[0m _identify(data/20260510_163515_session) by extension 'ros'
[0.562s] [34mcolcon.colcon_core.package_identification[0m [1;30mLevel 1[0m _identify(data/20260510_163515_session) by extensions ['cmake', 'python']
[0.562s] [34mcolcon.colcon_core.package_identification[0m [1;30mLevel 1[0m _identify(data/20260510_163515_session) by extension 'cmake'
[0.562s] [34mcolcon.colcon_core.package_identification[0m [1;30mLevel 1[0m _identify(data/20260510_163515_session) by extension 'python'
[0.562s] [34mcolcon.colcon_core.package_identification[0m [1;30mLevel 1[0m _identify(data/20260510_163515_session) by extensions ['python_setup_py']
[0.562s] [34mcolcon.colcon_core.package_identification[0m [1;30mLevel 1[0m _identify(data/20260510_163515_session) by extension 'python_setup_py'
[0.562s] [34mcolcon.colcon_core.package_identification[0m [1;30mLevel 1[0m _identify(data/20260510_163735_session) by extensions ['ignore', 'ignore_ament_install']
[0.562s] [34mcolcon.colcon_core.package_identification[0m [1;30mLevel 1[0m _identify(data/20260510_163735_session) by extension 'ignore'
[0.563s] [34mcolcon.colcon_core.package_identification[0m [1;30mLevel 1[0m _identify(data/20260510_163735_session) by extension 'ignore_ament_install'
[0.563s] [34mcolcon.colcon_core.package_identification[0m [1;30mLevel 1[0m _identify(data/20260510_163735_session) by extensions ['colcon_pkg']
[0.563s] [34mcolcon.colcon_core.package_identification[0m [1;30mLevel 1[0m _identify(data/20260510_163735_session) by extension 'colcon_pkg'
[0.563s] [34mcolcon.colcon_core.package_identification[0m [1;30mLevel 1[0m _identify(data/20260510_163735_session) by extensions ['colcon_meta']
[0.563s] [34mcolcon.colcon_core.package_identification[0m [1;30mLevel 1[0m _identify(data/20260510_163735_session) by extension 'colcon_meta'
[0.563s] [34mcolcon.colcon_core.package_identification[0m [1;30mLevel 1[0m _identify(data/20260510_163735_session) by extensions ['ros']
[0.563s] [34mcolcon.colcon_core.package_identification[0m [1;30mLevel 1[0m _identify(data/20260510_163735_session) by extension 'ros'
[0.563s] [34mcolcon.colcon_core.package_identification[0m [1;30mLevel 1[0m _identify(data/20260510_163735_session) by extensions ['cmake', 'python']
[0.564s] [34mcolcon.colcon_core.package_identification[0m [1;30mLevel 1[0m _identify(data/20260510_163735_session) by extension 'cmake'
[0.564s] [34mcolcon.colcon_core.package_identification[0m [1;30mLevel 1[0m _identify(data/20260510_163735_session) by extension 'python'
[0.564s] [34mcolcon.colcon_core.package_identification[0m [1;30mLevel 1[0m _identify(data/20260510_163735_session) by extensions ['python_setup_py']
[0.564s] [34mcolcon.colcon_core.package_identification[0m [1;30mLevel 1[0m _identify(data/20260510_163735_session) by extension 'python_setup_py'
[0.564s] [34mcolcon.colcon_core.package_identification[0m [1;30mLevel 1[0m _identify(data/20260510_163816_session) by extensions ['ignore', 'ignore_ament_install']
[0.564s] [34mcolcon.colcon_core.package_identification[0m [1;30mLevel 1[0m _identify(data/20260510_163816_session) by extension 'ignore'
[0.564s] [34mcolcon.colcon_core.package_identification[0m [1;30mLevel 1[0m _identify(data/20260510_163816_session) by extension 'ignore_ament_install'
[0.564s] [34mcolcon.colcon_core.package_identification[0m [1;30mLevel 1[0m _identify(data/20260510_163816_session) by extensions ['colcon_pkg']
[0.564s] [34mcolcon.colcon_core.package_identification[0m [1;30mLevel 1[0m _identify(data/20260510_163816_session) by extension 'colcon_pkg'
[0.565s] [34mcolcon.colcon_core.package_identification[0m [1;30mLevel 1[0m _identify(data/20260510_163816_session) by extensions ['colcon_meta']
[0.565s] [34mcolcon.colcon_core.package_identification[0m [1;30mLevel 1[0m _identify(data/20260510_163816_session) by extension 'colcon_meta'
[0.565s] [34mcolcon.colcon_core.package_identification[0m [1;30mLevel 1[0m _identify(data/20260510_163816_session) by extensions ['ros']
[0.565s] [34mcolcon.colcon_core.package_identification[0m [1;30mLevel 1[0m _identify(data/20260510_163816_session) by extension 'ros'
[0.565s] [34mcolcon.colcon_core.package_identification[0m [1;30mLevel 1[0m _identify(data/20260510_163816_session) by extensions ['cmake', 'python']
[0.565s] [34mcolcon.colcon_core.package_identification[0m [1;30mLevel 1[0m _identify(data/20260510_163816_session) by extension 'cmake'
[0.565s] [34mcolcon.colcon_core.package_identification[0m [1;30mLevel 1[0m _identify(data/20260510_163816_session) by extension 'python'
[0.565s] [34mcolcon.colcon_core.package_identification[0m [1;30mLevel 1[0m _identify(data/20260510_163816_session) by extensions ['python_setup_py']
[0.565s] [34mcolcon.colcon_core.package_identification[0m [1;30mLevel 1[0m _identify(data/20260510_163816_session) by extension 'python_setup_py'
[0.565s] [34mcolcon.colcon_core.package_identification[0m [1;30mLevel 1[0m _identify(data/20260510_163951_session) by extensions ['ignore', 'ignore_ament_install']
[0.565s] [34mcolcon.colcon_core.package_identification[0m [1;30mLevel 1[0m _identify(data/20260510_163951_session) by extension 'ignore'
[0.565s] [34mcolcon.colcon_core.package_identification[0m [1;30mLevel 1[0m _identify(data/20260510_163951_session) by extension 'ignore_ament_install'
[0.565s] [34mcolcon.colcon_core.package_identification[0m [1;30mLevel 1[0m _identify(data/20260510_163951_session) by extensions ['colcon_pkg']
[0.565s] [34mcolcon.colcon_core.package_identification[0m [1;30mLevel 1[0m _identify(data/20260510_163951_session) by extension 'colcon_pkg'
[0.565s] [34mcolcon.colcon_core.package_identification[0m [1;30mLevel 1[0m _identify(data/20260510_163951_session) by extensions ['colcon_meta']
[0.565s] [34mcolcon.colcon_core.package_identification[0m [1;30mLevel 1[0m _identify(data/20260510_163951_session) by extension 'colcon_meta'
[0.565s] [34mcolcon.colcon_core.package_identification[0m [1;30mLevel 1[0m _identify(data/20260510_163951_session) by extensions ['ros']
[0.565s] [34mcolcon.colcon_core.package_identification[0m [1;30mLevel 1[0m _identify(data/20260510_163951_session) by extension 'ros'
[0.565s] [34mcolcon.colcon_core.package_identification[0m [1;30mLevel 1[0m _identify(data/20260510_163951_session) by extensions ['cmake', 'python']
[0.566s] [34mcolcon.colcon_core.package_identification[0m [1;30mLevel 1[0m _identify(data/20260510_163951_session) by extension 'cmake'
[0.566s] [34mcolcon.colcon_core.package_identification[0m [1;30mLevel 1[0m _identify(data/20260510_163951_session) by extension 'python'
[0.566s] [34mcolcon.colcon_core.package_identification[0m [1;30mLevel 1[0m _identify(data/20260510_163951_session) by extensions ['python_setup_py']
[0.566s] [34mcolcon.colcon_core.package_identification[0m [1;30mLevel 1[0m _identify(data/20260510_163951_session) by extension 'python_setup_py'
[0.566s] [34mcolcon.colcon_core.package_identification[0m [1;30mLevel 1[0m _identify(data/20260510_164424_session) by extensions ['ignore', 'ignore_ament_install']
[0.566s] [34mcolcon.colcon_core.package_identification[0m [1;30mLevel 1[0m _identify(data/20260510_164424_session) by extension 'ignore'
[0.566s] [34mcolcon.colcon_core.package_identification[0m [1;30mLevel 1[0m _identify(data/20260510_164424_session) by extension 'ignore_ament_install'
[0.566s] [34mcolcon.colcon_core.package_identification[0m [1;30mLevel 1[0m _identify(data/20260510_164424_session) by extensions ['colcon_pkg']
[0.566s] [34mcolcon.colcon_core.package_identification[0m [1;30mLevel 1[0m _identify(data/20260510_164424_session) by extension 'colcon_pkg'
[0.566s] [34mcolcon.colcon_core.package_identification[0m [1;30mLevel 1[0m _identify(data/20260510_164424_session) by extensions ['colcon_meta']
[0.566s] [34mcolcon.colcon_core.package_identification[0m [1;30mLevel 1[0m _identify(data/20260510_164424_session) by extension 'colcon_meta'
[0.566s] [34mcolcon.colcon_core.package_identification[0m [1;30mLevel 1[0m _identify(data/20260510_164424_session) by extensions ['ros']
[0.566s] [34mcolcon.colcon_core.package_identification[0m [1;30mLevel 1[0m _identify(data/20260510_164424_session) by extension 'ros'
[0.567s] [34mcolcon.colcon_core.package_identification[0m [1;30mLevel 1[0m _identify(data/20260510_164424_session) by extensions ['cmake', 'python']
[0.567s] [34mcolcon.colcon_core.package_identification[0m [1;30mLevel 1[0m _identify(data/20260510_164424_session) by extension 'cmake'
[0.567s] [34mcolcon.colcon_core.package_identification[0m [1;30mLevel 1[0m _identify(data/20260510_164424_session) by extension 'python'
[0.567s] [34mcolcon.colcon_core.package_identification[0m [1;30mLevel 1[0m _identify(data/20260510_164424_session) by extensions ['python_setup_py']
[0.567s] [34mcolcon.colcon_core.package_identification[0m [1;30mLevel 1[0m _identify(data/20260510_164424_session) by extension 'python_setup_py'
[0.567s] [34mcolcon.colcon_core.package_identification[0m [1;30mLevel 1[0m _identify(data/20260510_164424_session/1_gui_capture) by extensions ['ignore', 'ignore_ament_install']
[0.568s] [34mcolcon.colcon_core.package_identification[0m [1;30mLevel 1[0m _identify(data/20260510_164424_session/1_gui_capture) by extension 'ignore'
[0.568s] [34mcolcon.colcon_core.package_identification[0m [1;30mLevel 1[0m _identify(data/20260510_164424_session/1_gui_capture) by extension 'ignore_ament_install'
[0.568s] [34mcolcon.colcon_core.package_identification[0m [1;30mLevel 1[0m _identify(data/20260510_164424_session/1_gui_capture) by extensions ['colcon_pkg']
[0.568s] [34mcolcon.colcon_core.package_identification[0m [1;30mLevel 1[0m _identify(data/20260510_164424_session/1_gui_capture) by extension 'colcon_pkg'
[0.568s] [34mcolcon.colcon_core.package_identification[0m [1;30mLevel 1[0m _identify(data/20260510_164424_session/1_gui_capture) by extensions ['colcon_meta']
[0.568s] [34mcolcon.colcon_core.package_identification[0m [1;30mLevel 1[0m _identify(data/20260510_164424_session/1_gui_capture) by extension 'colcon_meta'
[0.568s] [34mcolcon.colcon_core.package_identification[0m [1;30mLevel 1[0m _identify(data/20260510_164424_session/1_gui_capture) by extensions ['ros']
[0.569s] [34mcolcon.colcon_core.package_identification[0m [1;30mLevel 1[0m _identify(data/20260510_164424_session/1_gui_capture) by extension 'ros'
[0.569s] [34mcolcon.colcon_core.package_identification[0m [1;30mLevel 1[0m _identify(data/20260510_164424_session/1_gui_capture) by extensions ['cmake', 'python']
[0.569s] [34mcolcon.colcon_core.package_identification[0m [1;30mLevel 1[0m _identify(data/20260510_164424_session/1_gui_capture) by extension 'cmake'
[0.569s] [34mcolcon.colcon_core.package_identification[0m [1;30mLevel 1[0m _identify(data/20260510_164424_session/1_gui_capture) by extension 'python'
[0.569s] [34mcolcon.colcon_core.package_identification[0m [1;30mLevel 1[0m _identify(data/20260510_164424_session/1_gui_capture) by extensions ['python_setup_py']
[0.569s] [34mcolcon.colcon_core.package_identification[0m [1;30mLevel 1[0m _identify(data/20260510_164424_session/1_gui_capture) by extension 'python_setup_py'
[0.569s] [34mcolcon.colcon_core.package_identification[0m [1;30mLevel 1[0m _identify(data/20260510_164424_session/1_gui_capture/intermediate) by extensions ['ignore', 'ignore_ament_install']
[0.570s] [34mcolcon.colcon_core.package_identification[0m [1;30mLevel 1[0m _identify(data/20260510_164424_session/1_gui_capture/intermediate) by extension 'ignore'
[0.570s] [34mcolcon.colcon_core.package_identification[0m [1;30mLevel 1[0m _identify(data/20260510_164424_session/1_gui_capture/intermediate) by extension 'ignore_ament_install'
[0.570s] [34mcolcon.colcon_core.package_identification[0m [1;30mLevel 1[0m _identify(data/20260510_164424_session/1_gui_capture/intermediate) by extensions ['colcon_pkg']
[0.570s] [34mcolcon.colcon_core.package_identification[0m [1;30mLevel 1[0m _identify(data/20260510_164424_session/1_gui_capture/intermediate) by extension 'colcon_pkg'
[0.570s] [34mcolcon.colcon_core.package_identification[0m [1;30mLevel 1[0m _identify(data/20260510_164424_session/1_gui_capture/intermediate) by extensions ['colcon_meta']
[0.570s] [34mcolcon.colcon_core.package_identification[0m [1;30mLevel 1[0m _identify(data/20260510_164424_session/1_gui_capture/intermediate) by extension 'colcon_meta'
[0.570s] [34mcolcon.colcon_core.package_identification[0m [1;30mLevel 1[0m _identify(data/20260510_164424_session/1_gui_capture/intermediate) by extensions ['ros']
[0.570s] [34mcolcon.colcon_core.package_identification[0m [1;30mLevel 1[0m _identify(data/20260510_164424_session/1_gui_capture/intermediate) by extension 'ros'
[0.570s] [34mcolcon.colcon_core.package_identification[0m [1;30mLevel 1[0m _identify(data/20260510_164424_session/1_gui_capture/intermediate) by extensions ['cmake', 'python']
[0.570s] [34mcolcon.colcon_core.package_identification[0m [1;30mLevel 1[0m _identify(data/20260510_164424_session/1_gui_capture/intermediate) by extension 'cmake'
[0.570s] [34mcolcon.colcon_core.package_identification[0m [1;30mLevel 1[0m _identify(data/20260510_164424_session/1_gui_capture/intermediate) by extension 'python'
[0.570s] [34mcolcon.colcon_core.package_identification[0m [1;30mLevel 1[0m _identify(data/20260510_164424_session/1_gui_capture/intermediate) by extensions ['python_setup_py']
[0.570s] [34mcolcon.colcon_core.package_identification[0m [1;30mLevel 1[0m _identify(data/20260510_164424_session/1_gui_capture/intermediate) by extension 'python_setup_py'
[0.570s] [34mcolcon.colcon_core.package_identification[0m [1;30mLevel 1[0m _identify(data/20260510_164424_session/1_gui_capture/processed) by extensions ['ignore', 'ignore_ament_install']
[0.570s] [34mcolcon.colcon_core.package_identification[0m [1;30mLevel 1[0m _identify(data/20260510_164424_session/1_gui_capture/processed) by extension 'ignore'
[0.571s] [34mcolcon.colcon_core.package_identification[0m [1;30mLevel 1[0m _identify(data/20260510_164424_session/1_gui_capture/processed) by extension 'ignore_ament_install'
[0.571s] [34mcolcon.colcon_core.package_identification[0m [1;30mLevel 1[0m _identify(data/20260510_164424_session/1_gui_capture/processed) by extensions ['colcon_pkg']
[0.571s] [34mcolcon.colcon_core.package_identification[0m [1;30mLevel 1[0m _identify(data/20260510_164424_session/1_gui_capture/processed) by extension 'colcon_pkg'
[0.571s] [34mcolcon.colcon_core.package_identification[0m [1;30mLevel 1[0m _identify(data/20260510_164424_session/1_gui_capture/processed) by extensions ['colcon_meta']
[0.571s] [34mcolcon.colcon_core.package_identification[0m [1;30mLevel 1[0m _identify(data/20260510_164424_session/1_gui_capture/processed) by extension 'colcon_meta'
[0.571s] [34mcolcon.colcon_core.package_identification[0m [1;30mLevel 1[0m _identify(data/20260510_164424_session/1_gui_capture/processed) by extensions ['ros']
[0.571s] [34mcolcon.colcon_core.package_identification[0m [1;30mLevel 1[0m _identify(data/20260510_164424_session/1_gui_capture/processed) by extension 'ros'
[0.571s] [34mcolcon.colcon_core.package_identification[0m [1;30mLevel 1[0m _identify(data/20260510_164424_session/1_gui_capture/processed) by extensions ['cmake', 'python']
[0.571s] [34mcolcon.colcon_core.package_identification[0m [1;30mLevel 1[0m _identify(data/20260510_164424_session/1_gui_capture/processed) by extension 'cmake'
[0.571s] [34mcolcon.colcon_core.package_identification[0m [1;30mLevel 1[0m _identify(data/20260510_164424_session/1_gui_capture/processed) by extension 'python'
[0.571s] [34mcolcon.colcon_core.package_identification[0m [1;30mLevel 1[0m _identify(data/20260510_164424_session/1_gui_capture/processed) by extensions ['python_setup_py']
[0.571s] [34mcolcon.colcon_core.package_identification[0m [1;30mLevel 1[0m _identify(data/20260510_164424_session/1_gui_capture/processed) by extension 'python_setup_py'
[0.571s] [34mcolcon.colcon_core.package_identification[0m [1;30mLevel 1[0m _identify(data/20260510_164424_session/1_gui_capture/raw) by extensions ['ignore', 'ignore_ament_install']
[0.571s] [34mcolcon.colcon_core.package_identification[0m [1;30mLevel 1[0m _identify(data/20260510_164424_session/1_gui_capture/raw) by extension 'ignore'
[0.572s] [34mcolcon.colcon_core.package_identification[0m [1;30mLevel 1[0m _identify(data/20260510_164424_session/1_gui_capture/raw) by extension 'ignore_ament_install'
[0.572s] [34mcolcon.colcon_core.package_identification[0m [1;30mLevel 1[0m _identify(data/20260510_164424_session/1_gui_capture/raw) by extensions ['colcon_pkg']
[0.572s] [34mcolcon.colcon_core.package_identification[0m [1;30mLevel 1[0m _identify(data/20260510_164424_session/1_gui_capture/raw) by extension 'colcon_pkg'
[0.572s] [34mcolcon.colcon_core.package_identification[0m [1;30mLevel 1[0m _identify(data/20260510_164424_session/1_gui_capture/raw) by extensions ['colcon_meta']
[0.572s] [34mcolcon.colcon_core.package_identification[0m [1;30mLevel 1[0m _identify(data/20260510_164424_session/1_gui_capture/raw) by extension 'colcon_meta'
[0.572s] [34mcolcon.colcon_core.package_identification[0m [1;30mLevel 1[0m _identify(data/20260510_164424_session/1_gui_capture/raw) by extensions ['ros']
[0.572s] [34mcolcon.colcon_core.package_identification[0m [1;30mLevel 1[0m _identify(data/20260510_164424_session/1_gui_capture/raw) by extension 'ros'
[0.572s] [34mcolcon.colcon_core.package_identification[0m [1;30mLevel 1[0m _identify(data/20260510_164424_session/1_gui_capture/raw) by extensions ['cmake', 'python']
[0.572s] [34mcolcon.colcon_core.package_identification[0m [1;30mLevel 1[0m _identify(data/20260510_164424_session/1_gui_capture/raw) by extension 'cmake'
[0.572s] [34mcolcon.colcon_core.package_identification[0m [1;30mLevel 1[0m _identify(data/20260510_164424_session/1_gui_capture/raw) by extension 'python'
[0.572s] [34mcolcon.colcon_core.package_identification[0m [1;30mLevel 1[0m _identify(data/20260510_164424_session/1_gui_capture/raw) by extensions ['python_setup_py']
[0.572s] [34mcolcon.colcon_core.package_identification[0m [1;30mLevel 1[0m _identify(data/20260510_164424_session/1_gui_capture/raw) by extension 'python_setup_py'
[0.572s] [34mcolcon.colcon_core.package_identification[0m [1;30mLevel 1[0m _identify(data/raw) by extensions ['ignore', 'ignore_ament_install']
[0.572s] [34mcolcon.colcon_core.package_identification[0m [1;30mLevel 1[0m _identify(data/raw) by extension 'ignore'
[0.572s] [34mcolcon.colcon_core.package_identification[0m [1;30mLevel 1[0m _identify(data/raw) by extension 'ignore_ament_install'
[0.572s] [34mcolcon.colcon_core.package_identification[0m [1;30mLevel 1[0m _identify(data/raw) by extensions ['colcon_pkg']
[0.572s] [34mcolcon.colcon_core.package_identification[0m [1;30mLevel 1[0m _identify(data/raw) by extension 'colcon_pkg'
[0.572s] [34mcolcon.colcon_core.package_identification[0m [1;30mLevel 1[0m _identify(data/raw) by extensions ['colcon_meta']
[0.572s] [34mcolcon.colcon_core.package_identification[0m [1;30mLevel 1[0m _identify(data/raw) by extension 'colcon_meta'
[0.572s] [34mcolcon.colcon_core.package_identification[0m [1;30mLevel 1[0m _identify(data/raw) by extensions ['ros']
[0.573s] [34mcolcon.colcon_core.package_identification[0m [1;30mLevel 1[0m _identify(data/raw) by extension 'ros'
[0.573s] [34mcolcon.colcon_core.package_identification[0m [1;30mLevel 1[0m _identify(data/raw) by extensions ['cmake', 'python']
[0.573s] [34mcolcon.colcon_core.package_identification[0m [1;30mLevel 1[0m _identify(data/raw) by extension 'cmake'
[0.573s] [34mcolcon.colcon_core.package_identification[0m [1;30mLevel 1[0m _identify(data/raw) by extension 'python'
[0.573s] [34mcolcon.colcon_core.package_identification[0m [1;30mLevel 1[0m _identify(data/raw) by extensions ['python_setup_py']
[0.573s] [34mcolcon.colcon_core.package_identification[0m [1;30mLevel 1[0m _identify(data/raw) by extension 'python_setup_py'
[0.573s] [34mcolcon.colcon_core.package_identification[0m [1;30mLevel 1[0m _identify(garbageFile) by extensions ['ignore', 'ignore_ament_install']
[0.573s] [34mcolcon.colcon_core.package_identification[0m [1;30mLevel 1[0m _identify(garbageFile) by extension 'ignore'
[0.573s] [34mcolcon.colcon_core.package_identification[0m [1;30mLevel 1[0m _identify(garbageFile) by extension 'ignore_ament_install'
[0.573s] [34mcolcon.colcon_core.package_identification[0m [1;30mLevel 1[0m _identify(garbageFile) by extensions ['colcon_pkg']
[0.573s] [34mcolcon.colcon_core.package_identification[0m [1;30mLevel 1[0m _identify(garbageFile) by extension 'colcon_pkg'
[0.573s] [34mcolcon.colcon_core.package_identification[0m [1;30mLevel 1[0m _identify(garbageFile) by extensions ['colcon_meta']
[0.573s] [34mcolcon.colcon_core.package_identification[0m [1;30mLevel 1[0m _identify(garbageFile) by extension 'colcon_meta'
[0.573s] [34mcolcon.colcon_core.package_identification[0m [1;30mLevel 1[0m _identify(garbageFile) by extensions ['ros']
[0.573s] [34mcolcon.colcon_core.package_identification[0m [1;30mLevel 1[0m _identify(garbageFile) by extension 'ros'
[0.573s] [34mcolcon.colcon_core.package_identification[0m [1;30mLevel 1[0m _identify(garbageFile) by extensions ['cmake', 'python']
[0.573s] [34mcolcon.colcon_core.package_identification[0m [1;30mLevel 1[0m _identify(garbageFile) by extension 'cmake'
[0.573s] [34mcolcon.colcon_core.package_identification[0m [1;30mLevel 1[0m _identify(garbageFile) by extension 'python'
[0.573s] [34mcolcon.colcon_core.package_identification[0m [1;30mLevel 1[0m _identify(garbageFile) by extensions ['python_setup_py']
[0.574s] [34mcolcon.colcon_core.package_identification[0m [1;30mLevel 1[0m _identify(garbageFile) by extension 'python_setup_py'
[0.574s] [34mcolcon.colcon_core.package_identification[0m [1;30mLevel 1[0m _identify(install) by extensions ['ignore', 'ignore_ament_install']
[0.574s] [34mcolcon.colcon_core.package_identification[0m [1;30mLevel 1[0m _identify(install) by extension 'ignore'
[0.574s] [34mcolcon.colcon_core.package_identification[0m [1;30mLevel 1[0m _identify(install) ignored
[0.574s] [34mcolcon.colcon_core.package_identification[0m [1;30mLevel 1[0m _identify(log) by extensions ['ignore', 'ignore_ament_install']
[0.574s] [34mcolcon.colcon_core.package_identification[0m [1;30mLevel 1[0m _identify(log) by extension 'ignore'
[0.574s] [34mcolcon.colcon_core.package_identification[0m [1;30mLevel 1[0m _identify(log) ignored
[0.574s] [34mcolcon.colcon_core.package_identification[0m [1;30mLevel 1[0m _identify(modules) by extensions ['ignore', 'ignore_ament_install']
[0.574s] [34mcolcon.colcon_core.package_identification[0m [1;30mLevel 1[0m _identify(modules) by extension 'ignore'
[0.574s] [34mcolcon.colcon_core.package_identification[0m [1;30mLevel 1[0m _identify(modules) by extension 'ignore_ament_install'
[0.574s] [34mcolcon.colcon_core.package_identification[0m [1;30mLevel 1[0m _identify(modules) by extensions ['colcon_pkg']
[0.575s] [34mcolcon.colcon_core.package_identification[0m [1;30mLevel 1[0m _identify(modules) by extension 'colcon_pkg'
[0.575s] [34mcolcon.colcon_core.package_identification[0m [1;30mLevel 1[0m _identify(modules) by extensions ['colcon_meta']
[0.575s] [34mcolcon.colcon_core.package_identification[0m [1;30mLevel 1[0m _identify(modules) by extension 'colcon_meta'
[0.575s] [34mcolcon.colcon_core.package_identification[0m [1;30mLevel 1[0m _identify(modules) by extensions ['ros']
[0.575s] [34mcolcon.colcon_core.package_identification[0m [1;30mLevel 1[0m _identify(modules) by extension 'ros'
[0.575s] [34mcolcon.colcon_core.package_identification[0m [1;30mLevel 1[0m _identify(modules) by extensions ['cmake', 'python']
[0.575s] [34mcolcon.colcon_core.package_identification[0m [1;30mLevel 1[0m _identify(modules) by extension 'cmake'
[0.576s] [34mcolcon.colcon_core.package_identification[0m [1;30mLevel 1[0m _identify(modules) by extension 'python'
[0.576s] [34mcolcon.colcon_core.package_identification[0m [1;30mLevel 1[0m _identify(modules) by extensions ['python_setup_py']
[0.576s] [34mcolcon.colcon_core.package_identification[0m [1;30mLevel 1[0m _identify(modules) by extension 'python_setup_py'
[0.576s] [34mcolcon.colcon_core.package_identification[0m [1;30mLevel 1[0m _identify(modules/__pycache__) by extensions ['ignore', 'ignore_ament_install']
[0.576s] [34mcolcon.colcon_core.package_identification[0m [1;30mLevel 1[0m _identify(modules/__pycache__) by extension 'ignore'
[0.576s] [34mcolcon.colcon_core.package_identification[0m [1;30mLevel 1[0m _identify(modules/__pycache__) by extension 'ignore_ament_install'
[0.576s] [34mcolcon.colcon_core.package_identification[0m [1;30mLevel 1[0m _identify(modules/__pycache__) by extensions ['colcon_pkg']
[0.576s] [34mcolcon.colcon_core.package_identification[0m [1;30mLevel 1[0m _identify(modules/__pycache__) by extension 'colcon_pkg'
[0.576s] [34mcolcon.colcon_core.package_identification[0m [1;30mLevel 1[0m _identify(modules/__pycache__) by extensions ['colcon_meta']
[0.576s] [34mcolcon.colcon_core.package_identification[0m [1;30mLevel 1[0m _identify(modules/__pycache__) by extension 'colcon_meta'
[0.577s] [34mcolcon.colcon_core.package_identification[0m [1;30mLevel 1[0m _identify(modules/__pycache__) by extensions ['ros']
[0.577s] [34mcolcon.colcon_core.package_identification[0m [1;30mLevel 1[0m _identify(modules/__pycache__) by extension 'ros'
[0.577s] [34mcolcon.colcon_core.package_identification[0m [1;30mLevel 1[0m _identify(modules/__pycache__) by extensions ['cmake', 'python']
[0.577s] [34mcolcon.colcon_core.package_identification[0m [1;30mLevel 1[0m _identify(modules/__pycache__) by extension 'cmake'
[0.577s] [34mcolcon.colcon_core.package_identification[0m [1;30mLevel 1[0m _identify(modules/__pycache__) by extension 'python'
[0.577s] [34mcolcon.colcon_core.package_identification[0m [1;30mLevel 1[0m _identify(modules/__pycache__) by extensions ['python_setup_py']
[0.577s] [34mcolcon.colcon_core.package_identification[0m [1;30mLevel 1[0m _identify(modules/__pycache__) by extension 'python_setup_py'
[0.577s] [34mcolcon.colcon_core.package_identification[0m [1;30mLevel 1[0m _identify(modules/models) by extensions ['ignore', 'ignore_ament_install']
[0.577s] [34mcolcon.colcon_core.package_identification[0m [1;30mLevel 1[0m _identify(modules/models) by extension 'ignore'
[0.577s] [34mcolcon.colcon_core.package_identification[0m [1;30mLevel 1[0m _identify(modules/models) by extension 'ignore_ament_install'
[0.577s] [34mcolcon.colcon_core.package_identification[0m [1;30mLevel 1[0m _identify(modules/models) by extensions ['colcon_pkg']
[0.577s] [34mcolcon.colcon_core.package_identification[0m [1;30mLevel 1[0m _identify(modules/models) by extension 'colcon_pkg'
[0.577s] [34mcolcon.colcon_core.package_identification[0m [1;30mLevel 1[0m _identify(modules/models) by extensions ['colcon_meta']
[0.577s] [34mcolcon.colcon_core.package_identification[0m [1;30mLevel 1[0m _identify(modules/models) by extension 'colcon_meta'
[0.577s] [34mcolcon.colcon_core.package_identification[0m [1;30mLevel 1[0m _identify(modules/models) by extensions ['ros']
[0.577s] [34mcolcon.colcon_core.package_identification[0m [1;30mLevel 1[0m _identify(modules/models) by extension 'ros'
[0.577s] [34mcolcon.colcon_core.package_identification[0m [1;30mLevel 1[0m _identify(modules/models) by extensions ['cmake', 'python']
[0.578s] [34mcolcon.colcon_core.package_identification[0m [1;30mLevel 1[0m _identify(modules/models) by extension 'cmake'
[0.578s] [34mcolcon.colcon_core.package_identification[0m [1;30mLevel 1[0m _identify(modules/models) by extension 'python'
[0.578s] [34mcolcon.colcon_core.package_identification[0m [1;30mLevel 1[0m _identify(modules/models) by extensions ['python_setup_py']
[0.578s] [34mcolcon.colcon_core.package_identification[0m [1;30mLevel 1[0m _identify(modules/models) by extension 'python_setup_py'
[0.578s] [34mcolcon.colcon_core.package_identification[0m [1;30mLevel 1[0m _identify(modules/models/anime_style) by extensions ['ignore', 'ignore_ament_install']
[0.578s] [34mcolcon.colcon_core.package_identification[0m [1;30mLevel 1[0m _identify(modules/models/anime_style) by extension 'ignore'
[0.578s] [34mcolcon.colcon_core.package_identification[0m [1;30mLevel 1[0m _identify(modules/models/anime_style) by extension 'ignore_ament_install'
[0.578s] [34mcolcon.colcon_core.package_identification[0m [1;30mLevel 1[0m _identify(modules/models/anime_style) by extensions ['colcon_pkg']
[0.578s] [34mcolcon.colcon_core.package_identification[0m [1;30mLevel 1[0m _identify(modules/models/anime_style) by extension 'colcon_pkg'
[0.578s] [34mcolcon.colcon_core.package_identification[0m [1;30mLevel 1[0m _identify(modules/models/anime_style) by extensions ['colcon_meta']
[0.578s] [34mcolcon.colcon_core.package_identification[0m [1;30mLevel 1[0m _identify(modules/models/anime_style) by extension 'colcon_meta'
[0.578s] [34mcolcon.colcon_core.package_identification[0m [1;30mLevel 1[0m _identify(modules/models/anime_style) by extensions ['ros']
[0.578s] [34mcolcon.colcon_core.package_identification[0m [1;30mLevel 1[0m _identify(modules/models/anime_style) by extension 'ros'
[0.578s] [34mcolcon.colcon_core.package_identification[0m [1;30mLevel 1[0m _identify(modules/models/anime_style) by extensions ['cmake', 'python']
[0.578s] [34mcolcon.colcon_core.package_identification[0m [1;30mLevel 1[0m _identify(modules/models/anime_style) by extension 'cmake'
[0.578s] [34mcolcon.colcon_core.package_identification[0m [1;30mLevel 1[0m _identify(modules/models/anime_style) by extension 'python'
[0.578s] [34mcolcon.colcon_core.package_identification[0m [1;30mLevel 1[0m _identify(modules/models/anime_style) by extensions ['python_setup_py']
[0.579s] [34mcolcon.colcon_core.package_identification[0m [1;30mLevel 1[0m _identify(modules/models/anime_style) by extension 'python_setup_py'
[0.579s] [34mcolcon.colcon_core.package_identification[0m [1;30mLevel 1[0m _identify(modules/models/contour_style) by extensions ['ignore', 'ignore_ament_install']
[0.579s] [34mcolcon.colcon_core.package_identification[0m [1;30mLevel 1[0m _identify(modules/models/contour_style) by extension 'ignore'
[0.579s] [34mcolcon.colcon_core.package_identification[0m [1;30mLevel 1[0m _identify(modules/models/contour_style) by extension 'ignore_ament_install'
[0.579s] [34mcolcon.colcon_core.package_identification[0m [1;30mLevel 1[0m _identify(modules/models/contour_style) by extensions ['colcon_pkg']
[0.579s] [34mcolcon.colcon_core.package_identification[0m [1;30mLevel 1[0m _identify(modules/models/contour_style) by extension 'colcon_pkg'
[0.579s] [34mcolcon.colcon_core.package_identification[0m [1;30mLevel 1[0m _identify(modules/models/contour_style) by extensions ['colcon_meta']
[0.579s] [34mcolcon.colcon_core.package_identification[0m [1;30mLevel 1[0m _identify(modules/models/contour_style) by extension 'colcon_meta'
[0.579s] [34mcolcon.colcon_core.package_identification[0m [1;30mLevel 1[0m _identify(modules/models/contour_style) by extensions ['ros']
[0.579s] [34mcolcon.colcon_core.package_identification[0m [1;30mLevel 1[0m _identify(modules/models/contour_style) by extension 'ros'
[0.579s] [34mcolcon.colcon_core.package_identification[0m [1;30mLevel 1[0m _identify(modules/models/contour_style) by extensions ['cmake', 'python']
[0.579s] [34mcolcon.colcon_core.package_identification[0m [1;30mLevel 1[0m _identify(modules/models/contour_style) by extension 'cmake'
[0.579s] [34mcolcon.colcon_core.package_identification[0m [1;30mLevel 1[0m _identify(modules/models/contour_style) by extension 'python'
[0.579s] [34mcolcon.colcon_core.package_identification[0m [1;30mLevel 1[0m _identify(modules/models/contour_style) by extensions ['python_setup_py']
[0.579s] [34mcolcon.colcon_core.package_identification[0m [1;30mLevel 1[0m _identify(modules/models/contour_style) by extension 'python_setup_py'
[0.579s] [34mcolcon.colcon_core.package_identification[0m [1;30mLevel 1[0m _identify(modules/models/opensketch_style) by extensions ['ignore', 'ignore_ament_install']
[0.580s] [34mcolcon.colcon_core.package_identification[0m [1;30mLevel 1[0m _identify(modules/models/opensketch_style) by extension 'ignore'
[0.580s] [34mcolcon.colcon_core.package_identification[0m [1;30mLevel 1[0m _identify(modules/models/opensketch_style) by extension 'ignore_ament_install'
[0.580s] [34mcolcon.colcon_core.package_identification[0m [1;30mLevel 1[0m _identify(modules/models/opensketch_style) by extensions ['colcon_pkg']
[0.580s] [34mcolcon.colcon_core.package_identification[0m [1;30mLevel 1[0m _identify(modules/models/opensketch_style) by extension 'colcon_pkg'
[0.580s] [34mcolcon.colcon_core.package_identification[0m [1;30mLevel 1[0m _identify(modules/models/opensketch_style) by extensions ['colcon_meta']
[0.580s] [34mcolcon.colcon_core.package_identification[0m [1;30mLevel 1[0m _identify(modules/models/opensketch_style) by extension 'colcon_meta'
[0.580s] [34mcolcon.colcon_core.package_identification[0m [1;30mLevel 1[0m _identify(modules/models/opensketch_style) by extensions ['ros']
[0.580s] [34mcolcon.colcon_core.package_identification[0m [1;30mLevel 1[0m _identify(modules/models/opensketch_style) by extension 'ros'
[0.580s] [34mcolcon.colcon_core.package_identification[0m [1;30mLevel 1[0m _identify(modules/models/opensketch_style) by extensions ['cmake', 'python']
[0.580s] [34mcolcon.colcon_core.package_identification[0m [1;30mLevel 1[0m _identify(modules/models/opensketch_style) by extension 'cmake'
[0.580s] [34mcolcon.colcon_core.package_identification[0m [1;30mLevel 1[0m _identify(modules/models/opensketch_style) by extension 'python'
[0.580s] [34mcolcon.colcon_core.package_identification[0m [1;30mLevel 1[0m _identify(modules/models/opensketch_style) by extensions ['python_setup_py']
[0.580s] [34mcolcon.colcon_core.package_identification[0m [1;30mLevel 1[0m _identify(modules/models/opensketch_style) by extension 'python_setup_py'
[0.580s] [34mcolcon.colcon_core.package_discovery[0m [1;30mLevel 1[0m discover_packages(recursive) using defaults
[0.580s] [34mcolcon.colcon_core.package_discovery[0m [1;30mLevel 1[0m discover_packages(ignore) discover
[0.580s] [34mcolcon.colcon_core.package_discovery[0m [1;30mLevel 1[0m discover_packages(ignore) using defaults
[0.580s] [34mcolcon.colcon_core.package_discovery[0m [1;30mLevel 1[0m discover_packages(path) discover
[0.580s] [34mcolcon.colcon_core.package_discovery[0m [1;30mLevel 1[0m discover_packages(path) using defaults
[0.606s] [34mcolcon.colcon_core.package_discovery[0m [1;30mLevel 1[0m discover_packages(prefix_path) check parameters
[0.606s] [34mcolcon.colcon_core.package_discovery[0m [1;30mLevel 1[0m discover_packages(prefix_path) discover
[0.611s] [34mcolcon.colcon_installed_package_information.package_discovery[0m [1;30mDEBUG[0m [32mFound 30 installed packages in /home/smartcps/ros2_ws/install[0m
[0.613s] [34mcolcon.colcon_installed_package_information.package_discovery[0m [1;30mDEBUG[0m [32mFound 388 installed packages in /opt/ros/humble[0m
[0.615s] [34mcolcon.colcon_core.package_discovery[0m [1;30mLevel 1[0m discover_packages(prefix_path) using defaults
[0.683s] [34mcolcon.colcon_core.executor[0m [1;30mINFO[0m Executing jobs using 'parallel' executor
[0.687s] [34mcolcon.colcon_parallel_executor.executor.parallel[0m [1;30mDEBUG[0m [32mrun_until_complete[0m
[0.687s] [34mcolcon.colcon_parallel_executor.executor.parallel[0m [1;30mDEBUG[0m [32mclosing loop[0m
[0.687s] [34mcolcon.colcon_parallel_executor.executor.parallel[0m [1;30mDEBUG[0m [32mloop closed[0m
[0.687s] [34mcolcon.colcon_parallel_executor.executor.parallel[0m [1;30mDEBUG[0m [32mrun_until_complete finished with '0'[0m
[0.687s] [34mcolcon.colcon_core.event_reactor[0m [1;30mDEBUG[0m [32mjoining thread[0m
[0.694s] [34mcolcon.colcon_core.plugin_system[0m [1;30mINFO[0m Skipping extension 'colcon_notification.desktop_notification.terminal_notifier': Not used on non-Darwin systems
[0.694s] [34mcolcon.colcon_core.plugin_system[0m [1;30mINFO[0m Skipping extension 'colcon_notification.desktop_notification.win32': Not used on non-Windows systems
[0.694s] [34mcolcon.colcon_notification.desktop_notification[0m [1;30mINFO[0m Sending desktop notification using 'notify2'
[0.740s] [34mcolcon.colcon_core.event_reactor[0m [1;30mDEBUG[0m [32mjoined thread[0m
[0.743s] [34mcolcon.colcon_core.plugin_system[0m [1;30mINFO[0m Skipping extension 'colcon_core.shell.bat': Not used on non-Windows systems
[0.743s] [34mcolcon.colcon_core.shell[0m [1;30mINFO[0m Creating prefix script '/home/smartcps/ros2_ws/src/doosan-robot2/Image_Detection-main/install/local_setup.ps1'
[0.744s] [34mcolcon.colcon_core.shell[0m [1;30mINFO[0m Creating prefix util module '/home/smartcps/ros2_ws/src/doosan-robot2/Image_Detection-main/install/_local_setup_util_ps1.py'
[0.746s] [34mcolcon.colcon_core.shell[0m [1;30mINFO[0m Creating prefix chain script '/home/smartcps/ros2_ws/src/doosan-robot2/Image_Detection-main/install/setup.ps1'
[0.747s] [34mcolcon.colcon_core.shell[0m [1;30mINFO[0m Creating prefix script '/home/smartcps/ros2_ws/src/doosan-robot2/Image_Detection-main/install/local_setup.sh'
[0.748s] [34mcolcon.colcon_core.shell[0m [1;30mINFO[0m Creating prefix util module '/home/smartcps/ros2_ws/src/doosan-robot2/Image_Detection-main/install/_local_setup_util_sh.py'
[0.748s] [34mcolcon.colcon_core.shell[0m [1;30mINFO[0m Creating prefix chain script '/home/smartcps/ros2_ws/src/doosan-robot2/Image_Detection-main/install/setup.sh'
[0.752s] [34mcolcon.colcon_core.shell[0m [1;30mINFO[0m Creating prefix script '/home/smartcps/ros2_ws/src/doosan-robot2/Image_Detection-main/install/local_setup.bash'
[0.753s] [34mcolcon.colcon_core.shell[0m [1;30mINFO[0m Creating prefix chain script '/home/smartcps/ros2_ws/src/doosan-robot2/Image_Detection-main/install/setup.bash'
[0.755s] [34mcolcon.colcon_core.shell[0m [1;30mINFO[0m Creating prefix script '/home/smartcps/ros2_ws/src/doosan-robot2/Image_Detection-main/install/local_setup.zsh'
[0.756s] [34mcolcon.colcon_core.shell[0m [1;30mINFO[0m Creating prefix chain script '/home/smartcps/ros2_ws/src/doosan-robot2/Image_Detection-main/install/setup.zsh'
