[0.135s] [34mcolcon[0m [1;30mDEBUG[0m [32mCommand line arguments: ['/usr/bin/colcon', 'build'][0m
[0.135s] [34mcolcon[0m [1;30mDEBUG[0m [32mParsed command line arguments: Namespace(log_base=None, log_level=None, verb_name='build', build_base='build', install_base='install', merge_install=False, symlink_install=False, test_result_base=None, continue_on_error=False, executor='parallel', parallel_workers=20, event_handlers=None, ignore_user_meta=False, metas=['./colcon.meta'], base_paths=['.'], packages_ignore=None, packages_ignore_regex=None, paths=None, packages_up_to=None, packages_up_to_regex=None, packages_above=None, packages_above_and_dependencies=None, packages_above_depth=None, packages_select_by_dep=None, packages_skip_by_dep=None, packages_skip_up_to=None, packages_select_build_failed=False, packages_skip_build_finished=False, packages_select_test_failures=False, packages_skip_test_passed=False, packages_select=None, packages_skip=None, packages_select_regex=None, packages_skip_regex=None, packages_start=None, packages_end=None, allow_overriding=[], cmake_args=None, cmake_target=None, cmake_target_skip_unavailable=False, cmake_clean_cache=False, cmake_clean_first=False, cmake_force_configure=False, ament_cmake_args=None, catkin_cmake_args=None, catkin_skip_building_tests=False, mixin_files=None, mixin=None, verb_parser=<colcon_mixin.mixin.mixin_argument.MixinArgumentDecorator object at 0x760f1a23bc10>, verb_extension=<colcon_core.verb.build.BuildVerb object at 0x760f1a370be0>, main=<bound method BuildVerb.main of <colcon_core.verb.build.BuildVerb object at 0x760f1a370be0>>, mixin_verb=('build',))[0m
[0.403s] [34mcolcon.colcon_core.package_discovery[0m [1;30mLevel 1[0m discover_packages(colcon_meta) check parameters
[0.403s] [34mcolcon.colcon_core.package_discovery[0m [1;30mLevel 1[0m discover_packages(recursive) check parameters
[0.403s] [34mcolcon.colcon_core.package_discovery[0m [1;30mLevel 1[0m discover_packages(ignore) check parameters
[0.403s] [34mcolcon.colcon_core.package_discovery[0m [1;30mLevel 1[0m discover_packages(path) check parameters
[0.403s] [34mcolcon.colcon_core.package_discovery[0m [1;30mLevel 1[0m discover_packages(colcon_meta) discover
[0.403s] [34mcolcon.colcon_core.package_discovery[0m [1;30mLevel 1[0m discover_packages(recursive) discover
[0.403s] [34mcolcon.colcon_core.package_discovery[0m [1;30mINFO[0m Crawling recursively for packages in '/home/smartcps/ros2_ws/src/doosan-robot2/Image_Detection-main'
[0.403s] [34mcolcon.colcon_core.package_identification[0m [1;30mLevel 1[0m _identify(.) by extensions ['ignore', 'ignore_ament_install']
[0.403s] [34mcolcon.colcon_core.package_identification[0m [1;30mLevel 1[0m _identify(.) by extension 'ignore'
[0.403s] [34mcolcon.colcon_core.package_identification[0m [1;30mLevel 1[0m _identify(.) by extension 'ignore_ament_install'
[0.403s] [34mcolcon.colcon_core.package_identification[0m [1;30mLevel 1[0m _identify(.) by extensions ['colcon_pkg']
[0.403s] [34mcolcon.colcon_core.package_identification[0m [1;30mLevel 1[0m _identify(.) by extension 'colcon_pkg'
[0.403s] [34mcolcon.colcon_core.package_identification[0m [1;30mLevel 1[0m _identify(.) by extensions ['colcon_meta']
[0.403s] [34mcolcon.colcon_core.package_identification[0m [1;30mLevel 1[0m _identify(.) by extension 'colcon_meta'
[0.403s] [34mcolcon.colcon_core.package_identification[0m [1;30mLevel 1[0m _identify(.) by extensions ['ros']
[0.403s] [34mcolcon.colcon_core.package_identification[0m [1;30mLevel 1[0m _identify(.) by extension 'ros'
[0.417s] [34mcolcon.colcon_core.package_identification[0m [1;30mLevel 1[0m _identify(.) by extensions ['cmake', 'python']
[0.417s] [34mcolcon.colcon_core.package_identification[0m [1;30mLevel 1[0m _identify(.) by extension 'cmake'
[0.417s] [34mcolcon.colcon_core.package_identification[0m [1;30mLevel 1[0m _identify(.) by extension 'python'
[0.417s] [34mcolcon.colcon_core.package_identification[0m [1;30mLevel 1[0m _identify(.) by extensions ['python_setup_py']
[0.417s] [34mcolcon.colcon_core.package_identification[0m [1;30mLevel 1[0m _identify(.) by extension 'python_setup_py'
[0.417s] [34mcolcon.colcon_core.package_identification[0m [1;30mLevel 1[0m _identify(Test) by extensions ['ignore', 'ignore_ament_install']
[0.417s] [34mcolcon.colcon_core.package_identification[0m [1;30mLevel 1[0m _identify(Test) by extension 'ignore'
[0.417s] [34mcolcon.colcon_core.package_identification[0m [1;30mLevel 1[0m _identify(Test) by extension 'ignore_ament_install'
[0.417s] [34mcolcon.colcon_core.package_identification[0m [1;30mLevel 1[0m _identify(Test) by extensions ['colcon_pkg']
[0.417s] [34mcolcon.colcon_core.package_identification[0m [1;30mLevel 1[0m _identify(Test) by extension 'colcon_pkg'
[0.417s] [34mcolcon.colcon_core.package_identification[0m [1;30mLevel 1[0m _identify(Test) by extensions ['colcon_meta']
[0.417s] [34mcolcon.colcon_core.package_identification[0m [1;30mLevel 1[0m _identify(Test) by extension 'colcon_meta'
[0.417s] [34mcolcon.colcon_core.package_identification[0m [1;30mLevel 1[0m _identify(Test) by extensions ['ros']
[0.417s] [34mcolcon.colcon_core.package_identification[0m [1;30mLevel 1[0m _identify(Test) by extension 'ros'
[0.417s] [34mcolcon.colcon_core.package_identification[0m [1;30mLevel 1[0m _identify(Test) by extensions ['cmake', 'python']
[0.417s] [34mcolcon.colcon_core.package_identification[0m [1;30mLevel 1[0m _identify(Test) by extension 'cmake'
[0.417s] [34mcolcon.colcon_core.package_identification[0m [1;30mLevel 1[0m _identify(Test) by extension 'python'
[0.418s] [34mcolcon.colcon_core.package_identification[0m [1;30mLevel 1[0m _identify(Test) by extensions ['python_setup_py']
[0.418s] [34mcolcon.colcon_core.package_identification[0m [1;30mLevel 1[0m _identify(Test) by extension 'python_setup_py'
[0.418s] [34mcolcon.colcon_core.package_identification[0m [1;30mLevel 1[0m _identify(__pycache__) by extensions ['ignore', 'ignore_ament_install']
[0.418s] [34mcolcon.colcon_core.package_identification[0m [1;30mLevel 1[0m _identify(__pycache__) by extension 'ignore'
[0.418s] [34mcolcon.colcon_core.package_identification[0m [1;30mLevel 1[0m _identify(__pycache__) by extension 'ignore_ament_install'
[0.418s] [34mcolcon.colcon_core.package_identification[0m [1;30mLevel 1[0m _identify(__pycache__) by extensions ['colcon_pkg']
[0.418s] [34mcolcon.colcon_core.package_identification[0m [1;30mLevel 1[0m _identify(__pycache__) by extension 'colcon_pkg'
[0.418s] [34mcolcon.colcon_core.package_identification[0m [1;30mLevel 1[0m _identify(__pycache__) by extensions ['colcon_meta']
[0.418s] [34mcolcon.colcon_core.package_identification[0m [1;30mLevel 1[0m _identify(__pycache__) by extension 'colcon_meta'
[0.418s] [34mcolcon.colcon_core.package_identification[0m [1;30mLevel 1[0m _identify(__pycache__) by extensions ['ros']
[0.418s] [34mcolcon.colcon_core.package_identification[0m [1;30mLevel 1[0m _identify(__pycache__) by extension 'ros'
[0.418s] [34mcolcon.colcon_core.package_identification[0m [1;30mLevel 1[0m _identify(__pycache__) by extensions ['cmake', 'python']
[0.418s] [34mcolcon.colcon_core.package_identification[0m [1;30mLevel 1[0m _identify(__pycache__) by extension 'cmake'
[0.418s] [34mcolcon.colcon_core.package_identification[0m [1;30mLevel 1[0m _identify(__pycache__) by extension 'python'
[0.418s] [34mcolcon.colcon_core.package_identification[0m [1;30mLevel 1[0m _identify(__pycache__) by extensions ['python_setup_py']
[0.418s] [34mcolcon.colcon_core.package_identification[0m [1;30mLevel 1[0m _identify(__pycache__) by extension 'python_setup_py'
[0.418s] [34mcolcon.colcon_core.package_identification[0m [1;30mLevel 1[0m _identify(anaconda_projects) by extensions ['ignore', 'ignore_ament_install']
[0.418s] [34mcolcon.colcon_core.package_identification[0m [1;30mLevel 1[0m _identify(anaconda_projects) by extension 'ignore'
[0.418s] [34mcolcon.colcon_core.package_identification[0m [1;30mLevel 1[0m _identify(anaconda_projects) by extension 'ignore_ament_install'
[0.418s] [34mcolcon.colcon_core.package_identification[0m [1;30mLevel 1[0m _identify(anaconda_projects) by extensions ['colcon_pkg']
[0.418s] [34mcolcon.colcon_core.package_identification[0m [1;30mLevel 1[0m _identify(anaconda_projects) by extension 'colcon_pkg'
[0.418s] [34mcolcon.colcon_core.package_identification[0m [1;30mLevel 1[0m _identify(anaconda_projects) by extensions ['colcon_meta']
[0.418s] [34mcolcon.colcon_core.package_identification[0m [1;30mLevel 1[0m _identify(anaconda_projects) by extension 'colcon_meta'
[0.418s] [34mcolcon.colcon_core.package_identification[0m [1;30mLevel 1[0m _identify(anaconda_projects) by extensions ['ros']
[0.418s] [34mcolcon.colcon_core.package_identification[0m [1;30mLevel 1[0m _identify(anaconda_projects) by extension 'ros'
[0.419s] [34mcolcon.colcon_core.package_identification[0m [1;30mLevel 1[0m _identify(anaconda_projects) by extensions ['cmake', 'python']
[0.419s] [34mcolcon.colcon_core.package_identification[0m [1;30mLevel 1[0m _identify(anaconda_projects) by extension 'cmake'
[0.419s] [34mcolcon.colcon_core.package_identification[0m [1;30mLevel 1[0m _identify(anaconda_projects) by extension 'python'
[0.419s] [34mcolcon.colcon_core.package_identification[0m [1;30mLevel 1[0m _identify(anaconda_projects) by extensions ['python_setup_py']
[0.419s] [34mcolcon.colcon_core.package_identification[0m [1;30mLevel 1[0m _identify(anaconda_projects) by extension 'python_setup_py'
[0.419s] [34mcolcon.colcon_core.package_identification[0m [1;30mLevel 1[0m _identify(anaconda_projects/db) by extensions ['ignore', 'ignore_ament_install']
[0.419s] [34mcolcon.colcon_core.package_identification[0m [1;30mLevel 1[0m _identify(anaconda_projects/db) by extension 'ignore'
[0.419s] [34mcolcon.colcon_core.package_identification[0m [1;30mLevel 1[0m _identify(anaconda_projects/db) by extension 'ignore_ament_install'
[0.419s] [34mcolcon.colcon_core.package_identification[0m [1;30mLevel 1[0m _identify(anaconda_projects/db) by extensions ['colcon_pkg']
[0.419s] [34mcolcon.colcon_core.package_identification[0m [1;30mLevel 1[0m _identify(anaconda_projects/db) by extension 'colcon_pkg'
[0.419s] [34mcolcon.colcon_core.package_identification[0m [1;30mLevel 1[0m _identify(anaconda_projects/db) by extensions ['colcon_meta']
[0.419s] [34mcolcon.colcon_core.package_identification[0m [1;30mLevel 1[0m _identify(anaconda_projects/db) by extension 'colcon_meta'
[0.419s] [34mcolcon.colcon_core.package_identification[0m [1;30mLevel 1[0m _identify(anaconda_projects/db) by extensions ['ros']
[0.419s] [34mcolcon.colcon_core.package_identification[0m [1;30mLevel 1[0m _identify(anaconda_projects/db) by extension 'ros'
[0.419s] [34mcolcon.colcon_core.package_identification[0m [1;30mLevel 1[0m _identify(anaconda_projects/db) by extensions ['cmake', 'python']
[0.419s] [34mcolcon.colcon_core.package_identification[0m [1;30mLevel 1[0m _identify(anaconda_projects/db) by extension 'cmake'
[0.419s] [34mcolcon.colcon_core.package_identification[0m [1;30mLevel 1[0m _identify(anaconda_projects/db) by extension 'python'
[0.419s] [34mcolcon.colcon_core.package_identification[0m [1;30mLevel 1[0m _identify(anaconda_projects/db) by extensions ['python_setup_py']
[0.419s] [34mcolcon.colcon_core.package_identification[0m [1;30mLevel 1[0m _identify(anaconda_projects/db) by extension 'python_setup_py'
[0.419s] [34mcolcon.colcon_core.package_identification[0m [1;30mLevel 1[0m _identify(build) by extensions ['ignore', 'ignore_ament_install']
[0.419s] [34mcolcon.colcon_core.package_identification[0m [1;30mLevel 1[0m _identify(build) by extension 'ignore'
[0.419s] [34mcolcon.colcon_core.package_identification[0m [1;30mLevel 1[0m _identify(build) ignored
[0.419s] [34mcolcon.colcon_core.package_identification[0m [1;30mLevel 1[0m _identify(config) by extensions ['ignore', 'ignore_ament_install']
[0.420s] [34mcolcon.colcon_core.package_identification[0m [1;30mLevel 1[0m _identify(config) by extension 'ignore'
[0.420s] [34mcolcon.colcon_core.package_identification[0m [1;30mLevel 1[0m _identify(config) by extension 'ignore_ament_install'
[0.420s] [34mcolcon.colcon_core.package_identification[0m [1;30mLevel 1[0m _identify(config) by extensions ['colcon_pkg']
[0.420s] [34mcolcon.colcon_core.package_identification[0m [1;30mLevel 1[0m _identify(config) by extension 'colcon_pkg'
[0.420s] [34mcolcon.colcon_core.package_identification[0m [1;30mLevel 1[0m _identify(config) by extensions ['colcon_meta']
[0.420s] [34mcolcon.colcon_core.package_identification[0m [1;30mLevel 1[0m _identify(config) by extension 'colcon_meta'
[0.420s] [34mcolcon.colcon_core.package_identification[0m [1;30mLevel 1[0m _identify(config) by extensions ['ros']
[0.420s] [34mcolcon.colcon_core.package_identification[0m [1;30mLevel 1[0m _identify(config) by extension 'ros'
[0.420s] [34mcolcon.colcon_core.package_identification[0m [1;30mLevel 1[0m _identify(config) by extensions ['cmake', 'python']
[0.420s] [34mcolcon.colcon_core.package_identification[0m [1;30mLevel 1[0m _identify(config) by extension 'cmake'
[0.420s] [34mcolcon.colcon_core.package_identification[0m [1;30mLevel 1[0m _identify(config) by extension 'python'
[0.420s] [34mcolcon.colcon_core.package_identification[0m [1;30mLevel 1[0m _identify(config) by extensions ['python_setup_py']
[0.420s] [34mcolcon.colcon_core.package_identification[0m [1;30mLevel 1[0m _identify(config) by extension 'python_setup_py'
[0.420s] [34mcolcon.colcon_core.package_identification[0m [1;30mLevel 1[0m _identify(data) by extensions ['ignore', 'ignore_ament_install']
[0.420s] [34mcolcon.colcon_core.package_identification[0m [1;30mLevel 1[0m _identify(data) by extension 'ignore'
[0.420s] [34mcolcon.colcon_core.package_identification[0m [1;30mLevel 1[0m _identify(data) by extension 'ignore_ament_install'
[0.420s] [34mcolcon.colcon_core.package_identification[0m [1;30mLevel 1[0m _identify(data) by extensions ['colcon_pkg']
[0.420s] [34mcolcon.colcon_core.package_identification[0m [1;30mLevel 1[0m _identify(data) by extension 'colcon_pkg'
[0.420s] [34mcolcon.colcon_core.package_identification[0m [1;30mLevel 1[0m _identify(data) by extensions ['colcon_meta']
[0.420s] [34mcolcon.colcon_core.package_identification[0m [1;30mLevel 1[0m _identify(data) by extension 'colcon_meta'
[0.420s] [34mcolcon.colcon_core.package_identification[0m [1;30mLevel 1[0m _identify(data) by extensions ['ros']
[0.420s] [34mcolcon.colcon_core.package_identification[0m [1;30mLevel 1[0m _identify(data) by extension 'ros'
[0.420s] [34mcolcon.colcon_core.package_identification[0m [1;30mLevel 1[0m _identify(data) by extensions ['cmake', 'python']
[0.420s] [34mcolcon.colcon_core.package_identification[0m [1;30mLevel 1[0m _identify(data) by extension 'cmake'
[0.421s] [34mcolcon.colcon_core.package_identification[0m [1;30mLevel 1[0m _identify(data) by extension 'python'
[0.421s] [34mcolcon.colcon_core.package_identification[0m [1;30mLevel 1[0m _identify(data) by extensions ['python_setup_py']
[0.421s] [34mcolcon.colcon_core.package_identification[0m [1;30mLevel 1[0m _identify(data) by extension 'python_setup_py'
[0.421s] [34mcolcon.colcon_core.package_identification[0m [1;30mLevel 1[0m _identify(data/20260324_192735_session) by extensions ['ignore', 'ignore_ament_install']
[0.421s] [34mcolcon.colcon_core.package_identification[0m [1;30mLevel 1[0m _identify(data/20260324_192735_session) by extension 'ignore'
[0.421s] [34mcolcon.colcon_core.package_identification[0m [1;30mLevel 1[0m _identify(data/20260324_192735_session) by extension 'ignore_ament_install'
[0.421s] [34mcolcon.colcon_core.package_identification[0m [1;30mLevel 1[0m _identify(data/20260324_192735_session) by extensions ['colcon_pkg']
[0.421s] [34mcolcon.colcon_core.package_identification[0m [1;30mLevel 1[0m _identify(data/20260324_192735_session) by extension 'colcon_pkg'
[0.421s] [34mcolcon.colcon_core.package_identification[0m [1;30mLevel 1[0m _identify(data/20260324_192735_session) by extensions ['colcon_meta']
[0.421s] [34mcolcon.colcon_core.package_identification[0m [1;30mLevel 1[0m _identify(data/20260324_192735_session) by extension 'colcon_meta'
[0.421s] [34mcolcon.colcon_core.package_identification[0m [1;30mLevel 1[0m _identify(data/20260324_192735_session) by extensions ['ros']
[0.421s] [34mcolcon.colcon_core.package_identification[0m [1;30mLevel 1[0m _identify(data/20260324_192735_session) by extension 'ros'
[0.421s] [34mcolcon.colcon_core.package_identification[0m [1;30mLevel 1[0m _identify(data/20260324_192735_session) by extensions ['cmake', 'python']
[0.421s] [34mcolcon.colcon_core.package_identification[0m [1;30mLevel 1[0m _identify(data/20260324_192735_session) by extension 'cmake'
[0.421s] [34mcolcon.colcon_core.package_identification[0m [1;30mLevel 1[0m _identify(data/20260324_192735_session) by extension 'python'
[0.421s] [34mcolcon.colcon_core.package_identification[0m [1;30mLevel 1[0m _identify(data/20260324_192735_session) by extensions ['python_setup_py']
[0.421s] [34mcolcon.colcon_core.package_identification[0m [1;30mLevel 1[0m _identify(data/20260324_192735_session) by extension 'python_setup_py'
[0.421s] [34mcolcon.colcon_core.package_identification[0m [1;30mLevel 1[0m _identify(data/20260324_192735_session/1_capture) by extensions ['ignore', 'ignore_ament_install']
[0.421s] [34mcolcon.colcon_core.package_identification[0m [1;30mLevel 1[0m _identify(data/20260324_192735_session/1_capture) by extension 'ignore'
[0.421s] [34mcolcon.colcon_core.package_identification[0m [1;30mLevel 1[0m _identify(data/20260324_192735_session/1_capture) by extension 'ignore_ament_install'
[0.421s] [34mcolcon.colcon_core.package_identification[0m [1;30mLevel 1[0m _identify(data/20260324_192735_session/1_capture) by extensions ['colcon_pkg']
[0.421s] [34mcolcon.colcon_core.package_identification[0m [1;30mLevel 1[0m _identify(data/20260324_192735_session/1_capture) by extension 'colcon_pkg'
[0.421s] [34mcolcon.colcon_core.package_identification[0m [1;30mLevel 1[0m _identify(data/20260324_192735_session/1_capture) by extensions ['colcon_meta']
[0.421s] [34mcolcon.colcon_core.package_identification[0m [1;30mLevel 1[0m _identify(data/20260324_192735_session/1_capture) by extension 'colcon_meta'
[0.422s] [34mcolcon.colcon_core.package_identification[0m [1;30mLevel 1[0m _identify(data/20260324_192735_session/1_capture) by extensions ['ros']
[0.422s] [34mcolcon.colcon_core.package_identification[0m [1;30mLevel 1[0m _identify(data/20260324_192735_session/1_capture) by extension 'ros'
[0.422s] [34mcolcon.colcon_core.package_identification[0m [1;30mLevel 1[0m _identify(data/20260324_192735_session/1_capture) by extensions ['cmake', 'python']
[0.422s] [34mcolcon.colcon_core.package_identification[0m [1;30mLevel 1[0m _identify(data/20260324_192735_session/1_capture) by extension 'cmake'
[0.422s] [34mcolcon.colcon_core.package_identification[0m [1;30mLevel 1[0m _identify(data/20260324_192735_session/1_capture) by extension 'python'
[0.422s] [34mcolcon.colcon_core.package_identification[0m [1;30mLevel 1[0m _identify(data/20260324_192735_session/1_capture) by extensions ['python_setup_py']
[0.422s] [34mcolcon.colcon_core.package_identification[0m [1;30mLevel 1[0m _identify(data/20260324_192735_session/1_capture) by extension 'python_setup_py'
[0.422s] [34mcolcon.colcon_core.package_identification[0m [1;30mLevel 1[0m _identify(data/20260324_192735_session/1_capture/intermediate) by extensions ['ignore', 'ignore_ament_install']
[0.422s] [34mcolcon.colcon_core.package_identification[0m [1;30mLevel 1[0m _identify(data/20260324_192735_session/1_capture/intermediate) by extension 'ignore'
[0.422s] [34mcolcon.colcon_core.package_identification[0m [1;30mLevel 1[0m _identify(data/20260324_192735_session/1_capture/intermediate) by extension 'ignore_ament_install'
[0.422s] [34mcolcon.colcon_core.package_identification[0m [1;30mLevel 1[0m _identify(data/20260324_192735_session/1_capture/intermediate) by extensions ['colcon_pkg']
[0.422s] [34mcolcon.colcon_core.package_identification[0m [1;30mLevel 1[0m _identify(data/20260324_192735_session/1_capture/intermediate) by extension 'colcon_pkg'
[0.422s] [34mcolcon.colcon_core.package_identification[0m [1;30mLevel 1[0m _identify(data/20260324_192735_session/1_capture/intermediate) by extensions ['colcon_meta']
[0.422s] [34mcolcon.colcon_core.package_identification[0m [1;30mLevel 1[0m _identify(data/20260324_192735_session/1_capture/intermediate) by extension 'colcon_meta'
[0.422s] [34mcolcon.colcon_core.package_identification[0m [1;30mLevel 1[0m _identify(data/20260324_192735_session/1_capture/intermediate) by extensions ['ros']
[0.422s] [34mcolcon.colcon_core.package_identification[0m [1;30mLevel 1[0m _identify(data/20260324_192735_session/1_capture/intermediate) by extension 'ros'
[0.422s] [34mcolcon.colcon_core.package_identification[0m [1;30mLevel 1[0m _identify(data/20260324_192735_session/1_capture/intermediate) by extensions ['cmake', 'python']
[0.422s] [34mcolcon.colcon_core.package_identification[0m [1;30mLevel 1[0m _identify(data/20260324_192735_session/1_capture/intermediate) by extension 'cmake'
[0.422s] [34mcolcon.colcon_core.package_identification[0m [1;30mLevel 1[0m _identify(data/20260324_192735_session/1_capture/intermediate) by extension 'python'
[0.422s] [34mcolcon.colcon_core.package_identification[0m [1;30mLevel 1[0m _identify(data/20260324_192735_session/1_capture/intermediate) by extensions ['python_setup_py']
[0.422s] [34mcolcon.colcon_core.package_identification[0m [1;30mLevel 1[0m _identify(data/20260324_192735_session/1_capture/intermediate) by extension 'python_setup_py'
[0.422s] [34mcolcon.colcon_core.package_identification[0m [1;30mLevel 1[0m _identify(data/20260324_192735_session/1_capture/processed) by extensions ['ignore', 'ignore_ament_install']
[0.422s] [34mcolcon.colcon_core.package_identification[0m [1;30mLevel 1[0m _identify(data/20260324_192735_session/1_capture/processed) by extension 'ignore'
[0.422s] [34mcolcon.colcon_core.package_identification[0m [1;30mLevel 1[0m _identify(data/20260324_192735_session/1_capture/processed) by extension 'ignore_ament_install'
[0.422s] [34mcolcon.colcon_core.package_identification[0m [1;30mLevel 1[0m _identify(data/20260324_192735_session/1_capture/processed) by extensions ['colcon_pkg']
[0.423s] [34mcolcon.colcon_core.package_identification[0m [1;30mLevel 1[0m _identify(data/20260324_192735_session/1_capture/processed) by extension 'colcon_pkg'
[0.423s] [34mcolcon.colcon_core.package_identification[0m [1;30mLevel 1[0m _identify(data/20260324_192735_session/1_capture/processed) by extensions ['colcon_meta']
[0.423s] [34mcolcon.colcon_core.package_identification[0m [1;30mLevel 1[0m _identify(data/20260324_192735_session/1_capture/processed) by extension 'colcon_meta'
[0.423s] [34mcolcon.colcon_core.package_identification[0m [1;30mLevel 1[0m _identify(data/20260324_192735_session/1_capture/processed) by extensions ['ros']
[0.423s] [34mcolcon.colcon_core.package_identification[0m [1;30mLevel 1[0m _identify(data/20260324_192735_session/1_capture/processed) by extension 'ros'
[0.423s] [34mcolcon.colcon_core.package_identification[0m [1;30mLevel 1[0m _identify(data/20260324_192735_session/1_capture/processed) by extensions ['cmake', 'python']
[0.423s] [34mcolcon.colcon_core.package_identification[0m [1;30mLevel 1[0m _identify(data/20260324_192735_session/1_capture/processed) by extension 'cmake'
[0.423s] [34mcolcon.colcon_core.package_identification[0m [1;30mLevel 1[0m _identify(data/20260324_192735_session/1_capture/processed) by extension 'python'
[0.423s] [34mcolcon.colcon_core.package_identification[0m [1;30mLevel 1[0m _identify(data/20260324_192735_session/1_capture/processed) by extensions ['python_setup_py']
[0.423s] [34mcolcon.colcon_core.package_identification[0m [1;30mLevel 1[0m _identify(data/20260324_192735_session/1_capture/processed) by extension 'python_setup_py'
[0.423s] [34mcolcon.colcon_core.package_identification[0m [1;30mLevel 1[0m _identify(data/20260324_192735_session/1_capture/raw) by extensions ['ignore', 'ignore_ament_install']
[0.423s] [34mcolcon.colcon_core.package_identification[0m [1;30mLevel 1[0m _identify(data/20260324_192735_session/1_capture/raw) by extension 'ignore'
[0.423s] [34mcolcon.colcon_core.package_identification[0m [1;30mLevel 1[0m _identify(data/20260324_192735_session/1_capture/raw) by extension 'ignore_ament_install'
[0.423s] [34mcolcon.colcon_core.package_identification[0m [1;30mLevel 1[0m _identify(data/20260324_192735_session/1_capture/raw) by extensions ['colcon_pkg']
[0.423s] [34mcolcon.colcon_core.package_identification[0m [1;30mLevel 1[0m _identify(data/20260324_192735_session/1_capture/raw) by extension 'colcon_pkg'
[0.423s] [34mcolcon.colcon_core.package_identification[0m [1;30mLevel 1[0m _identify(data/20260324_192735_session/1_capture/raw) by extensions ['colcon_meta']
[0.423s] [34mcolcon.colcon_core.package_identification[0m [1;30mLevel 1[0m _identify(data/20260324_192735_session/1_capture/raw) by extension 'colcon_meta'
[0.423s] [34mcolcon.colcon_core.package_identification[0m [1;30mLevel 1[0m _identify(data/20260324_192735_session/1_capture/raw) by extensions ['ros']
[0.423s] [34mcolcon.colcon_core.package_identification[0m [1;30mLevel 1[0m _identify(data/20260324_192735_session/1_capture/raw) by extension 'ros'
[0.423s] [34mcolcon.colcon_core.package_identification[0m [1;30mLevel 1[0m _identify(data/20260324_192735_session/1_capture/raw) by extensions ['cmake', 'python']
[0.423s] [34mcolcon.colcon_core.package_identification[0m [1;30mLevel 1[0m _identify(data/20260324_192735_session/1_capture/raw) by extension 'cmake'
[0.423s] [34mcolcon.colcon_core.package_identification[0m [1;30mLevel 1[0m _identify(data/20260324_192735_session/1_capture/raw) by extension 'python'
[0.423s] [34mcolcon.colcon_core.package_identification[0m [1;30mLevel 1[0m _identify(data/20260324_192735_session/1_capture/raw) by extensions ['python_setup_py']
[0.423s] [34mcolcon.colcon_core.package_identification[0m [1;30mLevel 1[0m _identify(data/20260324_192735_session/1_capture/raw) by extension 'python_setup_py'
[0.423s] [34mcolcon.colcon_core.package_identification[0m [1;30mLevel 1[0m _identify(data/20260324_193040_session) by extensions ['ignore', 'ignore_ament_install']
[0.424s] [34mcolcon.colcon_core.package_identification[0m [1;30mLevel 1[0m _identify(data/20260324_193040_session) by extension 'ignore'
[0.424s] [34mcolcon.colcon_core.package_identification[0m [1;30mLevel 1[0m _identify(data/20260324_193040_session) by extension 'ignore_ament_install'
[0.424s] [34mcolcon.colcon_core.package_identification[0m [1;30mLevel 1[0m _identify(data/20260324_193040_session) by extensions ['colcon_pkg']
[0.424s] [34mcolcon.colcon_core.package_identification[0m [1;30mLevel 1[0m _identify(data/20260324_193040_session) by extension 'colcon_pkg'
[0.424s] [34mcolcon.colcon_core.package_identification[0m [1;30mLevel 1[0m _identify(data/20260324_193040_session) by extensions ['colcon_meta']
[0.424s] [34mcolcon.colcon_core.package_identification[0m [1;30mLevel 1[0m _identify(data/20260324_193040_session) by extension 'colcon_meta'
[0.424s] [34mcolcon.colcon_core.package_identification[0m [1;30mLevel 1[0m _identify(data/20260324_193040_session) by extensions ['ros']
[0.424s] [34mcolcon.colcon_core.package_identification[0m [1;30mLevel 1[0m _identify(data/20260324_193040_session) by extension 'ros'
[0.424s] [34mcolcon.colcon_core.package_identification[0m [1;30mLevel 1[0m _identify(data/20260324_193040_session) by extensions ['cmake', 'python']
[0.424s] [34mcolcon.colcon_core.package_identification[0m [1;30mLevel 1[0m _identify(data/20260324_193040_session) by extension 'cmake'
[0.424s] [34mcolcon.colcon_core.package_identification[0m [1;30mLevel 1[0m _identify(data/20260324_193040_session) by extension 'python'
[0.424s] [34mcolcon.colcon_core.package_identification[0m [1;30mLevel 1[0m _identify(data/20260324_193040_session) by extensions ['python_setup_py']
[0.424s] [34mcolcon.colcon_core.package_identification[0m [1;30mLevel 1[0m _identify(data/20260324_193040_session) by extension 'python_setup_py'
[0.424s] [34mcolcon.colcon_core.package_identification[0m [1;30mLevel 1[0m _identify(data/20260324_193040_session/1_capture) by extensions ['ignore', 'ignore_ament_install']
[0.424s] [34mcolcon.colcon_core.package_identification[0m [1;30mLevel 1[0m _identify(data/20260324_193040_session/1_capture) by extension 'ignore'
[0.424s] [34mcolcon.colcon_core.package_identification[0m [1;30mLevel 1[0m _identify(data/20260324_193040_session/1_capture) by extension 'ignore_ament_install'
[0.424s] [34mcolcon.colcon_core.package_identification[0m [1;30mLevel 1[0m _identify(data/20260324_193040_session/1_capture) by extensions ['colcon_pkg']
[0.424s] [34mcolcon.colcon_core.package_identification[0m [1;30mLevel 1[0m _identify(data/20260324_193040_session/1_capture) by extension 'colcon_pkg'
[0.424s] [34mcolcon.colcon_core.package_identification[0m [1;30mLevel 1[0m _identify(data/20260324_193040_session/1_capture) by extensions ['colcon_meta']
[0.424s] [34mcolcon.colcon_core.package_identification[0m [1;30mLevel 1[0m _identify(data/20260324_193040_session/1_capture) by extension 'colcon_meta'
[0.424s] [34mcolcon.colcon_core.package_identification[0m [1;30mLevel 1[0m _identify(data/20260324_193040_session/1_capture) by extensions ['ros']
[0.424s] [34mcolcon.colcon_core.package_identification[0m [1;30mLevel 1[0m _identify(data/20260324_193040_session/1_capture) by extension 'ros'
[0.424s] [34mcolcon.colcon_core.package_identification[0m [1;30mLevel 1[0m _identify(data/20260324_193040_session/1_capture) by extensions ['cmake', 'python']
[0.424s] [34mcolcon.colcon_core.package_identification[0m [1;30mLevel 1[0m _identify(data/20260324_193040_session/1_capture) by extension 'cmake'
[0.424s] [34mcolcon.colcon_core.package_identification[0m [1;30mLevel 1[0m _identify(data/20260324_193040_session/1_capture) by extension 'python'
[0.425s] [34mcolcon.colcon_core.package_identification[0m [1;30mLevel 1[0m _identify(data/20260324_193040_session/1_capture) by extensions ['python_setup_py']
[0.425s] [34mcolcon.colcon_core.package_identification[0m [1;30mLevel 1[0m _identify(data/20260324_193040_session/1_capture) by extension 'python_setup_py'
[0.425s] [34mcolcon.colcon_core.package_identification[0m [1;30mLevel 1[0m _identify(data/20260324_193040_session/1_capture/intermediate) by extensions ['ignore', 'ignore_ament_install']
[0.425s] [34mcolcon.colcon_core.package_identification[0m [1;30mLevel 1[0m _identify(data/20260324_193040_session/1_capture/intermediate) by extension 'ignore'
[0.425s] [34mcolcon.colcon_core.package_identification[0m [1;30mLevel 1[0m _identify(data/20260324_193040_session/1_capture/intermediate) by extension 'ignore_ament_install'
[0.425s] [34mcolcon.colcon_core.package_identification[0m [1;30mLevel 1[0m _identify(data/20260324_193040_session/1_capture/intermediate) by extensions ['colcon_pkg']
[0.425s] [34mcolcon.colcon_core.package_identification[0m [1;30mLevel 1[0m _identify(data/20260324_193040_session/1_capture/intermediate) by extension 'colcon_pkg'
[0.425s] [34mcolcon.colcon_core.package_identification[0m [1;30mLevel 1[0m _identify(data/20260324_193040_session/1_capture/intermediate) by extensions ['colcon_meta']
[0.425s] [34mcolcon.colcon_core.package_identification[0m [1;30mLevel 1[0m _identify(data/20260324_193040_session/1_capture/intermediate) by extension 'colcon_meta'
[0.425s] [34mcolcon.colcon_core.package_identification[0m [1;30mLevel 1[0m _identify(data/20260324_193040_session/1_capture/intermediate) by extensions ['ros']
[0.425s] [34mcolcon.colcon_core.package_identification[0m [1;30mLevel 1[0m _identify(data/20260324_193040_session/1_capture/intermediate) by extension 'ros'
[0.425s] [34mcolcon.colcon_core.package_identification[0m [1;30mLevel 1[0m _identify(data/20260324_193040_session/1_capture/intermediate) by extensions ['cmake', 'python']
[0.425s] [34mcolcon.colcon_core.package_identification[0m [1;30mLevel 1[0m _identify(data/20260324_193040_session/1_capture/intermediate) by extension 'cmake'
[0.425s] [34mcolcon.colcon_core.package_identification[0m [1;30mLevel 1[0m _identify(data/20260324_193040_session/1_capture/intermediate) by extension 'python'
[0.425s] [34mcolcon.colcon_core.package_identification[0m [1;30mLevel 1[0m _identify(data/20260324_193040_session/1_capture/intermediate) by extensions ['python_setup_py']
[0.425s] [34mcolcon.colcon_core.package_identification[0m [1;30mLevel 1[0m _identify(data/20260324_193040_session/1_capture/intermediate) by extension 'python_setup_py'
[0.425s] [34mcolcon.colcon_core.package_identification[0m [1;30mLevel 1[0m _identify(data/20260324_193040_session/1_capture/processed) by extensions ['ignore', 'ignore_ament_install']
[0.425s] [34mcolcon.colcon_core.package_identification[0m [1;30mLevel 1[0m _identify(data/20260324_193040_session/1_capture/processed) by extension 'ignore'
[0.425s] [34mcolcon.colcon_core.package_identification[0m [1;30mLevel 1[0m _identify(data/20260324_193040_session/1_capture/processed) by extension 'ignore_ament_install'
[0.425s] [34mcolcon.colcon_core.package_identification[0m [1;30mLevel 1[0m _identify(data/20260324_193040_session/1_capture/processed) by extensions ['colcon_pkg']
[0.425s] [34mcolcon.colcon_core.package_identification[0m [1;30mLevel 1[0m _identify(data/20260324_193040_session/1_capture/processed) by extension 'colcon_pkg'
[0.425s] [34mcolcon.colcon_core.package_identification[0m [1;30mLevel 1[0m _identify(data/20260324_193040_session/1_capture/processed) by extensions ['colcon_meta']
[0.425s] [34mcolcon.colcon_core.package_identification[0m [1;30mLevel 1[0m _identify(data/20260324_193040_session/1_capture/processed) by extension 'colcon_meta'
[0.425s] [34mcolcon.colcon_core.package_identification[0m [1;30mLevel 1[0m _identify(data/20260324_193040_session/1_capture/processed) by extensions ['ros']
[0.426s] [34mcolcon.colcon_core.package_identification[0m [1;30mLevel 1[0m _identify(data/20260324_193040_session/1_capture/processed) by extension 'ros'
[0.426s] [34mcolcon.colcon_core.package_identification[0m [1;30mLevel 1[0m _identify(data/20260324_193040_session/1_capture/processed) by extensions ['cmake', 'python']
[0.426s] [34mcolcon.colcon_core.package_identification[0m [1;30mLevel 1[0m _identify(data/20260324_193040_session/1_capture/processed) by extension 'cmake'
[0.426s] [34mcolcon.colcon_core.package_identification[0m [1;30mLevel 1[0m _identify(data/20260324_193040_session/1_capture/processed) by extension 'python'
[0.426s] [34mcolcon.colcon_core.package_identification[0m [1;30mLevel 1[0m _identify(data/20260324_193040_session/1_capture/processed) by extensions ['python_setup_py']
[0.426s] [34mcolcon.colcon_core.package_identification[0m [1;30mLevel 1[0m _identify(data/20260324_193040_session/1_capture/processed) by extension 'python_setup_py'
[0.426s] [34mcolcon.colcon_core.package_identification[0m [1;30mLevel 1[0m _identify(data/20260324_193040_session/1_capture/raw) by extensions ['ignore', 'ignore_ament_install']
[0.426s] [34mcolcon.colcon_core.package_identification[0m [1;30mLevel 1[0m _identify(data/20260324_193040_session/1_capture/raw) by extension 'ignore'
[0.426s] [34mcolcon.colcon_core.package_identification[0m [1;30mLevel 1[0m _identify(data/20260324_193040_session/1_capture/raw) by extension 'ignore_ament_install'
[0.426s] [34mcolcon.colcon_core.package_identification[0m [1;30mLevel 1[0m _identify(data/20260324_193040_session/1_capture/raw) by extensions ['colcon_pkg']
[0.426s] [34mcolcon.colcon_core.package_identification[0m [1;30mLevel 1[0m _identify(data/20260324_193040_session/1_capture/raw) by extension 'colcon_pkg'
[0.426s] [34mcolcon.colcon_core.package_identification[0m [1;30mLevel 1[0m _identify(data/20260324_193040_session/1_capture/raw) by extensions ['colcon_meta']
[0.426s] [34mcolcon.colcon_core.package_identification[0m [1;30mLevel 1[0m _identify(data/20260324_193040_session/1_capture/raw) by extension 'colcon_meta'
[0.426s] [34mcolcon.colcon_core.package_identification[0m [1;30mLevel 1[0m _identify(data/20260324_193040_session/1_capture/raw) by extensions ['ros']
[0.426s] [34mcolcon.colcon_core.package_identification[0m [1;30mLevel 1[0m _identify(data/20260324_193040_session/1_capture/raw) by extension 'ros'
[0.426s] [34mcolcon.colcon_core.package_identification[0m [1;30mLevel 1[0m _identify(data/20260324_193040_session/1_capture/raw) by extensions ['cmake', 'python']
[0.426s] [34mcolcon.colcon_core.package_identification[0m [1;30mLevel 1[0m _identify(data/20260324_193040_session/1_capture/raw) by extension 'cmake'
[0.426s] [34mcolcon.colcon_core.package_identification[0m [1;30mLevel 1[0m _identify(data/20260324_193040_session/1_capture/raw) by extension 'python'
[0.426s] [34mcolcon.colcon_core.package_identification[0m [1;30mLevel 1[0m _identify(data/20260324_193040_session/1_capture/raw) by extensions ['python_setup_py']
[0.426s] [34mcolcon.colcon_core.package_identification[0m [1;30mLevel 1[0m _identify(data/20260324_193040_session/1_capture/raw) by extension 'python_setup_py'
[0.426s] [34mcolcon.colcon_core.package_identification[0m [1;30mLevel 1[0m _identify(data/20260324_193040_session/2_capture) by extensions ['ignore', 'ignore_ament_install']
[0.426s] [34mcolcon.colcon_core.package_identification[0m [1;30mLevel 1[0m _identify(data/20260324_193040_session/2_capture) by extension 'ignore'
[0.426s] [34mcolcon.colcon_core.package_identification[0m [1;30mLevel 1[0m _identify(data/20260324_193040_session/2_capture) by extension 'ignore_ament_install'
[0.426s] [34mcolcon.colcon_core.package_identification[0m [1;30mLevel 1[0m _identify(data/20260324_193040_session/2_capture) by extensions ['colcon_pkg']
[0.427s] [34mcolcon.colcon_core.package_identification[0m [1;30mLevel 1[0m _identify(data/20260324_193040_session/2_capture) by extension 'colcon_pkg'
[0.427s] [34mcolcon.colcon_core.package_identification[0m [1;30mLevel 1[0m _identify(data/20260324_193040_session/2_capture) by extensions ['colcon_meta']
[0.427s] [34mcolcon.colcon_core.package_identification[0m [1;30mLevel 1[0m _identify(data/20260324_193040_session/2_capture) by extension 'colcon_meta'
[0.427s] [34mcolcon.colcon_core.package_identification[0m [1;30mLevel 1[0m _identify(data/20260324_193040_session/2_capture) by extensions ['ros']
[0.427s] [34mcolcon.colcon_core.package_identification[0m [1;30mLevel 1[0m _identify(data/20260324_193040_session/2_capture) by extension 'ros'
[0.427s] [34mcolcon.colcon_core.package_identification[0m [1;30mLevel 1[0m _identify(data/20260324_193040_session/2_capture) by extensions ['cmake', 'python']
[0.427s] [34mcolcon.colcon_core.package_identification[0m [1;30mLevel 1[0m _identify(data/20260324_193040_session/2_capture) by extension 'cmake'
[0.427s] [34mcolcon.colcon_core.package_identification[0m [1;30mLevel 1[0m _identify(data/20260324_193040_session/2_capture) by extension 'python'
[0.427s] [34mcolcon.colcon_core.package_identification[0m [1;30mLevel 1[0m _identify(data/20260324_193040_session/2_capture) by extensions ['python_setup_py']
[0.427s] [34mcolcon.colcon_core.package_identification[0m [1;30mLevel 1[0m _identify(data/20260324_193040_session/2_capture) by extension 'python_setup_py'
[0.427s] [34mcolcon.colcon_core.package_identification[0m [1;30mLevel 1[0m _identify(data/20260324_193040_session/2_capture/intermediate) by extensions ['ignore', 'ignore_ament_install']
[0.427s] [34mcolcon.colcon_core.package_identification[0m [1;30mLevel 1[0m _identify(data/20260324_193040_session/2_capture/intermediate) by extension 'ignore'
[0.427s] [34mcolcon.colcon_core.package_identification[0m [1;30mLevel 1[0m _identify(data/20260324_193040_session/2_capture/intermediate) by extension 'ignore_ament_install'
[0.427s] [34mcolcon.colcon_core.package_identification[0m [1;30mLevel 1[0m _identify(data/20260324_193040_session/2_capture/intermediate) by extensions ['colcon_pkg']
[0.427s] [34mcolcon.colcon_core.package_identification[0m [1;30mLevel 1[0m _identify(data/20260324_193040_session/2_capture/intermediate) by extension 'colcon_pkg'
[0.427s] [34mcolcon.colcon_core.package_identification[0m [1;30mLevel 1[0m _identify(data/20260324_193040_session/2_capture/intermediate) by extensions ['colcon_meta']
[0.427s] [34mcolcon.colcon_core.package_identification[0m [1;30mLevel 1[0m _identify(data/20260324_193040_session/2_capture/intermediate) by extension 'colcon_meta'
[0.427s] [34mcolcon.colcon_core.package_identification[0m [1;30mLevel 1[0m _identify(data/20260324_193040_session/2_capture/intermediate) by extensions ['ros']
[0.427s] [34mcolcon.colcon_core.package_identification[0m [1;30mLevel 1[0m _identify(data/20260324_193040_session/2_capture/intermediate) by extension 'ros'
[0.427s] [34mcolcon.colcon_core.package_identification[0m [1;30mLevel 1[0m _identify(data/20260324_193040_session/2_capture/intermediate) by extensions ['cmake', 'python']
[0.427s] [34mcolcon.colcon_core.package_identification[0m [1;30mLevel 1[0m _identify(data/20260324_193040_session/2_capture/intermediate) by extension 'cmake'
[0.427s] [34mcolcon.colcon_core.package_identification[0m [1;30mLevel 1[0m _identify(data/20260324_193040_session/2_capture/intermediate) by extension 'python'
[0.427s] [34mcolcon.colcon_core.package_identification[0m [1;30mLevel 1[0m _identify(data/20260324_193040_session/2_capture/intermediate) by extensions ['python_setup_py']
[0.427s] [34mcolcon.colcon_core.package_identification[0m [1;30mLevel 1[0m _identify(data/20260324_193040_session/2_capture/intermediate) by extension 'python_setup_py'
[0.427s] [34mcolcon.colcon_core.package_identification[0m [1;30mLevel 1[0m _identify(data/20260324_193040_session/2_capture/processed) by extensions ['ignore', 'ignore_ament_install']
[0.428s] [34mcolcon.colcon_core.package_identification[0m [1;30mLevel 1[0m _identify(data/20260324_193040_session/2_capture/processed) by extension 'ignore'
[0.428s] [34mcolcon.colcon_core.package_identification[0m [1;30mLevel 1[0m _identify(data/20260324_193040_session/2_capture/processed) by extension 'ignore_ament_install'
[0.428s] [34mcolcon.colcon_core.package_identification[0m [1;30mLevel 1[0m _identify(data/20260324_193040_session/2_capture/processed) by extensions ['colcon_pkg']
[0.428s] [34mcolcon.colcon_core.package_identification[0m [1;30mLevel 1[0m _identify(data/20260324_193040_session/2_capture/processed) by extension 'colcon_pkg'
[0.428s] [34mcolcon.colcon_core.package_identification[0m [1;30mLevel 1[0m _identify(data/20260324_193040_session/2_capture/processed) by extensions ['colcon_meta']
[0.428s] [34mcolcon.colcon_core.package_identification[0m [1;30mLevel 1[0m _identify(data/20260324_193040_session/2_capture/processed) by extension 'colcon_meta'
[0.428s] [34mcolcon.colcon_core.package_identification[0m [1;30mLevel 1[0m _identify(data/20260324_193040_session/2_capture/processed) by extensions ['ros']
[0.428s] [34mcolcon.colcon_core.package_identification[0m [1;30mLevel 1[0m _identify(data/20260324_193040_session/2_capture/processed) by extension 'ros'
[0.428s] [34mcolcon.colcon_core.package_identification[0m [1;30mLevel 1[0m _identify(data/20260324_193040_session/2_capture/processed) by extensions ['cmake', 'python']
[0.428s] [34mcolcon.colcon_core.package_identification[0m [1;30mLevel 1[0m _identify(data/20260324_193040_session/2_capture/processed) by extension 'cmake'
[0.428s] [34mcolcon.colcon_core.package_identification[0m [1;30mLevel 1[0m _identify(data/20260324_193040_session/2_capture/processed) by extension 'python'
[0.428s] [34mcolcon.colcon_core.package_identification[0m [1;30mLevel 1[0m _identify(data/20260324_193040_session/2_capture/processed) by extensions ['python_setup_py']
[0.428s] [34mcolcon.colcon_core.package_identification[0m [1;30mLevel 1[0m _identify(data/20260324_193040_session/2_capture/processed) by extension 'python_setup_py'
[0.428s] [34mcolcon.colcon_core.package_identification[0m [1;30mLevel 1[0m _identify(data/20260324_193040_session/2_capture/raw) by extensions ['ignore', 'ignore_ament_install']
[0.428s] [34mcolcon.colcon_core.package_identification[0m [1;30mLevel 1[0m _identify(data/20260324_193040_session/2_capture/raw) by extension 'ignore'
[0.428s] [34mcolcon.colcon_core.package_identification[0m [1;30mLevel 1[0m _identify(data/20260324_193040_session/2_capture/raw) by extension 'ignore_ament_install'
[0.428s] [34mcolcon.colcon_core.package_identification[0m [1;30mLevel 1[0m _identify(data/20260324_193040_session/2_capture/raw) by extensions ['colcon_pkg']
[0.428s] [34mcolcon.colcon_core.package_identification[0m [1;30mLevel 1[0m _identify(data/20260324_193040_session/2_capture/raw) by extension 'colcon_pkg'
[0.428s] [34mcolcon.colcon_core.package_identification[0m [1;30mLevel 1[0m _identify(data/20260324_193040_session/2_capture/raw) by extensions ['colcon_meta']
[0.428s] [34mcolcon.colcon_core.package_identification[0m [1;30mLevel 1[0m _identify(data/20260324_193040_session/2_capture/raw) by extension 'colcon_meta'
[0.428s] [34mcolcon.colcon_core.package_identification[0m [1;30mLevel 1[0m _identify(data/20260324_193040_session/2_capture/raw) by extensions ['ros']
[0.428s] [34mcolcon.colcon_core.package_identification[0m [1;30mLevel 1[0m _identify(data/20260324_193040_session/2_capture/raw) by extension 'ros'
[0.428s] [34mcolcon.colcon_core.package_identification[0m [1;30mLevel 1[0m _identify(data/20260324_193040_session/2_capture/raw) by extensions ['cmake', 'python']
[0.428s] [34mcolcon.colcon_core.package_identification[0m [1;30mLevel 1[0m _identify(data/20260324_193040_session/2_capture/raw) by extension 'cmake'
[0.428s] [34mcolcon.colcon_core.package_identification[0m [1;30mLevel 1[0m _identify(data/20260324_193040_session/2_capture/raw) by extension 'python'
[0.429s] [34mcolcon.colcon_core.package_identification[0m [1;30mLevel 1[0m _identify(data/20260324_193040_session/2_capture/raw) by extensions ['python_setup_py']
[0.429s] [34mcolcon.colcon_core.package_identification[0m [1;30mLevel 1[0m _identify(data/20260324_193040_session/2_capture/raw) by extension 'python_setup_py'
[0.429s] [34mcolcon.colcon_core.package_identification[0m [1;30mLevel 1[0m _identify(data/20260324_193957_session) by extensions ['ignore', 'ignore_ament_install']
[0.429s] [34mcolcon.colcon_core.package_identification[0m [1;30mLevel 1[0m _identify(data/20260324_193957_session) by extension 'ignore'
[0.429s] [34mcolcon.colcon_core.package_identification[0m [1;30mLevel 1[0m _identify(data/20260324_193957_session) by extension 'ignore_ament_install'
[0.429s] [34mcolcon.colcon_core.package_identification[0m [1;30mLevel 1[0m _identify(data/20260324_193957_session) by extensions ['colcon_pkg']
[0.429s] [34mcolcon.colcon_core.package_identification[0m [1;30mLevel 1[0m _identify(data/20260324_193957_session) by extension 'colcon_pkg'
[0.429s] [34mcolcon.colcon_core.package_identification[0m [1;30mLevel 1[0m _identify(data/20260324_193957_session) by extensions ['colcon_meta']
[0.429s] [34mcolcon.colcon_core.package_identification[0m [1;30mLevel 1[0m _identify(data/20260324_193957_session) by extension 'colcon_meta'
[0.429s] [34mcolcon.colcon_core.package_identification[0m [1;30mLevel 1[0m _identify(data/20260324_193957_session) by extensions ['ros']
[0.429s] [34mcolcon.colcon_core.package_identification[0m [1;30mLevel 1[0m _identify(data/20260324_193957_session) by extension 'ros'
[0.429s] [34mcolcon.colcon_core.package_identification[0m [1;30mLevel 1[0m _identify(data/20260324_193957_session) by extensions ['cmake', 'python']
[0.429s] [34mcolcon.colcon_core.package_identification[0m [1;30mLevel 1[0m _identify(data/20260324_193957_session) by extension 'cmake'
[0.429s] [34mcolcon.colcon_core.package_identification[0m [1;30mLevel 1[0m _identify(data/20260324_193957_session) by extension 'python'
[0.429s] [34mcolcon.colcon_core.package_identification[0m [1;30mLevel 1[0m _identify(data/20260324_193957_session) by extensions ['python_setup_py']
[0.429s] [34mcolcon.colcon_core.package_identification[0m [1;30mLevel 1[0m _identify(data/20260324_193957_session) by extension 'python_setup_py'
[0.429s] [34mcolcon.colcon_core.package_identification[0m [1;30mLevel 1[0m _identify(data/20260324_193957_session/1_capture) by extensions ['ignore', 'ignore_ament_install']
[0.429s] [34mcolcon.colcon_core.package_identification[0m [1;30mLevel 1[0m _identify(data/20260324_193957_session/1_capture) by extension 'ignore'
[0.429s] [34mcolcon.colcon_core.package_identification[0m [1;30mLevel 1[0m _identify(data/20260324_193957_session/1_capture) by extension 'ignore_ament_install'
[0.429s] [34mcolcon.colcon_core.package_identification[0m [1;30mLevel 1[0m _identify(data/20260324_193957_session/1_capture) by extensions ['colcon_pkg']
[0.429s] [34mcolcon.colcon_core.package_identification[0m [1;30mLevel 1[0m _identify(data/20260324_193957_session/1_capture) by extension 'colcon_pkg'
[0.429s] [34mcolcon.colcon_core.package_identification[0m [1;30mLevel 1[0m _identify(data/20260324_193957_session/1_capture) by extensions ['colcon_meta']
[0.429s] [34mcolcon.colcon_core.package_identification[0m [1;30mLevel 1[0m _identify(data/20260324_193957_session/1_capture) by extension 'colcon_meta'
[0.429s] [34mcolcon.colcon_core.package_identification[0m [1;30mLevel 1[0m _identify(data/20260324_193957_session/1_capture) by extensions ['ros']
[0.430s] [34mcolcon.colcon_core.package_identification[0m [1;30mLevel 1[0m _identify(data/20260324_193957_session/1_capture) by extension 'ros'
[0.430s] [34mcolcon.colcon_core.package_identification[0m [1;30mLevel 1[0m _identify(data/20260324_193957_session/1_capture) by extensions ['cmake', 'python']
[0.430s] [34mcolcon.colcon_core.package_identification[0m [1;30mLevel 1[0m _identify(data/20260324_193957_session/1_capture) by extension 'cmake'
[0.430s] [34mcolcon.colcon_core.package_identification[0m [1;30mLevel 1[0m _identify(data/20260324_193957_session/1_capture) by extension 'python'
[0.430s] [34mcolcon.colcon_core.package_identification[0m [1;30mLevel 1[0m _identify(data/20260324_193957_session/1_capture) by extensions ['python_setup_py']
[0.430s] [34mcolcon.colcon_core.package_identification[0m [1;30mLevel 1[0m _identify(data/20260324_193957_session/1_capture) by extension 'python_setup_py'
[0.430s] [34mcolcon.colcon_core.package_identification[0m [1;30mLevel 1[0m _identify(data/20260324_193957_session/1_capture/intermediate) by extensions ['ignore', 'ignore_ament_install']
[0.430s] [34mcolcon.colcon_core.package_identification[0m [1;30mLevel 1[0m _identify(data/20260324_193957_session/1_capture/intermediate) by extension 'ignore'
[0.430s] [34mcolcon.colcon_core.package_identification[0m [1;30mLevel 1[0m _identify(data/20260324_193957_session/1_capture/intermediate) by extension 'ignore_ament_install'
[0.430s] [34mcolcon.colcon_core.package_identification[0m [1;30mLevel 1[0m _identify(data/20260324_193957_session/1_capture/intermediate) by extensions ['colcon_pkg']
[0.430s] [34mcolcon.colcon_core.package_identification[0m [1;30mLevel 1[0m _identify(data/20260324_193957_session/1_capture/intermediate) by extension 'colcon_pkg'
[0.430s] [34mcolcon.colcon_core.package_identification[0m [1;30mLevel 1[0m _identify(data/20260324_193957_session/1_capture/intermediate) by extensions ['colcon_meta']
[0.430s] [34mcolcon.colcon_core.package_identification[0m [1;30mLevel 1[0m _identify(data/20260324_193957_session/1_capture/intermediate) by extension 'colcon_meta'
[0.430s] [34mcolcon.colcon_core.package_identification[0m [1;30mLevel 1[0m _identify(data/20260324_193957_session/1_capture/intermediate) by extensions ['ros']
[0.430s] [34mcolcon.colcon_core.package_identification[0m [1;30mLevel 1[0m _identify(data/20260324_193957_session/1_capture/intermediate) by extension 'ros'
[0.430s] [34mcolcon.colcon_core.package_identification[0m [1;30mLevel 1[0m _identify(data/20260324_193957_session/1_capture/intermediate) by extensions ['cmake', 'python']
[0.430s] [34mcolcon.colcon_core.package_identification[0m [1;30mLevel 1[0m _identify(data/20260324_193957_session/1_capture/intermediate) by extension 'cmake'
[0.430s] [34mcolcon.colcon_core.package_identification[0m [1;30mLevel 1[0m _identify(data/20260324_193957_session/1_capture/intermediate) by extension 'python'
[0.430s] [34mcolcon.colcon_core.package_identification[0m [1;30mLevel 1[0m _identify(data/20260324_193957_session/1_capture/intermediate) by extensions ['python_setup_py']
[0.430s] [34mcolcon.colcon_core.package_identification[0m [1;30mLevel 1[0m _identify(data/20260324_193957_session/1_capture/intermediate) by extension 'python_setup_py'
[0.430s] [34mcolcon.colcon_core.package_identification[0m [1;30mLevel 1[0m _identify(data/20260324_193957_session/1_capture/processed) by extensions ['ignore', 'ignore_ament_install']
[0.430s] [34mcolcon.colcon_core.package_identification[0m [1;30mLevel 1[0m _identify(data/20260324_193957_session/1_capture/processed) by extension 'ignore'
[0.430s] [34mcolcon.colcon_core.package_identification[0m [1;30mLevel 1[0m _identify(data/20260324_193957_session/1_capture/processed) by extension 'ignore_ament_install'
[0.431s] [34mcolcon.colcon_core.package_identification[0m [1;30mLevel 1[0m _identify(data/20260324_193957_session/1_capture/processed) by extensions ['colcon_pkg']
[0.431s] [34mcolcon.colcon_core.package_identification[0m [1;30mLevel 1[0m _identify(data/20260324_193957_session/1_capture/processed) by extension 'colcon_pkg'
[0.431s] [34mcolcon.colcon_core.package_identification[0m [1;30mLevel 1[0m _identify(data/20260324_193957_session/1_capture/processed) by extensions ['colcon_meta']
[0.431s] [34mcolcon.colcon_core.package_identification[0m [1;30mLevel 1[0m _identify(data/20260324_193957_session/1_capture/processed) by extension 'colcon_meta'
[0.431s] [34mcolcon.colcon_core.package_identification[0m [1;30mLevel 1[0m _identify(data/20260324_193957_session/1_capture/processed) by extensions ['ros']
[0.431s] [34mcolcon.colcon_core.package_identification[0m [1;30mLevel 1[0m _identify(data/20260324_193957_session/1_capture/processed) by extension 'ros'
[0.431s] [34mcolcon.colcon_core.package_identification[0m [1;30mLevel 1[0m _identify(data/20260324_193957_session/1_capture/processed) by extensions ['cmake', 'python']
[0.431s] [34mcolcon.colcon_core.package_identification[0m [1;30mLevel 1[0m _identify(data/20260324_193957_session/1_capture/processed) by extension 'cmake'
[0.431s] [34mcolcon.colcon_core.package_identification[0m [1;30mLevel 1[0m _identify(data/20260324_193957_session/1_capture/processed) by extension 'python'
[0.431s] [34mcolcon.colcon_core.package_identification[0m [1;30mLevel 1[0m _identify(data/20260324_193957_session/1_capture/processed) by extensions ['python_setup_py']
[0.431s] [34mcolcon.colcon_core.package_identification[0m [1;30mLevel 1[0m _identify(data/20260324_193957_session/1_capture/processed) by extension 'python_setup_py'
[0.431s] [34mcolcon.colcon_core.package_identification[0m [1;30mLevel 1[0m _identify(data/20260324_193957_session/1_capture/raw) by extensions ['ignore', 'ignore_ament_install']
[0.431s] [34mcolcon.colcon_core.package_identification[0m [1;30mLevel 1[0m _identify(data/20260324_193957_session/1_capture/raw) by extension 'ignore'
[0.431s] [34mcolcon.colcon_core.package_identification[0m [1;30mLevel 1[0m _identify(data/20260324_193957_session/1_capture/raw) by extension 'ignore_ament_install'
[0.431s] [34mcolcon.colcon_core.package_identification[0m [1;30mLevel 1[0m _identify(data/20260324_193957_session/1_capture/raw) by extensions ['colcon_pkg']
[0.431s] [34mcolcon.colcon_core.package_identification[0m [1;30mLevel 1[0m _identify(data/20260324_193957_session/1_capture/raw) by extension 'colcon_pkg'
[0.431s] [34mcolcon.colcon_core.package_identification[0m [1;30mLevel 1[0m _identify(data/20260324_193957_session/1_capture/raw) by extensions ['colcon_meta']
[0.431s] [34mcolcon.colcon_core.package_identification[0m [1;30mLevel 1[0m _identify(data/20260324_193957_session/1_capture/raw) by extension 'colcon_meta'
[0.431s] [34mcolcon.colcon_core.package_identification[0m [1;30mLevel 1[0m _identify(data/20260324_193957_session/1_capture/raw) by extensions ['ros']
[0.431s] [34mcolcon.colcon_core.package_identification[0m [1;30mLevel 1[0m _identify(data/20260324_193957_session/1_capture/raw) by extension 'ros'
[0.431s] [34mcolcon.colcon_core.package_identification[0m [1;30mLevel 1[0m _identify(data/20260324_193957_session/1_capture/raw) by extensions ['cmake', 'python']
[0.431s] [34mcolcon.colcon_core.package_identification[0m [1;30mLevel 1[0m _identify(data/20260324_193957_session/1_capture/raw) by extension 'cmake'
[0.431s] [34mcolcon.colcon_core.package_identification[0m [1;30mLevel 1[0m _identify(data/20260324_193957_session/1_capture/raw) by extension 'python'
[0.431s] [34mcolcon.colcon_core.package_identification[0m [1;30mLevel 1[0m _identify(data/20260324_193957_session/1_capture/raw) by extensions ['python_setup_py']
[0.431s] [34mcolcon.colcon_core.package_identification[0m [1;30mLevel 1[0m _identify(data/20260324_193957_session/1_capture/raw) by extension 'python_setup_py'
[0.431s] [34mcolcon.colcon_core.package_identification[0m [1;30mLevel 1[0m _identify(data/20260324_193957_session/2_capture) by extensions ['ignore', 'ignore_ament_install']
[0.432s] [34mcolcon.colcon_core.package_identification[0m [1;30mLevel 1[0m _identify(data/20260324_193957_session/2_capture) by extension 'ignore'
[0.432s] [34mcolcon.colcon_core.package_identification[0m [1;30mLevel 1[0m _identify(data/20260324_193957_session/2_capture) by extension 'ignore_ament_install'
[0.432s] [34mcolcon.colcon_core.package_identification[0m [1;30mLevel 1[0m _identify(data/20260324_193957_session/2_capture) by extensions ['colcon_pkg']
[0.432s] [34mcolcon.colcon_core.package_identification[0m [1;30mLevel 1[0m _identify(data/20260324_193957_session/2_capture) by extension 'colcon_pkg'
[0.432s] [34mcolcon.colcon_core.package_identification[0m [1;30mLevel 1[0m _identify(data/20260324_193957_session/2_capture) by extensions ['colcon_meta']
[0.432s] [34mcolcon.colcon_core.package_identification[0m [1;30mLevel 1[0m _identify(data/20260324_193957_session/2_capture) by extension 'colcon_meta'
[0.432s] [34mcolcon.colcon_core.package_identification[0m [1;30mLevel 1[0m _identify(data/20260324_193957_session/2_capture) by extensions ['ros']
[0.432s] [34mcolcon.colcon_core.package_identification[0m [1;30mLevel 1[0m _identify(data/20260324_193957_session/2_capture) by extension 'ros'
[0.432s] [34mcolcon.colcon_core.package_identification[0m [1;30mLevel 1[0m _identify(data/20260324_193957_session/2_capture) by extensions ['cmake', 'python']
[0.432s] [34mcolcon.colcon_core.package_identification[0m [1;30mLevel 1[0m _identify(data/20260324_193957_session/2_capture) by extension 'cmake'
[0.432s] [34mcolcon.colcon_core.package_identification[0m [1;30mLevel 1[0m _identify(data/20260324_193957_session/2_capture) by extension 'python'
[0.432s] [34mcolcon.colcon_core.package_identification[0m [1;30mLevel 1[0m _identify(data/20260324_193957_session/2_capture) by extensions ['python_setup_py']
[0.432s] [34mcolcon.colcon_core.package_identification[0m [1;30mLevel 1[0m _identify(data/20260324_193957_session/2_capture) by extension 'python_setup_py'
[0.432s] [34mcolcon.colcon_core.package_identification[0m [1;30mLevel 1[0m _identify(data/20260324_193957_session/2_capture/intermediate) by extensions ['ignore', 'ignore_ament_install']
[0.432s] [34mcolcon.colcon_core.package_identification[0m [1;30mLevel 1[0m _identify(data/20260324_193957_session/2_capture/intermediate) by extension 'ignore'
[0.432s] [34mcolcon.colcon_core.package_identification[0m [1;30mLevel 1[0m _identify(data/20260324_193957_session/2_capture/intermediate) by extension 'ignore_ament_install'
[0.432s] [34mcolcon.colcon_core.package_identification[0m [1;30mLevel 1[0m _identify(data/20260324_193957_session/2_capture/intermediate) by extensions ['colcon_pkg']
[0.432s] [34mcolcon.colcon_core.package_identification[0m [1;30mLevel 1[0m _identify(data/20260324_193957_session/2_capture/intermediate) by extension 'colcon_pkg'
[0.432s] [34mcolcon.colcon_core.package_identification[0m [1;30mLevel 1[0m _identify(data/20260324_193957_session/2_capture/intermediate) by extensions ['colcon_meta']
[0.432s] [34mcolcon.colcon_core.package_identification[0m [1;30mLevel 1[0m _identify(data/20260324_193957_session/2_capture/intermediate) by extension 'colcon_meta'
[0.432s] [34mcolcon.colcon_core.package_identification[0m [1;30mLevel 1[0m _identify(data/20260324_193957_session/2_capture/intermediate) by extensions ['ros']
[0.432s] [34mcolcon.colcon_core.package_identification[0m [1;30mLevel 1[0m _identify(data/20260324_193957_session/2_capture/intermediate) by extension 'ros'
[0.432s] [34mcolcon.colcon_core.package_identification[0m [1;30mLevel 1[0m _identify(data/20260324_193957_session/2_capture/intermediate) by extensions ['cmake', 'python']
[0.432s] [34mcolcon.colcon_core.package_identification[0m [1;30mLevel 1[0m _identify(data/20260324_193957_session/2_capture/intermediate) by extension 'cmake'
[0.433s] [34mcolcon.colcon_core.package_identification[0m [1;30mLevel 1[0m _identify(data/20260324_193957_session/2_capture/intermediate) by extension 'python'
[0.433s] [34mcolcon.colcon_core.package_identification[0m [1;30mLevel 1[0m _identify(data/20260324_193957_session/2_capture/intermediate) by extensions ['python_setup_py']
[0.433s] [34mcolcon.colcon_core.package_identification[0m [1;30mLevel 1[0m _identify(data/20260324_193957_session/2_capture/intermediate) by extension 'python_setup_py'
[0.433s] [34mcolcon.colcon_core.package_identification[0m [1;30mLevel 1[0m _identify(data/20260324_193957_session/2_capture/processed) by extensions ['ignore', 'ignore_ament_install']
[0.433s] [34mcolcon.colcon_core.package_identification[0m [1;30mLevel 1[0m _identify(data/20260324_193957_session/2_capture/processed) by extension 'ignore'
[0.433s] [34mcolcon.colcon_core.package_identification[0m [1;30mLevel 1[0m _identify(data/20260324_193957_session/2_capture/processed) by extension 'ignore_ament_install'
[0.433s] [34mcolcon.colcon_core.package_identification[0m [1;30mLevel 1[0m _identify(data/20260324_193957_session/2_capture/processed) by extensions ['colcon_pkg']
[0.433s] [34mcolcon.colcon_core.package_identification[0m [1;30mLevel 1[0m _identify(data/20260324_193957_session/2_capture/processed) by extension 'colcon_pkg'
[0.433s] [34mcolcon.colcon_core.package_identification[0m [1;30mLevel 1[0m _identify(data/20260324_193957_session/2_capture/processed) by extensions ['colcon_meta']
[0.433s] [34mcolcon.colcon_core.package_identification[0m [1;30mLevel 1[0m _identify(data/20260324_193957_session/2_capture/processed) by extension 'colcon_meta'
[0.433s] [34mcolcon.colcon_core.package_identification[0m [1;30mLevel 1[0m _identify(data/20260324_193957_session/2_capture/processed) by extensions ['ros']
[0.433s] [34mcolcon.colcon_core.package_identification[0m [1;30mLevel 1[0m _identify(data/20260324_193957_session/2_capture/processed) by extension 'ros'
[0.433s] [34mcolcon.colcon_core.package_identification[0m [1;30mLevel 1[0m _identify(data/20260324_193957_session/2_capture/processed) by extensions ['cmake', 'python']
[0.433s] [34mcolcon.colcon_core.package_identification[0m [1;30mLevel 1[0m _identify(data/20260324_193957_session/2_capture/processed) by extension 'cmake'
[0.433s] [34mcolcon.colcon_core.package_identification[0m [1;30mLevel 1[0m _identify(data/20260324_193957_session/2_capture/processed) by extension 'python'
[0.433s] [34mcolcon.colcon_core.package_identification[0m [1;30mLevel 1[0m _identify(data/20260324_193957_session/2_capture/processed) by extensions ['python_setup_py']
[0.433s] [34mcolcon.colcon_core.package_identification[0m [1;30mLevel 1[0m _identify(data/20260324_193957_session/2_capture/processed) by extension 'python_setup_py'
[0.433s] [34mcolcon.colcon_core.package_identification[0m [1;30mLevel 1[0m _identify(data/20260324_193957_session/2_capture/raw) by extensions ['ignore', 'ignore_ament_install']
[0.433s] [34mcolcon.colcon_core.package_identification[0m [1;30mLevel 1[0m _identify(data/20260324_193957_session/2_capture/raw) by extension 'ignore'
[0.433s] [34mcolcon.colcon_core.package_identification[0m [1;30mLevel 1[0m _identify(data/20260324_193957_session/2_capture/raw) by extension 'ignore_ament_install'
[0.433s] [34mcolcon.colcon_core.package_identification[0m [1;30mLevel 1[0m _identify(data/20260324_193957_session/2_capture/raw) by extensions ['colcon_pkg']
[0.433s] [34mcolcon.colcon_core.package_identification[0m [1;30mLevel 1[0m _identify(data/20260324_193957_session/2_capture/raw) by extension 'colcon_pkg'
[0.433s] [34mcolcon.colcon_core.package_identification[0m [1;30mLevel 1[0m _identify(data/20260324_193957_session/2_capture/raw) by extensions ['colcon_meta']
[0.433s] [34mcolcon.colcon_core.package_identification[0m [1;30mLevel 1[0m _identify(data/20260324_193957_session/2_capture/raw) by extension 'colcon_meta'
[0.434s] [34mcolcon.colcon_core.package_identification[0m [1;30mLevel 1[0m _identify(data/20260324_193957_session/2_capture/raw) by extensions ['ros']
[0.434s] [34mcolcon.colcon_core.package_identification[0m [1;30mLevel 1[0m _identify(data/20260324_193957_session/2_capture/raw) by extension 'ros'
[0.434s] [34mcolcon.colcon_core.package_identification[0m [1;30mLevel 1[0m _identify(data/20260324_193957_session/2_capture/raw) by extensions ['cmake', 'python']
[0.434s] [34mcolcon.colcon_core.package_identification[0m [1;30mLevel 1[0m _identify(data/20260324_193957_session/2_capture/raw) by extension 'cmake'
[0.434s] [34mcolcon.colcon_core.package_identification[0m [1;30mLevel 1[0m _identify(data/20260324_193957_session/2_capture/raw) by extension 'python'
[0.434s] [34mcolcon.colcon_core.package_identification[0m [1;30mLevel 1[0m _identify(data/20260324_193957_session/2_capture/raw) by extensions ['python_setup_py']
[0.434s] [34mcolcon.colcon_core.package_identification[0m [1;30mLevel 1[0m _identify(data/20260324_193957_session/2_capture/raw) by extension 'python_setup_py'
[0.434s] [34mcolcon.colcon_core.package_identification[0m [1;30mLevel 1[0m _identify(data/20260325_142714_session) by extensions ['ignore', 'ignore_ament_install']
[0.434s] [34mcolcon.colcon_core.package_identification[0m [1;30mLevel 1[0m _identify(data/20260325_142714_session) by extension 'ignore'
[0.434s] [34mcolcon.colcon_core.package_identification[0m [1;30mLevel 1[0m _identify(data/20260325_142714_session) by extension 'ignore_ament_install'
[0.434s] [34mcolcon.colcon_core.package_identification[0m [1;30mLevel 1[0m _identify(data/20260325_142714_session) by extensions ['colcon_pkg']
[0.434s] [34mcolcon.colcon_core.package_identification[0m [1;30mLevel 1[0m _identify(data/20260325_142714_session) by extension 'colcon_pkg'
[0.434s] [34mcolcon.colcon_core.package_identification[0m [1;30mLevel 1[0m _identify(data/20260325_142714_session) by extensions ['colcon_meta']
[0.434s] [34mcolcon.colcon_core.package_identification[0m [1;30mLevel 1[0m _identify(data/20260325_142714_session) by extension 'colcon_meta'
[0.434s] [34mcolcon.colcon_core.package_identification[0m [1;30mLevel 1[0m _identify(data/20260325_142714_session) by extensions ['ros']
[0.434s] [34mcolcon.colcon_core.package_identification[0m [1;30mLevel 1[0m _identify(data/20260325_142714_session) by extension 'ros'
[0.434s] [34mcolcon.colcon_core.package_identification[0m [1;30mLevel 1[0m _identify(data/20260325_142714_session) by extensions ['cmake', 'python']
[0.434s] [34mcolcon.colcon_core.package_identification[0m [1;30mLevel 1[0m _identify(data/20260325_142714_session) by extension 'cmake'
[0.434s] [34mcolcon.colcon_core.package_identification[0m [1;30mLevel 1[0m _identify(data/20260325_142714_session) by extension 'python'
[0.434s] [34mcolcon.colcon_core.package_identification[0m [1;30mLevel 1[0m _identify(data/20260325_142714_session) by extensions ['python_setup_py']
[0.434s] [34mcolcon.colcon_core.package_identification[0m [1;30mLevel 1[0m _identify(data/20260325_142714_session) by extension 'python_setup_py'
[0.434s] [34mcolcon.colcon_core.package_identification[0m [1;30mLevel 1[0m _identify(data/20260325_142714_session/1_capture) by extensions ['ignore', 'ignore_ament_install']
[0.434s] [34mcolcon.colcon_core.package_identification[0m [1;30mLevel 1[0m _identify(data/20260325_142714_session/1_capture) by extension 'ignore'
[0.434s] [34mcolcon.colcon_core.package_identification[0m [1;30mLevel 1[0m _identify(data/20260325_142714_session/1_capture) by extension 'ignore_ament_install'
[0.435s] [34mcolcon.colcon_core.package_identification[0m [1;30mLevel 1[0m _identify(data/20260325_142714_session/1_capture) by extensions ['colcon_pkg']
[0.435s] [34mcolcon.colcon_core.package_identification[0m [1;30mLevel 1[0m _identify(data/20260325_142714_session/1_capture) by extension 'colcon_pkg'
[0.435s] [34mcolcon.colcon_core.package_identification[0m [1;30mLevel 1[0m _identify(data/20260325_142714_session/1_capture) by extensions ['colcon_meta']
[0.435s] [34mcolcon.colcon_core.package_identification[0m [1;30mLevel 1[0m _identify(data/20260325_142714_session/1_capture) by extension 'colcon_meta'
[0.435s] [34mcolcon.colcon_core.package_identification[0m [1;30mLevel 1[0m _identify(data/20260325_142714_session/1_capture) by extensions ['ros']
[0.435s] [34mcolcon.colcon_core.package_identification[0m [1;30mLevel 1[0m _identify(data/20260325_142714_session/1_capture) by extension 'ros'
[0.435s] [34mcolcon.colcon_core.package_identification[0m [1;30mLevel 1[0m _identify(data/20260325_142714_session/1_capture) by extensions ['cmake', 'python']
[0.435s] [34mcolcon.colcon_core.package_identification[0m [1;30mLevel 1[0m _identify(data/20260325_142714_session/1_capture) by extension 'cmake'
[0.435s] [34mcolcon.colcon_core.package_identification[0m [1;30mLevel 1[0m _identify(data/20260325_142714_session/1_capture) by extension 'python'
[0.435s] [34mcolcon.colcon_core.package_identification[0m [1;30mLevel 1[0m _identify(data/20260325_142714_session/1_capture) by extensions ['python_setup_py']
[0.435s] [34mcolcon.colcon_core.package_identification[0m [1;30mLevel 1[0m _identify(data/20260325_142714_session/1_capture) by extension 'python_setup_py'
[0.435s] [34mcolcon.colcon_core.package_identification[0m [1;30mLevel 1[0m _identify(data/20260325_142714_session/1_capture/intermediate) by extensions ['ignore', 'ignore_ament_install']
[0.435s] [34mcolcon.colcon_core.package_identification[0m [1;30mLevel 1[0m _identify(data/20260325_142714_session/1_capture/intermediate) by extension 'ignore'
[0.435s] [34mcolcon.colcon_core.package_identification[0m [1;30mLevel 1[0m _identify(data/20260325_142714_session/1_capture/intermediate) by extension 'ignore_ament_install'
[0.435s] [34mcolcon.colcon_core.package_identification[0m [1;30mLevel 1[0m _identify(data/20260325_142714_session/1_capture/intermediate) by extensions ['colcon_pkg']
[0.435s] [34mcolcon.colcon_core.package_identification[0m [1;30mLevel 1[0m _identify(data/20260325_142714_session/1_capture/intermediate) by extension 'colcon_pkg'
[0.435s] [34mcolcon.colcon_core.package_identification[0m [1;30mLevel 1[0m _identify(data/20260325_142714_session/1_capture/intermediate) by extensions ['colcon_meta']
[0.435s] [34mcolcon.colcon_core.package_identification[0m [1;30mLevel 1[0m _identify(data/20260325_142714_session/1_capture/intermediate) by extension 'colcon_meta'
[0.435s] [34mcolcon.colcon_core.package_identification[0m [1;30mLevel 1[0m _identify(data/20260325_142714_session/1_capture/intermediate) by extensions ['ros']
[0.435s] [34mcolcon.colcon_core.package_identification[0m [1;30mLevel 1[0m _identify(data/20260325_142714_session/1_capture/intermediate) by extension 'ros'
[0.435s] [34mcolcon.colcon_core.package_identification[0m [1;30mLevel 1[0m _identify(data/20260325_142714_session/1_capture/intermediate) by extensions ['cmake', 'python']
[0.435s] [34mcolcon.colcon_core.package_identification[0m [1;30mLevel 1[0m _identify(data/20260325_142714_session/1_capture/intermediate) by extension 'cmake'
[0.435s] [34mcolcon.colcon_core.package_identification[0m [1;30mLevel 1[0m _identify(data/20260325_142714_session/1_capture/intermediate) by extension 'python'
[0.435s] [34mcolcon.colcon_core.package_identification[0m [1;30mLevel 1[0m _identify(data/20260325_142714_session/1_capture/intermediate) by extensions ['python_setup_py']
[0.435s] [34mcolcon.colcon_core.package_identification[0m [1;30mLevel 1[0m _identify(data/20260325_142714_session/1_capture/intermediate) by extension 'python_setup_py'
[0.435s] [34mcolcon.colcon_core.package_identification[0m [1;30mLevel 1[0m _identify(data/20260325_142714_session/1_capture/processed) by extensions ['ignore', 'ignore_ament_install']
[0.436s] [34mcolcon.colcon_core.package_identification[0m [1;30mLevel 1[0m _identify(data/20260325_142714_session/1_capture/processed) by extension 'ignore'
[0.436s] [34mcolcon.colcon_core.package_identification[0m [1;30mLevel 1[0m _identify(data/20260325_142714_session/1_capture/processed) by extension 'ignore_ament_install'
[0.436s] [34mcolcon.colcon_core.package_identification[0m [1;30mLevel 1[0m _identify(data/20260325_142714_session/1_capture/processed) by extensions ['colcon_pkg']
[0.436s] [34mcolcon.colcon_core.package_identification[0m [1;30mLevel 1[0m _identify(data/20260325_142714_session/1_capture/processed) by extension 'colcon_pkg'
[0.436s] [34mcolcon.colcon_core.package_identification[0m [1;30mLevel 1[0m _identify(data/20260325_142714_session/1_capture/processed) by extensions ['colcon_meta']
[0.436s] [34mcolcon.colcon_core.package_identification[0m [1;30mLevel 1[0m _identify(data/20260325_142714_session/1_capture/processed) by extension 'colcon_meta'
[0.436s] [34mcolcon.colcon_core.package_identification[0m [1;30mLevel 1[0m _identify(data/20260325_142714_session/1_capture/processed) by extensions ['ros']
[0.436s] [34mcolcon.colcon_core.package_identification[0m [1;30mLevel 1[0m _identify(data/20260325_142714_session/1_capture/processed) by extension 'ros'
[0.436s] [34mcolcon.colcon_core.package_identification[0m [1;30mLevel 1[0m _identify(data/20260325_142714_session/1_capture/processed) by extensions ['cmake', 'python']
[0.436s] [34mcolcon.colcon_core.package_identification[0m [1;30mLevel 1[0m _identify(data/20260325_142714_session/1_capture/processed) by extension 'cmake'
[0.436s] [34mcolcon.colcon_core.package_identification[0m [1;30mLevel 1[0m _identify(data/20260325_142714_session/1_capture/processed) by extension 'python'
[0.436s] [34mcolcon.colcon_core.package_identification[0m [1;30mLevel 1[0m _identify(data/20260325_142714_session/1_capture/processed) by extensions ['python_setup_py']
[0.436s] [34mcolcon.colcon_core.package_identification[0m [1;30mLevel 1[0m _identify(data/20260325_142714_session/1_capture/processed) by extension 'python_setup_py'
[0.436s] [34mcolcon.colcon_core.package_identification[0m [1;30mLevel 1[0m _identify(data/20260325_142714_session/1_capture/raw) by extensions ['ignore', 'ignore_ament_install']
[0.436s] [34mcolcon.colcon_core.package_identification[0m [1;30mLevel 1[0m _identify(data/20260325_142714_session/1_capture/raw) by extension 'ignore'
[0.436s] [34mcolcon.colcon_core.package_identification[0m [1;30mLevel 1[0m _identify(data/20260325_142714_session/1_capture/raw) by extension 'ignore_ament_install'
[0.436s] [34mcolcon.colcon_core.package_identification[0m [1;30mLevel 1[0m _identify(data/20260325_142714_session/1_capture/raw) by extensions ['colcon_pkg']
[0.436s] [34mcolcon.colcon_core.package_identification[0m [1;30mLevel 1[0m _identify(data/20260325_142714_session/1_capture/raw) by extension 'colcon_pkg'
[0.436s] [34mcolcon.colcon_core.package_identification[0m [1;30mLevel 1[0m _identify(data/20260325_142714_session/1_capture/raw) by extensions ['colcon_meta']
[0.436s] [34mcolcon.colcon_core.package_identification[0m [1;30mLevel 1[0m _identify(data/20260325_142714_session/1_capture/raw) by extension 'colcon_meta'
[0.436s] [34mcolcon.colcon_core.package_identification[0m [1;30mLevel 1[0m _identify(data/20260325_142714_session/1_capture/raw) by extensions ['ros']
[0.436s] [34mcolcon.colcon_core.package_identification[0m [1;30mLevel 1[0m _identify(data/20260325_142714_session/1_capture/raw) by extension 'ros'
[0.436s] [34mcolcon.colcon_core.package_identification[0m [1;30mLevel 1[0m _identify(data/20260325_142714_session/1_capture/raw) by extensions ['cmake', 'python']
[0.436s] [34mcolcon.colcon_core.package_identification[0m [1;30mLevel 1[0m _identify(data/20260325_142714_session/1_capture/raw) by extension 'cmake'
[0.436s] [34mcolcon.colcon_core.package_identification[0m [1;30mLevel 1[0m _identify(data/20260325_142714_session/1_capture/raw) by extension 'python'
[0.437s] [34mcolcon.colcon_core.package_identification[0m [1;30mLevel 1[0m _identify(data/20260325_142714_session/1_capture/raw) by extensions ['python_setup_py']
[0.437s] [34mcolcon.colcon_core.package_identification[0m [1;30mLevel 1[0m _identify(data/20260325_142714_session/1_capture/raw) by extension 'python_setup_py'
[0.437s] [34mcolcon.colcon_core.package_identification[0m [1;30mLevel 1[0m _identify(data/20260325_142714_session/2_capture) by extensions ['ignore', 'ignore_ament_install']
[0.437s] [34mcolcon.colcon_core.package_identification[0m [1;30mLevel 1[0m _identify(data/20260325_142714_session/2_capture) by extension 'ignore'
[0.437s] [34mcolcon.colcon_core.package_identification[0m [1;30mLevel 1[0m _identify(data/20260325_142714_session/2_capture) by extension 'ignore_ament_install'
[0.437s] [34mcolcon.colcon_core.package_identification[0m [1;30mLevel 1[0m _identify(data/20260325_142714_session/2_capture) by extensions ['colcon_pkg']
[0.437s] [34mcolcon.colcon_core.package_identification[0m [1;30mLevel 1[0m _identify(data/20260325_142714_session/2_capture) by extension 'colcon_pkg'
[0.437s] [34mcolcon.colcon_core.package_identification[0m [1;30mLevel 1[0m _identify(data/20260325_142714_session/2_capture) by extensions ['colcon_meta']
[0.437s] [34mcolcon.colcon_core.package_identification[0m [1;30mLevel 1[0m _identify(data/20260325_142714_session/2_capture) by extension 'colcon_meta'
[0.437s] [34mcolcon.colcon_core.package_identification[0m [1;30mLevel 1[0m _identify(data/20260325_142714_session/2_capture) by extensions ['ros']
[0.437s] [34mcolcon.colcon_core.package_identification[0m [1;30mLevel 1[0m _identify(data/20260325_142714_session/2_capture) by extension 'ros'
[0.437s] [34mcolcon.colcon_core.package_identification[0m [1;30mLevel 1[0m _identify(data/20260325_142714_session/2_capture) by extensions ['cmake', 'python']
[0.437s] [34mcolcon.colcon_core.package_identification[0m [1;30mLevel 1[0m _identify(data/20260325_142714_session/2_capture) by extension 'cmake'
[0.437s] [34mcolcon.colcon_core.package_identification[0m [1;30mLevel 1[0m _identify(data/20260325_142714_session/2_capture) by extension 'python'
[0.437s] [34mcolcon.colcon_core.package_identification[0m [1;30mLevel 1[0m _identify(data/20260325_142714_session/2_capture) by extensions ['python_setup_py']
[0.437s] [34mcolcon.colcon_core.package_identification[0m [1;30mLevel 1[0m _identify(data/20260325_142714_session/2_capture) by extension 'python_setup_py'
[0.437s] [34mcolcon.colcon_core.package_identification[0m [1;30mLevel 1[0m _identify(data/20260325_142714_session/2_capture/intermediate) by extensions ['ignore', 'ignore_ament_install']
[0.437s] [34mcolcon.colcon_core.package_identification[0m [1;30mLevel 1[0m _identify(data/20260325_142714_session/2_capture/intermediate) by extension 'ignore'
[0.437s] [34mcolcon.colcon_core.package_identification[0m [1;30mLevel 1[0m _identify(data/20260325_142714_session/2_capture/intermediate) by extension 'ignore_ament_install'
[0.437s] [34mcolcon.colcon_core.package_identification[0m [1;30mLevel 1[0m _identify(data/20260325_142714_session/2_capture/intermediate) by extensions ['colcon_pkg']
[0.437s] [34mcolcon.colcon_core.package_identification[0m [1;30mLevel 1[0m _identify(data/20260325_142714_session/2_capture/intermediate) by extension 'colcon_pkg'
[0.437s] [34mcolcon.colcon_core.package_identification[0m [1;30mLevel 1[0m _identify(data/20260325_142714_session/2_capture/intermediate) by extensions ['colcon_meta']
[0.437s] [34mcolcon.colcon_core.package_identification[0m [1;30mLevel 1[0m _identify(data/20260325_142714_session/2_capture/intermediate) by extension 'colcon_meta'
[0.437s] [34mcolcon.colcon_core.package_identification[0m [1;30mLevel 1[0m _identify(data/20260325_142714_session/2_capture/intermediate) by extensions ['ros']
[0.438s] [34mcolcon.colcon_core.package_identification[0m [1;30mLevel 1[0m _identify(data/20260325_142714_session/2_capture/intermediate) by extension 'ros'
[0.438s] [34mcolcon.colcon_core.package_identification[0m [1;30mLevel 1[0m _identify(data/20260325_142714_session/2_capture/intermediate) by extensions ['cmake', 'python']
[0.438s] [34mcolcon.colcon_core.package_identification[0m [1;30mLevel 1[0m _identify(data/20260325_142714_session/2_capture/intermediate) by extension 'cmake'
[0.438s] [34mcolcon.colcon_core.package_identification[0m [1;30mLevel 1[0m _identify(data/20260325_142714_session/2_capture/intermediate) by extension 'python'
[0.438s] [34mcolcon.colcon_core.package_identification[0m [1;30mLevel 1[0m _identify(data/20260325_142714_session/2_capture/intermediate) by extensions ['python_setup_py']
[0.438s] [34mcolcon.colcon_core.package_identification[0m [1;30mLevel 1[0m _identify(data/20260325_142714_session/2_capture/intermediate) by extension 'python_setup_py'
[0.438s] [34mcolcon.colcon_core.package_identification[0m [1;30mLevel 1[0m _identify(data/20260325_142714_session/2_capture/processed) by extensions ['ignore', 'ignore_ament_install']
[0.438s] [34mcolcon.colcon_core.package_identification[0m [1;30mLevel 1[0m _identify(data/20260325_142714_session/2_capture/processed) by extension 'ignore'
[0.438s] [34mcolcon.colcon_core.package_identification[0m [1;30mLevel 1[0m _identify(data/20260325_142714_session/2_capture/processed) by extension 'ignore_ament_install'
[0.438s] [34mcolcon.colcon_core.package_identification[0m [1;30mLevel 1[0m _identify(data/20260325_142714_session/2_capture/processed) by extensions ['colcon_pkg']
[0.438s] [34mcolcon.colcon_core.package_identification[0m [1;30mLevel 1[0m _identify(data/20260325_142714_session/2_capture/processed) by extension 'colcon_pkg'
[0.438s] [34mcolcon.colcon_core.package_identification[0m [1;30mLevel 1[0m _identify(data/20260325_142714_session/2_capture/processed) by extensions ['colcon_meta']
[0.438s] [34mcolcon.colcon_core.package_identification[0m [1;30mLevel 1[0m _identify(data/20260325_142714_session/2_capture/processed) by extension 'colcon_meta'
[0.438s] [34mcolcon.colcon_core.package_identification[0m [1;30mLevel 1[0m _identify(data/20260325_142714_session/2_capture/processed) by extensions ['ros']
[0.438s] [34mcolcon.colcon_core.package_identification[0m [1;30mLevel 1[0m _identify(data/20260325_142714_session/2_capture/processed) by extension 'ros'
[0.438s] [34mcolcon.colcon_core.package_identification[0m [1;30mLevel 1[0m _identify(data/20260325_142714_session/2_capture/processed) by extensions ['cmake', 'python']
[0.438s] [34mcolcon.colcon_core.package_identification[0m [1;30mLevel 1[0m _identify(data/20260325_142714_session/2_capture/processed) by extension 'cmake'
[0.438s] [34mcolcon.colcon_core.package_identification[0m [1;30mLevel 1[0m _identify(data/20260325_142714_session/2_capture/processed) by extension 'python'
[0.438s] [34mcolcon.colcon_core.package_identification[0m [1;30mLevel 1[0m _identify(data/20260325_142714_session/2_capture/processed) by extensions ['python_setup_py']
[0.438s] [34mcolcon.colcon_core.package_identification[0m [1;30mLevel 1[0m _identify(data/20260325_142714_session/2_capture/processed) by extension 'python_setup_py'
[0.438s] [34mcolcon.colcon_core.package_identification[0m [1;30mLevel 1[0m _identify(data/20260325_142714_session/2_capture/raw) by extensions ['ignore', 'ignore_ament_install']
[0.438s] [34mcolcon.colcon_core.package_identification[0m [1;30mLevel 1[0m _identify(data/20260325_142714_session/2_capture/raw) by extension 'ignore'
[0.438s] [34mcolcon.colcon_core.package_identification[0m [1;30mLevel 1[0m _identify(data/20260325_142714_session/2_capture/raw) by extension 'ignore_ament_install'
[0.438s] [34mcolcon.colcon_core.package_identification[0m [1;30mLevel 1[0m _identify(data/20260325_142714_session/2_capture/raw) by extensions ['colcon_pkg']
[0.439s] [34mcolcon.colcon_core.package_identification[0m [1;30mLevel 1[0m _identify(data/20260325_142714_session/2_capture/raw) by extension 'colcon_pkg'
[0.439s] [34mcolcon.colcon_core.package_identification[0m [1;30mLevel 1[0m _identify(data/20260325_142714_session/2_capture/raw) by extensions ['colcon_meta']
[0.439s] [34mcolcon.colcon_core.package_identification[0m [1;30mLevel 1[0m _identify(data/20260325_142714_session/2_capture/raw) by extension 'colcon_meta'
[0.439s] [34mcolcon.colcon_core.package_identification[0m [1;30mLevel 1[0m _identify(data/20260325_142714_session/2_capture/raw) by extensions ['ros']
[0.439s] [34mcolcon.colcon_core.package_identification[0m [1;30mLevel 1[0m _identify(data/20260325_142714_session/2_capture/raw) by extension 'ros'
[0.439s] [34mcolcon.colcon_core.package_identification[0m [1;30mLevel 1[0m _identify(data/20260325_142714_session/2_capture/raw) by extensions ['cmake', 'python']
[0.439s] [34mcolcon.colcon_core.package_identification[0m [1;30mLevel 1[0m _identify(data/20260325_142714_session/2_capture/raw) by extension 'cmake'
[0.439s] [34mcolcon.colcon_core.package_identification[0m [1;30mLevel 1[0m _identify(data/20260325_142714_session/2_capture/raw) by extension 'python'
[0.439s] [34mcolcon.colcon_core.package_identification[0m [1;30mLevel 1[0m _identify(data/20260325_142714_session/2_capture/raw) by extensions ['python_setup_py']
[0.439s] [34mcolcon.colcon_core.package_identification[0m [1;30mLevel 1[0m _identify(data/20260325_142714_session/2_capture/raw) by extension 'python_setup_py'
[0.439s] [34mcolcon.colcon_core.package_identification[0m [1;30mLevel 1[0m _identify(data/20260325_142714_session/3_capture) by extensions ['ignore', 'ignore_ament_install']
[0.439s] [34mcolcon.colcon_core.package_identification[0m [1;30mLevel 1[0m _identify(data/20260325_142714_session/3_capture) by extension 'ignore'
[0.439s] [34mcolcon.colcon_core.package_identification[0m [1;30mLevel 1[0m _identify(data/20260325_142714_session/3_capture) by extension 'ignore_ament_install'
[0.439s] [34mcolcon.colcon_core.package_identification[0m [1;30mLevel 1[0m _identify(data/20260325_142714_session/3_capture) by extensions ['colcon_pkg']
[0.439s] [34mcolcon.colcon_core.package_identification[0m [1;30mLevel 1[0m _identify(data/20260325_142714_session/3_capture) by extension 'colcon_pkg'
[0.439s] [34mcolcon.colcon_core.package_identification[0m [1;30mLevel 1[0m _identify(data/20260325_142714_session/3_capture) by extensions ['colcon_meta']
[0.439s] [34mcolcon.colcon_core.package_identification[0m [1;30mLevel 1[0m _identify(data/20260325_142714_session/3_capture) by extension 'colcon_meta'
[0.439s] [34mcolcon.colcon_core.package_identification[0m [1;30mLevel 1[0m _identify(data/20260325_142714_session/3_capture) by extensions ['ros']
[0.439s] [34mcolcon.colcon_core.package_identification[0m [1;30mLevel 1[0m _identify(data/20260325_142714_session/3_capture) by extension 'ros'
[0.439s] [34mcolcon.colcon_core.package_identification[0m [1;30mLevel 1[0m _identify(data/20260325_142714_session/3_capture) by extensions ['cmake', 'python']
[0.439s] [34mcolcon.colcon_core.package_identification[0m [1;30mLevel 1[0m _identify(data/20260325_142714_session/3_capture) by extension 'cmake'
[0.439s] [34mcolcon.colcon_core.package_identification[0m [1;30mLevel 1[0m _identify(data/20260325_142714_session/3_capture) by extension 'python'
[0.439s] [34mcolcon.colcon_core.package_identification[0m [1;30mLevel 1[0m _identify(data/20260325_142714_session/3_capture) by extensions ['python_setup_py']
[0.439s] [34mcolcon.colcon_core.package_identification[0m [1;30mLevel 1[0m _identify(data/20260325_142714_session/3_capture) by extension 'python_setup_py'
[0.439s] [34mcolcon.colcon_core.package_identification[0m [1;30mLevel 1[0m _identify(data/20260325_142714_session/3_capture/intermediate) by extensions ['ignore', 'ignore_ament_install']
[0.440s] [34mcolcon.colcon_core.package_identification[0m [1;30mLevel 1[0m _identify(data/20260325_142714_session/3_capture/intermediate) by extension 'ignore'
[0.440s] [34mcolcon.colcon_core.package_identification[0m [1;30mLevel 1[0m _identify(data/20260325_142714_session/3_capture/intermediate) by extension 'ignore_ament_install'
[0.440s] [34mcolcon.colcon_core.package_identification[0m [1;30mLevel 1[0m _identify(data/20260325_142714_session/3_capture/intermediate) by extensions ['colcon_pkg']
[0.440s] [34mcolcon.colcon_core.package_identification[0m [1;30mLevel 1[0m _identify(data/20260325_142714_session/3_capture/intermediate) by extension 'colcon_pkg'
[0.440s] [34mcolcon.colcon_core.package_identification[0m [1;30mLevel 1[0m _identify(data/20260325_142714_session/3_capture/intermediate) by extensions ['colcon_meta']
[0.440s] [34mcolcon.colcon_core.package_identification[0m [1;30mLevel 1[0m _identify(data/20260325_142714_session/3_capture/intermediate) by extension 'colcon_meta'
[0.440s] [34mcolcon.colcon_core.package_identification[0m [1;30mLevel 1[0m _identify(data/20260325_142714_session/3_capture/intermediate) by extensions ['ros']
[0.440s] [34mcolcon.colcon_core.package_identification[0m [1;30mLevel 1[0m _identify(data/20260325_142714_session/3_capture/intermediate) by extension 'ros'
[0.440s] [34mcolcon.colcon_core.package_identification[0m [1;30mLevel 1[0m _identify(data/20260325_142714_session/3_capture/intermediate) by extensions ['cmake', 'python']
[0.440s] [34mcolcon.colcon_core.package_identification[0m [1;30mLevel 1[0m _identify(data/20260325_142714_session/3_capture/intermediate) by extension 'cmake'
[0.440s] [34mcolcon.colcon_core.package_identification[0m [1;30mLevel 1[0m _identify(data/20260325_142714_session/3_capture/intermediate) by extension 'python'
[0.440s] [34mcolcon.colcon_core.package_identification[0m [1;30mLevel 1[0m _identify(data/20260325_142714_session/3_capture/intermediate) by extensions ['python_setup_py']
[0.440s] [34mcolcon.colcon_core.package_identification[0m [1;30mLevel 1[0m _identify(data/20260325_142714_session/3_capture/intermediate) by extension 'python_setup_py'
[0.440s] [34mcolcon.colcon_core.package_identification[0m [1;30mLevel 1[0m _identify(data/20260325_142714_session/3_capture/processed) by extensions ['ignore', 'ignore_ament_install']
[0.440s] [34mcolcon.colcon_core.package_identification[0m [1;30mLevel 1[0m _identify(data/20260325_142714_session/3_capture/processed) by extension 'ignore'
[0.440s] [34mcolcon.colcon_core.package_identification[0m [1;30mLevel 1[0m _identify(data/20260325_142714_session/3_capture/processed) by extension 'ignore_ament_install'
[0.440s] [34mcolcon.colcon_core.package_identification[0m [1;30mLevel 1[0m _identify(data/20260325_142714_session/3_capture/processed) by extensions ['colcon_pkg']
[0.440s] [34mcolcon.colcon_core.package_identification[0m [1;30mLevel 1[0m _identify(data/20260325_142714_session/3_capture/processed) by extension 'colcon_pkg'
[0.440s] [34mcolcon.colcon_core.package_identification[0m [1;30mLevel 1[0m _identify(data/20260325_142714_session/3_capture/processed) by extensions ['colcon_meta']
[0.440s] [34mcolcon.colcon_core.package_identification[0m [1;30mLevel 1[0m _identify(data/20260325_142714_session/3_capture/processed) by extension 'colcon_meta'
[0.440s] [34mcolcon.colcon_core.package_identification[0m [1;30mLevel 1[0m _identify(data/20260325_142714_session/3_capture/processed) by extensions ['ros']
[0.440s] [34mcolcon.colcon_core.package_identification[0m [1;30mLevel 1[0m _identify(data/20260325_142714_session/3_capture/processed) by extension 'ros'
[0.440s] [34mcolcon.colcon_core.package_identification[0m [1;30mLevel 1[0m _identify(data/20260325_142714_session/3_capture/processed) by extensions ['cmake', 'python']
[0.440s] [34mcolcon.colcon_core.package_identification[0m [1;30mLevel 1[0m _identify(data/20260325_142714_session/3_capture/processed) by extension 'cmake'
[0.440s] [34mcolcon.colcon_core.package_identification[0m [1;30mLevel 1[0m _identify(data/20260325_142714_session/3_capture/processed) by extension 'python'
[0.441s] [34mcolcon.colcon_core.package_identification[0m [1;30mLevel 1[0m _identify(data/20260325_142714_session/3_capture/processed) by extensions ['python_setup_py']
[0.441s] [34mcolcon.colcon_core.package_identification[0m [1;30mLevel 1[0m _identify(data/20260325_142714_session/3_capture/processed) by extension 'python_setup_py'
[0.441s] [34mcolcon.colcon_core.package_identification[0m [1;30mLevel 1[0m _identify(data/20260325_142714_session/3_capture/raw) by extensions ['ignore', 'ignore_ament_install']
[0.441s] [34mcolcon.colcon_core.package_identification[0m [1;30mLevel 1[0m _identify(data/20260325_142714_session/3_capture/raw) by extension 'ignore'
[0.441s] [34mcolcon.colcon_core.package_identification[0m [1;30mLevel 1[0m _identify(data/20260325_142714_session/3_capture/raw) by extension 'ignore_ament_install'
[0.441s] [34mcolcon.colcon_core.package_identification[0m [1;30mLevel 1[0m _identify(data/20260325_142714_session/3_capture/raw) by extensions ['colcon_pkg']
[0.441s] [34mcolcon.colcon_core.package_identification[0m [1;30mLevel 1[0m _identify(data/20260325_142714_session/3_capture/raw) by extension 'colcon_pkg'
[0.441s] [34mcolcon.colcon_core.package_identification[0m [1;30mLevel 1[0m _identify(data/20260325_142714_session/3_capture/raw) by extensions ['colcon_meta']
[0.441s] [34mcolcon.colcon_core.package_identification[0m [1;30mLevel 1[0m _identify(data/20260325_142714_session/3_capture/raw) by extension 'colcon_meta'
[0.441s] [34mcolcon.colcon_core.package_identification[0m [1;30mLevel 1[0m _identify(data/20260325_142714_session/3_capture/raw) by extensions ['ros']
[0.441s] [34mcolcon.colcon_core.package_identification[0m [1;30mLevel 1[0m _identify(data/20260325_142714_session/3_capture/raw) by extension 'ros'
[0.441s] [34mcolcon.colcon_core.package_identification[0m [1;30mLevel 1[0m _identify(data/20260325_142714_session/3_capture/raw) by extensions ['cmake', 'python']
[0.441s] [34mcolcon.colcon_core.package_identification[0m [1;30mLevel 1[0m _identify(data/20260325_142714_session/3_capture/raw) by extension 'cmake'
[0.441s] [34mcolcon.colcon_core.package_identification[0m [1;30mLevel 1[0m _identify(data/20260325_142714_session/3_capture/raw) by extension 'python'
[0.441s] [34mcolcon.colcon_core.package_identification[0m [1;30mLevel 1[0m _identify(data/20260325_142714_session/3_capture/raw) by extensions ['python_setup_py']
[0.441s] [34mcolcon.colcon_core.package_identification[0m [1;30mLevel 1[0m _identify(data/20260325_142714_session/3_capture/raw) by extension 'python_setup_py'
[0.441s] [34mcolcon.colcon_core.package_identification[0m [1;30mLevel 1[0m _identify(data/20260325_143355_session) by extensions ['ignore', 'ignore_ament_install']
[0.441s] [34mcolcon.colcon_core.package_identification[0m [1;30mLevel 1[0m _identify(data/20260325_143355_session) by extension 'ignore'
[0.441s] [34mcolcon.colcon_core.package_identification[0m [1;30mLevel 1[0m _identify(data/20260325_143355_session) by extension 'ignore_ament_install'
[0.441s] [34mcolcon.colcon_core.package_identification[0m [1;30mLevel 1[0m _identify(data/20260325_143355_session) by extensions ['colcon_pkg']
[0.441s] [34mcolcon.colcon_core.package_identification[0m [1;30mLevel 1[0m _identify(data/20260325_143355_session) by extension 'colcon_pkg'
[0.441s] [34mcolcon.colcon_core.package_identification[0m [1;30mLevel 1[0m _identify(data/20260325_143355_session) by extensions ['colcon_meta']
[0.441s] [34mcolcon.colcon_core.package_identification[0m [1;30mLevel 1[0m _identify(data/20260325_143355_session) by extension 'colcon_meta'
[0.441s] [34mcolcon.colcon_core.package_identification[0m [1;30mLevel 1[0m _identify(data/20260325_143355_session) by extensions ['ros']
[0.441s] [34mcolcon.colcon_core.package_identification[0m [1;30mLevel 1[0m _identify(data/20260325_143355_session) by extension 'ros'
[0.442s] [34mcolcon.colcon_core.package_identification[0m [1;30mLevel 1[0m _identify(data/20260325_143355_session) by extensions ['cmake', 'python']
[0.442s] [34mcolcon.colcon_core.package_identification[0m [1;30mLevel 1[0m _identify(data/20260325_143355_session) by extension 'cmake'
[0.442s] [34mcolcon.colcon_core.package_identification[0m [1;30mLevel 1[0m _identify(data/20260325_143355_session) by extension 'python'
[0.442s] [34mcolcon.colcon_core.package_identification[0m [1;30mLevel 1[0m _identify(data/20260325_143355_session) by extensions ['python_setup_py']
[0.442s] [34mcolcon.colcon_core.package_identification[0m [1;30mLevel 1[0m _identify(data/20260325_143355_session) by extension 'python_setup_py'
[0.442s] [34mcolcon.colcon_core.package_identification[0m [1;30mLevel 1[0m _identify(data/20260325_143355_session/1_capture) by extensions ['ignore', 'ignore_ament_install']
[0.442s] [34mcolcon.colcon_core.package_identification[0m [1;30mLevel 1[0m _identify(data/20260325_143355_session/1_capture) by extension 'ignore'
[0.442s] [34mcolcon.colcon_core.package_identification[0m [1;30mLevel 1[0m _identify(data/20260325_143355_session/1_capture) by extension 'ignore_ament_install'
[0.442s] [34mcolcon.colcon_core.package_identification[0m [1;30mLevel 1[0m _identify(data/20260325_143355_session/1_capture) by extensions ['colcon_pkg']
[0.442s] [34mcolcon.colcon_core.package_identification[0m [1;30mLevel 1[0m _identify(data/20260325_143355_session/1_capture) by extension 'colcon_pkg'
[0.442s] [34mcolcon.colcon_core.package_identification[0m [1;30mLevel 1[0m _identify(data/20260325_143355_session/1_capture) by extensions ['colcon_meta']
[0.442s] [34mcolcon.colcon_core.package_identification[0m [1;30mLevel 1[0m _identify(data/20260325_143355_session/1_capture) by extension 'colcon_meta'
[0.442s] [34mcolcon.colcon_core.package_identification[0m [1;30mLevel 1[0m _identify(data/20260325_143355_session/1_capture) by extensions ['ros']
[0.442s] [34mcolcon.colcon_core.package_identification[0m [1;30mLevel 1[0m _identify(data/20260325_143355_session/1_capture) by extension 'ros'
[0.442s] [34mcolcon.colcon_core.package_identification[0m [1;30mLevel 1[0m _identify(data/20260325_143355_session/1_capture) by extensions ['cmake', 'python']
[0.442s] [34mcolcon.colcon_core.package_identification[0m [1;30mLevel 1[0m _identify(data/20260325_143355_session/1_capture) by extension 'cmake'
[0.442s] [34mcolcon.colcon_core.package_identification[0m [1;30mLevel 1[0m _identify(data/20260325_143355_session/1_capture) by extension 'python'
[0.442s] [34mcolcon.colcon_core.package_identification[0m [1;30mLevel 1[0m _identify(data/20260325_143355_session/1_capture) by extensions ['python_setup_py']
[0.442s] [34mcolcon.colcon_core.package_identification[0m [1;30mLevel 1[0m _identify(data/20260325_143355_session/1_capture) by extension 'python_setup_py'
[0.442s] [34mcolcon.colcon_core.package_identification[0m [1;30mLevel 1[0m _identify(data/20260325_143355_session/1_capture/intermediate) by extensions ['ignore', 'ignore_ament_install']
[0.442s] [34mcolcon.colcon_core.package_identification[0m [1;30mLevel 1[0m _identify(data/20260325_143355_session/1_capture/intermediate) by extension 'ignore'
[0.442s] [34mcolcon.colcon_core.package_identification[0m [1;30mLevel 1[0m _identify(data/20260325_143355_session/1_capture/intermediate) by extension 'ignore_ament_install'
[0.442s] [34mcolcon.colcon_core.package_identification[0m [1;30mLevel 1[0m _identify(data/20260325_143355_session/1_capture/intermediate) by extensions ['colcon_pkg']
[0.443s] [34mcolcon.colcon_core.package_identification[0m [1;30mLevel 1[0m _identify(data/20260325_143355_session/1_capture/intermediate) by extension 'colcon_pkg'
[0.443s] [34mcolcon.colcon_core.package_identification[0m [1;30mLevel 1[0m _identify(data/20260325_143355_session/1_capture/intermediate) by extensions ['colcon_meta']
[0.443s] [34mcolcon.colcon_core.package_identification[0m [1;30mLevel 1[0m _identify(data/20260325_143355_session/1_capture/intermediate) by extension 'colcon_meta'
[0.443s] [34mcolcon.colcon_core.package_identification[0m [1;30mLevel 1[0m _identify(data/20260325_143355_session/1_capture/intermediate) by extensions ['ros']
[0.443s] [34mcolcon.colcon_core.package_identification[0m [1;30mLevel 1[0m _identify(data/20260325_143355_session/1_capture/intermediate) by extension 'ros'
[0.443s] [34mcolcon.colcon_core.package_identification[0m [1;30mLevel 1[0m _identify(data/20260325_143355_session/1_capture/intermediate) by extensions ['cmake', 'python']
[0.443s] [34mcolcon.colcon_core.package_identification[0m [1;30mLevel 1[0m _identify(data/20260325_143355_session/1_capture/intermediate) by extension 'cmake'
[0.443s] [34mcolcon.colcon_core.package_identification[0m [1;30mLevel 1[0m _identify(data/20260325_143355_session/1_capture/intermediate) by extension 'python'
[0.443s] [34mcolcon.colcon_core.package_identification[0m [1;30mLevel 1[0m _identify(data/20260325_143355_session/1_capture/intermediate) by extensions ['python_setup_py']
[0.443s] [34mcolcon.colcon_core.package_identification[0m [1;30mLevel 1[0m _identify(data/20260325_143355_session/1_capture/intermediate) by extension 'python_setup_py'
[0.443s] [34mcolcon.colcon_core.package_identification[0m [1;30mLevel 1[0m _identify(data/20260325_143355_session/1_capture/processed) by extensions ['ignore', 'ignore_ament_install']
[0.443s] [34mcolcon.colcon_core.package_identification[0m [1;30mLevel 1[0m _identify(data/20260325_143355_session/1_capture/processed) by extension 'ignore'
[0.443s] [34mcolcon.colcon_core.package_identification[0m [1;30mLevel 1[0m _identify(data/20260325_143355_session/1_capture/processed) by extension 'ignore_ament_install'
[0.443s] [34mcolcon.colcon_core.package_identification[0m [1;30mLevel 1[0m _identify(data/20260325_143355_session/1_capture/processed) by extensions ['colcon_pkg']
[0.443s] [34mcolcon.colcon_core.package_identification[0m [1;30mLevel 1[0m _identify(data/20260325_143355_session/1_capture/processed) by extension 'colcon_pkg'
[0.443s] [34mcolcon.colcon_core.package_identification[0m [1;30mLevel 1[0m _identify(data/20260325_143355_session/1_capture/processed) by extensions ['colcon_meta']
[0.443s] [34mcolcon.colcon_core.package_identification[0m [1;30mLevel 1[0m _identify(data/20260325_143355_session/1_capture/processed) by extension 'colcon_meta'
[0.443s] [34mcolcon.colcon_core.package_identification[0m [1;30mLevel 1[0m _identify(data/20260325_143355_session/1_capture/processed) by extensions ['ros']
[0.443s] [34mcolcon.colcon_core.package_identification[0m [1;30mLevel 1[0m _identify(data/20260325_143355_session/1_capture/processed) by extension 'ros'
[0.443s] [34mcolcon.colcon_core.package_identification[0m [1;30mLevel 1[0m _identify(data/20260325_143355_session/1_capture/processed) by extensions ['cmake', 'python']
[0.443s] [34mcolcon.colcon_core.package_identification[0m [1;30mLevel 1[0m _identify(data/20260325_143355_session/1_capture/processed) by extension 'cmake'
[0.443s] [34mcolcon.colcon_core.package_identification[0m [1;30mLevel 1[0m _identify(data/20260325_143355_session/1_capture/processed) by extension 'python'
[0.443s] [34mcolcon.colcon_core.package_identification[0m [1;30mLevel 1[0m _identify(data/20260325_143355_session/1_capture/processed) by extensions ['python_setup_py']
[0.443s] [34mcolcon.colcon_core.package_identification[0m [1;30mLevel 1[0m _identify(data/20260325_143355_session/1_capture/processed) by extension 'python_setup_py'
[0.443s] [34mcolcon.colcon_core.package_identification[0m [1;30mLevel 1[0m _identify(data/20260325_143355_session/1_capture/raw) by extensions ['ignore', 'ignore_ament_install']
[0.444s] [34mcolcon.colcon_core.package_identification[0m [1;30mLevel 1[0m _identify(data/20260325_143355_session/1_capture/raw) by extension 'ignore'
[0.444s] [34mcolcon.colcon_core.package_identification[0m [1;30mLevel 1[0m _identify(data/20260325_143355_session/1_capture/raw) by extension 'ignore_ament_install'
[0.444s] [34mcolcon.colcon_core.package_identification[0m [1;30mLevel 1[0m _identify(data/20260325_143355_session/1_capture/raw) by extensions ['colcon_pkg']
[0.444s] [34mcolcon.colcon_core.package_identification[0m [1;30mLevel 1[0m _identify(data/20260325_143355_session/1_capture/raw) by extension 'colcon_pkg'
[0.444s] [34mcolcon.colcon_core.package_identification[0m [1;30mLevel 1[0m _identify(data/20260325_143355_session/1_capture/raw) by extensions ['colcon_meta']
[0.444s] [34mcolcon.colcon_core.package_identification[0m [1;30mLevel 1[0m _identify(data/20260325_143355_session/1_capture/raw) by extension 'colcon_meta'
[0.444s] [34mcolcon.colcon_core.package_identification[0m [1;30mLevel 1[0m _identify(data/20260325_143355_session/1_capture/raw) by extensions ['ros']
[0.444s] [34mcolcon.colcon_core.package_identification[0m [1;30mLevel 1[0m _identify(data/20260325_143355_session/1_capture/raw) by extension 'ros'
[0.444s] [34mcolcon.colcon_core.package_identification[0m [1;30mLevel 1[0m _identify(data/20260325_143355_session/1_capture/raw) by extensions ['cmake', 'python']
[0.444s] [34mcolcon.colcon_core.package_identification[0m [1;30mLevel 1[0m _identify(data/20260325_143355_session/1_capture/raw) by extension 'cmake'
[0.444s] [34mcolcon.colcon_core.package_identification[0m [1;30mLevel 1[0m _identify(data/20260325_143355_session/1_capture/raw) by extension 'python'
[0.444s] [34mcolcon.colcon_core.package_identification[0m [1;30mLevel 1[0m _identify(data/20260325_143355_session/1_capture/raw) by extensions ['python_setup_py']
[0.444s] [34mcolcon.colcon_core.package_identification[0m [1;30mLevel 1[0m _identify(data/20260325_143355_session/1_capture/raw) by extension 'python_setup_py'
[0.444s] [34mcolcon.colcon_core.package_identification[0m [1;30mLevel 1[0m _identify(data/20260325_143355_session/2_capture) by extensions ['ignore', 'ignore_ament_install']
[0.444s] [34mcolcon.colcon_core.package_identification[0m [1;30mLevel 1[0m _identify(data/20260325_143355_session/2_capture) by extension 'ignore'
[0.444s] [34mcolcon.colcon_core.package_identification[0m [1;30mLevel 1[0m _identify(data/20260325_143355_session/2_capture) by extension 'ignore_ament_install'
[0.444s] [34mcolcon.colcon_core.package_identification[0m [1;30mLevel 1[0m _identify(data/20260325_143355_session/2_capture) by extensions ['colcon_pkg']
[0.444s] [34mcolcon.colcon_core.package_identification[0m [1;30mLevel 1[0m _identify(data/20260325_143355_session/2_capture) by extension 'colcon_pkg'
[0.444s] [34mcolcon.colcon_core.package_identification[0m [1;30mLevel 1[0m _identify(data/20260325_143355_session/2_capture) by extensions ['colcon_meta']
[0.444s] [34mcolcon.colcon_core.package_identification[0m [1;30mLevel 1[0m _identify(data/20260325_143355_session/2_capture) by extension 'colcon_meta'
[0.444s] [34mcolcon.colcon_core.package_identification[0m [1;30mLevel 1[0m _identify(data/20260325_143355_session/2_capture) by extensions ['ros']
[0.444s] [34mcolcon.colcon_core.package_identification[0m [1;30mLevel 1[0m _identify(data/20260325_143355_session/2_capture) by extension 'ros'
[0.444s] [34mcolcon.colcon_core.package_identification[0m [1;30mLevel 1[0m _identify(data/20260325_143355_session/2_capture) by extensions ['cmake', 'python']
[0.444s] [34mcolcon.colcon_core.package_identification[0m [1;30mLevel 1[0m _identify(data/20260325_143355_session/2_capture) by extension 'cmake'
[0.444s] [34mcolcon.colcon_core.package_identification[0m [1;30mLevel 1[0m _identify(data/20260325_143355_session/2_capture) by extension 'python'
[0.444s] [34mcolcon.colcon_core.package_identification[0m [1;30mLevel 1[0m _identify(data/20260325_143355_session/2_capture) by extensions ['python_setup_py']
[0.444s] [34mcolcon.colcon_core.package_identification[0m [1;30mLevel 1[0m _identify(data/20260325_143355_session/2_capture) by extension 'python_setup_py'
[0.445s] [34mcolcon.colcon_core.package_identification[0m [1;30mLevel 1[0m _identify(data/20260325_143355_session/2_capture/intermediate) by extensions ['ignore', 'ignore_ament_install']
[0.445s] [34mcolcon.colcon_core.package_identification[0m [1;30mLevel 1[0m _identify(data/20260325_143355_session/2_capture/intermediate) by extension 'ignore'
[0.445s] [34mcolcon.colcon_core.package_identification[0m [1;30mLevel 1[0m _identify(data/20260325_143355_session/2_capture/intermediate) by extension 'ignore_ament_install'
[0.445s] [34mcolcon.colcon_core.package_identification[0m [1;30mLevel 1[0m _identify(data/20260325_143355_session/2_capture/intermediate) by extensions ['colcon_pkg']
[0.445s] [34mcolcon.colcon_core.package_identification[0m [1;30mLevel 1[0m _identify(data/20260325_143355_session/2_capture/intermediate) by extension 'colcon_pkg'
[0.445s] [34mcolcon.colcon_core.package_identification[0m [1;30mLevel 1[0m _identify(data/20260325_143355_session/2_capture/intermediate) by extensions ['colcon_meta']
[0.445s] [34mcolcon.colcon_core.package_identification[0m [1;30mLevel 1[0m _identify(data/20260325_143355_session/2_capture/intermediate) by extension 'colcon_meta'
[0.445s] [34mcolcon.colcon_core.package_identification[0m [1;30mLevel 1[0m _identify(data/20260325_143355_session/2_capture/intermediate) by extensions ['ros']
[0.445s] [34mcolcon.colcon_core.package_identification[0m [1;30mLevel 1[0m _identify(data/20260325_143355_session/2_capture/intermediate) by extension 'ros'
[0.445s] [34mcolcon.colcon_core.package_identification[0m [1;30mLevel 1[0m _identify(data/20260325_143355_session/2_capture/intermediate) by extensions ['cmake', 'python']
[0.445s] [34mcolcon.colcon_core.package_identification[0m [1;30mLevel 1[0m _identify(data/20260325_143355_session/2_capture/intermediate) by extension 'cmake'
[0.445s] [34mcolcon.colcon_core.package_identification[0m [1;30mLevel 1[0m _identify(data/20260325_143355_session/2_capture/intermediate) by extension 'python'
[0.445s] [34mcolcon.colcon_core.package_identification[0m [1;30mLevel 1[0m _identify(data/20260325_143355_session/2_capture/intermediate) by extensions ['python_setup_py']
[0.445s] [34mcolcon.colcon_core.package_identification[0m [1;30mLevel 1[0m _identify(data/20260325_143355_session/2_capture/intermediate) by extension 'python_setup_py'
[0.445s] [34mcolcon.colcon_core.package_identification[0m [1;30mLevel 1[0m _identify(data/20260325_143355_session/2_capture/processed) by extensions ['ignore', 'ignore_ament_install']
[0.445s] [34mcolcon.colcon_core.package_identification[0m [1;30mLevel 1[0m _identify(data/20260325_143355_session/2_capture/processed) by extension 'ignore'
[0.445s] [34mcolcon.colcon_core.package_identification[0m [1;30mLevel 1[0m _identify(data/20260325_143355_session/2_capture/processed) by extension 'ignore_ament_install'
[0.445s] [34mcolcon.colcon_core.package_identification[0m [1;30mLevel 1[0m _identify(data/20260325_143355_session/2_capture/processed) by extensions ['colcon_pkg']
[0.445s] [34mcolcon.colcon_core.package_identification[0m [1;30mLevel 1[0m _identify(data/20260325_143355_session/2_capture/processed) by extension 'colcon_pkg'
[0.445s] [34mcolcon.colcon_core.package_identification[0m [1;30mLevel 1[0m _identify(data/20260325_143355_session/2_capture/processed) by extensions ['colcon_meta']
[0.445s] [34mcolcon.colcon_core.package_identification[0m [1;30mLevel 1[0m _identify(data/20260325_143355_session/2_capture/processed) by extension 'colcon_meta'
[0.445s] [34mcolcon.colcon_core.package_identification[0m [1;30mLevel 1[0m _identify(data/20260325_143355_session/2_capture/processed) by extensions ['ros']
[0.445s] [34mcolcon.colcon_core.package_identification[0m [1;30mLevel 1[0m _identify(data/20260325_143355_session/2_capture/processed) by extension 'ros'
[0.445s] [34mcolcon.colcon_core.package_identification[0m [1;30mLevel 1[0m _identify(data/20260325_143355_session/2_capture/processed) by extensions ['cmake', 'python']
[0.446s] [34mcolcon.colcon_core.package_identification[0m [1;30mLevel 1[0m _identify(data/20260325_143355_session/2_capture/processed) by extension 'cmake'
[0.446s] [34mcolcon.colcon_core.package_identification[0m [1;30mLevel 1[0m _identify(data/20260325_143355_session/2_capture/processed) by extension 'python'
[0.446s] [34mcolcon.colcon_core.package_identification[0m [1;30mLevel 1[0m _identify(data/20260325_143355_session/2_capture/processed) by extensions ['python_setup_py']
[0.446s] [34mcolcon.colcon_core.package_identification[0m [1;30mLevel 1[0m _identify(data/20260325_143355_session/2_capture/processed) by extension 'python_setup_py'
[0.446s] [34mcolcon.colcon_core.package_identification[0m [1;30mLevel 1[0m _identify(data/20260325_143355_session/2_capture/raw) by extensions ['ignore', 'ignore_ament_install']
[0.446s] [34mcolcon.colcon_core.package_identification[0m [1;30mLevel 1[0m _identify(data/20260325_143355_session/2_capture/raw) by extension 'ignore'
[0.446s] [34mcolcon.colcon_core.package_identification[0m [1;30mLevel 1[0m _identify(data/20260325_143355_session/2_capture/raw) by extension 'ignore_ament_install'
[0.446s] [34mcolcon.colcon_core.package_identification[0m [1;30mLevel 1[0m _identify(data/20260325_143355_session/2_capture/raw) by extensions ['colcon_pkg']
[0.446s] [34mcolcon.colcon_core.package_identification[0m [1;30mLevel 1[0m _identify(data/20260325_143355_session/2_capture/raw) by extension 'colcon_pkg'
[0.446s] [34mcolcon.colcon_core.package_identification[0m [1;30mLevel 1[0m _identify(data/20260325_143355_session/2_capture/raw) by extensions ['colcon_meta']
[0.446s] [34mcolcon.colcon_core.package_identification[0m [1;30mLevel 1[0m _identify(data/20260325_143355_session/2_capture/raw) by extension 'colcon_meta'
[0.446s] [34mcolcon.colcon_core.package_identification[0m [1;30mLevel 1[0m _identify(data/20260325_143355_session/2_capture/raw) by extensions ['ros']
[0.446s] [34mcolcon.colcon_core.package_identification[0m [1;30mLevel 1[0m _identify(data/20260325_143355_session/2_capture/raw) by extension 'ros'
[0.446s] [34mcolcon.colcon_core.package_identification[0m [1;30mLevel 1[0m _identify(data/20260325_143355_session/2_capture/raw) by extensions ['cmake', 'python']
[0.446s] [34mcolcon.colcon_core.package_identification[0m [1;30mLevel 1[0m _identify(data/20260325_143355_session/2_capture/raw) by extension 'cmake'
[0.446s] [34mcolcon.colcon_core.package_identification[0m [1;30mLevel 1[0m _identify(data/20260325_143355_session/2_capture/raw) by extension 'python'
[0.446s] [34mcolcon.colcon_core.package_identification[0m [1;30mLevel 1[0m _identify(data/20260325_143355_session/2_capture/raw) by extensions ['python_setup_py']
[0.446s] [34mcolcon.colcon_core.package_identification[0m [1;30mLevel 1[0m _identify(data/20260325_143355_session/2_capture/raw) by extension 'python_setup_py'
[0.446s] [34mcolcon.colcon_core.package_identification[0m [1;30mLevel 1[0m _identify(data/20260401_174746_session) by extensions ['ignore', 'ignore_ament_install']
[0.446s] [34mcolcon.colcon_core.package_identification[0m [1;30mLevel 1[0m _identify(data/20260401_174746_session) by extension 'ignore'
[0.446s] [34mcolcon.colcon_core.package_identification[0m [1;30mLevel 1[0m _identify(data/20260401_174746_session) by extension 'ignore_ament_install'
[0.446s] [34mcolcon.colcon_core.package_identification[0m [1;30mLevel 1[0m _identify(data/20260401_174746_session) by extensions ['colcon_pkg']
[0.446s] [34mcolcon.colcon_core.package_identification[0m [1;30mLevel 1[0m _identify(data/20260401_174746_session) by extension 'colcon_pkg'
[0.446s] [34mcolcon.colcon_core.package_identification[0m [1;30mLevel 1[0m _identify(data/20260401_174746_session) by extensions ['colcon_meta']
[0.446s] [34mcolcon.colcon_core.package_identification[0m [1;30mLevel 1[0m _identify(data/20260401_174746_session) by extension 'colcon_meta'
[0.447s] [34mcolcon.colcon_core.package_identification[0m [1;30mLevel 1[0m _identify(data/20260401_174746_session) by extensions ['ros']
[0.447s] [34mcolcon.colcon_core.package_identification[0m [1;30mLevel 1[0m _identify(data/20260401_174746_session) by extension 'ros'
[0.447s] [34mcolcon.colcon_core.package_identification[0m [1;30mLevel 1[0m _identify(data/20260401_174746_session) by extensions ['cmake', 'python']
[0.447s] [34mcolcon.colcon_core.package_identification[0m [1;30mLevel 1[0m _identify(data/20260401_174746_session) by extension 'cmake'
[0.447s] [34mcolcon.colcon_core.package_identification[0m [1;30mLevel 1[0m _identify(data/20260401_174746_session) by extension 'python'
[0.447s] [34mcolcon.colcon_core.package_identification[0m [1;30mLevel 1[0m _identify(data/20260401_174746_session) by extensions ['python_setup_py']
[0.447s] [34mcolcon.colcon_core.package_identification[0m [1;30mLevel 1[0m _identify(data/20260401_174746_session) by extension 'python_setup_py'
[0.447s] [34mcolcon.colcon_core.package_identification[0m [1;30mLevel 1[0m _identify(data/20260401_174746_session/1_capture) by extensions ['ignore', 'ignore_ament_install']
[0.447s] [34mcolcon.colcon_core.package_identification[0m [1;30mLevel 1[0m _identify(data/20260401_174746_session/1_capture) by extension 'ignore'
[0.447s] [34mcolcon.colcon_core.package_identification[0m [1;30mLevel 1[0m _identify(data/20260401_174746_session/1_capture) by extension 'ignore_ament_install'
[0.447s] [34mcolcon.colcon_core.package_identification[0m [1;30mLevel 1[0m _identify(data/20260401_174746_session/1_capture) by extensions ['colcon_pkg']
[0.447s] [34mcolcon.colcon_core.package_identification[0m [1;30mLevel 1[0m _identify(data/20260401_174746_session/1_capture) by extension 'colcon_pkg'
[0.447s] [34mcolcon.colcon_core.package_identification[0m [1;30mLevel 1[0m _identify(data/20260401_174746_session/1_capture) by extensions ['colcon_meta']
[0.447s] [34mcolcon.colcon_core.package_identification[0m [1;30mLevel 1[0m _identify(data/20260401_174746_session/1_capture) by extension 'colcon_meta'
[0.447s] [34mcolcon.colcon_core.package_identification[0m [1;30mLevel 1[0m _identify(data/20260401_174746_session/1_capture) by extensions ['ros']
[0.447s] [34mcolcon.colcon_core.package_identification[0m [1;30mLevel 1[0m _identify(data/20260401_174746_session/1_capture) by extension 'ros'
[0.447s] [34mcolcon.colcon_core.package_identification[0m [1;30mLevel 1[0m _identify(data/20260401_174746_session/1_capture) by extensions ['cmake', 'python']
[0.447s] [34mcolcon.colcon_core.package_identification[0m [1;30mLevel 1[0m _identify(data/20260401_174746_session/1_capture) by extension 'cmake'
[0.447s] [34mcolcon.colcon_core.package_identification[0m [1;30mLevel 1[0m _identify(data/20260401_174746_session/1_capture) by extension 'python'
[0.447s] [34mcolcon.colcon_core.package_identification[0m [1;30mLevel 1[0m _identify(data/20260401_174746_session/1_capture) by extensions ['python_setup_py']
[0.447s] [34mcolcon.colcon_core.package_identification[0m [1;30mLevel 1[0m _identify(data/20260401_174746_session/1_capture) by extension 'python_setup_py'
[0.447s] [34mcolcon.colcon_core.package_identification[0m [1;30mLevel 1[0m _identify(data/20260401_174746_session/1_capture/intermediate) by extensions ['ignore', 'ignore_ament_install']
[0.447s] [34mcolcon.colcon_core.package_identification[0m [1;30mLevel 1[0m _identify(data/20260401_174746_session/1_capture/intermediate) by extension 'ignore'
[0.447s] [34mcolcon.colcon_core.package_identification[0m [1;30mLevel 1[0m _identify(data/20260401_174746_session/1_capture/intermediate) by extension 'ignore_ament_install'
[0.447s] [34mcolcon.colcon_core.package_identification[0m [1;30mLevel 1[0m _identify(data/20260401_174746_session/1_capture/intermediate) by extensions ['colcon_pkg']
[0.448s] [34mcolcon.colcon_core.package_identification[0m [1;30mLevel 1[0m _identify(data/20260401_174746_session/1_capture/intermediate) by extension 'colcon_pkg'
[0.448s] [34mcolcon.colcon_core.package_identification[0m [1;30mLevel 1[0m _identify(data/20260401_174746_session/1_capture/intermediate) by extensions ['colcon_meta']
[0.448s] [34mcolcon.colcon_core.package_identification[0m [1;30mLevel 1[0m _identify(data/20260401_174746_session/1_capture/intermediate) by extension 'colcon_meta'
[0.448s] [34mcolcon.colcon_core.package_identification[0m [1;30mLevel 1[0m _identify(data/20260401_174746_session/1_capture/intermediate) by extensions ['ros']
[0.448s] [34mcolcon.colcon_core.package_identification[0m [1;30mLevel 1[0m _identify(data/20260401_174746_session/1_capture/intermediate) by extension 'ros'
[0.448s] [34mcolcon.colcon_core.package_identification[0m [1;30mLevel 1[0m _identify(data/20260401_174746_session/1_capture/intermediate) by extensions ['cmake', 'python']
[0.448s] [34mcolcon.colcon_core.package_identification[0m [1;30mLevel 1[0m _identify(data/20260401_174746_session/1_capture/intermediate) by extension 'cmake'
[0.448s] [34mcolcon.colcon_core.package_identification[0m [1;30mLevel 1[0m _identify(data/20260401_174746_session/1_capture/intermediate) by extension 'python'
[0.448s] [34mcolcon.colcon_core.package_identification[0m [1;30mLevel 1[0m _identify(data/20260401_174746_session/1_capture/intermediate) by extensions ['python_setup_py']
[0.448s] [34mcolcon.colcon_core.package_identification[0m [1;30mLevel 1[0m _identify(data/20260401_174746_session/1_capture/intermediate) by extension 'python_setup_py'
[0.448s] [34mcolcon.colcon_core.package_identification[0m [1;30mLevel 1[0m _identify(data/20260401_174746_session/1_capture/processed) by extensions ['ignore', 'ignore_ament_install']
[0.448s] [34mcolcon.colcon_core.package_identification[0m [1;30mLevel 1[0m _identify(data/20260401_174746_session/1_capture/processed) by extension 'ignore'
[0.448s] [34mcolcon.colcon_core.package_identification[0m [1;30mLevel 1[0m _identify(data/20260401_174746_session/1_capture/processed) by extension 'ignore_ament_install'
[0.448s] [34mcolcon.colcon_core.package_identification[0m [1;30mLevel 1[0m _identify(data/20260401_174746_session/1_capture/processed) by extensions ['colcon_pkg']
[0.448s] [34mcolcon.colcon_core.package_identification[0m [1;30mLevel 1[0m _identify(data/20260401_174746_session/1_capture/processed) by extension 'colcon_pkg'
[0.448s] [34mcolcon.colcon_core.package_identification[0m [1;30mLevel 1[0m _identify(data/20260401_174746_session/1_capture/processed) by extensions ['colcon_meta']
[0.448s] [34mcolcon.colcon_core.package_identification[0m [1;30mLevel 1[0m _identify(data/20260401_174746_session/1_capture/processed) by extension 'colcon_meta'
[0.448s] [34mcolcon.colcon_core.package_identification[0m [1;30mLevel 1[0m _identify(data/20260401_174746_session/1_capture/processed) by extensions ['ros']
[0.448s] [34mcolcon.colcon_core.package_identification[0m [1;30mLevel 1[0m _identify(data/20260401_174746_session/1_capture/processed) by extension 'ros'
[0.448s] [34mcolcon.colcon_core.package_identification[0m [1;30mLevel 1[0m _identify(data/20260401_174746_session/1_capture/processed) by extensions ['cmake', 'python']
[0.448s] [34mcolcon.colcon_core.package_identification[0m [1;30mLevel 1[0m _identify(data/20260401_174746_session/1_capture/processed) by extension 'cmake'
[0.448s] [34mcolcon.colcon_core.package_identification[0m [1;30mLevel 1[0m _identify(data/20260401_174746_session/1_capture/processed) by extension 'python'
[0.448s] [34mcolcon.colcon_core.package_identification[0m [1;30mLevel 1[0m _identify(data/20260401_174746_session/1_capture/processed) by extensions ['python_setup_py']
[0.448s] [34mcolcon.colcon_core.package_identification[0m [1;30mLevel 1[0m _identify(data/20260401_174746_session/1_capture/processed) by extension 'python_setup_py'
[0.448s] [34mcolcon.colcon_core.package_identification[0m [1;30mLevel 1[0m _identify(data/20260401_174746_session/1_capture/raw) by extensions ['ignore', 'ignore_ament_install']
[0.449s] [34mcolcon.colcon_core.package_identification[0m [1;30mLevel 1[0m _identify(data/20260401_174746_session/1_capture/raw) by extension 'ignore'
[0.449s] [34mcolcon.colcon_core.package_identification[0m [1;30mLevel 1[0m _identify(data/20260401_174746_session/1_capture/raw) by extension 'ignore_ament_install'
[0.449s] [34mcolcon.colcon_core.package_identification[0m [1;30mLevel 1[0m _identify(data/20260401_174746_session/1_capture/raw) by extensions ['colcon_pkg']
[0.449s] [34mcolcon.colcon_core.package_identification[0m [1;30mLevel 1[0m _identify(data/20260401_174746_session/1_capture/raw) by extension 'colcon_pkg'
[0.449s] [34mcolcon.colcon_core.package_identification[0m [1;30mLevel 1[0m _identify(data/20260401_174746_session/1_capture/raw) by extensions ['colcon_meta']
[0.449s] [34mcolcon.colcon_core.package_identification[0m [1;30mLevel 1[0m _identify(data/20260401_174746_session/1_capture/raw) by extension 'colcon_meta'
[0.449s] [34mcolcon.colcon_core.package_identification[0m [1;30mLevel 1[0m _identify(data/20260401_174746_session/1_capture/raw) by extensions ['ros']
[0.449s] [34mcolcon.colcon_core.package_identification[0m [1;30mLevel 1[0m _identify(data/20260401_174746_session/1_capture/raw) by extension 'ros'
[0.449s] [34mcolcon.colcon_core.package_identification[0m [1;30mLevel 1[0m _identify(data/20260401_174746_session/1_capture/raw) by extensions ['cmake', 'python']
[0.449s] [34mcolcon.colcon_core.package_identification[0m [1;30mLevel 1[0m _identify(data/20260401_174746_session/1_capture/raw) by extension 'cmake'
[0.449s] [34mcolcon.colcon_core.package_identification[0m [1;30mLevel 1[0m _identify(data/20260401_174746_session/1_capture/raw) by extension 'python'
[0.449s] [34mcolcon.colcon_core.package_identification[0m [1;30mLevel 1[0m _identify(data/20260401_174746_session/1_capture/raw) by extensions ['python_setup_py']
[0.449s] [34mcolcon.colcon_core.package_identification[0m [1;30mLevel 1[0m _identify(data/20260401_174746_session/1_capture/raw) by extension 'python_setup_py'
[0.449s] [34mcolcon.colcon_core.package_identification[0m [1;30mLevel 1[0m _identify(data/20260401_174746_session/2_capture) by extensions ['ignore', 'ignore_ament_install']
[0.449s] [34mcolcon.colcon_core.package_identification[0m [1;30mLevel 1[0m _identify(data/20260401_174746_session/2_capture) by extension 'ignore'
[0.449s] [34mcolcon.colcon_core.package_identification[0m [1;30mLevel 1[0m _identify(data/20260401_174746_session/2_capture) by extension 'ignore_ament_install'
[0.449s] [34mcolcon.colcon_core.package_identification[0m [1;30mLevel 1[0m _identify(data/20260401_174746_session/2_capture) by extensions ['colcon_pkg']
[0.449s] [34mcolcon.colcon_core.package_identification[0m [1;30mLevel 1[0m _identify(data/20260401_174746_session/2_capture) by extension 'colcon_pkg'
[0.449s] [34mcolcon.colcon_core.package_identification[0m [1;30mLevel 1[0m _identify(data/20260401_174746_session/2_capture) by extensions ['colcon_meta']
[0.449s] [34mcolcon.colcon_core.package_identification[0m [1;30mLevel 1[0m _identify(data/20260401_174746_session/2_capture) by extension 'colcon_meta'
[0.449s] [34mcolcon.colcon_core.package_identification[0m [1;30mLevel 1[0m _identify(data/20260401_174746_session/2_capture) by extensions ['ros']
[0.449s] [34mcolcon.colcon_core.package_identification[0m [1;30mLevel 1[0m _identify(data/20260401_174746_session/2_capture) by extension 'ros'
[0.449s] [34mcolcon.colcon_core.package_identification[0m [1;30mLevel 1[0m _identify(data/20260401_174746_session/2_capture) by extensions ['cmake', 'python']
[0.449s] [34mcolcon.colcon_core.package_identification[0m [1;30mLevel 1[0m _identify(data/20260401_174746_session/2_capture) by extension 'cmake'
[0.449s] [34mcolcon.colcon_core.package_identification[0m [1;30mLevel 1[0m _identify(data/20260401_174746_session/2_capture) by extension 'python'
[0.449s] [34mcolcon.colcon_core.package_identification[0m [1;30mLevel 1[0m _identify(data/20260401_174746_session/2_capture) by extensions ['python_setup_py']
[0.450s] [34mcolcon.colcon_core.package_identification[0m [1;30mLevel 1[0m _identify(data/20260401_174746_session/2_capture) by extension 'python_setup_py'
[0.450s] [34mcolcon.colcon_core.package_identification[0m [1;30mLevel 1[0m _identify(data/20260401_174746_session/2_capture/intermediate) by extensions ['ignore', 'ignore_ament_install']
[0.450s] [34mcolcon.colcon_core.package_identification[0m [1;30mLevel 1[0m _identify(data/20260401_174746_session/2_capture/intermediate) by extension 'ignore'
[0.450s] [34mcolcon.colcon_core.package_identification[0m [1;30mLevel 1[0m _identify(data/20260401_174746_session/2_capture/intermediate) by extension 'ignore_ament_install'
[0.450s] [34mcolcon.colcon_core.package_identification[0m [1;30mLevel 1[0m _identify(data/20260401_174746_session/2_capture/intermediate) by extensions ['colcon_pkg']
[0.450s] [34mcolcon.colcon_core.package_identification[0m [1;30mLevel 1[0m _identify(data/20260401_174746_session/2_capture/intermediate) by extension 'colcon_pkg'
[0.450s] [34mcolcon.colcon_core.package_identification[0m [1;30mLevel 1[0m _identify(data/20260401_174746_session/2_capture/intermediate) by extensions ['colcon_meta']
[0.450s] [34mcolcon.colcon_core.package_identification[0m [1;30mLevel 1[0m _identify(data/20260401_174746_session/2_capture/intermediate) by extension 'colcon_meta'
[0.450s] [34mcolcon.colcon_core.package_identification[0m [1;30mLevel 1[0m _identify(data/20260401_174746_session/2_capture/intermediate) by extensions ['ros']
[0.450s] [34mcolcon.colcon_core.package_identification[0m [1;30mLevel 1[0m _identify(data/20260401_174746_session/2_capture/intermediate) by extension 'ros'
[0.450s] [34mcolcon.colcon_core.package_identification[0m [1;30mLevel 1[0m _identify(data/20260401_174746_session/2_capture/intermediate) by extensions ['cmake', 'python']
[0.450s] [34mcolcon.colcon_core.package_identification[0m [1;30mLevel 1[0m _identify(data/20260401_174746_session/2_capture/intermediate) by extension 'cmake'
[0.450s] [34mcolcon.colcon_core.package_identification[0m [1;30mLevel 1[0m _identify(data/20260401_174746_session/2_capture/intermediate) by extension 'python'
[0.450s] [34mcolcon.colcon_core.package_identification[0m [1;30mLevel 1[0m _identify(data/20260401_174746_session/2_capture/intermediate) by extensions ['python_setup_py']
[0.450s] [34mcolcon.colcon_core.package_identification[0m [1;30mLevel 1[0m _identify(data/20260401_174746_session/2_capture/intermediate) by extension 'python_setup_py'
[0.450s] [34mcolcon.colcon_core.package_identification[0m [1;30mLevel 1[0m _identify(data/20260401_174746_session/2_capture/processed) by extensions ['ignore', 'ignore_ament_install']
[0.450s] [34mcolcon.colcon_core.package_identification[0m [1;30mLevel 1[0m _identify(data/20260401_174746_session/2_capture/processed) by extension 'ignore'
[0.450s] [34mcolcon.colcon_core.package_identification[0m [1;30mLevel 1[0m _identify(data/20260401_174746_session/2_capture/processed) by extension 'ignore_ament_install'
[0.450s] [34mcolcon.colcon_core.package_identification[0m [1;30mLevel 1[0m _identify(data/20260401_174746_session/2_capture/processed) by extensions ['colcon_pkg']
[0.450s] [34mcolcon.colcon_core.package_identification[0m [1;30mLevel 1[0m _identify(data/20260401_174746_session/2_capture/processed) by extension 'colcon_pkg'
[0.450s] [34mcolcon.colcon_core.package_identification[0m [1;30mLevel 1[0m _identify(data/20260401_174746_session/2_capture/processed) by extensions ['colcon_meta']
[0.450s] [34mcolcon.colcon_core.package_identification[0m [1;30mLevel 1[0m _identify(data/20260401_174746_session/2_capture/processed) by extension 'colcon_meta'
[0.451s] [34mcolcon.colcon_core.package_identification[0m [1;30mLevel 1[0m _identify(data/20260401_174746_session/2_capture/processed) by extensions ['ros']
[0.451s] [34mcolcon.colcon_core.package_identification[0m [1;30mLevel 1[0m _identify(data/20260401_174746_session/2_capture/processed) by extension 'ros'
[0.451s] [34mcolcon.colcon_core.package_identification[0m [1;30mLevel 1[0m _identify(data/20260401_174746_session/2_capture/processed) by extensions ['cmake', 'python']
[0.451s] [34mcolcon.colcon_core.package_identification[0m [1;30mLevel 1[0m _identify(data/20260401_174746_session/2_capture/processed) by extension 'cmake'
[0.451s] [34mcolcon.colcon_core.package_identification[0m [1;30mLevel 1[0m _identify(data/20260401_174746_session/2_capture/processed) by extension 'python'
[0.451s] [34mcolcon.colcon_core.package_identification[0m [1;30mLevel 1[0m _identify(data/20260401_174746_session/2_capture/processed) by extensions ['python_setup_py']
[0.451s] [34mcolcon.colcon_core.package_identification[0m [1;30mLevel 1[0m _identify(data/20260401_174746_session/2_capture/processed) by extension 'python_setup_py'
[0.451s] [34mcolcon.colcon_core.package_identification[0m [1;30mLevel 1[0m _identify(data/20260401_174746_session/2_capture/raw) by extensions ['ignore', 'ignore_ament_install']
[0.451s] [34mcolcon.colcon_core.package_identification[0m [1;30mLevel 1[0m _identify(data/20260401_174746_session/2_capture/raw) by extension 'ignore'
[0.451s] [34mcolcon.colcon_core.package_identification[0m [1;30mLevel 1[0m _identify(data/20260401_174746_session/2_capture/raw) by extension 'ignore_ament_install'
[0.451s] [34mcolcon.colcon_core.package_identification[0m [1;30mLevel 1[0m _identify(data/20260401_174746_session/2_capture/raw) by extensions ['colcon_pkg']
[0.451s] [34mcolcon.colcon_core.package_identification[0m [1;30mLevel 1[0m _identify(data/20260401_174746_session/2_capture/raw) by extension 'colcon_pkg'
[0.451s] [34mcolcon.colcon_core.package_identification[0m [1;30mLevel 1[0m _identify(data/20260401_174746_session/2_capture/raw) by extensions ['colcon_meta']
[0.451s] [34mcolcon.colcon_core.package_identification[0m [1;30mLevel 1[0m _identify(data/20260401_174746_session/2_capture/raw) by extension 'colcon_meta'
[0.451s] [34mcolcon.colcon_core.package_identification[0m [1;30mLevel 1[0m _identify(data/20260401_174746_session/2_capture/raw) by extensions ['ros']
[0.451s] [34mcolcon.colcon_core.package_identification[0m [1;30mLevel 1[0m _identify(data/20260401_174746_session/2_capture/raw) by extension 'ros'
[0.451s] [34mcolcon.colcon_core.package_identification[0m [1;30mLevel 1[0m _identify(data/20260401_174746_session/2_capture/raw) by extensions ['cmake', 'python']
[0.451s] [34mcolcon.colcon_core.package_identification[0m [1;30mLevel 1[0m _identify(data/20260401_174746_session/2_capture/raw) by extension 'cmake'
[0.451s] [34mcolcon.colcon_core.package_identification[0m [1;30mLevel 1[0m _identify(data/20260401_174746_session/2_capture/raw) by extension 'python'
[0.451s] [34mcolcon.colcon_core.package_identification[0m [1;30mLevel 1[0m _identify(data/20260401_174746_session/2_capture/raw) by extensions ['python_setup_py']
[0.451s] [34mcolcon.colcon_core.package_identification[0m [1;30mLevel 1[0m _identify(data/20260401_174746_session/2_capture/raw) by extension 'python_setup_py'
[0.451s] [34mcolcon.colcon_core.package_identification[0m [1;30mLevel 1[0m _identify(data/20260510_151534_session) by extensions ['ignore', 'ignore_ament_install']
[0.451s] [34mcolcon.colcon_core.package_identification[0m [1;30mLevel 1[0m _identify(data/20260510_151534_session) by extension 'ignore'
[0.451s] [34mcolcon.colcon_core.package_identification[0m [1;30mLevel 1[0m _identify(data/20260510_151534_session) by extension 'ignore_ament_install'
[0.452s] [34mcolcon.colcon_core.package_identification[0m [1;30mLevel 1[0m _identify(data/20260510_151534_session) by extensions ['colcon_pkg']
[0.452s] [34mcolcon.colcon_core.package_identification[0m [1;30mLevel 1[0m _identify(data/20260510_151534_session) by extension 'colcon_pkg'
[0.452s] [34mcolcon.colcon_core.package_identification[0m [1;30mLevel 1[0m _identify(data/20260510_151534_session) by extensions ['colcon_meta']
[0.452s] [34mcolcon.colcon_core.package_identification[0m [1;30mLevel 1[0m _identify(data/20260510_151534_session) by extension 'colcon_meta'
[0.452s] [34mcolcon.colcon_core.package_identification[0m [1;30mLevel 1[0m _identify(data/20260510_151534_session) by extensions ['ros']
[0.452s] [34mcolcon.colcon_core.package_identification[0m [1;30mLevel 1[0m _identify(data/20260510_151534_session) by extension 'ros'
[0.452s] [34mcolcon.colcon_core.package_identification[0m [1;30mLevel 1[0m _identify(data/20260510_151534_session) by extensions ['cmake', 'python']
[0.452s] [34mcolcon.colcon_core.package_identification[0m [1;30mLevel 1[0m _identify(data/20260510_151534_session) by extension 'cmake'
[0.452s] [34mcolcon.colcon_core.package_identification[0m [1;30mLevel 1[0m _identify(data/20260510_151534_session) by extension 'python'
[0.452s] [34mcolcon.colcon_core.package_identification[0m [1;30mLevel 1[0m _identify(data/20260510_151534_session) by extensions ['python_setup_py']
[0.452s] [34mcolcon.colcon_core.package_identification[0m [1;30mLevel 1[0m _identify(data/20260510_151534_session) by extension 'python_setup_py'
[0.452s] [34mcolcon.colcon_core.package_identification[0m [1;30mLevel 1[0m _identify(data/20260510_151830_session) by extensions ['ignore', 'ignore_ament_install']
[0.452s] [34mcolcon.colcon_core.package_identification[0m [1;30mLevel 1[0m _identify(data/20260510_151830_session) by extension 'ignore'
[0.452s] [34mcolcon.colcon_core.package_identification[0m [1;30mLevel 1[0m _identify(data/20260510_151830_session) by extension 'ignore_ament_install'
[0.452s] [34mcolcon.colcon_core.package_identification[0m [1;30mLevel 1[0m _identify(data/20260510_151830_session) by extensions ['colcon_pkg']
[0.452s] [34mcolcon.colcon_core.package_identification[0m [1;30mLevel 1[0m _identify(data/20260510_151830_session) by extension 'colcon_pkg'
[0.452s] [34mcolcon.colcon_core.package_identification[0m [1;30mLevel 1[0m _identify(data/20260510_151830_session) by extensions ['colcon_meta']
[0.452s] [34mcolcon.colcon_core.package_identification[0m [1;30mLevel 1[0m _identify(data/20260510_151830_session) by extension 'colcon_meta'
[0.452s] [34mcolcon.colcon_core.package_identification[0m [1;30mLevel 1[0m _identify(data/20260510_151830_session) by extensions ['ros']
[0.452s] [34mcolcon.colcon_core.package_identification[0m [1;30mLevel 1[0m _identify(data/20260510_151830_session) by extension 'ros'
[0.452s] [34mcolcon.colcon_core.package_identification[0m [1;30mLevel 1[0m _identify(data/20260510_151830_session) by extensions ['cmake', 'python']
[0.452s] [34mcolcon.colcon_core.package_identification[0m [1;30mLevel 1[0m _identify(data/20260510_151830_session) by extension 'cmake'
[0.452s] [34mcolcon.colcon_core.package_identification[0m [1;30mLevel 1[0m _identify(data/20260510_151830_session) by extension 'python'
[0.452s] [34mcolcon.colcon_core.package_identification[0m [1;30mLevel 1[0m _identify(data/20260510_151830_session) by extensions ['python_setup_py']
[0.453s] [34mcolcon.colcon_core.package_identification[0m [1;30mLevel 1[0m _identify(data/20260510_151830_session) by extension 'python_setup_py'
[0.453s] [34mcolcon.colcon_core.package_identification[0m [1;30mLevel 1[0m _identify(data/20260510_152121_session) by extensions ['ignore', 'ignore_ament_install']
[0.453s] [34mcolcon.colcon_core.package_identification[0m [1;30mLevel 1[0m _identify(data/20260510_152121_session) by extension 'ignore'
[0.453s] [34mcolcon.colcon_core.package_identification[0m [1;30mLevel 1[0m _identify(data/20260510_152121_session) by extension 'ignore_ament_install'
[0.453s] [34mcolcon.colcon_core.package_identification[0m [1;30mLevel 1[0m _identify(data/20260510_152121_session) by extensions ['colcon_pkg']
[0.453s] [34mcolcon.colcon_core.package_identification[0m [1;30mLevel 1[0m _identify(data/20260510_152121_session) by extension 'colcon_pkg'
[0.453s] [34mcolcon.colcon_core.package_identification[0m [1;30mLevel 1[0m _identify(data/20260510_152121_session) by extensions ['colcon_meta']
[0.453s] [34mcolcon.colcon_core.package_identification[0m [1;30mLevel 1[0m _identify(data/20260510_152121_session) by extension 'colcon_meta'
[0.453s] [34mcolcon.colcon_core.package_identification[0m [1;30mLevel 1[0m _identify(data/20260510_152121_session) by extensions ['ros']
[0.453s] [34mcolcon.colcon_core.package_identification[0m [1;30mLevel 1[0m _identify(data/20260510_152121_session) by extension 'ros'
[0.453s] [34mcolcon.colcon_core.package_identification[0m [1;30mLevel 1[0m _identify(data/20260510_152121_session) by extensions ['cmake', 'python']
[0.453s] [34mcolcon.colcon_core.package_identification[0m [1;30mLevel 1[0m _identify(data/20260510_152121_session) by extension 'cmake'
[0.453s] [34mcolcon.colcon_core.package_identification[0m [1;30mLevel 1[0m _identify(data/20260510_152121_session) by extension 'python'
[0.453s] [34mcolcon.colcon_core.package_identification[0m [1;30mLevel 1[0m _identify(data/20260510_152121_session) by extensions ['python_setup_py']
[0.453s] [34mcolcon.colcon_core.package_identification[0m [1;30mLevel 1[0m _identify(data/20260510_152121_session) by extension 'python_setup_py'
[0.453s] [34mcolcon.colcon_core.package_identification[0m [1;30mLevel 1[0m _identify(data/20260510_152152_session) by extensions ['ignore', 'ignore_ament_install']
[0.453s] [34mcolcon.colcon_core.package_identification[0m [1;30mLevel 1[0m _identify(data/20260510_152152_session) by extension 'ignore'
[0.453s] [34mcolcon.colcon_core.package_identification[0m [1;30mLevel 1[0m _identify(data/20260510_152152_session) by extension 'ignore_ament_install'
[0.453s] [34mcolcon.colcon_core.package_identification[0m [1;30mLevel 1[0m _identify(data/20260510_152152_session) by extensions ['colcon_pkg']
[0.453s] [34mcolcon.colcon_core.package_identification[0m [1;30mLevel 1[0m _identify(data/20260510_152152_session) by extension 'colcon_pkg'
[0.453s] [34mcolcon.colcon_core.package_identification[0m [1;30mLevel 1[0m _identify(data/20260510_152152_session) by extensions ['colcon_meta']
[0.453s] [34mcolcon.colcon_core.package_identification[0m [1;30mLevel 1[0m _identify(data/20260510_152152_session) by extension 'colcon_meta'
[0.453s] [34mcolcon.colcon_core.package_identification[0m [1;30mLevel 1[0m _identify(data/20260510_152152_session) by extensions ['ros']
[0.453s] [34mcolcon.colcon_core.package_identification[0m [1;30mLevel 1[0m _identify(data/20260510_152152_session) by extension 'ros'
[0.454s] [34mcolcon.colcon_core.package_identification[0m [1;30mLevel 1[0m _identify(data/20260510_152152_session) by extensions ['cmake', 'python']
[0.454s] [34mcolcon.colcon_core.package_identification[0m [1;30mLevel 1[0m _identify(data/20260510_152152_session) by extension 'cmake'
[0.454s] [34mcolcon.colcon_core.package_identification[0m [1;30mLevel 1[0m _identify(data/20260510_152152_session) by extension 'python'
[0.454s] [34mcolcon.colcon_core.package_identification[0m [1;30mLevel 1[0m _identify(data/20260510_152152_session) by extensions ['python_setup_py']
[0.454s] [34mcolcon.colcon_core.package_identification[0m [1;30mLevel 1[0m _identify(data/20260510_152152_session) by extension 'python_setup_py'
[0.454s] [34mcolcon.colcon_core.package_identification[0m [1;30mLevel 1[0m _identify(data/20260510_152225_session) by extensions ['ignore', 'ignore_ament_install']
[0.454s] [34mcolcon.colcon_core.package_identification[0m [1;30mLevel 1[0m _identify(data/20260510_152225_session) by extension 'ignore'
[0.454s] [34mcolcon.colcon_core.package_identification[0m [1;30mLevel 1[0m _identify(data/20260510_152225_session) by extension 'ignore_ament_install'
[0.454s] [34mcolcon.colcon_core.package_identification[0m [1;30mLevel 1[0m _identify(data/20260510_152225_session) by extensions ['colcon_pkg']
[0.454s] [34mcolcon.colcon_core.package_identification[0m [1;30mLevel 1[0m _identify(data/20260510_152225_session) by extension 'colcon_pkg'
[0.454s] [34mcolcon.colcon_core.package_identification[0m [1;30mLevel 1[0m _identify(data/20260510_152225_session) by extensions ['colcon_meta']
[0.454s] [34mcolcon.colcon_core.package_identification[0m [1;30mLevel 1[0m _identify(data/20260510_152225_session) by extension 'colcon_meta'
[0.454s] [34mcolcon.colcon_core.package_identification[0m [1;30mLevel 1[0m _identify(data/20260510_152225_session) by extensions ['ros']
[0.454s] [34mcolcon.colcon_core.package_identification[0m [1;30mLevel 1[0m _identify(data/20260510_152225_session) by extension 'ros'
[0.454s] [34mcolcon.colcon_core.package_identification[0m [1;30mLevel 1[0m _identify(data/20260510_152225_session) by extensions ['cmake', 'python']
[0.454s] [34mcolcon.colcon_core.package_identification[0m [1;30mLevel 1[0m _identify(data/20260510_152225_session) by extension 'cmake'
[0.454s] [34mcolcon.colcon_core.package_identification[0m [1;30mLevel 1[0m _identify(data/20260510_152225_session) by extension 'python'
[0.454s] [34mcolcon.colcon_core.package_identification[0m [1;30mLevel 1[0m _identify(data/20260510_152225_session) by extensions ['python_setup_py']
[0.454s] [34mcolcon.colcon_core.package_identification[0m [1;30mLevel 1[0m _identify(data/20260510_152225_session) by extension 'python_setup_py'
[0.454s] [34mcolcon.colcon_core.package_identification[0m [1;30mLevel 1[0m _identify(data/20260510_152454_session) by extensions ['ignore', 'ignore_ament_install']
[0.454s] [34mcolcon.colcon_core.package_identification[0m [1;30mLevel 1[0m _identify(data/20260510_152454_session) by extension 'ignore'
[0.454s] [34mcolcon.colcon_core.package_identification[0m [1;30mLevel 1[0m _identify(data/20260510_152454_session) by extension 'ignore_ament_install'
[0.454s] [34mcolcon.colcon_core.package_identification[0m [1;30mLevel 1[0m _identify(data/20260510_152454_session) by extensions ['colcon_pkg']
[0.454s] [34mcolcon.colcon_core.package_identification[0m [1;30mLevel 1[0m _identify(data/20260510_152454_session) by extension 'colcon_pkg'
[0.454s] [34mcolcon.colcon_core.package_identification[0m [1;30mLevel 1[0m _identify(data/20260510_152454_session) by extensions ['colcon_meta']
[0.454s] [34mcolcon.colcon_core.package_identification[0m [1;30mLevel 1[0m _identify(data/20260510_152454_session) by extension 'colcon_meta'
[0.455s] [34mcolcon.colcon_core.package_identification[0m [1;30mLevel 1[0m _identify(data/20260510_152454_session) by extensions ['ros']
[0.455s] [34mcolcon.colcon_core.package_identification[0m [1;30mLevel 1[0m _identify(data/20260510_152454_session) by extension 'ros'
[0.455s] [34mcolcon.colcon_core.package_identification[0m [1;30mLevel 1[0m _identify(data/20260510_152454_session) by extensions ['cmake', 'python']
[0.455s] [34mcolcon.colcon_core.package_identification[0m [1;30mLevel 1[0m _identify(data/20260510_152454_session) by extension 'cmake'
[0.455s] [34mcolcon.colcon_core.package_identification[0m [1;30mLevel 1[0m _identify(data/20260510_152454_session) by extension 'python'
[0.455s] [34mcolcon.colcon_core.package_identification[0m [1;30mLevel 1[0m _identify(data/20260510_152454_session) by extensions ['python_setup_py']
[0.455s] [34mcolcon.colcon_core.package_identification[0m [1;30mLevel 1[0m _identify(data/20260510_152454_session) by extension 'python_setup_py'
[0.455s] [34mcolcon.colcon_core.package_identification[0m [1;30mLevel 1[0m _identify(data/20260510_152532_session) by extensions ['ignore', 'ignore_ament_install']
[0.455s] [34mcolcon.colcon_core.package_identification[0m [1;30mLevel 1[0m _identify(data/20260510_152532_session) by extension 'ignore'
[0.455s] [34mcolcon.colcon_core.package_identification[0m [1;30mLevel 1[0m _identify(data/20260510_152532_session) by extension 'ignore_ament_install'
[0.455s] [34mcolcon.colcon_core.package_identification[0m [1;30mLevel 1[0m _identify(data/20260510_152532_session) by extensions ['colcon_pkg']
[0.455s] [34mcolcon.colcon_core.package_identification[0m [1;30mLevel 1[0m _identify(data/20260510_152532_session) by extension 'colcon_pkg'
[0.455s] [34mcolcon.colcon_core.package_identification[0m [1;30mLevel 1[0m _identify(data/20260510_152532_session) by extensions ['colcon_meta']
[0.455s] [34mcolcon.colcon_core.package_identification[0m [1;30mLevel 1[0m _identify(data/20260510_152532_session) by extension 'colcon_meta'
[0.455s] [34mcolcon.colcon_core.package_identification[0m [1;30mLevel 1[0m _identify(data/20260510_152532_session) by extensions ['ros']
[0.455s] [34mcolcon.colcon_core.package_identification[0m [1;30mLevel 1[0m _identify(data/20260510_152532_session) by extension 'ros'
[0.455s] [34mcolcon.colcon_core.package_identification[0m [1;30mLevel 1[0m _identify(data/20260510_152532_session) by extensions ['cmake', 'python']
[0.455s] [34mcolcon.colcon_core.package_identification[0m [1;30mLevel 1[0m _identify(data/20260510_152532_session) by extension 'cmake'
[0.455s] [34mcolcon.colcon_core.package_identification[0m [1;30mLevel 1[0m _identify(data/20260510_152532_session) by extension 'python'
[0.455s] [34mcolcon.colcon_core.package_identification[0m [1;30mLevel 1[0m _identify(data/20260510_152532_session) by extensions ['python_setup_py']
[0.455s] [34mcolcon.colcon_core.package_identification[0m [1;30mLevel 1[0m _identify(data/20260510_152532_session) by extension 'python_setup_py'
[0.455s] [34mcolcon.colcon_core.package_identification[0m [1;30mLevel 1[0m _identify(data/20260510_152622_session) by extensions ['ignore', 'ignore_ament_install']
[0.455s] [34mcolcon.colcon_core.package_identification[0m [1;30mLevel 1[0m _identify(data/20260510_152622_session) by extension 'ignore'
[0.455s] [34mcolcon.colcon_core.package_identification[0m [1;30mLevel 1[0m _identify(data/20260510_152622_session) by extension 'ignore_ament_install'
[0.456s] [34mcolcon.colcon_core.package_identification[0m [1;30mLevel 1[0m _identify(data/20260510_152622_session) by extensions ['colcon_pkg']
[0.456s] [34mcolcon.colcon_core.package_identification[0m [1;30mLevel 1[0m _identify(data/20260510_152622_session) by extension 'colcon_pkg'
[0.456s] [34mcolcon.colcon_core.package_identification[0m [1;30mLevel 1[0m _identify(data/20260510_152622_session) by extensions ['colcon_meta']
[0.456s] [34mcolcon.colcon_core.package_identification[0m [1;30mLevel 1[0m _identify(data/20260510_152622_session) by extension 'colcon_meta'
[0.456s] [34mcolcon.colcon_core.package_identification[0m [1;30mLevel 1[0m _identify(data/20260510_152622_session) by extensions ['ros']
[0.456s] [34mcolcon.colcon_core.package_identification[0m [1;30mLevel 1[0m _identify(data/20260510_152622_session) by extension 'ros'
[0.456s] [34mcolcon.colcon_core.package_identification[0m [1;30mLevel 1[0m _identify(data/20260510_152622_session) by extensions ['cmake', 'python']
[0.456s] [34mcolcon.colcon_core.package_identification[0m [1;30mLevel 1[0m _identify(data/20260510_152622_session) by extension 'cmake'
[0.456s] [34mcolcon.colcon_core.package_identification[0m [1;30mLevel 1[0m _identify(data/20260510_152622_session) by extension 'python'
[0.456s] [34mcolcon.colcon_core.package_identification[0m [1;30mLevel 1[0m _identify(data/20260510_152622_session) by extensions ['python_setup_py']
[0.456s] [34mcolcon.colcon_core.package_identification[0m [1;30mLevel 1[0m _identify(data/20260510_152622_session) by extension 'python_setup_py'
[0.456s] [34mcolcon.colcon_core.package_identification[0m [1;30mLevel 1[0m _identify(data/20260510_152622_session/1_gui_capture) by extensions ['ignore', 'ignore_ament_install']
[0.456s] [34mcolcon.colcon_core.package_identification[0m [1;30mLevel 1[0m _identify(data/20260510_152622_session/1_gui_capture) by extension 'ignore'
[0.456s] [34mcolcon.colcon_core.package_identification[0m [1;30mLevel 1[0m _identify(data/20260510_152622_session/1_gui_capture) by extension 'ignore_ament_install'
[0.456s] [34mcolcon.colcon_core.package_identification[0m [1;30mLevel 1[0m _identify(data/20260510_152622_session/1_gui_capture) by extensions ['colcon_pkg']
[0.456s] [34mcolcon.colcon_core.package_identification[0m [1;30mLevel 1[0m _identify(data/20260510_152622_session/1_gui_capture) by extension 'colcon_pkg'
[0.456s] [34mcolcon.colcon_core.package_identification[0m [1;30mLevel 1[0m _identify(data/20260510_152622_session/1_gui_capture) by extensions ['colcon_meta']
[0.456s] [34mcolcon.colcon_core.package_identification[0m [1;30mLevel 1[0m _identify(data/20260510_152622_session/1_gui_capture) by extension 'colcon_meta'
[0.456s] [34mcolcon.colcon_core.package_identification[0m [1;30mLevel 1[0m _identify(data/20260510_152622_session/1_gui_capture) by extensions ['ros']
[0.456s] [34mcolcon.colcon_core.package_identification[0m [1;30mLevel 1[0m _identify(data/20260510_152622_session/1_gui_capture) by extension 'ros'
[0.456s] [34mcolcon.colcon_core.package_identification[0m [1;30mLevel 1[0m _identify(data/20260510_152622_session/1_gui_capture) by extensions ['cmake', 'python']
[0.456s] [34mcolcon.colcon_core.package_identification[0m [1;30mLevel 1[0m _identify(data/20260510_152622_session/1_gui_capture) by extension 'cmake'
[0.456s] [34mcolcon.colcon_core.package_identification[0m [1;30mLevel 1[0m _identify(data/20260510_152622_session/1_gui_capture) by extension 'python'
[0.456s] [34mcolcon.colcon_core.package_identification[0m [1;30mLevel 1[0m _identify(data/20260510_152622_session/1_gui_capture) by extensions ['python_setup_py']
[0.456s] [34mcolcon.colcon_core.package_identification[0m [1;30mLevel 1[0m _identify(data/20260510_152622_session/1_gui_capture) by extension 'python_setup_py'
[0.457s] [34mcolcon.colcon_core.package_identification[0m [1;30mLevel 1[0m _identify(data/20260510_152622_session/1_gui_capture/intermediate) by extensions ['ignore', 'ignore_ament_install']
[0.457s] [34mcolcon.colcon_core.package_identification[0m [1;30mLevel 1[0m _identify(data/20260510_152622_session/1_gui_capture/intermediate) by extension 'ignore'
[0.457s] [34mcolcon.colcon_core.package_identification[0m [1;30mLevel 1[0m _identify(data/20260510_152622_session/1_gui_capture/intermediate) by extension 'ignore_ament_install'
[0.457s] [34mcolcon.colcon_core.package_identification[0m [1;30mLevel 1[0m _identify(data/20260510_152622_session/1_gui_capture/intermediate) by extensions ['colcon_pkg']
[0.457s] [34mcolcon.colcon_core.package_identification[0m [1;30mLevel 1[0m _identify(data/20260510_152622_session/1_gui_capture/intermediate) by extension 'colcon_pkg'
[0.457s] [34mcolcon.colcon_core.package_identification[0m [1;30mLevel 1[0m _identify(data/20260510_152622_session/1_gui_capture/intermediate) by extensions ['colcon_meta']
[0.457s] [34mcolcon.colcon_core.package_identification[0m [1;30mLevel 1[0m _identify(data/20260510_152622_session/1_gui_capture/intermediate) by extension 'colcon_meta'
[0.457s] [34mcolcon.colcon_core.package_identification[0m [1;30mLevel 1[0m _identify(data/20260510_152622_session/1_gui_capture/intermediate) by extensions ['ros']
[0.457s] [34mcolcon.colcon_core.package_identification[0m [1;30mLevel 1[0m _identify(data/20260510_152622_session/1_gui_capture/intermediate) by extension 'ros'
[0.457s] [34mcolcon.colcon_core.package_identification[0m [1;30mLevel 1[0m _identify(data/20260510_152622_session/1_gui_capture/intermediate) by extensions ['cmake', 'python']
[0.457s] [34mcolcon.colcon_core.package_identification[0m [1;30mLevel 1[0m _identify(data/20260510_152622_session/1_gui_capture/intermediate) by extension 'cmake'
[0.457s] [34mcolcon.colcon_core.package_identification[0m [1;30mLevel 1[0m _identify(data/20260510_152622_session/1_gui_capture/intermediate) by extension 'python'
[0.457s] [34mcolcon.colcon_core.package_identification[0m [1;30mLevel 1[0m _identify(data/20260510_152622_session/1_gui_capture/intermediate) by extensions ['python_setup_py']
[0.457s] [34mcolcon.colcon_core.package_identification[0m [1;30mLevel 1[0m _identify(data/20260510_152622_session/1_gui_capture/intermediate) by extension 'python_setup_py'
[0.457s] [34mcolcon.colcon_core.package_identification[0m [1;30mLevel 1[0m _identify(data/20260510_152622_session/1_gui_capture/processed) by extensions ['ignore', 'ignore_ament_install']
[0.457s] [34mcolcon.colcon_core.package_identification[0m [1;30mLevel 1[0m _identify(data/20260510_152622_session/1_gui_capture/processed) by extension 'ignore'
[0.457s] [34mcolcon.colcon_core.package_identification[0m [1;30mLevel 1[0m _identify(data/20260510_152622_session/1_gui_capture/processed) by extension 'ignore_ament_install'
[0.457s] [34mcolcon.colcon_core.package_identification[0m [1;30mLevel 1[0m _identify(data/20260510_152622_session/1_gui_capture/processed) by extensions ['colcon_pkg']
[0.457s] [34mcolcon.colcon_core.package_identification[0m [1;30mLevel 1[0m _identify(data/20260510_152622_session/1_gui_capture/processed) by extension 'colcon_pkg'
[0.457s] [34mcolcon.colcon_core.package_identification[0m [1;30mLevel 1[0m _identify(data/20260510_152622_session/1_gui_capture/processed) by extensions ['colcon_meta']
[0.457s] [34mcolcon.colcon_core.package_identification[0m [1;30mLevel 1[0m _identify(data/20260510_152622_session/1_gui_capture/processed) by extension 'colcon_meta'
[0.457s] [34mcolcon.colcon_core.package_identification[0m [1;30mLevel 1[0m _identify(data/20260510_152622_session/1_gui_capture/processed) by extensions ['ros']
[0.457s] [34mcolcon.colcon_core.package_identification[0m [1;30mLevel 1[0m _identify(data/20260510_152622_session/1_gui_capture/processed) by extension 'ros'
[0.457s] [34mcolcon.colcon_core.package_identification[0m [1;30mLevel 1[0m _identify(data/20260510_152622_session/1_gui_capture/processed) by extensions ['cmake', 'python']
[0.458s] [34mcolcon.colcon_core.package_identification[0m [1;30mLevel 1[0m _identify(data/20260510_152622_session/1_gui_capture/processed) by extension 'cmake'
[0.458s] [34mcolcon.colcon_core.package_identification[0m [1;30mLevel 1[0m _identify(data/20260510_152622_session/1_gui_capture/processed) by extension 'python'
[0.458s] [34mcolcon.colcon_core.package_identification[0m [1;30mLevel 1[0m _identify(data/20260510_152622_session/1_gui_capture/processed) by extensions ['python_setup_py']
[0.458s] [34mcolcon.colcon_core.package_identification[0m [1;30mLevel 1[0m _identify(data/20260510_152622_session/1_gui_capture/processed) by extension 'python_setup_py'
[0.458s] [34mcolcon.colcon_core.package_identification[0m [1;30mLevel 1[0m _identify(data/20260510_152622_session/1_gui_capture/raw) by extensions ['ignore', 'ignore_ament_install']
[0.458s] [34mcolcon.colcon_core.package_identification[0m [1;30mLevel 1[0m _identify(data/20260510_152622_session/1_gui_capture/raw) by extension 'ignore'
[0.458s] [34mcolcon.colcon_core.package_identification[0m [1;30mLevel 1[0m _identify(data/20260510_152622_session/1_gui_capture/raw) by extension 'ignore_ament_install'
[0.458s] [34mcolcon.colcon_core.package_identification[0m [1;30mLevel 1[0m _identify(data/20260510_152622_session/1_gui_capture/raw) by extensions ['colcon_pkg']
[0.458s] [34mcolcon.colcon_core.package_identification[0m [1;30mLevel 1[0m _identify(data/20260510_152622_session/1_gui_capture/raw) by extension 'colcon_pkg'
[0.458s] [34mcolcon.colcon_core.package_identification[0m [1;30mLevel 1[0m _identify(data/20260510_152622_session/1_gui_capture/raw) by extensions ['colcon_meta']
[0.458s] [34mcolcon.colcon_core.package_identification[0m [1;30mLevel 1[0m _identify(data/20260510_152622_session/1_gui_capture/raw) by extension 'colcon_meta'
[0.458s] [34mcolcon.colcon_core.package_identification[0m [1;30mLevel 1[0m _identify(data/20260510_152622_session/1_gui_capture/raw) by extensions ['ros']
[0.458s] [34mcolcon.colcon_core.package_identification[0m [1;30mLevel 1[0m _identify(data/20260510_152622_session/1_gui_capture/raw) by extension 'ros'
[0.458s] [34mcolcon.colcon_core.package_identification[0m [1;30mLevel 1[0m _identify(data/20260510_152622_session/1_gui_capture/raw) by extensions ['cmake', 'python']
[0.458s] [34mcolcon.colcon_core.package_identification[0m [1;30mLevel 1[0m _identify(data/20260510_152622_session/1_gui_capture/raw) by extension 'cmake'
[0.458s] [34mcolcon.colcon_core.package_identification[0m [1;30mLevel 1[0m _identify(data/20260510_152622_session/1_gui_capture/raw) by extension 'python'
[0.458s] [34mcolcon.colcon_core.package_identification[0m [1;30mLevel 1[0m _identify(data/20260510_152622_session/1_gui_capture/raw) by extensions ['python_setup_py']
[0.458s] [34mcolcon.colcon_core.package_identification[0m [1;30mLevel 1[0m _identify(data/20260510_152622_session/1_gui_capture/raw) by extension 'python_setup_py'
[0.458s] [34mcolcon.colcon_core.package_identification[0m [1;30mLevel 1[0m _identify(data/20260510_153906_session) by extensions ['ignore', 'ignore_ament_install']
[0.458s] [34mcolcon.colcon_core.package_identification[0m [1;30mLevel 1[0m _identify(data/20260510_153906_session) by extension 'ignore'
[0.458s] [34mcolcon.colcon_core.package_identification[0m [1;30mLevel 1[0m _identify(data/20260510_153906_session) by extension 'ignore_ament_install'
[0.458s] [34mcolcon.colcon_core.package_identification[0m [1;30mLevel 1[0m _identify(data/20260510_153906_session) by extensions ['colcon_pkg']
[0.458s] [34mcolcon.colcon_core.package_identification[0m [1;30mLevel 1[0m _identify(data/20260510_153906_session) by extension 'colcon_pkg'
[0.458s] [34mcolcon.colcon_core.package_identification[0m [1;30mLevel 1[0m _identify(data/20260510_153906_session) by extensions ['colcon_meta']
[0.458s] [34mcolcon.colcon_core.package_identification[0m [1;30mLevel 1[0m _identify(data/20260510_153906_session) by extension 'colcon_meta'
[0.459s] [34mcolcon.colcon_core.package_identification[0m [1;30mLevel 1[0m _identify(data/20260510_153906_session) by extensions ['ros']
[0.459s] [34mcolcon.colcon_core.package_identification[0m [1;30mLevel 1[0m _identify(data/20260510_153906_session) by extension 'ros'
[0.459s] [34mcolcon.colcon_core.package_identification[0m [1;30mLevel 1[0m _identify(data/20260510_153906_session) by extensions ['cmake', 'python']
[0.459s] [34mcolcon.colcon_core.package_identification[0m [1;30mLevel 1[0m _identify(data/20260510_153906_session) by extension 'cmake'
[0.459s] [34mcolcon.colcon_core.package_identification[0m [1;30mLevel 1[0m _identify(data/20260510_153906_session) by extension 'python'
[0.459s] [34mcolcon.colcon_core.package_identification[0m [1;30mLevel 1[0m _identify(data/20260510_153906_session) by extensions ['python_setup_py']
[0.459s] [34mcolcon.colcon_core.package_identification[0m [1;30mLevel 1[0m _identify(data/20260510_153906_session) by extension 'python_setup_py'
[0.459s] [34mcolcon.colcon_core.package_identification[0m [1;30mLevel 1[0m _identify(data/20260510_153906_session/1_gui_capture) by extensions ['ignore', 'ignore_ament_install']
[0.459s] [34mcolcon.colcon_core.package_identification[0m [1;30mLevel 1[0m _identify(data/20260510_153906_session/1_gui_capture) by extension 'ignore'
[0.459s] [34mcolcon.colcon_core.package_identification[0m [1;30mLevel 1[0m _identify(data/20260510_153906_session/1_gui_capture) by extension 'ignore_ament_install'
[0.459s] [34mcolcon.colcon_core.package_identification[0m [1;30mLevel 1[0m _identify(data/20260510_153906_session/1_gui_capture) by extensions ['colcon_pkg']
[0.459s] [34mcolcon.colcon_core.package_identification[0m [1;30mLevel 1[0m _identify(data/20260510_153906_session/1_gui_capture) by extension 'colcon_pkg'
[0.459s] [34mcolcon.colcon_core.package_identification[0m [1;30mLevel 1[0m _identify(data/20260510_153906_session/1_gui_capture) by extensions ['colcon_meta']
[0.459s] [34mcolcon.colcon_core.package_identification[0m [1;30mLevel 1[0m _identify(data/20260510_153906_session/1_gui_capture) by extension 'colcon_meta'
[0.459s] [34mcolcon.colcon_core.package_identification[0m [1;30mLevel 1[0m _identify(data/20260510_153906_session/1_gui_capture) by extensions ['ros']
[0.459s] [34mcolcon.colcon_core.package_identification[0m [1;30mLevel 1[0m _identify(data/20260510_153906_session/1_gui_capture) by extension 'ros'
[0.459s] [34mcolcon.colcon_core.package_identification[0m [1;30mLevel 1[0m _identify(data/20260510_153906_session/1_gui_capture) by extensions ['cmake', 'python']
[0.459s] [34mcolcon.colcon_core.package_identification[0m [1;30mLevel 1[0m _identify(data/20260510_153906_session/1_gui_capture) by extension 'cmake'
[0.459s] [34mcolcon.colcon_core.package_identification[0m [1;30mLevel 1[0m _identify(data/20260510_153906_session/1_gui_capture) by extension 'python'
[0.459s] [34mcolcon.colcon_core.package_identification[0m [1;30mLevel 1[0m _identify(data/20260510_153906_session/1_gui_capture) by extensions ['python_setup_py']
[0.459s] [34mcolcon.colcon_core.package_identification[0m [1;30mLevel 1[0m _identify(data/20260510_153906_session/1_gui_capture) by extension 'python_setup_py'
[0.459s] [34mcolcon.colcon_core.package_identification[0m [1;30mLevel 1[0m _identify(data/20260510_153906_session/1_gui_capture/intermediate) by extensions ['ignore', 'ignore_ament_install']
[0.459s] [34mcolcon.colcon_core.package_identification[0m [1;30mLevel 1[0m _identify(data/20260510_153906_session/1_gui_capture/intermediate) by extension 'ignore'
[0.459s] [34mcolcon.colcon_core.package_identification[0m [1;30mLevel 1[0m _identify(data/20260510_153906_session/1_gui_capture/intermediate) by extension 'ignore_ament_install'
[0.459s] [34mcolcon.colcon_core.package_identification[0m [1;30mLevel 1[0m _identify(data/20260510_153906_session/1_gui_capture/intermediate) by extensions ['colcon_pkg']
[0.460s] [34mcolcon.colcon_core.package_identification[0m [1;30mLevel 1[0m _identify(data/20260510_153906_session/1_gui_capture/intermediate) by extension 'colcon_pkg'
[0.460s] [34mcolcon.colcon_core.package_identification[0m [1;30mLevel 1[0m _identify(data/20260510_153906_session/1_gui_capture/intermediate) by extensions ['colcon_meta']
[0.460s] [34mcolcon.colcon_core.package_identification[0m [1;30mLevel 1[0m _identify(data/20260510_153906_session/1_gui_capture/intermediate) by extension 'colcon_meta'
[0.460s] [34mcolcon.colcon_core.package_identification[0m [1;30mLevel 1[0m _identify(data/20260510_153906_session/1_gui_capture/intermediate) by extensions ['ros']
[0.460s] [34mcolcon.colcon_core.package_identification[0m [1;30mLevel 1[0m _identify(data/20260510_153906_session/1_gui_capture/intermediate) by extension 'ros'
[0.460s] [34mcolcon.colcon_core.package_identification[0m [1;30mLevel 1[0m _identify(data/20260510_153906_session/1_gui_capture/intermediate) by extensions ['cmake', 'python']
[0.460s] [34mcolcon.colcon_core.package_identification[0m [1;30mLevel 1[0m _identify(data/20260510_153906_session/1_gui_capture/intermediate) by extension 'cmake'
[0.460s] [34mcolcon.colcon_core.package_identification[0m [1;30mLevel 1[0m _identify(data/20260510_153906_session/1_gui_capture/intermediate) by extension 'python'
[0.460s] [34mcolcon.colcon_core.package_identification[0m [1;30mLevel 1[0m _identify(data/20260510_153906_session/1_gui_capture/intermediate) by extensions ['python_setup_py']
[0.460s] [34mcolcon.colcon_core.package_identification[0m [1;30mLevel 1[0m _identify(data/20260510_153906_session/1_gui_capture/intermediate) by extension 'python_setup_py'
[0.460s] [34mcolcon.colcon_core.package_identification[0m [1;30mLevel 1[0m _identify(data/20260510_153906_session/1_gui_capture/processed) by extensions ['ignore', 'ignore_ament_install']
[0.460s] [34mcolcon.colcon_core.package_identification[0m [1;30mLevel 1[0m _identify(data/20260510_153906_session/1_gui_capture/processed) by extension 'ignore'
[0.460s] [34mcolcon.colcon_core.package_identification[0m [1;30mLevel 1[0m _identify(data/20260510_153906_session/1_gui_capture/processed) by extension 'ignore_ament_install'
[0.460s] [34mcolcon.colcon_core.package_identification[0m [1;30mLevel 1[0m _identify(data/20260510_153906_session/1_gui_capture/processed) by extensions ['colcon_pkg']
[0.460s] [34mcolcon.colcon_core.package_identification[0m [1;30mLevel 1[0m _identify(data/20260510_153906_session/1_gui_capture/processed) by extension 'colcon_pkg'
[0.460s] [34mcolcon.colcon_core.package_identification[0m [1;30mLevel 1[0m _identify(data/20260510_153906_session/1_gui_capture/processed) by extensions ['colcon_meta']
[0.460s] [34mcolcon.colcon_core.package_identification[0m [1;30mLevel 1[0m _identify(data/20260510_153906_session/1_gui_capture/processed) by extension 'colcon_meta'
[0.460s] [34mcolcon.colcon_core.package_identification[0m [1;30mLevel 1[0m _identify(data/20260510_153906_session/1_gui_capture/processed) by extensions ['ros']
[0.460s] [34mcolcon.colcon_core.package_identification[0m [1;30mLevel 1[0m _identify(data/20260510_153906_session/1_gui_capture/processed) by extension 'ros'
[0.460s] [34mcolcon.colcon_core.package_identification[0m [1;30mLevel 1[0m _identify(data/20260510_153906_session/1_gui_capture/processed) by extensions ['cmake', 'python']
[0.460s] [34mcolcon.colcon_core.package_identification[0m [1;30mLevel 1[0m _identify(data/20260510_153906_session/1_gui_capture/processed) by extension 'cmake'
[0.460s] [34mcolcon.colcon_core.package_identification[0m [1;30mLevel 1[0m _identify(data/20260510_153906_session/1_gui_capture/processed) by extension 'python'
[0.460s] [34mcolcon.colcon_core.package_identification[0m [1;30mLevel 1[0m _identify(data/20260510_153906_session/1_gui_capture/processed) by extensions ['python_setup_py']
[0.460s] [34mcolcon.colcon_core.package_identification[0m [1;30mLevel 1[0m _identify(data/20260510_153906_session/1_gui_capture/processed) by extension 'python_setup_py'
[0.460s] [34mcolcon.colcon_core.package_identification[0m [1;30mLevel 1[0m _identify(data/20260510_153906_session/1_gui_capture/raw) by extensions ['ignore', 'ignore_ament_install']
[0.460s] [34mcolcon.colcon_core.package_identification[0m [1;30mLevel 1[0m _identify(data/20260510_153906_session/1_gui_capture/raw) by extension 'ignore'
[0.461s] [34mcolcon.colcon_core.package_identification[0m [1;30mLevel 1[0m _identify(data/20260510_153906_session/1_gui_capture/raw) by extension 'ignore_ament_install'
[0.461s] [34mcolcon.colcon_core.package_identification[0m [1;30mLevel 1[0m _identify(data/20260510_153906_session/1_gui_capture/raw) by extensions ['colcon_pkg']
[0.461s] [34mcolcon.colcon_core.package_identification[0m [1;30mLevel 1[0m _identify(data/20260510_153906_session/1_gui_capture/raw) by extension 'colcon_pkg'
[0.461s] [34mcolcon.colcon_core.package_identification[0m [1;30mLevel 1[0m _identify(data/20260510_153906_session/1_gui_capture/raw) by extensions ['colcon_meta']
[0.461s] [34mcolcon.colcon_core.package_identification[0m [1;30mLevel 1[0m _identify(data/20260510_153906_session/1_gui_capture/raw) by extension 'colcon_meta'
[0.461s] [34mcolcon.colcon_core.package_identification[0m [1;30mLevel 1[0m _identify(data/20260510_153906_session/1_gui_capture/raw) by extensions ['ros']
[0.461s] [34mcolcon.colcon_core.package_identification[0m [1;30mLevel 1[0m _identify(data/20260510_153906_session/1_gui_capture/raw) by extension 'ros'
[0.461s] [34mcolcon.colcon_core.package_identification[0m [1;30mLevel 1[0m _identify(data/20260510_153906_session/1_gui_capture/raw) by extensions ['cmake', 'python']
[0.461s] [34mcolcon.colcon_core.package_identification[0m [1;30mLevel 1[0m _identify(data/20260510_153906_session/1_gui_capture/raw) by extension 'cmake'
[0.461s] [34mcolcon.colcon_core.package_identification[0m [1;30mLevel 1[0m _identify(data/20260510_153906_session/1_gui_capture/raw) by extension 'python'
[0.461s] [34mcolcon.colcon_core.package_identification[0m [1;30mLevel 1[0m _identify(data/20260510_153906_session/1_gui_capture/raw) by extensions ['python_setup_py']
[0.461s] [34mcolcon.colcon_core.package_identification[0m [1;30mLevel 1[0m _identify(data/20260510_153906_session/1_gui_capture/raw) by extension 'python_setup_py'
[0.461s] [34mcolcon.colcon_core.package_identification[0m [1;30mLevel 1[0m _identify(data/20260510_154410_session) by extensions ['ignore', 'ignore_ament_install']
[0.461s] [34mcolcon.colcon_core.package_identification[0m [1;30mLevel 1[0m _identify(data/20260510_154410_session) by extension 'ignore'
[0.461s] [34mcolcon.colcon_core.package_identification[0m [1;30mLevel 1[0m _identify(data/20260510_154410_session) by extension 'ignore_ament_install'
[0.461s] [34mcolcon.colcon_core.package_identification[0m [1;30mLevel 1[0m _identify(data/20260510_154410_session) by extensions ['colcon_pkg']
[0.461s] [34mcolcon.colcon_core.package_identification[0m [1;30mLevel 1[0m _identify(data/20260510_154410_session) by extension 'colcon_pkg'
[0.461s] [34mcolcon.colcon_core.package_identification[0m [1;30mLevel 1[0m _identify(data/20260510_154410_session) by extensions ['colcon_meta']
[0.461s] [34mcolcon.colcon_core.package_identification[0m [1;30mLevel 1[0m _identify(data/20260510_154410_session) by extension 'colcon_meta'
[0.461s] [34mcolcon.colcon_core.package_identification[0m [1;30mLevel 1[0m _identify(data/20260510_154410_session) by extensions ['ros']
[0.461s] [34mcolcon.colcon_core.package_identification[0m [1;30mLevel 1[0m _identify(data/20260510_154410_session) by extension 'ros'
[0.461s] [34mcolcon.colcon_core.package_identification[0m [1;30mLevel 1[0m _identify(data/20260510_154410_session) by extensions ['cmake', 'python']
[0.461s] [34mcolcon.colcon_core.package_identification[0m [1;30mLevel 1[0m _identify(data/20260510_154410_session) by extension 'cmake'
[0.461s] [34mcolcon.colcon_core.package_identification[0m [1;30mLevel 1[0m _identify(data/20260510_154410_session) by extension 'python'
[0.461s] [34mcolcon.colcon_core.package_identification[0m [1;30mLevel 1[0m _identify(data/20260510_154410_session) by extensions ['python_setup_py']
[0.461s] [34mcolcon.colcon_core.package_identification[0m [1;30mLevel 1[0m _identify(data/20260510_154410_session) by extension 'python_setup_py'
[0.462s] [34mcolcon.colcon_core.package_identification[0m [1;30mLevel 1[0m _identify(data/20260510_154410_session/1_gui_capture) by extensions ['ignore', 'ignore_ament_install']
[0.462s] [34mcolcon.colcon_core.package_identification[0m [1;30mLevel 1[0m _identify(data/20260510_154410_session/1_gui_capture) by extension 'ignore'
[0.462s] [34mcolcon.colcon_core.package_identification[0m [1;30mLevel 1[0m _identify(data/20260510_154410_session/1_gui_capture) by extension 'ignore_ament_install'
[0.462s] [34mcolcon.colcon_core.package_identification[0m [1;30mLevel 1[0m _identify(data/20260510_154410_session/1_gui_capture) by extensions ['colcon_pkg']
[0.462s] [34mcolcon.colcon_core.package_identification[0m [1;30mLevel 1[0m _identify(data/20260510_154410_session/1_gui_capture) by extension 'colcon_pkg'
[0.462s] [34mcolcon.colcon_core.package_identification[0m [1;30mLevel 1[0m _identify(data/20260510_154410_session/1_gui_capture) by extensions ['colcon_meta']
[0.462s] [34mcolcon.colcon_core.package_identification[0m [1;30mLevel 1[0m _identify(data/20260510_154410_session/1_gui_capture) by extension 'colcon_meta'
[0.462s] [34mcolcon.colcon_core.package_identification[0m [1;30mLevel 1[0m _identify(data/20260510_154410_session/1_gui_capture) by extensions ['ros']
[0.462s] [34mcolcon.colcon_core.package_identification[0m [1;30mLevel 1[0m _identify(data/20260510_154410_session/1_gui_capture) by extension 'ros'
[0.462s] [34mcolcon.colcon_core.package_identification[0m [1;30mLevel 1[0m _identify(data/20260510_154410_session/1_gui_capture) by extensions ['cmake', 'python']
[0.462s] [34mcolcon.colcon_core.package_identification[0m [1;30mLevel 1[0m _identify(data/20260510_154410_session/1_gui_capture) by extension 'cmake'
[0.462s] [34mcolcon.colcon_core.package_identification[0m [1;30mLevel 1[0m _identify(data/20260510_154410_session/1_gui_capture) by extension 'python'
[0.462s] [34mcolcon.colcon_core.package_identification[0m [1;30mLevel 1[0m _identify(data/20260510_154410_session/1_gui_capture) by extensions ['python_setup_py']
[0.462s] [34mcolcon.colcon_core.package_identification[0m [1;30mLevel 1[0m _identify(data/20260510_154410_session/1_gui_capture) by extension 'python_setup_py'
[0.462s] [34mcolcon.colcon_core.package_identification[0m [1;30mLevel 1[0m _identify(data/20260510_154410_session/1_gui_capture/intermediate) by extensions ['ignore', 'ignore_ament_install']
[0.462s] [34mcolcon.colcon_core.package_identification[0m [1;30mLevel 1[0m _identify(data/20260510_154410_session/1_gui_capture/intermediate) by extension 'ignore'
[0.462s] [34mcolcon.colcon_core.package_identification[0m [1;30mLevel 1[0m _identify(data/20260510_154410_session/1_gui_capture/intermediate) by extension 'ignore_ament_install'
[0.462s] [34mcolcon.colcon_core.package_identification[0m [1;30mLevel 1[0m _identify(data/20260510_154410_session/1_gui_capture/intermediate) by extensions ['colcon_pkg']
[0.462s] [34mcolcon.colcon_core.package_identification[0m [1;30mLevel 1[0m _identify(data/20260510_154410_session/1_gui_capture/intermediate) by extension 'colcon_pkg'
[0.462s] [34mcolcon.colcon_core.package_identification[0m [1;30mLevel 1[0m _identify(data/20260510_154410_session/1_gui_capture/intermediate) by extensions ['colcon_meta']
[0.462s] [34mcolcon.colcon_core.package_identification[0m [1;30mLevel 1[0m _identify(data/20260510_154410_session/1_gui_capture/intermediate) by extension 'colcon_meta'
[0.462s] [34mcolcon.colcon_core.package_identification[0m [1;30mLevel 1[0m _identify(data/20260510_154410_session/1_gui_capture/intermediate) by extensions ['ros']
[0.462s] [34mcolcon.colcon_core.package_identification[0m [1;30mLevel 1[0m _identify(data/20260510_154410_session/1_gui_capture/intermediate) by extension 'ros'
[0.462s] [34mcolcon.colcon_core.package_identification[0m [1;30mLevel 1[0m _identify(data/20260510_154410_session/1_gui_capture/intermediate) by extensions ['cmake', 'python']
[0.462s] [34mcolcon.colcon_core.package_identification[0m [1;30mLevel 1[0m _identify(data/20260510_154410_session/1_gui_capture/intermediate) by extension 'cmake'
[0.463s] [34mcolcon.colcon_core.package_identification[0m [1;30mLevel 1[0m _identify(data/20260510_154410_session/1_gui_capture/intermediate) by extension 'python'
[0.463s] [34mcolcon.colcon_core.package_identification[0m [1;30mLevel 1[0m _identify(data/20260510_154410_session/1_gui_capture/intermediate) by extensions ['python_setup_py']
[0.463s] [34mcolcon.colcon_core.package_identification[0m [1;30mLevel 1[0m _identify(data/20260510_154410_session/1_gui_capture/intermediate) by extension 'python_setup_py'
[0.463s] [34mcolcon.colcon_core.package_identification[0m [1;30mLevel 1[0m _identify(data/20260510_154410_session/1_gui_capture/processed) by extensions ['ignore', 'ignore_ament_install']
[0.463s] [34mcolcon.colcon_core.package_identification[0m [1;30mLevel 1[0m _identify(data/20260510_154410_session/1_gui_capture/processed) by extension 'ignore'
[0.463s] [34mcolcon.colcon_core.package_identification[0m [1;30mLevel 1[0m _identify(data/20260510_154410_session/1_gui_capture/processed) by extension 'ignore_ament_install'
[0.463s] [34mcolcon.colcon_core.package_identification[0m [1;30mLevel 1[0m _identify(data/20260510_154410_session/1_gui_capture/processed) by extensions ['colcon_pkg']
[0.463s] [34mcolcon.colcon_core.package_identification[0m [1;30mLevel 1[0m _identify(data/20260510_154410_session/1_gui_capture/processed) by extension 'colcon_pkg'
[0.463s] [34mcolcon.colcon_core.package_identification[0m [1;30mLevel 1[0m _identify(data/20260510_154410_session/1_gui_capture/processed) by extensions ['colcon_meta']
[0.463s] [34mcolcon.colcon_core.package_identification[0m [1;30mLevel 1[0m _identify(data/20260510_154410_session/1_gui_capture/processed) by extension 'colcon_meta'
[0.463s] [34mcolcon.colcon_core.package_identification[0m [1;30mLevel 1[0m _identify(data/20260510_154410_session/1_gui_capture/processed) by extensions ['ros']
[0.463s] [34mcolcon.colcon_core.package_identification[0m [1;30mLevel 1[0m _identify(data/20260510_154410_session/1_gui_capture/processed) by extension 'ros'
[0.463s] [34mcolcon.colcon_core.package_identification[0m [1;30mLevel 1[0m _identify(data/20260510_154410_session/1_gui_capture/processed) by extensions ['cmake', 'python']
[0.463s] [34mcolcon.colcon_core.package_identification[0m [1;30mLevel 1[0m _identify(data/20260510_154410_session/1_gui_capture/processed) by extension 'cmake'
[0.463s] [34mcolcon.colcon_core.package_identification[0m [1;30mLevel 1[0m _identify(data/20260510_154410_session/1_gui_capture/processed) by extension 'python'
[0.463s] [34mcolcon.colcon_core.package_identification[0m [1;30mLevel 1[0m _identify(data/20260510_154410_session/1_gui_capture/processed) by extensions ['python_setup_py']
[0.463s] [34mcolcon.colcon_core.package_identification[0m [1;30mLevel 1[0m _identify(data/20260510_154410_session/1_gui_capture/processed) by extension 'python_setup_py'
[0.463s] [34mcolcon.colcon_core.package_identification[0m [1;30mLevel 1[0m _identify(data/20260510_154410_session/1_gui_capture/raw) by extensions ['ignore', 'ignore_ament_install']
[0.463s] [34mcolcon.colcon_core.package_identification[0m [1;30mLevel 1[0m _identify(data/20260510_154410_session/1_gui_capture/raw) by extension 'ignore'
[0.463s] [34mcolcon.colcon_core.package_identification[0m [1;30mLevel 1[0m _identify(data/20260510_154410_session/1_gui_capture/raw) by extension 'ignore_ament_install'
[0.463s] [34mcolcon.colcon_core.package_identification[0m [1;30mLevel 1[0m _identify(data/20260510_154410_session/1_gui_capture/raw) by extensions ['colcon_pkg']
[0.464s] [34mcolcon.colcon_core.package_identification[0m [1;30mLevel 1[0m _identify(data/20260510_154410_session/1_gui_capture/raw) by extension 'colcon_pkg'
[0.464s] [34mcolcon.colcon_core.package_identification[0m [1;30mLevel 1[0m _identify(data/20260510_154410_session/1_gui_capture/raw) by extensions ['colcon_meta']
[0.464s] [34mcolcon.colcon_core.package_identification[0m [1;30mLevel 1[0m _identify(data/20260510_154410_session/1_gui_capture/raw) by extension 'colcon_meta'
[0.464s] [34mcolcon.colcon_core.package_identification[0m [1;30mLevel 1[0m _identify(data/20260510_154410_session/1_gui_capture/raw) by extensions ['ros']
[0.464s] [34mcolcon.colcon_core.package_identification[0m [1;30mLevel 1[0m _identify(data/20260510_154410_session/1_gui_capture/raw) by extension 'ros'
[0.464s] [34mcolcon.colcon_core.package_identification[0m [1;30mLevel 1[0m _identify(data/20260510_154410_session/1_gui_capture/raw) by extensions ['cmake', 'python']
[0.464s] [34mcolcon.colcon_core.package_identification[0m [1;30mLevel 1[0m _identify(data/20260510_154410_session/1_gui_capture/raw) by extension 'cmake'
[0.464s] [34mcolcon.colcon_core.package_identification[0m [1;30mLevel 1[0m _identify(data/20260510_154410_session/1_gui_capture/raw) by extension 'python'
[0.464s] [34mcolcon.colcon_core.package_identification[0m [1;30mLevel 1[0m _identify(data/20260510_154410_session/1_gui_capture/raw) by extensions ['python_setup_py']
[0.464s] [34mcolcon.colcon_core.package_identification[0m [1;30mLevel 1[0m _identify(data/20260510_154410_session/1_gui_capture/raw) by extension 'python_setup_py'
[0.464s] [34mcolcon.colcon_core.package_identification[0m [1;30mLevel 1[0m _identify(data/20260510_155629_session) by extensions ['ignore', 'ignore_ament_install']
[0.464s] [34mcolcon.colcon_core.package_identification[0m [1;30mLevel 1[0m _identify(data/20260510_155629_session) by extension 'ignore'
[0.464s] [34mcolcon.colcon_core.package_identification[0m [1;30mLevel 1[0m _identify(data/20260510_155629_session) by extension 'ignore_ament_install'
[0.464s] [34mcolcon.colcon_core.package_identification[0m [1;30mLevel 1[0m _identify(data/20260510_155629_session) by extensions ['colcon_pkg']
[0.464s] [34mcolcon.colcon_core.package_identification[0m [1;30mLevel 1[0m _identify(data/20260510_155629_session) by extension 'colcon_pkg'
[0.464s] [34mcolcon.colcon_core.package_identification[0m [1;30mLevel 1[0m _identify(data/20260510_155629_session) by extensions ['colcon_meta']
[0.464s] [34mcolcon.colcon_core.package_identification[0m [1;30mLevel 1[0m _identify(data/20260510_155629_session) by extension 'colcon_meta'
[0.464s] [34mcolcon.colcon_core.package_identification[0m [1;30mLevel 1[0m _identify(data/20260510_155629_session) by extensions ['ros']
[0.464s] [34mcolcon.colcon_core.package_identification[0m [1;30mLevel 1[0m _identify(data/20260510_155629_session) by extension 'ros'
[0.464s] [34mcolcon.colcon_core.package_identification[0m [1;30mLevel 1[0m _identify(data/20260510_155629_session) by extensions ['cmake', 'python']
[0.464s] [34mcolcon.colcon_core.package_identification[0m [1;30mLevel 1[0m _identify(data/20260510_155629_session) by extension 'cmake'
[0.464s] [34mcolcon.colcon_core.package_identification[0m [1;30mLevel 1[0m _identify(data/20260510_155629_session) by extension 'python'
[0.464s] [34mcolcon.colcon_core.package_identification[0m [1;30mLevel 1[0m _identify(data/20260510_155629_session) by extensions ['python_setup_py']
[0.464s] [34mcolcon.colcon_core.package_identification[0m [1;30mLevel 1[0m _identify(data/20260510_155629_session) by extension 'python_setup_py'
[0.464s] [34mcolcon.colcon_core.package_identification[0m [1;30mLevel 1[0m _identify(data/20260510_160331_session) by extensions ['ignore', 'ignore_ament_install']
[0.464s] [34mcolcon.colcon_core.package_identification[0m [1;30mLevel 1[0m _identify(data/20260510_160331_session) by extension 'ignore'
[0.465s] [34mcolcon.colcon_core.package_identification[0m [1;30mLevel 1[0m _identify(data/20260510_160331_session) by extension 'ignore_ament_install'
[0.465s] [34mcolcon.colcon_core.package_identification[0m [1;30mLevel 1[0m _identify(data/20260510_160331_session) by extensions ['colcon_pkg']
[0.465s] [34mcolcon.colcon_core.package_identification[0m [1;30mLevel 1[0m _identify(data/20260510_160331_session) by extension 'colcon_pkg'
[0.465s] [34mcolcon.colcon_core.package_identification[0m [1;30mLevel 1[0m _identify(data/20260510_160331_session) by extensions ['colcon_meta']
[0.465s] [34mcolcon.colcon_core.package_identification[0m [1;30mLevel 1[0m _identify(data/20260510_160331_session) by extension 'colcon_meta'
[0.465s] [34mcolcon.colcon_core.package_identification[0m [1;30mLevel 1[0m _identify(data/20260510_160331_session) by extensions ['ros']
[0.465s] [34mcolcon.colcon_core.package_identification[0m [1;30mLevel 1[0m _identify(data/20260510_160331_session) by extension 'ros'
[0.465s] [34mcolcon.colcon_core.package_identification[0m [1;30mLevel 1[0m _identify(data/20260510_160331_session) by extensions ['cmake', 'python']
[0.465s] [34mcolcon.colcon_core.package_identification[0m [1;30mLevel 1[0m _identify(data/20260510_160331_session) by extension 'cmake'
[0.465s] [34mcolcon.colcon_core.package_identification[0m [1;30mLevel 1[0m _identify(data/20260510_160331_session) by extension 'python'
[0.465s] [34mcolcon.colcon_core.package_identification[0m [1;30mLevel 1[0m _identify(data/20260510_160331_session) by extensions ['python_setup_py']
[0.465s] [34mcolcon.colcon_core.package_identification[0m [1;30mLevel 1[0m _identify(data/20260510_160331_session) by extension 'python_setup_py'
[0.465s] [34mcolcon.colcon_core.package_identification[0m [1;30mLevel 1[0m _identify(data/20260510_160613_session) by extensions ['ignore', 'ignore_ament_install']
[0.465s] [34mcolcon.colcon_core.package_identification[0m [1;30mLevel 1[0m _identify(data/20260510_160613_session) by extension 'ignore'
[0.465s] [34mcolcon.colcon_core.package_identification[0m [1;30mLevel 1[0m _identify(data/20260510_160613_session) by extension 'ignore_ament_install'
[0.465s] [34mcolcon.colcon_core.package_identification[0m [1;30mLevel 1[0m _identify(data/20260510_160613_session) by extensions ['colcon_pkg']
[0.465s] [34mcolcon.colcon_core.package_identification[0m [1;30mLevel 1[0m _identify(data/20260510_160613_session) by extension 'colcon_pkg'
[0.465s] [34mcolcon.colcon_core.package_identification[0m [1;30mLevel 1[0m _identify(data/20260510_160613_session) by extensions ['colcon_meta']
[0.465s] [34mcolcon.colcon_core.package_identification[0m [1;30mLevel 1[0m _identify(data/20260510_160613_session) by extension 'colcon_meta'
[0.465s] [34mcolcon.colcon_core.package_identification[0m [1;30mLevel 1[0m _identify(data/20260510_160613_session) by extensions ['ros']
[0.465s] [34mcolcon.colcon_core.package_identification[0m [1;30mLevel 1[0m _identify(data/20260510_160613_session) by extension 'ros'
[0.465s] [34mcolcon.colcon_core.package_identification[0m [1;30mLevel 1[0m _identify(data/20260510_160613_session) by extensions ['cmake', 'python']
[0.465s] [34mcolcon.colcon_core.package_identification[0m [1;30mLevel 1[0m _identify(data/20260510_160613_session) by extension 'cmake'
[0.465s] [34mcolcon.colcon_core.package_identification[0m [1;30mLevel 1[0m _identify(data/20260510_160613_session) by extension 'python'
[0.465s] [34mcolcon.colcon_core.package_identification[0m [1;30mLevel 1[0m _identify(data/20260510_160613_session) by extensions ['python_setup_py']
[0.465s] [34mcolcon.colcon_core.package_identification[0m [1;30mLevel 1[0m _identify(data/20260510_160613_session) by extension 'python_setup_py'
[0.465s] [34mcolcon.colcon_core.package_identification[0m [1;30mLevel 1[0m _identify(data/20260510_162155_session) by extensions ['ignore', 'ignore_ament_install']
[0.466s] [34mcolcon.colcon_core.package_identification[0m [1;30mLevel 1[0m _identify(data/20260510_162155_session) by extension 'ignore'
[0.466s] [34mcolcon.colcon_core.package_identification[0m [1;30mLevel 1[0m _identify(data/20260510_162155_session) by extension 'ignore_ament_install'
[0.466s] [34mcolcon.colcon_core.package_identification[0m [1;30mLevel 1[0m _identify(data/20260510_162155_session) by extensions ['colcon_pkg']
[0.466s] [34mcolcon.colcon_core.package_identification[0m [1;30mLevel 1[0m _identify(data/20260510_162155_session) by extension 'colcon_pkg'
[0.466s] [34mcolcon.colcon_core.package_identification[0m [1;30mLevel 1[0m _identify(data/20260510_162155_session) by extensions ['colcon_meta']
[0.466s] [34mcolcon.colcon_core.package_identification[0m [1;30mLevel 1[0m _identify(data/20260510_162155_session) by extension 'colcon_meta'
[0.466s] [34mcolcon.colcon_core.package_identification[0m [1;30mLevel 1[0m _identify(data/20260510_162155_session) by extensions ['ros']
[0.466s] [34mcolcon.colcon_core.package_identification[0m [1;30mLevel 1[0m _identify(data/20260510_162155_session) by extension 'ros'
[0.466s] [34mcolcon.colcon_core.package_identification[0m [1;30mLevel 1[0m _identify(data/20260510_162155_session) by extensions ['cmake', 'python']
[0.466s] [34mcolcon.colcon_core.package_identification[0m [1;30mLevel 1[0m _identify(data/20260510_162155_session) by extension 'cmake'
[0.466s] [34mcolcon.colcon_core.package_identification[0m [1;30mLevel 1[0m _identify(data/20260510_162155_session) by extension 'python'
[0.466s] [34mcolcon.colcon_core.package_identification[0m [1;30mLevel 1[0m _identify(data/20260510_162155_session) by extensions ['python_setup_py']
[0.466s] [34mcolcon.colcon_core.package_identification[0m [1;30mLevel 1[0m _identify(data/20260510_162155_session) by extension 'python_setup_py'
[0.466s] [34mcolcon.colcon_core.package_identification[0m [1;30mLevel 1[0m _identify(data/20260510_162347_session) by extensions ['ignore', 'ignore_ament_install']
[0.466s] [34mcolcon.colcon_core.package_identification[0m [1;30mLevel 1[0m _identify(data/20260510_162347_session) by extension 'ignore'
[0.466s] [34mcolcon.colcon_core.package_identification[0m [1;30mLevel 1[0m _identify(data/20260510_162347_session) by extension 'ignore_ament_install'
[0.466s] [34mcolcon.colcon_core.package_identification[0m [1;30mLevel 1[0m _identify(data/20260510_162347_session) by extensions ['colcon_pkg']
[0.466s] [34mcolcon.colcon_core.package_identification[0m [1;30mLevel 1[0m _identify(data/20260510_162347_session) by extension 'colcon_pkg'
[0.466s] [34mcolcon.colcon_core.package_identification[0m [1;30mLevel 1[0m _identify(data/20260510_162347_session) by extensions ['colcon_meta']
[0.466s] [34mcolcon.colcon_core.package_identification[0m [1;30mLevel 1[0m _identify(data/20260510_162347_session) by extension 'colcon_meta'
[0.466s] [34mcolcon.colcon_core.package_identification[0m [1;30mLevel 1[0m _identify(data/20260510_162347_session) by extensions ['ros']
[0.466s] [34mcolcon.colcon_core.package_identification[0m [1;30mLevel 1[0m _identify(data/20260510_162347_session) by extension 'ros'
[0.466s] [34mcolcon.colcon_core.package_identification[0m [1;30mLevel 1[0m _identify(data/20260510_162347_session) by extensions ['cmake', 'python']
[0.466s] [34mcolcon.colcon_core.package_identification[0m [1;30mLevel 1[0m _identify(data/20260510_162347_session) by extension 'cmake'
[0.466s] [34mcolcon.colcon_core.package_identification[0m [1;30mLevel 1[0m _identify(data/20260510_162347_session) by extension 'python'
[0.466s] [34mcolcon.colcon_core.package_identification[0m [1;30mLevel 1[0m _identify(data/20260510_162347_session) by extensions ['python_setup_py']
[0.466s] [34mcolcon.colcon_core.package_identification[0m [1;30mLevel 1[0m _identify(data/20260510_162347_session) by extension 'python_setup_py'
[0.467s] [34mcolcon.colcon_core.package_identification[0m [1;30mLevel 1[0m _identify(data/20260510_162409_session) by extensions ['ignore', 'ignore_ament_install']
[0.467s] [34mcolcon.colcon_core.package_identification[0m [1;30mLevel 1[0m _identify(data/20260510_162409_session) by extension 'ignore'
[0.467s] [34mcolcon.colcon_core.package_identification[0m [1;30mLevel 1[0m _identify(data/20260510_162409_session) by extension 'ignore_ament_install'
[0.467s] [34mcolcon.colcon_core.package_identification[0m [1;30mLevel 1[0m _identify(data/20260510_162409_session) by extensions ['colcon_pkg']
[0.467s] [34mcolcon.colcon_core.package_identification[0m [1;30mLevel 1[0m _identify(data/20260510_162409_session) by extension 'colcon_pkg'
[0.467s] [34mcolcon.colcon_core.package_identification[0m [1;30mLevel 1[0m _identify(data/20260510_162409_session) by extensions ['colcon_meta']
[0.467s] [34mcolcon.colcon_core.package_identification[0m [1;30mLevel 1[0m _identify(data/20260510_162409_session) by extension 'colcon_meta'
[0.467s] [34mcolcon.colcon_core.package_identification[0m [1;30mLevel 1[0m _identify(data/20260510_162409_session) by extensions ['ros']
[0.467s] [34mcolcon.colcon_core.package_identification[0m [1;30mLevel 1[0m _identify(data/20260510_162409_session) by extension 'ros'
[0.467s] [34mcolcon.colcon_core.package_identification[0m [1;30mLevel 1[0m _identify(data/20260510_162409_session) by extensions ['cmake', 'python']
[0.467s] [34mcolcon.colcon_core.package_identification[0m [1;30mLevel 1[0m _identify(data/20260510_162409_session) by extension 'cmake'
[0.467s] [34mcolcon.colcon_core.package_identification[0m [1;30mLevel 1[0m _identify(data/20260510_162409_session) by extension 'python'
[0.467s] [34mcolcon.colcon_core.package_identification[0m [1;30mLevel 1[0m _identify(data/20260510_162409_session) by extensions ['python_setup_py']
[0.467s] [34mcolcon.colcon_core.package_identification[0m [1;30mLevel 1[0m _identify(data/20260510_162409_session) by extension 'python_setup_py'
[0.467s] [34mcolcon.colcon_core.package_identification[0m [1;30mLevel 1[0m _identify(data/20260510_163312_session) by extensions ['ignore', 'ignore_ament_install']
[0.467s] [34mcolcon.colcon_core.package_identification[0m [1;30mLevel 1[0m _identify(data/20260510_163312_session) by extension 'ignore'
[0.467s] [34mcolcon.colcon_core.package_identification[0m [1;30mLevel 1[0m _identify(data/20260510_163312_session) by extension 'ignore_ament_install'
[0.467s] [34mcolcon.colcon_core.package_identification[0m [1;30mLevel 1[0m _identify(data/20260510_163312_session) by extensions ['colcon_pkg']
[0.467s] [34mcolcon.colcon_core.package_identification[0m [1;30mLevel 1[0m _identify(data/20260510_163312_session) by extension 'colcon_pkg'
[0.467s] [34mcolcon.colcon_core.package_identification[0m [1;30mLevel 1[0m _identify(data/20260510_163312_session) by extensions ['colcon_meta']
[0.467s] [34mcolcon.colcon_core.package_identification[0m [1;30mLevel 1[0m _identify(data/20260510_163312_session) by extension 'colcon_meta'
[0.467s] [34mcolcon.colcon_core.package_identification[0m [1;30mLevel 1[0m _identify(data/20260510_163312_session) by extensions ['ros']
[0.467s] [34mcolcon.colcon_core.package_identification[0m [1;30mLevel 1[0m _identify(data/20260510_163312_session) by extension 'ros'
[0.467s] [34mcolcon.colcon_core.package_identification[0m [1;30mLevel 1[0m _identify(data/20260510_163312_session) by extensions ['cmake', 'python']
[0.467s] [34mcolcon.colcon_core.package_identification[0m [1;30mLevel 1[0m _identify(data/20260510_163312_session) by extension 'cmake'
[0.467s] [34mcolcon.colcon_core.package_identification[0m [1;30mLevel 1[0m _identify(data/20260510_163312_session) by extension 'python'
[0.467s] [34mcolcon.colcon_core.package_identification[0m [1;30mLevel 1[0m _identify(data/20260510_163312_session) by extensions ['python_setup_py']
[0.467s] [34mcolcon.colcon_core.package_identification[0m [1;30mLevel 1[0m _identify(data/20260510_163312_session) by extension 'python_setup_py'
[0.468s] [34mcolcon.colcon_core.package_identification[0m [1;30mLevel 1[0m _identify(data/20260510_163457_session) by extensions ['ignore', 'ignore_ament_install']
[0.468s] [34mcolcon.colcon_core.package_identification[0m [1;30mLevel 1[0m _identify(data/20260510_163457_session) by extension 'ignore'
[0.468s] [34mcolcon.colcon_core.package_identification[0m [1;30mLevel 1[0m _identify(data/20260510_163457_session) by extension 'ignore_ament_install'
[0.468s] [34mcolcon.colcon_core.package_identification[0m [1;30mLevel 1[0m _identify(data/20260510_163457_session) by extensions ['colcon_pkg']
[0.468s] [34mcolcon.colcon_core.package_identification[0m [1;30mLevel 1[0m _identify(data/20260510_163457_session) by extension 'colcon_pkg'
[0.468s] [34mcolcon.colcon_core.package_identification[0m [1;30mLevel 1[0m _identify(data/20260510_163457_session) by extensions ['colcon_meta']
[0.468s] [34mcolcon.colcon_core.package_identification[0m [1;30mLevel 1[0m _identify(data/20260510_163457_session) by extension 'colcon_meta'
[0.468s] [34mcolcon.colcon_core.package_identification[0m [1;30mLevel 1[0m _identify(data/20260510_163457_session) by extensions ['ros']
[0.468s] [34mcolcon.colcon_core.package_identification[0m [1;30mLevel 1[0m _identify(data/20260510_163457_session) by extension 'ros'
[0.468s] [34mcolcon.colcon_core.package_identification[0m [1;30mLevel 1[0m _identify(data/20260510_163457_session) by extensions ['cmake', 'python']
[0.468s] [34mcolcon.colcon_core.package_identification[0m [1;30mLevel 1[0m _identify(data/20260510_163457_session) by extension 'cmake'
[0.468s] [34mcolcon.colcon_core.package_identification[0m [1;30mLevel 1[0m _identify(data/20260510_163457_session) by extension 'python'
[0.468s] [34mcolcon.colcon_core.package_identification[0m [1;30mLevel 1[0m _identify(data/20260510_163457_session) by extensions ['python_setup_py']
[0.468s] [34mcolcon.colcon_core.package_identification[0m [1;30mLevel 1[0m _identify(data/20260510_163457_session) by extension 'python_setup_py'
[0.468s] [34mcolcon.colcon_core.package_identification[0m [1;30mLevel 1[0m _identify(data/20260510_163515_session) by extensions ['ignore', 'ignore_ament_install']
[0.468s] [34mcolcon.colcon_core.package_identification[0m [1;30mLevel 1[0m _identify(data/20260510_163515_session) by extension 'ignore'
[0.468s] [34mcolcon.colcon_core.package_identification[0m [1;30mLevel 1[0m _identify(data/20260510_163515_session) by extension 'ignore_ament_install'
[0.468s] [34mcolcon.colcon_core.package_identification[0m [1;30mLevel 1[0m _identify(data/20260510_163515_session) by extensions ['colcon_pkg']
[0.468s] [34mcolcon.colcon_core.package_identification[0m [1;30mLevel 1[0m _identify(data/20260510_163515_session) by extension 'colcon_pkg'
[0.468s] [34mcolcon.colcon_core.package_identification[0m [1;30mLevel 1[0m _identify(data/20260510_163515_session) by extensions ['colcon_meta']
[0.468s] [34mcolcon.colcon_core.package_identification[0m [1;30mLevel 1[0m _identify(data/20260510_163515_session) by extension 'colcon_meta'
[0.468s] [34mcolcon.colcon_core.package_identification[0m [1;30mLevel 1[0m _identify(data/20260510_163515_session) by extensions ['ros']
[0.468s] [34mcolcon.colcon_core.package_identification[0m [1;30mLevel 1[0m _identify(data/20260510_163515_session) by extension 'ros'
[0.468s] [34mcolcon.colcon_core.package_identification[0m [1;30mLevel 1[0m _identify(data/20260510_163515_session) by extensions ['cmake', 'python']
[0.468s] [34mcolcon.colcon_core.package_identification[0m [1;30mLevel 1[0m _identify(data/20260510_163515_session) by extension 'cmake'
[0.468s] [34mcolcon.colcon_core.package_identification[0m [1;30mLevel 1[0m _identify(data/20260510_163515_session) by extension 'python'
[0.469s] [34mcolcon.colcon_core.package_identification[0m [1;30mLevel 1[0m _identify(data/20260510_163515_session) by extensions ['python_setup_py']
[0.469s] [34mcolcon.colcon_core.package_identification[0m [1;30mLevel 1[0m _identify(data/20260510_163515_session) by extension 'python_setup_py'
[0.469s] [34mcolcon.colcon_core.package_identification[0m [1;30mLevel 1[0m _identify(data/20260510_163735_session) by extensions ['ignore', 'ignore_ament_install']
[0.469s] [34mcolcon.colcon_core.package_identification[0m [1;30mLevel 1[0m _identify(data/20260510_163735_session) by extension 'ignore'
[0.469s] [34mcolcon.colcon_core.package_identification[0m [1;30mLevel 1[0m _identify(data/20260510_163735_session) by extension 'ignore_ament_install'
[0.469s] [34mcolcon.colcon_core.package_identification[0m [1;30mLevel 1[0m _identify(data/20260510_163735_session) by extensions ['colcon_pkg']
[0.469s] [34mcolcon.colcon_core.package_identification[0m [1;30mLevel 1[0m _identify(data/20260510_163735_session) by extension 'colcon_pkg'
[0.469s] [34mcolcon.colcon_core.package_identification[0m [1;30mLevel 1[0m _identify(data/20260510_163735_session) by extensions ['colcon_meta']
[0.469s] [34mcolcon.colcon_core.package_identification[0m [1;30mLevel 1[0m _identify(data/20260510_163735_session) by extension 'colcon_meta'
[0.469s] [34mcolcon.colcon_core.package_identification[0m [1;30mLevel 1[0m _identify(data/20260510_163735_session) by extensions ['ros']
[0.469s] [34mcolcon.colcon_core.package_identification[0m [1;30mLevel 1[0m _identify(data/20260510_163735_session) by extension 'ros'
[0.469s] [34mcolcon.colcon_core.package_identification[0m [1;30mLevel 1[0m _identify(data/20260510_163735_session) by extensions ['cmake', 'python']
[0.469s] [34mcolcon.colcon_core.package_identification[0m [1;30mLevel 1[0m _identify(data/20260510_163735_session) by extension 'cmake'
[0.469s] [34mcolcon.colcon_core.package_identification[0m [1;30mLevel 1[0m _identify(data/20260510_163735_session) by extension 'python'
[0.469s] [34mcolcon.colcon_core.package_identification[0m [1;30mLevel 1[0m _identify(data/20260510_163735_session) by extensions ['python_setup_py']
[0.469s] [34mcolcon.colcon_core.package_identification[0m [1;30mLevel 1[0m _identify(data/20260510_163735_session) by extension 'python_setup_py'
[0.469s] [34mcolcon.colcon_core.package_identification[0m [1;30mLevel 1[0m _identify(data/20260510_163816_session) by extensions ['ignore', 'ignore_ament_install']
[0.469s] [34mcolcon.colcon_core.package_identification[0m [1;30mLevel 1[0m _identify(data/20260510_163816_session) by extension 'ignore'
[0.469s] [34mcolcon.colcon_core.package_identification[0m [1;30mLevel 1[0m _identify(data/20260510_163816_session) by extension 'ignore_ament_install'
[0.469s] [34mcolcon.colcon_core.package_identification[0m [1;30mLevel 1[0m _identify(data/20260510_163816_session) by extensions ['colcon_pkg']
[0.469s] [34mcolcon.colcon_core.package_identification[0m [1;30mLevel 1[0m _identify(data/20260510_163816_session) by extension 'colcon_pkg'
[0.469s] [34mcolcon.colcon_core.package_identification[0m [1;30mLevel 1[0m _identify(data/20260510_163816_session) by extensions ['colcon_meta']
[0.469s] [34mcolcon.colcon_core.package_identification[0m [1;30mLevel 1[0m _identify(data/20260510_163816_session) by extension 'colcon_meta'
[0.469s] [34mcolcon.colcon_core.package_identification[0m [1;30mLevel 1[0m _identify(data/20260510_163816_session) by extensions ['ros']
[0.469s] [34mcolcon.colcon_core.package_identification[0m [1;30mLevel 1[0m _identify(data/20260510_163816_session) by extension 'ros'
[0.469s] [34mcolcon.colcon_core.package_identification[0m [1;30mLevel 1[0m _identify(data/20260510_163816_session) by extensions ['cmake', 'python']
[0.470s] [34mcolcon.colcon_core.package_identification[0m [1;30mLevel 1[0m _identify(data/20260510_163816_session) by extension 'cmake'
[0.470s] [34mcolcon.colcon_core.package_identification[0m [1;30mLevel 1[0m _identify(data/20260510_163816_session) by extension 'python'
[0.470s] [34mcolcon.colcon_core.package_identification[0m [1;30mLevel 1[0m _identify(data/20260510_163816_session) by extensions ['python_setup_py']
[0.470s] [34mcolcon.colcon_core.package_identification[0m [1;30mLevel 1[0m _identify(data/20260510_163816_session) by extension 'python_setup_py'
[0.470s] [34mcolcon.colcon_core.package_identification[0m [1;30mLevel 1[0m _identify(data/20260510_163951_session) by extensions ['ignore', 'ignore_ament_install']
[0.470s] [34mcolcon.colcon_core.package_identification[0m [1;30mLevel 1[0m _identify(data/20260510_163951_session) by extension 'ignore'
[0.470s] [34mcolcon.colcon_core.package_identification[0m [1;30mLevel 1[0m _identify(data/20260510_163951_session) by extension 'ignore_ament_install'
[0.470s] [34mcolcon.colcon_core.package_identification[0m [1;30mLevel 1[0m _identify(data/20260510_163951_session) by extensions ['colcon_pkg']
[0.470s] [34mcolcon.colcon_core.package_identification[0m [1;30mLevel 1[0m _identify(data/20260510_163951_session) by extension 'colcon_pkg'
[0.470s] [34mcolcon.colcon_core.package_identification[0m [1;30mLevel 1[0m _identify(data/20260510_163951_session) by extensions ['colcon_meta']
[0.470s] [34mcolcon.colcon_core.package_identification[0m [1;30mLevel 1[0m _identify(data/20260510_163951_session) by extension 'colcon_meta'
[0.470s] [34mcolcon.colcon_core.package_identification[0m [1;30mLevel 1[0m _identify(data/20260510_163951_session) by extensions ['ros']
[0.470s] [34mcolcon.colcon_core.package_identification[0m [1;30mLevel 1[0m _identify(data/20260510_163951_session) by extension 'ros'
[0.470s] [34mcolcon.colcon_core.package_identification[0m [1;30mLevel 1[0m _identify(data/20260510_163951_session) by extensions ['cmake', 'python']
[0.470s] [34mcolcon.colcon_core.package_identification[0m [1;30mLevel 1[0m _identify(data/20260510_163951_session) by extension 'cmake'
[0.470s] [34mcolcon.colcon_core.package_identification[0m [1;30mLevel 1[0m _identify(data/20260510_163951_session) by extension 'python'
[0.470s] [34mcolcon.colcon_core.package_identification[0m [1;30mLevel 1[0m _identify(data/20260510_163951_session) by extensions ['python_setup_py']
[0.470s] [34mcolcon.colcon_core.package_identification[0m [1;30mLevel 1[0m _identify(data/20260510_163951_session) by extension 'python_setup_py'
[0.470s] [34mcolcon.colcon_core.package_identification[0m [1;30mLevel 1[0m _identify(data/20260510_164424_session) by extensions ['ignore', 'ignore_ament_install']
[0.470s] [34mcolcon.colcon_core.package_identification[0m [1;30mLevel 1[0m _identify(data/20260510_164424_session) by extension 'ignore'
[0.470s] [34mcolcon.colcon_core.package_identification[0m [1;30mLevel 1[0m _identify(data/20260510_164424_session) by extension 'ignore_ament_install'
[0.470s] [34mcolcon.colcon_core.package_identification[0m [1;30mLevel 1[0m _identify(data/20260510_164424_session) by extensions ['colcon_pkg']
[0.470s] [34mcolcon.colcon_core.package_identification[0m [1;30mLevel 1[0m _identify(data/20260510_164424_session) by extension 'colcon_pkg'
[0.470s] [34mcolcon.colcon_core.package_identification[0m [1;30mLevel 1[0m _identify(data/20260510_164424_session) by extensions ['colcon_meta']
[0.470s] [34mcolcon.colcon_core.package_identification[0m [1;30mLevel 1[0m _identify(data/20260510_164424_session) by extension 'colcon_meta'
[0.471s] [34mcolcon.colcon_core.package_identification[0m [1;30mLevel 1[0m _identify(data/20260510_164424_session) by extensions ['ros']
[0.471s] [34mcolcon.colcon_core.package_identification[0m [1;30mLevel 1[0m _identify(data/20260510_164424_session) by extension 'ros'
[0.471s] [34mcolcon.colcon_core.package_identification[0m [1;30mLevel 1[0m _identify(data/20260510_164424_session) by extensions ['cmake', 'python']
[0.471s] [34mcolcon.colcon_core.package_identification[0m [1;30mLevel 1[0m _identify(data/20260510_164424_session) by extension 'cmake'
[0.471s] [34mcolcon.colcon_core.package_identification[0m [1;30mLevel 1[0m _identify(data/20260510_164424_session) by extension 'python'
[0.471s] [34mcolcon.colcon_core.package_identification[0m [1;30mLevel 1[0m _identify(data/20260510_164424_session) by extensions ['python_setup_py']
[0.471s] [34mcolcon.colcon_core.package_identification[0m [1;30mLevel 1[0m _identify(data/20260510_164424_session) by extension 'python_setup_py'
[0.471s] [34mcolcon.colcon_core.package_identification[0m [1;30mLevel 1[0m _identify(data/20260510_164424_session/1_gui_capture) by extensions ['ignore', 'ignore_ament_install']
[0.471s] [34mcolcon.colcon_core.package_identification[0m [1;30mLevel 1[0m _identify(data/20260510_164424_session/1_gui_capture) by extension 'ignore'
[0.471s] [34mcolcon.colcon_core.package_identification[0m [1;30mLevel 1[0m _identify(data/20260510_164424_session/1_gui_capture) by extension 'ignore_ament_install'
[0.471s] [34mcolcon.colcon_core.package_identification[0m [1;30mLevel 1[0m _identify(data/20260510_164424_session/1_gui_capture) by extensions ['colcon_pkg']
[0.471s] [34mcolcon.colcon_core.package_identification[0m [1;30mLevel 1[0m _identify(data/20260510_164424_session/1_gui_capture) by extension 'colcon_pkg'
[0.471s] [34mcolcon.colcon_core.package_identification[0m [1;30mLevel 1[0m _identify(data/20260510_164424_session/1_gui_capture) by extensions ['colcon_meta']
[0.471s] [34mcolcon.colcon_core.package_identification[0m [1;30mLevel 1[0m _identify(data/20260510_164424_session/1_gui_capture) by extension 'colcon_meta'
[0.471s] [34mcolcon.colcon_core.package_identification[0m [1;30mLevel 1[0m _identify(data/20260510_164424_session/1_gui_capture) by extensions ['ros']
[0.471s] [34mcolcon.colcon_core.package_identification[0m [1;30mLevel 1[0m _identify(data/20260510_164424_session/1_gui_capture) by extension 'ros'
[0.471s] [34mcolcon.colcon_core.package_identification[0m [1;30mLevel 1[0m _identify(data/20260510_164424_session/1_gui_capture) by extensions ['cmake', 'python']
[0.471s] [34mcolcon.colcon_core.package_identification[0m [1;30mLevel 1[0m _identify(data/20260510_164424_session/1_gui_capture) by extension 'cmake'
[0.471s] [34mcolcon.colcon_core.package_identification[0m [1;30mLevel 1[0m _identify(data/20260510_164424_session/1_gui_capture) by extension 'python'
[0.471s] [34mcolcon.colcon_core.package_identification[0m [1;30mLevel 1[0m _identify(data/20260510_164424_session/1_gui_capture) by extensions ['python_setup_py']
[0.471s] [34mcolcon.colcon_core.package_identification[0m [1;30mLevel 1[0m _identify(data/20260510_164424_session/1_gui_capture) by extension 'python_setup_py'
[0.471s] [34mcolcon.colcon_core.package_identification[0m [1;30mLevel 1[0m _identify(data/20260510_164424_session/1_gui_capture/intermediate) by extensions ['ignore', 'ignore_ament_install']
[0.471s] [34mcolcon.colcon_core.package_identification[0m [1;30mLevel 1[0m _identify(data/20260510_164424_session/1_gui_capture/intermediate) by extension 'ignore'
[0.471s] [34mcolcon.colcon_core.package_identification[0m [1;30mLevel 1[0m _identify(data/20260510_164424_session/1_gui_capture/intermediate) by extension 'ignore_ament_install'
[0.471s] [34mcolcon.colcon_core.package_identification[0m [1;30mLevel 1[0m _identify(data/20260510_164424_session/1_gui_capture/intermediate) by extensions ['colcon_pkg']
[0.472s] [34mcolcon.colcon_core.package_identification[0m [1;30mLevel 1[0m _identify(data/20260510_164424_session/1_gui_capture/intermediate) by extension 'colcon_pkg'
[0.472s] [34mcolcon.colcon_core.package_identification[0m [1;30mLevel 1[0m _identify(data/20260510_164424_session/1_gui_capture/intermediate) by extensions ['colcon_meta']
[0.472s] [34mcolcon.colcon_core.package_identification[0m [1;30mLevel 1[0m _identify(data/20260510_164424_session/1_gui_capture/intermediate) by extension 'colcon_meta'
[0.472s] [34mcolcon.colcon_core.package_identification[0m [1;30mLevel 1[0m _identify(data/20260510_164424_session/1_gui_capture/intermediate) by extensions ['ros']
[0.472s] [34mcolcon.colcon_core.package_identification[0m [1;30mLevel 1[0m _identify(data/20260510_164424_session/1_gui_capture/intermediate) by extension 'ros'
[0.472s] [34mcolcon.colcon_core.package_identification[0m [1;30mLevel 1[0m _identify(data/20260510_164424_session/1_gui_capture/intermediate) by extensions ['cmake', 'python']
[0.472s] [34mcolcon.colcon_core.package_identification[0m [1;30mLevel 1[0m _identify(data/20260510_164424_session/1_gui_capture/intermediate) by extension 'cmake'
[0.472s] [34mcolcon.colcon_core.package_identification[0m [1;30mLevel 1[0m _identify(data/20260510_164424_session/1_gui_capture/intermediate) by extension 'python'
[0.472s] [34mcolcon.colcon_core.package_identification[0m [1;30mLevel 1[0m _identify(data/20260510_164424_session/1_gui_capture/intermediate) by extensions ['python_setup_py']
[0.472s] [34mcolcon.colcon_core.package_identification[0m [1;30mLevel 1[0m _identify(data/20260510_164424_session/1_gui_capture/intermediate) by extension 'python_setup_py'
[0.472s] [34mcolcon.colcon_core.package_identification[0m [1;30mLevel 1[0m _identify(data/20260510_164424_session/1_gui_capture/processed) by extensions ['ignore', 'ignore_ament_install']
[0.472s] [34mcolcon.colcon_core.package_identification[0m [1;30mLevel 1[0m _identify(data/20260510_164424_session/1_gui_capture/processed) by extension 'ignore'
[0.472s] [34mcolcon.colcon_core.package_identification[0m [1;30mLevel 1[0m _identify(data/20260510_164424_session/1_gui_capture/processed) by extension 'ignore_ament_install'
[0.472s] [34mcolcon.colcon_core.package_identification[0m [1;30mLevel 1[0m _identify(data/20260510_164424_session/1_gui_capture/processed) by extensions ['colcon_pkg']
[0.472s] [34mcolcon.colcon_core.package_identification[0m [1;30mLevel 1[0m _identify(data/20260510_164424_session/1_gui_capture/processed) by extension 'colcon_pkg'
[0.472s] [34mcolcon.colcon_core.package_identification[0m [1;30mLevel 1[0m _identify(data/20260510_164424_session/1_gui_capture/processed) by extensions ['colcon_meta']
[0.472s] [34mcolcon.colcon_core.package_identification[0m [1;30mLevel 1[0m _identify(data/20260510_164424_session/1_gui_capture/processed) by extension 'colcon_meta'
[0.472s] [34mcolcon.colcon_core.package_identification[0m [1;30mLevel 1[0m _identify(data/20260510_164424_session/1_gui_capture/processed) by extensions ['ros']
[0.472s] [34mcolcon.colcon_core.package_identification[0m [1;30mLevel 1[0m _identify(data/20260510_164424_session/1_gui_capture/processed) by extension 'ros'
[0.472s] [34mcolcon.colcon_core.package_identification[0m [1;30mLevel 1[0m _identify(data/20260510_164424_session/1_gui_capture/processed) by extensions ['cmake', 'python']
[0.472s] [34mcolcon.colcon_core.package_identification[0m [1;30mLevel 1[0m _identify(data/20260510_164424_session/1_gui_capture/processed) by extension 'cmake'
[0.472s] [34mcolcon.colcon_core.package_identification[0m [1;30mLevel 1[0m _identify(data/20260510_164424_session/1_gui_capture/processed) by extension 'python'
[0.472s] [34mcolcon.colcon_core.package_identification[0m [1;30mLevel 1[0m _identify(data/20260510_164424_session/1_gui_capture/processed) by extensions ['python_setup_py']
[0.472s] [34mcolcon.colcon_core.package_identification[0m [1;30mLevel 1[0m _identify(data/20260510_164424_session/1_gui_capture/processed) by extension 'python_setup_py'
[0.472s] [34mcolcon.colcon_core.package_identification[0m [1;30mLevel 1[0m _identify(data/20260510_164424_session/1_gui_capture/raw) by extensions ['ignore', 'ignore_ament_install']
[0.472s] [34mcolcon.colcon_core.package_identification[0m [1;30mLevel 1[0m _identify(data/20260510_164424_session/1_gui_capture/raw) by extension 'ignore'
[0.473s] [34mcolcon.colcon_core.package_identification[0m [1;30mLevel 1[0m _identify(data/20260510_164424_session/1_gui_capture/raw) by extension 'ignore_ament_install'
[0.473s] [34mcolcon.colcon_core.package_identification[0m [1;30mLevel 1[0m _identify(data/20260510_164424_session/1_gui_capture/raw) by extensions ['colcon_pkg']
[0.473s] [34mcolcon.colcon_core.package_identification[0m [1;30mLevel 1[0m _identify(data/20260510_164424_session/1_gui_capture/raw) by extension 'colcon_pkg'
[0.473s] [34mcolcon.colcon_core.package_identification[0m [1;30mLevel 1[0m _identify(data/20260510_164424_session/1_gui_capture/raw) by extensions ['colcon_meta']
[0.473s] [34mcolcon.colcon_core.package_identification[0m [1;30mLevel 1[0m _identify(data/20260510_164424_session/1_gui_capture/raw) by extension 'colcon_meta'
[0.473s] [34mcolcon.colcon_core.package_identification[0m [1;30mLevel 1[0m _identify(data/20260510_164424_session/1_gui_capture/raw) by extensions ['ros']
[0.473s] [34mcolcon.colcon_core.package_identification[0m [1;30mLevel 1[0m _identify(data/20260510_164424_session/1_gui_capture/raw) by extension 'ros'
[0.473s] [34mcolcon.colcon_core.package_identification[0m [1;30mLevel 1[0m _identify(data/20260510_164424_session/1_gui_capture/raw) by extensions ['cmake', 'python']
[0.473s] [34mcolcon.colcon_core.package_identification[0m [1;30mLevel 1[0m _identify(data/20260510_164424_session/1_gui_capture/raw) by extension 'cmake'
[0.473s] [34mcolcon.colcon_core.package_identification[0m [1;30mLevel 1[0m _identify(data/20260510_164424_session/1_gui_capture/raw) by extension 'python'
[0.473s] [34mcolcon.colcon_core.package_identification[0m [1;30mLevel 1[0m _identify(data/20260510_164424_session/1_gui_capture/raw) by extensions ['python_setup_py']
[0.473s] [34mcolcon.colcon_core.package_identification[0m [1;30mLevel 1[0m _identify(data/20260510_164424_session/1_gui_capture/raw) by extension 'python_setup_py'
[0.473s] [34mcolcon.colcon_core.package_identification[0m [1;30mLevel 1[0m _identify(data/20260510_165024_session) by extensions ['ignore', 'ignore_ament_install']
[0.473s] [34mcolcon.colcon_core.package_identification[0m [1;30mLevel 1[0m _identify(data/20260510_165024_session) by extension 'ignore'
[0.473s] [34mcolcon.colcon_core.package_identification[0m [1;30mLevel 1[0m _identify(data/20260510_165024_session) by extension 'ignore_ament_install'
[0.473s] [34mcolcon.colcon_core.package_identification[0m [1;30mLevel 1[0m _identify(data/20260510_165024_session) by extensions ['colcon_pkg']
[0.473s] [34mcolcon.colcon_core.package_identification[0m [1;30mLevel 1[0m _identify(data/20260510_165024_session) by extension 'colcon_pkg'
[0.473s] [34mcolcon.colcon_core.package_identification[0m [1;30mLevel 1[0m _identify(data/20260510_165024_session) by extensions ['colcon_meta']
[0.473s] [34mcolcon.colcon_core.package_identification[0m [1;30mLevel 1[0m _identify(data/20260510_165024_session) by extension 'colcon_meta'
[0.473s] [34mcolcon.colcon_core.package_identification[0m [1;30mLevel 1[0m _identify(data/20260510_165024_session) by extensions ['ros']
[0.473s] [34mcolcon.colcon_core.package_identification[0m [1;30mLevel 1[0m _identify(data/20260510_165024_session) by extension 'ros'
[0.473s] [34mcolcon.colcon_core.package_identification[0m [1;30mLevel 1[0m _identify(data/20260510_165024_session) by extensions ['cmake', 'python']
[0.473s] [34mcolcon.colcon_core.package_identification[0m [1;30mLevel 1[0m _identify(data/20260510_165024_session) by extension 'cmake'
[0.473s] [34mcolcon.colcon_core.package_identification[0m [1;30mLevel 1[0m _identify(data/20260510_165024_session) by extension 'python'
[0.473s] [34mcolcon.colcon_core.package_identification[0m [1;30mLevel 1[0m _identify(data/20260510_165024_session) by extensions ['python_setup_py']
[0.473s] [34mcolcon.colcon_core.package_identification[0m [1;30mLevel 1[0m _identify(data/20260510_165024_session) by extension 'python_setup_py'
[0.473s] [34mcolcon.colcon_core.package_identification[0m [1;30mLevel 1[0m _identify(data/20260510_165024_session/1_gui_capture) by extensions ['ignore', 'ignore_ament_install']
[0.474s] [34mcolcon.colcon_core.package_identification[0m [1;30mLevel 1[0m _identify(data/20260510_165024_session/1_gui_capture) by extension 'ignore'
[0.474s] [34mcolcon.colcon_core.package_identification[0m [1;30mLevel 1[0m _identify(data/20260510_165024_session/1_gui_capture) by extension 'ignore_ament_install'
[0.474s] [34mcolcon.colcon_core.package_identification[0m [1;30mLevel 1[0m _identify(data/20260510_165024_session/1_gui_capture) by extensions ['colcon_pkg']
[0.474s] [34mcolcon.colcon_core.package_identification[0m [1;30mLevel 1[0m _identify(data/20260510_165024_session/1_gui_capture) by extension 'colcon_pkg'
[0.474s] [34mcolcon.colcon_core.package_identification[0m [1;30mLevel 1[0m _identify(data/20260510_165024_session/1_gui_capture) by extensions ['colcon_meta']
[0.474s] [34mcolcon.colcon_core.package_identification[0m [1;30mLevel 1[0m _identify(data/20260510_165024_session/1_gui_capture) by extension 'colcon_meta'
[0.474s] [34mcolcon.colcon_core.package_identification[0m [1;30mLevel 1[0m _identify(data/20260510_165024_session/1_gui_capture) by extensions ['ros']
[0.474s] [34mcolcon.colcon_core.package_identification[0m [1;30mLevel 1[0m _identify(data/20260510_165024_session/1_gui_capture) by extension 'ros'
[0.474s] [34mcolcon.colcon_core.package_identification[0m [1;30mLevel 1[0m _identify(data/20260510_165024_session/1_gui_capture) by extensions ['cmake', 'python']
[0.474s] [34mcolcon.colcon_core.package_identification[0m [1;30mLevel 1[0m _identify(data/20260510_165024_session/1_gui_capture) by extension 'cmake'
[0.474s] [34mcolcon.colcon_core.package_identification[0m [1;30mLevel 1[0m _identify(data/20260510_165024_session/1_gui_capture) by extension 'python'
[0.474s] [34mcolcon.colcon_core.package_identification[0m [1;30mLevel 1[0m _identify(data/20260510_165024_session/1_gui_capture) by extensions ['python_setup_py']
[0.474s] [34mcolcon.colcon_core.package_identification[0m [1;30mLevel 1[0m _identify(data/20260510_165024_session/1_gui_capture) by extension 'python_setup_py'
[0.474s] [34mcolcon.colcon_core.package_identification[0m [1;30mLevel 1[0m _identify(data/20260510_165024_session/1_gui_capture/intermediate) by extensions ['ignore', 'ignore_ament_install']
[0.474s] [34mcolcon.colcon_core.package_identification[0m [1;30mLevel 1[0m _identify(data/20260510_165024_session/1_gui_capture/intermediate) by extension 'ignore'
[0.474s] [34mcolcon.colcon_core.package_identification[0m [1;30mLevel 1[0m _identify(data/20260510_165024_session/1_gui_capture/intermediate) by extension 'ignore_ament_install'
[0.474s] [34mcolcon.colcon_core.package_identification[0m [1;30mLevel 1[0m _identify(data/20260510_165024_session/1_gui_capture/intermediate) by extensions ['colcon_pkg']
[0.474s] [34mcolcon.colcon_core.package_identification[0m [1;30mLevel 1[0m _identify(data/20260510_165024_session/1_gui_capture/intermediate) by extension 'colcon_pkg'
[0.474s] [34mcolcon.colcon_core.package_identification[0m [1;30mLevel 1[0m _identify(data/20260510_165024_session/1_gui_capture/intermediate) by extensions ['colcon_meta']
[0.474s] [34mcolcon.colcon_core.package_identification[0m [1;30mLevel 1[0m _identify(data/20260510_165024_session/1_gui_capture/intermediate) by extension 'colcon_meta'
[0.474s] [34mcolcon.colcon_core.package_identification[0m [1;30mLevel 1[0m _identify(data/20260510_165024_session/1_gui_capture/intermediate) by extensions ['ros']
[0.474s] [34mcolcon.colcon_core.package_identification[0m [1;30mLevel 1[0m _identify(data/20260510_165024_session/1_gui_capture/intermediate) by extension 'ros'
[0.474s] [34mcolcon.colcon_core.package_identification[0m [1;30mLevel 1[0m _identify(data/20260510_165024_session/1_gui_capture/intermediate) by extensions ['cmake', 'python']
[0.474s] [34mcolcon.colcon_core.package_identification[0m [1;30mLevel 1[0m _identify(data/20260510_165024_session/1_gui_capture/intermediate) by extension 'cmake'
[0.474s] [34mcolcon.colcon_core.package_identification[0m [1;30mLevel 1[0m _identify(data/20260510_165024_session/1_gui_capture/intermediate) by extension 'python'
[0.474s] [34mcolcon.colcon_core.package_identification[0m [1;30mLevel 1[0m _identify(data/20260510_165024_session/1_gui_capture/intermediate) by extensions ['python_setup_py']
[0.475s] [34mcolcon.colcon_core.package_identification[0m [1;30mLevel 1[0m _identify(data/20260510_165024_session/1_gui_capture/intermediate) by extension 'python_setup_py'
[0.475s] [34mcolcon.colcon_core.package_identification[0m [1;30mLevel 1[0m _identify(data/20260510_165024_session/1_gui_capture/processed) by extensions ['ignore', 'ignore_ament_install']
[0.475s] [34mcolcon.colcon_core.package_identification[0m [1;30mLevel 1[0m _identify(data/20260510_165024_session/1_gui_capture/processed) by extension 'ignore'
[0.475s] [34mcolcon.colcon_core.package_identification[0m [1;30mLevel 1[0m _identify(data/20260510_165024_session/1_gui_capture/processed) by extension 'ignore_ament_install'
[0.475s] [34mcolcon.colcon_core.package_identification[0m [1;30mLevel 1[0m _identify(data/20260510_165024_session/1_gui_capture/processed) by extensions ['colcon_pkg']
[0.475s] [34mcolcon.colcon_core.package_identification[0m [1;30mLevel 1[0m _identify(data/20260510_165024_session/1_gui_capture/processed) by extension 'colcon_pkg'
[0.475s] [34mcolcon.colcon_core.package_identification[0m [1;30mLevel 1[0m _identify(data/20260510_165024_session/1_gui_capture/processed) by extensions ['colcon_meta']
[0.475s] [34mcolcon.colcon_core.package_identification[0m [1;30mLevel 1[0m _identify(data/20260510_165024_session/1_gui_capture/processed) by extension 'colcon_meta'
[0.475s] [34mcolcon.colcon_core.package_identification[0m [1;30mLevel 1[0m _identify(data/20260510_165024_session/1_gui_capture/processed) by extensions ['ros']
[0.475s] [34mcolcon.colcon_core.package_identification[0m [1;30mLevel 1[0m _identify(data/20260510_165024_session/1_gui_capture/processed) by extension 'ros'
[0.475s] [34mcolcon.colcon_core.package_identification[0m [1;30mLevel 1[0m _identify(data/20260510_165024_session/1_gui_capture/processed) by extensions ['cmake', 'python']
[0.475s] [34mcolcon.colcon_core.package_identification[0m [1;30mLevel 1[0m _identify(data/20260510_165024_session/1_gui_capture/processed) by extension 'cmake'
[0.475s] [34mcolcon.colcon_core.package_identification[0m [1;30mLevel 1[0m _identify(data/20260510_165024_session/1_gui_capture/processed) by extension 'python'
[0.475s] [34mcolcon.colcon_core.package_identification[0m [1;30mLevel 1[0m _identify(data/20260510_165024_session/1_gui_capture/processed) by extensions ['python_setup_py']
[0.475s] [34mcolcon.colcon_core.package_identification[0m [1;30mLevel 1[0m _identify(data/20260510_165024_session/1_gui_capture/processed) by extension 'python_setup_py'
[0.475s] [34mcolcon.colcon_core.package_identification[0m [1;30mLevel 1[0m _identify(data/20260510_165024_session/1_gui_capture/raw) by extensions ['ignore', 'ignore_ament_install']
[0.475s] [34mcolcon.colcon_core.package_identification[0m [1;30mLevel 1[0m _identify(data/20260510_165024_session/1_gui_capture/raw) by extension 'ignore'
[0.475s] [34mcolcon.colcon_core.package_identification[0m [1;30mLevel 1[0m _identify(data/20260510_165024_session/1_gui_capture/raw) by extension 'ignore_ament_install'
[0.475s] [34mcolcon.colcon_core.package_identification[0m [1;30mLevel 1[0m _identify(data/20260510_165024_session/1_gui_capture/raw) by extensions ['colcon_pkg']
[0.475s] [34mcolcon.colcon_core.package_identification[0m [1;30mLevel 1[0m _identify(data/20260510_165024_session/1_gui_capture/raw) by extension 'colcon_pkg'
[0.475s] [34mcolcon.colcon_core.package_identification[0m [1;30mLevel 1[0m _identify(data/20260510_165024_session/1_gui_capture/raw) by extensions ['colcon_meta']
[0.475s] [34mcolcon.colcon_core.package_identification[0m [1;30mLevel 1[0m _identify(data/20260510_165024_session/1_gui_capture/raw) by extension 'colcon_meta'
[0.475s] [34mcolcon.colcon_core.package_identification[0m [1;30mLevel 1[0m _identify(data/20260510_165024_session/1_gui_capture/raw) by extensions ['ros']
[0.475s] [34mcolcon.colcon_core.package_identification[0m [1;30mLevel 1[0m _identify(data/20260510_165024_session/1_gui_capture/raw) by extension 'ros'
[0.476s] [34mcolcon.colcon_core.package_identification[0m [1;30mLevel 1[0m _identify(data/20260510_165024_session/1_gui_capture/raw) by extensions ['cmake', 'python']
[0.476s] [34mcolcon.colcon_core.package_identification[0m [1;30mLevel 1[0m _identify(data/20260510_165024_session/1_gui_capture/raw) by extension 'cmake'
[0.476s] [34mcolcon.colcon_core.package_identification[0m [1;30mLevel 1[0m _identify(data/20260510_165024_session/1_gui_capture/raw) by extension 'python'
[0.476s] [34mcolcon.colcon_core.package_identification[0m [1;30mLevel 1[0m _identify(data/20260510_165024_session/1_gui_capture/raw) by extensions ['python_setup_py']
[0.476s] [34mcolcon.colcon_core.package_identification[0m [1;30mLevel 1[0m _identify(data/20260510_165024_session/1_gui_capture/raw) by extension 'python_setup_py'
[0.476s] [34mcolcon.colcon_core.package_identification[0m [1;30mLevel 1[0m _identify(data/20260510_165719_session) by extensions ['ignore', 'ignore_ament_install']
[0.476s] [34mcolcon.colcon_core.package_identification[0m [1;30mLevel 1[0m _identify(data/20260510_165719_session) by extension 'ignore'
[0.476s] [34mcolcon.colcon_core.package_identification[0m [1;30mLevel 1[0m _identify(data/20260510_165719_session) by extension 'ignore_ament_install'
[0.476s] [34mcolcon.colcon_core.package_identification[0m [1;30mLevel 1[0m _identify(data/20260510_165719_session) by extensions ['colcon_pkg']
[0.476s] [34mcolcon.colcon_core.package_identification[0m [1;30mLevel 1[0m _identify(data/20260510_165719_session) by extension 'colcon_pkg'
[0.476s] [34mcolcon.colcon_core.package_identification[0m [1;30mLevel 1[0m _identify(data/20260510_165719_session) by extensions ['colcon_meta']
[0.476s] [34mcolcon.colcon_core.package_identification[0m [1;30mLevel 1[0m _identify(data/20260510_165719_session) by extension 'colcon_meta'
[0.476s] [34mcolcon.colcon_core.package_identification[0m [1;30mLevel 1[0m _identify(data/20260510_165719_session) by extensions ['ros']
[0.476s] [34mcolcon.colcon_core.package_identification[0m [1;30mLevel 1[0m _identify(data/20260510_165719_session) by extension 'ros'
[0.476s] [34mcolcon.colcon_core.package_identification[0m [1;30mLevel 1[0m _identify(data/20260510_165719_session) by extensions ['cmake', 'python']
[0.476s] [34mcolcon.colcon_core.package_identification[0m [1;30mLevel 1[0m _identify(data/20260510_165719_session) by extension 'cmake'
[0.476s] [34mcolcon.colcon_core.package_identification[0m [1;30mLevel 1[0m _identify(data/20260510_165719_session) by extension 'python'
[0.476s] [34mcolcon.colcon_core.package_identification[0m [1;30mLevel 1[0m _identify(data/20260510_165719_session) by extensions ['python_setup_py']
[0.476s] [34mcolcon.colcon_core.package_identification[0m [1;30mLevel 1[0m _identify(data/20260510_165719_session) by extension 'python_setup_py'
[0.476s] [34mcolcon.colcon_core.package_identification[0m [1;30mLevel 1[0m _identify(data/20260510_165719_session/1_gui_capture) by extensions ['ignore', 'ignore_ament_install']
[0.476s] [34mcolcon.colcon_core.package_identification[0m [1;30mLevel 1[0m _identify(data/20260510_165719_session/1_gui_capture) by extension 'ignore'
[0.476s] [34mcolcon.colcon_core.package_identification[0m [1;30mLevel 1[0m _identify(data/20260510_165719_session/1_gui_capture) by extension 'ignore_ament_install'
[0.476s] [34mcolcon.colcon_core.package_identification[0m [1;30mLevel 1[0m _identify(data/20260510_165719_session/1_gui_capture) by extensions ['colcon_pkg']
[0.476s] [34mcolcon.colcon_core.package_identification[0m [1;30mLevel 1[0m _identify(data/20260510_165719_session/1_gui_capture) by extension 'colcon_pkg'
[0.476s] [34mcolcon.colcon_core.package_identification[0m [1;30mLevel 1[0m _identify(data/20260510_165719_session/1_gui_capture) by extensions ['colcon_meta']
[0.477s] [34mcolcon.colcon_core.package_identification[0m [1;30mLevel 1[0m _identify(data/20260510_165719_session/1_gui_capture) by extension 'colcon_meta'
[0.477s] [34mcolcon.colcon_core.package_identification[0m [1;30mLevel 1[0m _identify(data/20260510_165719_session/1_gui_capture) by extensions ['ros']
[0.477s] [34mcolcon.colcon_core.package_identification[0m [1;30mLevel 1[0m _identify(data/20260510_165719_session/1_gui_capture) by extension 'ros'
[0.477s] [34mcolcon.colcon_core.package_identification[0m [1;30mLevel 1[0m _identify(data/20260510_165719_session/1_gui_capture) by extensions ['cmake', 'python']
[0.477s] [34mcolcon.colcon_core.package_identification[0m [1;30mLevel 1[0m _identify(data/20260510_165719_session/1_gui_capture) by extension 'cmake'
[0.477s] [34mcolcon.colcon_core.package_identification[0m [1;30mLevel 1[0m _identify(data/20260510_165719_session/1_gui_capture) by extension 'python'
[0.477s] [34mcolcon.colcon_core.package_identification[0m [1;30mLevel 1[0m _identify(data/20260510_165719_session/1_gui_capture) by extensions ['python_setup_py']
[0.477s] [34mcolcon.colcon_core.package_identification[0m [1;30mLevel 1[0m _identify(data/20260510_165719_session/1_gui_capture) by extension 'python_setup_py'
[0.477s] [34mcolcon.colcon_core.package_identification[0m [1;30mLevel 1[0m _identify(data/20260510_165719_session/1_gui_capture/intermediate) by extensions ['ignore', 'ignore_ament_install']
[0.477s] [34mcolcon.colcon_core.package_identification[0m [1;30mLevel 1[0m _identify(data/20260510_165719_session/1_gui_capture/intermediate) by extension 'ignore'
[0.477s] [34mcolcon.colcon_core.package_identification[0m [1;30mLevel 1[0m _identify(data/20260510_165719_session/1_gui_capture/intermediate) by extension 'ignore_ament_install'
[0.477s] [34mcolcon.colcon_core.package_identification[0m [1;30mLevel 1[0m _identify(data/20260510_165719_session/1_gui_capture/intermediate) by extensions ['colcon_pkg']
[0.477s] [34mcolcon.colcon_core.package_identification[0m [1;30mLevel 1[0m _identify(data/20260510_165719_session/1_gui_capture/intermediate) by extension 'colcon_pkg'
[0.477s] [34mcolcon.colcon_core.package_identification[0m [1;30mLevel 1[0m _identify(data/20260510_165719_session/1_gui_capture/intermediate) by extensions ['colcon_meta']
[0.477s] [34mcolcon.colcon_core.package_identification[0m [1;30mLevel 1[0m _identify(data/20260510_165719_session/1_gui_capture/intermediate) by extension 'colcon_meta'
[0.477s] [34mcolcon.colcon_core.package_identification[0m [1;30mLevel 1[0m _identify(data/20260510_165719_session/1_gui_capture/intermediate) by extensions ['ros']
[0.477s] [34mcolcon.colcon_core.package_identification[0m [1;30mLevel 1[0m _identify(data/20260510_165719_session/1_gui_capture/intermediate) by extension 'ros'
[0.477s] [34mcolcon.colcon_core.package_identification[0m [1;30mLevel 1[0m _identify(data/20260510_165719_session/1_gui_capture/intermediate) by extensions ['cmake', 'python']
[0.477s] [34mcolcon.colcon_core.package_identification[0m [1;30mLevel 1[0m _identify(data/20260510_165719_session/1_gui_capture/intermediate) by extension 'cmake'
[0.477s] [34mcolcon.colcon_core.package_identification[0m [1;30mLevel 1[0m _identify(data/20260510_165719_session/1_gui_capture/intermediate) by extension 'python'
[0.477s] [34mcolcon.colcon_core.package_identification[0m [1;30mLevel 1[0m _identify(data/20260510_165719_session/1_gui_capture/intermediate) by extensions ['python_setup_py']
[0.477s] [34mcolcon.colcon_core.package_identification[0m [1;30mLevel 1[0m _identify(data/20260510_165719_session/1_gui_capture/intermediate) by extension 'python_setup_py'
[0.477s] [34mcolcon.colcon_core.package_identification[0m [1;30mLevel 1[0m _identify(data/20260510_165719_session/1_gui_capture/processed) by extensions ['ignore', 'ignore_ament_install']
[0.477s] [34mcolcon.colcon_core.package_identification[0m [1;30mLevel 1[0m _identify(data/20260510_165719_session/1_gui_capture/processed) by extension 'ignore'
[0.477s] [34mcolcon.colcon_core.package_identification[0m [1;30mLevel 1[0m _identify(data/20260510_165719_session/1_gui_capture/processed) by extension 'ignore_ament_install'
[0.478s] [34mcolcon.colcon_core.package_identification[0m [1;30mLevel 1[0m _identify(data/20260510_165719_session/1_gui_capture/processed) by extensions ['colcon_pkg']
[0.478s] [34mcolcon.colcon_core.package_identification[0m [1;30mLevel 1[0m _identify(data/20260510_165719_session/1_gui_capture/processed) by extension 'colcon_pkg'
[0.478s] [34mcolcon.colcon_core.package_identification[0m [1;30mLevel 1[0m _identify(data/20260510_165719_session/1_gui_capture/processed) by extensions ['colcon_meta']
[0.478s] [34mcolcon.colcon_core.package_identification[0m [1;30mLevel 1[0m _identify(data/20260510_165719_session/1_gui_capture/processed) by extension 'colcon_meta'
[0.478s] [34mcolcon.colcon_core.package_identification[0m [1;30mLevel 1[0m _identify(data/20260510_165719_session/1_gui_capture/processed) by extensions ['ros']
[0.478s] [34mcolcon.colcon_core.package_identification[0m [1;30mLevel 1[0m _identify(data/20260510_165719_session/1_gui_capture/processed) by extension 'ros'
[0.478s] [34mcolcon.colcon_core.package_identification[0m [1;30mLevel 1[0m _identify(data/20260510_165719_session/1_gui_capture/processed) by extensions ['cmake', 'python']
[0.478s] [34mcolcon.colcon_core.package_identification[0m [1;30mLevel 1[0m _identify(data/20260510_165719_session/1_gui_capture/processed) by extension 'cmake'
[0.478s] [34mcolcon.colcon_core.package_identification[0m [1;30mLevel 1[0m _identify(data/20260510_165719_session/1_gui_capture/processed) by extension 'python'
[0.478s] [34mcolcon.colcon_core.package_identification[0m [1;30mLevel 1[0m _identify(data/20260510_165719_session/1_gui_capture/processed) by extensions ['python_setup_py']
[0.478s] [34mcolcon.colcon_core.package_identification[0m [1;30mLevel 1[0m _identify(data/20260510_165719_session/1_gui_capture/processed) by extension 'python_setup_py'
[0.478s] [34mcolcon.colcon_core.package_identification[0m [1;30mLevel 1[0m _identify(data/20260510_165719_session/1_gui_capture/raw) by extensions ['ignore', 'ignore_ament_install']
[0.478s] [34mcolcon.colcon_core.package_identification[0m [1;30mLevel 1[0m _identify(data/20260510_165719_session/1_gui_capture/raw) by extension 'ignore'
[0.478s] [34mcolcon.colcon_core.package_identification[0m [1;30mLevel 1[0m _identify(data/20260510_165719_session/1_gui_capture/raw) by extension 'ignore_ament_install'
[0.478s] [34mcolcon.colcon_core.package_identification[0m [1;30mLevel 1[0m _identify(data/20260510_165719_session/1_gui_capture/raw) by extensions ['colcon_pkg']
[0.478s] [34mcolcon.colcon_core.package_identification[0m [1;30mLevel 1[0m _identify(data/20260510_165719_session/1_gui_capture/raw) by extension 'colcon_pkg'
[0.478s] [34mcolcon.colcon_core.package_identification[0m [1;30mLevel 1[0m _identify(data/20260510_165719_session/1_gui_capture/raw) by extensions ['colcon_meta']
[0.478s] [34mcolcon.colcon_core.package_identification[0m [1;30mLevel 1[0m _identify(data/20260510_165719_session/1_gui_capture/raw) by extension 'colcon_meta'
[0.478s] [34mcolcon.colcon_core.package_identification[0m [1;30mLevel 1[0m _identify(data/20260510_165719_session/1_gui_capture/raw) by extensions ['ros']
[0.478s] [34mcolcon.colcon_core.package_identification[0m [1;30mLevel 1[0m _identify(data/20260510_165719_session/1_gui_capture/raw) by extension 'ros'
[0.478s] [34mcolcon.colcon_core.package_identification[0m [1;30mLevel 1[0m _identify(data/20260510_165719_session/1_gui_capture/raw) by extensions ['cmake', 'python']
[0.478s] [34mcolcon.colcon_core.package_identification[0m [1;30mLevel 1[0m _identify(data/20260510_165719_session/1_gui_capture/raw) by extension 'cmake'
[0.478s] [34mcolcon.colcon_core.package_identification[0m [1;30mLevel 1[0m _identify(data/20260510_165719_session/1_gui_capture/raw) by extension 'python'
[0.478s] [34mcolcon.colcon_core.package_identification[0m [1;30mLevel 1[0m _identify(data/20260510_165719_session/1_gui_capture/raw) by extensions ['python_setup_py']
[0.478s] [34mcolcon.colcon_core.package_identification[0m [1;30mLevel 1[0m _identify(data/20260510_165719_session/1_gui_capture/raw) by extension 'python_setup_py'
[0.478s] [34mcolcon.colcon_core.package_identification[0m [1;30mLevel 1[0m _identify(data/20260510_170647_session) by extensions ['ignore', 'ignore_ament_install']
[0.479s] [34mcolcon.colcon_core.package_identification[0m [1;30mLevel 1[0m _identify(data/20260510_170647_session) by extension 'ignore'
[0.479s] [34mcolcon.colcon_core.package_identification[0m [1;30mLevel 1[0m _identify(data/20260510_170647_session) by extension 'ignore_ament_install'
[0.479s] [34mcolcon.colcon_core.package_identification[0m [1;30mLevel 1[0m _identify(data/20260510_170647_session) by extensions ['colcon_pkg']
[0.479s] [34mcolcon.colcon_core.package_identification[0m [1;30mLevel 1[0m _identify(data/20260510_170647_session) by extension 'colcon_pkg'
[0.479s] [34mcolcon.colcon_core.package_identification[0m [1;30mLevel 1[0m _identify(data/20260510_170647_session) by extensions ['colcon_meta']
[0.479s] [34mcolcon.colcon_core.package_identification[0m [1;30mLevel 1[0m _identify(data/20260510_170647_session) by extension 'colcon_meta'
[0.479s] [34mcolcon.colcon_core.package_identification[0m [1;30mLevel 1[0m _identify(data/20260510_170647_session) by extensions ['ros']
[0.479s] [34mcolcon.colcon_core.package_identification[0m [1;30mLevel 1[0m _identify(data/20260510_170647_session) by extension 'ros'
[0.479s] [34mcolcon.colcon_core.package_identification[0m [1;30mLevel 1[0m _identify(data/20260510_170647_session) by extensions ['cmake', 'python']
[0.479s] [34mcolcon.colcon_core.package_identification[0m [1;30mLevel 1[0m _identify(data/20260510_170647_session) by extension 'cmake'
[0.479s] [34mcolcon.colcon_core.package_identification[0m [1;30mLevel 1[0m _identify(data/20260510_170647_session) by extension 'python'
[0.479s] [34mcolcon.colcon_core.package_identification[0m [1;30mLevel 1[0m _identify(data/20260510_170647_session) by extensions ['python_setup_py']
[0.479s] [34mcolcon.colcon_core.package_identification[0m [1;30mLevel 1[0m _identify(data/20260510_170647_session) by extension 'python_setup_py'
[0.479s] [34mcolcon.colcon_core.package_identification[0m [1;30mLevel 1[0m _identify(data/20260510_171318_session) by extensions ['ignore', 'ignore_ament_install']
[0.479s] [34mcolcon.colcon_core.package_identification[0m [1;30mLevel 1[0m _identify(data/20260510_171318_session) by extension 'ignore'
[0.479s] [34mcolcon.colcon_core.package_identification[0m [1;30mLevel 1[0m _identify(data/20260510_171318_session) by extension 'ignore_ament_install'
[0.479s] [34mcolcon.colcon_core.package_identification[0m [1;30mLevel 1[0m _identify(data/20260510_171318_session) by extensions ['colcon_pkg']
[0.479s] [34mcolcon.colcon_core.package_identification[0m [1;30mLevel 1[0m _identify(data/20260510_171318_session) by extension 'colcon_pkg'
[0.479s] [34mcolcon.colcon_core.package_identification[0m [1;30mLevel 1[0m _identify(data/20260510_171318_session) by extensions ['colcon_meta']
[0.479s] [34mcolcon.colcon_core.package_identification[0m [1;30mLevel 1[0m _identify(data/20260510_171318_session) by extension 'colcon_meta'
[0.479s] [34mcolcon.colcon_core.package_identification[0m [1;30mLevel 1[0m _identify(data/20260510_171318_session) by extensions ['ros']
[0.479s] [34mcolcon.colcon_core.package_identification[0m [1;30mLevel 1[0m _identify(data/20260510_171318_session) by extension 'ros'
[0.479s] [34mcolcon.colcon_core.package_identification[0m [1;30mLevel 1[0m _identify(data/20260510_171318_session) by extensions ['cmake', 'python']
[0.479s] [34mcolcon.colcon_core.package_identification[0m [1;30mLevel 1[0m _identify(data/20260510_171318_session) by extension 'cmake'
[0.479s] [34mcolcon.colcon_core.package_identification[0m [1;30mLevel 1[0m _identify(data/20260510_171318_session) by extension 'python'
[0.479s] [34mcolcon.colcon_core.package_identification[0m [1;30mLevel 1[0m _identify(data/20260510_171318_session) by extensions ['python_setup_py']
[0.479s] [34mcolcon.colcon_core.package_identification[0m [1;30mLevel 1[0m _identify(data/20260510_171318_session) by extension 'python_setup_py'
[0.480s] [34mcolcon.colcon_core.package_identification[0m [1;30mLevel 1[0m _identify(data/20260510_171558_session) by extensions ['ignore', 'ignore_ament_install']
[0.480s] [34mcolcon.colcon_core.package_identification[0m [1;30mLevel 1[0m _identify(data/20260510_171558_session) by extension 'ignore'
[0.480s] [34mcolcon.colcon_core.package_identification[0m [1;30mLevel 1[0m _identify(data/20260510_171558_session) by extension 'ignore_ament_install'
[0.480s] [34mcolcon.colcon_core.package_identification[0m [1;30mLevel 1[0m _identify(data/20260510_171558_session) by extensions ['colcon_pkg']
[0.480s] [34mcolcon.colcon_core.package_identification[0m [1;30mLevel 1[0m _identify(data/20260510_171558_session) by extension 'colcon_pkg'
[0.480s] [34mcolcon.colcon_core.package_identification[0m [1;30mLevel 1[0m _identify(data/20260510_171558_session) by extensions ['colcon_meta']
[0.480s] [34mcolcon.colcon_core.package_identification[0m [1;30mLevel 1[0m _identify(data/20260510_171558_session) by extension 'colcon_meta'
[0.480s] [34mcolcon.colcon_core.package_identification[0m [1;30mLevel 1[0m _identify(data/20260510_171558_session) by extensions ['ros']
[0.480s] [34mcolcon.colcon_core.package_identification[0m [1;30mLevel 1[0m _identify(data/20260510_171558_session) by extension 'ros'
[0.480s] [34mcolcon.colcon_core.package_identification[0m [1;30mLevel 1[0m _identify(data/20260510_171558_session) by extensions ['cmake', 'python']
[0.480s] [34mcolcon.colcon_core.package_identification[0m [1;30mLevel 1[0m _identify(data/20260510_171558_session) by extension 'cmake'
[0.480s] [34mcolcon.colcon_core.package_identification[0m [1;30mLevel 1[0m _identify(data/20260510_171558_session) by extension 'python'
[0.480s] [34mcolcon.colcon_core.package_identification[0m [1;30mLevel 1[0m _identify(data/20260510_171558_session) by extensions ['python_setup_py']
[0.480s] [34mcolcon.colcon_core.package_identification[0m [1;30mLevel 1[0m _identify(data/20260510_171558_session) by extension 'python_setup_py'
[0.480s] [34mcolcon.colcon_core.package_identification[0m [1;30mLevel 1[0m _identify(data/20260510_171810_session) by extensions ['ignore', 'ignore_ament_install']
[0.480s] [34mcolcon.colcon_core.package_identification[0m [1;30mLevel 1[0m _identify(data/20260510_171810_session) by extension 'ignore'
[0.480s] [34mcolcon.colcon_core.package_identification[0m [1;30mLevel 1[0m _identify(data/20260510_171810_session) by extension 'ignore_ament_install'
[0.480s] [34mcolcon.colcon_core.package_identification[0m [1;30mLevel 1[0m _identify(data/20260510_171810_session) by extensions ['colcon_pkg']
[0.480s] [34mcolcon.colcon_core.package_identification[0m [1;30mLevel 1[0m _identify(data/20260510_171810_session) by extension 'colcon_pkg'
[0.480s] [34mcolcon.colcon_core.package_identification[0m [1;30mLevel 1[0m _identify(data/20260510_171810_session) by extensions ['colcon_meta']
[0.480s] [34mcolcon.colcon_core.package_identification[0m [1;30mLevel 1[0m _identify(data/20260510_171810_session) by extension 'colcon_meta'
[0.480s] [34mcolcon.colcon_core.package_identification[0m [1;30mLevel 1[0m _identify(data/20260510_171810_session) by extensions ['ros']
[0.480s] [34mcolcon.colcon_core.package_identification[0m [1;30mLevel 1[0m _identify(data/20260510_171810_session) by extension 'ros'
[0.480s] [34mcolcon.colcon_core.package_identification[0m [1;30mLevel 1[0m _identify(data/20260510_171810_session) by extensions ['cmake', 'python']
[0.480s] [34mcolcon.colcon_core.package_identification[0m [1;30mLevel 1[0m _identify(data/20260510_171810_session) by extension 'cmake'
[0.480s] [34mcolcon.colcon_core.package_identification[0m [1;30mLevel 1[0m _identify(data/20260510_171810_session) by extension 'python'
[0.480s] [34mcolcon.colcon_core.package_identification[0m [1;30mLevel 1[0m _identify(data/20260510_171810_session) by extensions ['python_setup_py']
[0.481s] [34mcolcon.colcon_core.package_identification[0m [1;30mLevel 1[0m _identify(data/20260510_171810_session) by extension 'python_setup_py'
[0.481s] [34mcolcon.colcon_core.package_identification[0m [1;30mLevel 1[0m _identify(data/20260510_171840_session) by extensions ['ignore', 'ignore_ament_install']
[0.481s] [34mcolcon.colcon_core.package_identification[0m [1;30mLevel 1[0m _identify(data/20260510_171840_session) by extension 'ignore'
[0.481s] [34mcolcon.colcon_core.package_identification[0m [1;30mLevel 1[0m _identify(data/20260510_171840_session) by extension 'ignore_ament_install'
[0.481s] [34mcolcon.colcon_core.package_identification[0m [1;30mLevel 1[0m _identify(data/20260510_171840_session) by extensions ['colcon_pkg']
[0.481s] [34mcolcon.colcon_core.package_identification[0m [1;30mLevel 1[0m _identify(data/20260510_171840_session) by extension 'colcon_pkg'
[0.481s] [34mcolcon.colcon_core.package_identification[0m [1;30mLevel 1[0m _identify(data/20260510_171840_session) by extensions ['colcon_meta']
[0.481s] [34mcolcon.colcon_core.package_identification[0m [1;30mLevel 1[0m _identify(data/20260510_171840_session) by extension 'colcon_meta'
[0.481s] [34mcolcon.colcon_core.package_identification[0m [1;30mLevel 1[0m _identify(data/20260510_171840_session) by extensions ['ros']
[0.481s] [34mcolcon.colcon_core.package_identification[0m [1;30mLevel 1[0m _identify(data/20260510_171840_session) by extension 'ros'
[0.481s] [34mcolcon.colcon_core.package_identification[0m [1;30mLevel 1[0m _identify(data/20260510_171840_session) by extensions ['cmake', 'python']
[0.481s] [34mcolcon.colcon_core.package_identification[0m [1;30mLevel 1[0m _identify(data/20260510_171840_session) by extension 'cmake'
[0.481s] [34mcolcon.colcon_core.package_identification[0m [1;30mLevel 1[0m _identify(data/20260510_171840_session) by extension 'python'
[0.481s] [34mcolcon.colcon_core.package_identification[0m [1;30mLevel 1[0m _identify(data/20260510_171840_session) by extensions ['python_setup_py']
[0.481s] [34mcolcon.colcon_core.package_identification[0m [1;30mLevel 1[0m _identify(data/20260510_171840_session) by extension 'python_setup_py'
[0.481s] [34mcolcon.colcon_core.package_identification[0m [1;30mLevel 1[0m _identify(data/20260510_171840_session/1_gui_capture) by extensions ['ignore', 'ignore_ament_install']
[0.481s] [34mcolcon.colcon_core.package_identification[0m [1;30mLevel 1[0m _identify(data/20260510_171840_session/1_gui_capture) by extension 'ignore'
[0.481s] [34mcolcon.colcon_core.package_identification[0m [1;30mLevel 1[0m _identify(data/20260510_171840_session/1_gui_capture) by extension 'ignore_ament_install'
[0.481s] [34mcolcon.colcon_core.package_identification[0m [1;30mLevel 1[0m _identify(data/20260510_171840_session/1_gui_capture) by extensions ['colcon_pkg']
[0.481s] [34mcolcon.colcon_core.package_identification[0m [1;30mLevel 1[0m _identify(data/20260510_171840_session/1_gui_capture) by extension 'colcon_pkg'
[0.481s] [34mcolcon.colcon_core.package_identification[0m [1;30mLevel 1[0m _identify(data/20260510_171840_session/1_gui_capture) by extensions ['colcon_meta']
[0.481s] [34mcolcon.colcon_core.package_identification[0m [1;30mLevel 1[0m _identify(data/20260510_171840_session/1_gui_capture) by extension 'colcon_meta'
[0.481s] [34mcolcon.colcon_core.package_identification[0m [1;30mLevel 1[0m _identify(data/20260510_171840_session/1_gui_capture) by extensions ['ros']
[0.481s] [34mcolcon.colcon_core.package_identification[0m [1;30mLevel 1[0m _identify(data/20260510_171840_session/1_gui_capture) by extension 'ros'
[0.481s] [34mcolcon.colcon_core.package_identification[0m [1;30mLevel 1[0m _identify(data/20260510_171840_session/1_gui_capture) by extensions ['cmake', 'python']
[0.482s] [34mcolcon.colcon_core.package_identification[0m [1;30mLevel 1[0m _identify(data/20260510_171840_session/1_gui_capture) by extension 'cmake'
[0.482s] [34mcolcon.colcon_core.package_identification[0m [1;30mLevel 1[0m _identify(data/20260510_171840_session/1_gui_capture) by extension 'python'
[0.482s] [34mcolcon.colcon_core.package_identification[0m [1;30mLevel 1[0m _identify(data/20260510_171840_session/1_gui_capture) by extensions ['python_setup_py']
[0.482s] [34mcolcon.colcon_core.package_identification[0m [1;30mLevel 1[0m _identify(data/20260510_171840_session/1_gui_capture) by extension 'python_setup_py'
[0.482s] [34mcolcon.colcon_core.package_identification[0m [1;30mLevel 1[0m _identify(data/20260510_171840_session/1_gui_capture/intermediate) by extensions ['ignore', 'ignore_ament_install']
[0.482s] [34mcolcon.colcon_core.package_identification[0m [1;30mLevel 1[0m _identify(data/20260510_171840_session/1_gui_capture/intermediate) by extension 'ignore'
[0.482s] [34mcolcon.colcon_core.package_identification[0m [1;30mLevel 1[0m _identify(data/20260510_171840_session/1_gui_capture/intermediate) by extension 'ignore_ament_install'
[0.482s] [34mcolcon.colcon_core.package_identification[0m [1;30mLevel 1[0m _identify(data/20260510_171840_session/1_gui_capture/intermediate) by extensions ['colcon_pkg']
[0.482s] [34mcolcon.colcon_core.package_identification[0m [1;30mLevel 1[0m _identify(data/20260510_171840_session/1_gui_capture/intermediate) by extension 'colcon_pkg'
[0.482s] [34mcolcon.colcon_core.package_identification[0m [1;30mLevel 1[0m _identify(data/20260510_171840_session/1_gui_capture/intermediate) by extensions ['colcon_meta']
[0.482s] [34mcolcon.colcon_core.package_identification[0m [1;30mLevel 1[0m _identify(data/20260510_171840_session/1_gui_capture/intermediate) by extension 'colcon_meta'
[0.482s] [34mcolcon.colcon_core.package_identification[0m [1;30mLevel 1[0m _identify(data/20260510_171840_session/1_gui_capture/intermediate) by extensions ['ros']
[0.482s] [34mcolcon.colcon_core.package_identification[0m [1;30mLevel 1[0m _identify(data/20260510_171840_session/1_gui_capture/intermediate) by extension 'ros'
[0.482s] [34mcolcon.colcon_core.package_identification[0m [1;30mLevel 1[0m _identify(data/20260510_171840_session/1_gui_capture/intermediate) by extensions ['cmake', 'python']
[0.482s] [34mcolcon.colcon_core.package_identification[0m [1;30mLevel 1[0m _identify(data/20260510_171840_session/1_gui_capture/intermediate) by extension 'cmake'
[0.482s] [34mcolcon.colcon_core.package_identification[0m [1;30mLevel 1[0m _identify(data/20260510_171840_session/1_gui_capture/intermediate) by extension 'python'
[0.482s] [34mcolcon.colcon_core.package_identification[0m [1;30mLevel 1[0m _identify(data/20260510_171840_session/1_gui_capture/intermediate) by extensions ['python_setup_py']
[0.482s] [34mcolcon.colcon_core.package_identification[0m [1;30mLevel 1[0m _identify(data/20260510_171840_session/1_gui_capture/intermediate) by extension 'python_setup_py'
[0.482s] [34mcolcon.colcon_core.package_identification[0m [1;30mLevel 1[0m _identify(data/20260510_171840_session/1_gui_capture/processed) by extensions ['ignore', 'ignore_ament_install']
[0.482s] [34mcolcon.colcon_core.package_identification[0m [1;30mLevel 1[0m _identify(data/20260510_171840_session/1_gui_capture/processed) by extension 'ignore'
[0.482s] [34mcolcon.colcon_core.package_identification[0m [1;30mLevel 1[0m _identify(data/20260510_171840_session/1_gui_capture/processed) by extension 'ignore_ament_install'
[0.482s] [34mcolcon.colcon_core.package_identification[0m [1;30mLevel 1[0m _identify(data/20260510_171840_session/1_gui_capture/processed) by extensions ['colcon_pkg']
[0.482s] [34mcolcon.colcon_core.package_identification[0m [1;30mLevel 1[0m _identify(data/20260510_171840_session/1_gui_capture/processed) by extension 'colcon_pkg'
[0.482s] [34mcolcon.colcon_core.package_identification[0m [1;30mLevel 1[0m _identify(data/20260510_171840_session/1_gui_capture/processed) by extensions ['colcon_meta']
[0.483s] [34mcolcon.colcon_core.package_identification[0m [1;30mLevel 1[0m _identify(data/20260510_171840_session/1_gui_capture/processed) by extension 'colcon_meta'
[0.483s] [34mcolcon.colcon_core.package_identification[0m [1;30mLevel 1[0m _identify(data/20260510_171840_session/1_gui_capture/processed) by extensions ['ros']
[0.483s] [34mcolcon.colcon_core.package_identification[0m [1;30mLevel 1[0m _identify(data/20260510_171840_session/1_gui_capture/processed) by extension 'ros'
[0.483s] [34mcolcon.colcon_core.package_identification[0m [1;30mLevel 1[0m _identify(data/20260510_171840_session/1_gui_capture/processed) by extensions ['cmake', 'python']
[0.483s] [34mcolcon.colcon_core.package_identification[0m [1;30mLevel 1[0m _identify(data/20260510_171840_session/1_gui_capture/processed) by extension 'cmake'
[0.483s] [34mcolcon.colcon_core.package_identification[0m [1;30mLevel 1[0m _identify(data/20260510_171840_session/1_gui_capture/processed) by extension 'python'
[0.483s] [34mcolcon.colcon_core.package_identification[0m [1;30mLevel 1[0m _identify(data/20260510_171840_session/1_gui_capture/processed) by extensions ['python_setup_py']
[0.483s] [34mcolcon.colcon_core.package_identification[0m [1;30mLevel 1[0m _identify(data/20260510_171840_session/1_gui_capture/processed) by extension 'python_setup_py'
[0.483s] [34mcolcon.colcon_core.package_identification[0m [1;30mLevel 1[0m _identify(data/20260510_171840_session/1_gui_capture/raw) by extensions ['ignore', 'ignore_ament_install']
[0.483s] [34mcolcon.colcon_core.package_identification[0m [1;30mLevel 1[0m _identify(data/20260510_171840_session/1_gui_capture/raw) by extension 'ignore'
[0.483s] [34mcolcon.colcon_core.package_identification[0m [1;30mLevel 1[0m _identify(data/20260510_171840_session/1_gui_capture/raw) by extension 'ignore_ament_install'
[0.483s] [34mcolcon.colcon_core.package_identification[0m [1;30mLevel 1[0m _identify(data/20260510_171840_session/1_gui_capture/raw) by extensions ['colcon_pkg']
[0.483s] [34mcolcon.colcon_core.package_identification[0m [1;30mLevel 1[0m _identify(data/20260510_171840_session/1_gui_capture/raw) by extension 'colcon_pkg'
[0.483s] [34mcolcon.colcon_core.package_identification[0m [1;30mLevel 1[0m _identify(data/20260510_171840_session/1_gui_capture/raw) by extensions ['colcon_meta']
[0.483s] [34mcolcon.colcon_core.package_identification[0m [1;30mLevel 1[0m _identify(data/20260510_171840_session/1_gui_capture/raw) by extension 'colcon_meta'
[0.483s] [34mcolcon.colcon_core.package_identification[0m [1;30mLevel 1[0m _identify(data/20260510_171840_session/1_gui_capture/raw) by extensions ['ros']
[0.483s] [34mcolcon.colcon_core.package_identification[0m [1;30mLevel 1[0m _identify(data/20260510_171840_session/1_gui_capture/raw) by extension 'ros'
[0.483s] [34mcolcon.colcon_core.package_identification[0m [1;30mLevel 1[0m _identify(data/20260510_171840_session/1_gui_capture/raw) by extensions ['cmake', 'python']
[0.483s] [34mcolcon.colcon_core.package_identification[0m [1;30mLevel 1[0m _identify(data/20260510_171840_session/1_gui_capture/raw) by extension 'cmake'
[0.483s] [34mcolcon.colcon_core.package_identification[0m [1;30mLevel 1[0m _identify(data/20260510_171840_session/1_gui_capture/raw) by extension 'python'
[0.483s] [34mcolcon.colcon_core.package_identification[0m [1;30mLevel 1[0m _identify(data/20260510_171840_session/1_gui_capture/raw) by extensions ['python_setup_py']
[0.483s] [34mcolcon.colcon_core.package_identification[0m [1;30mLevel 1[0m _identify(data/20260510_171840_session/1_gui_capture/raw) by extension 'python_setup_py'
[0.483s] [34mcolcon.colcon_core.package_identification[0m [1;30mLevel 1[0m _identify(data/20260510_172556_session) by extensions ['ignore', 'ignore_ament_install']
[0.483s] [34mcolcon.colcon_core.package_identification[0m [1;30mLevel 1[0m _identify(data/20260510_172556_session) by extension 'ignore'
[0.483s] [34mcolcon.colcon_core.package_identification[0m [1;30mLevel 1[0m _identify(data/20260510_172556_session) by extension 'ignore_ament_install'
[0.484s] [34mcolcon.colcon_core.package_identification[0m [1;30mLevel 1[0m _identify(data/20260510_172556_session) by extensions ['colcon_pkg']
[0.484s] [34mcolcon.colcon_core.package_identification[0m [1;30mLevel 1[0m _identify(data/20260510_172556_session) by extension 'colcon_pkg'
[0.484s] [34mcolcon.colcon_core.package_identification[0m [1;30mLevel 1[0m _identify(data/20260510_172556_session) by extensions ['colcon_meta']
[0.484s] [34mcolcon.colcon_core.package_identification[0m [1;30mLevel 1[0m _identify(data/20260510_172556_session) by extension 'colcon_meta'
[0.484s] [34mcolcon.colcon_core.package_identification[0m [1;30mLevel 1[0m _identify(data/20260510_172556_session) by extensions ['ros']
[0.484s] [34mcolcon.colcon_core.package_identification[0m [1;30mLevel 1[0m _identify(data/20260510_172556_session) by extension 'ros'
[0.484s] [34mcolcon.colcon_core.package_identification[0m [1;30mLevel 1[0m _identify(data/20260510_172556_session) by extensions ['cmake', 'python']
[0.484s] [34mcolcon.colcon_core.package_identification[0m [1;30mLevel 1[0m _identify(data/20260510_172556_session) by extension 'cmake'
[0.484s] [34mcolcon.colcon_core.package_identification[0m [1;30mLevel 1[0m _identify(data/20260510_172556_session) by extension 'python'
[0.484s] [34mcolcon.colcon_core.package_identification[0m [1;30mLevel 1[0m _identify(data/20260510_172556_session) by extensions ['python_setup_py']
[0.484s] [34mcolcon.colcon_core.package_identification[0m [1;30mLevel 1[0m _identify(data/20260510_172556_session) by extension 'python_setup_py'
[0.484s] [34mcolcon.colcon_core.package_identification[0m [1;30mLevel 1[0m _identify(data/20260510_173549_session) by extensions ['ignore', 'ignore_ament_install']
[0.484s] [34mcolcon.colcon_core.package_identification[0m [1;30mLevel 1[0m _identify(data/20260510_173549_session) by extension 'ignore'
[0.484s] [34mcolcon.colcon_core.package_identification[0m [1;30mLevel 1[0m _identify(data/20260510_173549_session) by extension 'ignore_ament_install'
[0.484s] [34mcolcon.colcon_core.package_identification[0m [1;30mLevel 1[0m _identify(data/20260510_173549_session) by extensions ['colcon_pkg']
[0.484s] [34mcolcon.colcon_core.package_identification[0m [1;30mLevel 1[0m _identify(data/20260510_173549_session) by extension 'colcon_pkg'
[0.484s] [34mcolcon.colcon_core.package_identification[0m [1;30mLevel 1[0m _identify(data/20260510_173549_session) by extensions ['colcon_meta']
[0.484s] [34mcolcon.colcon_core.package_identification[0m [1;30mLevel 1[0m _identify(data/20260510_173549_session) by extension 'colcon_meta'
[0.484s] [34mcolcon.colcon_core.package_identification[0m [1;30mLevel 1[0m _identify(data/20260510_173549_session) by extensions ['ros']
[0.484s] [34mcolcon.colcon_core.package_identification[0m [1;30mLevel 1[0m _identify(data/20260510_173549_session) by extension 'ros'
[0.484s] [34mcolcon.colcon_core.package_identification[0m [1;30mLevel 1[0m _identify(data/20260510_173549_session) by extensions ['cmake', 'python']
[0.484s] [34mcolcon.colcon_core.package_identification[0m [1;30mLevel 1[0m _identify(data/20260510_173549_session) by extension 'cmake'
[0.484s] [34mcolcon.colcon_core.package_identification[0m [1;30mLevel 1[0m _identify(data/20260510_173549_session) by extension 'python'
[0.484s] [34mcolcon.colcon_core.package_identification[0m [1;30mLevel 1[0m _identify(data/20260510_173549_session) by extensions ['python_setup_py']
[0.484s] [34mcolcon.colcon_core.package_identification[0m [1;30mLevel 1[0m _identify(data/20260510_173549_session) by extension 'python_setup_py'
[0.484s] [34mcolcon.colcon_core.package_identification[0m [1;30mLevel 1[0m _identify(data/20260510_173734_session) by extensions ['ignore', 'ignore_ament_install']
[0.484s] [34mcolcon.colcon_core.package_identification[0m [1;30mLevel 1[0m _identify(data/20260510_173734_session) by extension 'ignore'
[0.485s] [34mcolcon.colcon_core.package_identification[0m [1;30mLevel 1[0m _identify(data/20260510_173734_session) by extension 'ignore_ament_install'
[0.485s] [34mcolcon.colcon_core.package_identification[0m [1;30mLevel 1[0m _identify(data/20260510_173734_session) by extensions ['colcon_pkg']
[0.485s] [34mcolcon.colcon_core.package_identification[0m [1;30mLevel 1[0m _identify(data/20260510_173734_session) by extension 'colcon_pkg'
[0.485s] [34mcolcon.colcon_core.package_identification[0m [1;30mLevel 1[0m _identify(data/20260510_173734_session) by extensions ['colcon_meta']
[0.485s] [34mcolcon.colcon_core.package_identification[0m [1;30mLevel 1[0m _identify(data/20260510_173734_session) by extension 'colcon_meta'
[0.485s] [34mcolcon.colcon_core.package_identification[0m [1;30mLevel 1[0m _identify(data/20260510_173734_session) by extensions ['ros']
[0.485s] [34mcolcon.colcon_core.package_identification[0m [1;30mLevel 1[0m _identify(data/20260510_173734_session) by extension 'ros'
[0.485s] [34mcolcon.colcon_core.package_identification[0m [1;30mLevel 1[0m _identify(data/20260510_173734_session) by extensions ['cmake', 'python']
[0.485s] [34mcolcon.colcon_core.package_identification[0m [1;30mLevel 1[0m _identify(data/20260510_173734_session) by extension 'cmake'
[0.485s] [34mcolcon.colcon_core.package_identification[0m [1;30mLevel 1[0m _identify(data/20260510_173734_session) by extension 'python'
[0.485s] [34mcolcon.colcon_core.package_identification[0m [1;30mLevel 1[0m _identify(data/20260510_173734_session) by extensions ['python_setup_py']
[0.485s] [34mcolcon.colcon_core.package_identification[0m [1;30mLevel 1[0m _identify(data/20260510_173734_session) by extension 'python_setup_py'
[0.485s] [34mcolcon.colcon_core.package_identification[0m [1;30mLevel 1[0m _identify(data/20260510_191635_session) by extensions ['ignore', 'ignore_ament_install']
[0.485s] [34mcolcon.colcon_core.package_identification[0m [1;30mLevel 1[0m _identify(data/20260510_191635_session) by extension 'ignore'
[0.485s] [34mcolcon.colcon_core.package_identification[0m [1;30mLevel 1[0m _identify(data/20260510_191635_session) by extension 'ignore_ament_install'
[0.485s] [34mcolcon.colcon_core.package_identification[0m [1;30mLevel 1[0m _identify(data/20260510_191635_session) by extensions ['colcon_pkg']
[0.485s] [34mcolcon.colcon_core.package_identification[0m [1;30mLevel 1[0m _identify(data/20260510_191635_session) by extension 'colcon_pkg'
[0.485s] [34mcolcon.colcon_core.package_identification[0m [1;30mLevel 1[0m _identify(data/20260510_191635_session) by extensions ['colcon_meta']
[0.485s] [34mcolcon.colcon_core.package_identification[0m [1;30mLevel 1[0m _identify(data/20260510_191635_session) by extension 'colcon_meta'
[0.485s] [34mcolcon.colcon_core.package_identification[0m [1;30mLevel 1[0m _identify(data/20260510_191635_session) by extensions ['ros']
[0.485s] [34mcolcon.colcon_core.package_identification[0m [1;30mLevel 1[0m _identify(data/20260510_191635_session) by extension 'ros'
[0.485s] [34mcolcon.colcon_core.package_identification[0m [1;30mLevel 1[0m _identify(data/20260510_191635_session) by extensions ['cmake', 'python']
[0.485s] [34mcolcon.colcon_core.package_identification[0m [1;30mLevel 1[0m _identify(data/20260510_191635_session) by extension 'cmake'
[0.485s] [34mcolcon.colcon_core.package_identification[0m [1;30mLevel 1[0m _identify(data/20260510_191635_session) by extension 'python'
[0.485s] [34mcolcon.colcon_core.package_identification[0m [1;30mLevel 1[0m _identify(data/20260510_191635_session) by extensions ['python_setup_py']
[0.485s] [34mcolcon.colcon_core.package_identification[0m [1;30mLevel 1[0m _identify(data/20260510_191635_session) by extension 'python_setup_py'
[0.486s] [34mcolcon.colcon_core.package_identification[0m [1;30mLevel 1[0m _identify(data/20260510_191635_session/1_gui_capture) by extensions ['ignore', 'ignore_ament_install']
[0.486s] [34mcolcon.colcon_core.package_identification[0m [1;30mLevel 1[0m _identify(data/20260510_191635_session/1_gui_capture) by extension 'ignore'
[0.486s] [34mcolcon.colcon_core.package_identification[0m [1;30mLevel 1[0m _identify(data/20260510_191635_session/1_gui_capture) by extension 'ignore_ament_install'
[0.486s] [34mcolcon.colcon_core.package_identification[0m [1;30mLevel 1[0m _identify(data/20260510_191635_session/1_gui_capture) by extensions ['colcon_pkg']
[0.486s] [34mcolcon.colcon_core.package_identification[0m [1;30mLevel 1[0m _identify(data/20260510_191635_session/1_gui_capture) by extension 'colcon_pkg'
[0.486s] [34mcolcon.colcon_core.package_identification[0m [1;30mLevel 1[0m _identify(data/20260510_191635_session/1_gui_capture) by extensions ['colcon_meta']
[0.486s] [34mcolcon.colcon_core.package_identification[0m [1;30mLevel 1[0m _identify(data/20260510_191635_session/1_gui_capture) by extension 'colcon_meta'
[0.486s] [34mcolcon.colcon_core.package_identification[0m [1;30mLevel 1[0m _identify(data/20260510_191635_session/1_gui_capture) by extensions ['ros']
[0.486s] [34mcolcon.colcon_core.package_identification[0m [1;30mLevel 1[0m _identify(data/20260510_191635_session/1_gui_capture) by extension 'ros'
[0.486s] [34mcolcon.colcon_core.package_identification[0m [1;30mLevel 1[0m _identify(data/20260510_191635_session/1_gui_capture) by extensions ['cmake', 'python']
[0.486s] [34mcolcon.colcon_core.package_identification[0m [1;30mLevel 1[0m _identify(data/20260510_191635_session/1_gui_capture) by extension 'cmake'
[0.486s] [34mcolcon.colcon_core.package_identification[0m [1;30mLevel 1[0m _identify(data/20260510_191635_session/1_gui_capture) by extension 'python'
[0.486s] [34mcolcon.colcon_core.package_identification[0m [1;30mLevel 1[0m _identify(data/20260510_191635_session/1_gui_capture) by extensions ['python_setup_py']
[0.486s] [34mcolcon.colcon_core.package_identification[0m [1;30mLevel 1[0m _identify(data/20260510_191635_session/1_gui_capture) by extension 'python_setup_py'
[0.486s] [34mcolcon.colcon_core.package_identification[0m [1;30mLevel 1[0m _identify(data/20260510_191635_session/1_gui_capture/intermediate) by extensions ['ignore', 'ignore_ament_install']
[0.486s] [34mcolcon.colcon_core.package_identification[0m [1;30mLevel 1[0m _identify(data/20260510_191635_session/1_gui_capture/intermediate) by extension 'ignore'
[0.486s] [34mcolcon.colcon_core.package_identification[0m [1;30mLevel 1[0m _identify(data/20260510_191635_session/1_gui_capture/intermediate) by extension 'ignore_ament_install'
[0.486s] [34mcolcon.colcon_core.package_identification[0m [1;30mLevel 1[0m _identify(data/20260510_191635_session/1_gui_capture/intermediate) by extensions ['colcon_pkg']
[0.486s] [34mcolcon.colcon_core.package_identification[0m [1;30mLevel 1[0m _identify(data/20260510_191635_session/1_gui_capture/intermediate) by extension 'colcon_pkg'
[0.486s] [34mcolcon.colcon_core.package_identification[0m [1;30mLevel 1[0m _identify(data/20260510_191635_session/1_gui_capture/intermediate) by extensions ['colcon_meta']
[0.486s] [34mcolcon.colcon_core.package_identification[0m [1;30mLevel 1[0m _identify(data/20260510_191635_session/1_gui_capture/intermediate) by extension 'colcon_meta'
[0.486s] [34mcolcon.colcon_core.package_identification[0m [1;30mLevel 1[0m _identify(data/20260510_191635_session/1_gui_capture/intermediate) by extensions ['ros']
[0.486s] [34mcolcon.colcon_core.package_identification[0m [1;30mLevel 1[0m _identify(data/20260510_191635_session/1_gui_capture/intermediate) by extension 'ros'
[0.486s] [34mcolcon.colcon_core.package_identification[0m [1;30mLevel 1[0m _identify(data/20260510_191635_session/1_gui_capture/intermediate) by extensions ['cmake', 'python']
[0.486s] [34mcolcon.colcon_core.package_identification[0m [1;30mLevel 1[0m _identify(data/20260510_191635_session/1_gui_capture/intermediate) by extension 'cmake'
[0.486s] [34mcolcon.colcon_core.package_identification[0m [1;30mLevel 1[0m _identify(data/20260510_191635_session/1_gui_capture/intermediate) by extension 'python'
[0.486s] [34mcolcon.colcon_core.package_identification[0m [1;30mLevel 1[0m _identify(data/20260510_191635_session/1_gui_capture/intermediate) by extensions ['python_setup_py']
[0.487s] [34mcolcon.colcon_core.package_identification[0m [1;30mLevel 1[0m _identify(data/20260510_191635_session/1_gui_capture/intermediate) by extension 'python_setup_py'
[0.487s] [34mcolcon.colcon_core.package_identification[0m [1;30mLevel 1[0m _identify(data/20260510_191635_session/1_gui_capture/processed) by extensions ['ignore', 'ignore_ament_install']
[0.487s] [34mcolcon.colcon_core.package_identification[0m [1;30mLevel 1[0m _identify(data/20260510_191635_session/1_gui_capture/processed) by extension 'ignore'
[0.487s] [34mcolcon.colcon_core.package_identification[0m [1;30mLevel 1[0m _identify(data/20260510_191635_session/1_gui_capture/processed) by extension 'ignore_ament_install'
[0.487s] [34mcolcon.colcon_core.package_identification[0m [1;30mLevel 1[0m _identify(data/20260510_191635_session/1_gui_capture/processed) by extensions ['colcon_pkg']
[0.487s] [34mcolcon.colcon_core.package_identification[0m [1;30mLevel 1[0m _identify(data/20260510_191635_session/1_gui_capture/processed) by extension 'colcon_pkg'
[0.487s] [34mcolcon.colcon_core.package_identification[0m [1;30mLevel 1[0m _identify(data/20260510_191635_session/1_gui_capture/processed) by extensions ['colcon_meta']
[0.487s] [34mcolcon.colcon_core.package_identification[0m [1;30mLevel 1[0m _identify(data/20260510_191635_session/1_gui_capture/processed) by extension 'colcon_meta'
[0.487s] [34mcolcon.colcon_core.package_identification[0m [1;30mLevel 1[0m _identify(data/20260510_191635_session/1_gui_capture/processed) by extensions ['ros']
[0.487s] [34mcolcon.colcon_core.package_identification[0m [1;30mLevel 1[0m _identify(data/20260510_191635_session/1_gui_capture/processed) by extension 'ros'
[0.487s] [34mcolcon.colcon_core.package_identification[0m [1;30mLevel 1[0m _identify(data/20260510_191635_session/1_gui_capture/processed) by extensions ['cmake', 'python']
[0.487s] [34mcolcon.colcon_core.package_identification[0m [1;30mLevel 1[0m _identify(data/20260510_191635_session/1_gui_capture/processed) by extension 'cmake'
[0.487s] [34mcolcon.colcon_core.package_identification[0m [1;30mLevel 1[0m _identify(data/20260510_191635_session/1_gui_capture/processed) by extension 'python'
[0.487s] [34mcolcon.colcon_core.package_identification[0m [1;30mLevel 1[0m _identify(data/20260510_191635_session/1_gui_capture/processed) by extensions ['python_setup_py']
[0.487s] [34mcolcon.colcon_core.package_identification[0m [1;30mLevel 1[0m _identify(data/20260510_191635_session/1_gui_capture/processed) by extension 'python_setup_py'
[0.487s] [34mcolcon.colcon_core.package_identification[0m [1;30mLevel 1[0m _identify(data/20260510_191635_session/1_gui_capture/raw) by extensions ['ignore', 'ignore_ament_install']
[0.487s] [34mcolcon.colcon_core.package_identification[0m [1;30mLevel 1[0m _identify(data/20260510_191635_session/1_gui_capture/raw) by extension 'ignore'
[0.487s] [34mcolcon.colcon_core.package_identification[0m [1;30mLevel 1[0m _identify(data/20260510_191635_session/1_gui_capture/raw) by extension 'ignore_ament_install'
[0.487s] [34mcolcon.colcon_core.package_identification[0m [1;30mLevel 1[0m _identify(data/20260510_191635_session/1_gui_capture/raw) by extensions ['colcon_pkg']
[0.487s] [34mcolcon.colcon_core.package_identification[0m [1;30mLevel 1[0m _identify(data/20260510_191635_session/1_gui_capture/raw) by extension 'colcon_pkg'
[0.487s] [34mcolcon.colcon_core.package_identification[0m [1;30mLevel 1[0m _identify(data/20260510_191635_session/1_gui_capture/raw) by extensions ['colcon_meta']
[0.487s] [34mcolcon.colcon_core.package_identification[0m [1;30mLevel 1[0m _identify(data/20260510_191635_session/1_gui_capture/raw) by extension 'colcon_meta'
[0.487s] [34mcolcon.colcon_core.package_identification[0m [1;30mLevel 1[0m _identify(data/20260510_191635_session/1_gui_capture/raw) by extensions ['ros']
[0.487s] [34mcolcon.colcon_core.package_identification[0m [1;30mLevel 1[0m _identify(data/20260510_191635_session/1_gui_capture/raw) by extension 'ros'
[0.487s] [34mcolcon.colcon_core.package_identification[0m [1;30mLevel 1[0m _identify(data/20260510_191635_session/1_gui_capture/raw) by extensions ['cmake', 'python']
[0.488s] [34mcolcon.colcon_core.package_identification[0m [1;30mLevel 1[0m _identify(data/20260510_191635_session/1_gui_capture/raw) by extension 'cmake'
[0.488s] [34mcolcon.colcon_core.package_identification[0m [1;30mLevel 1[0m _identify(data/20260510_191635_session/1_gui_capture/raw) by extension 'python'
[0.488s] [34mcolcon.colcon_core.package_identification[0m [1;30mLevel 1[0m _identify(data/20260510_191635_session/1_gui_capture/raw) by extensions ['python_setup_py']
[0.488s] [34mcolcon.colcon_core.package_identification[0m [1;30mLevel 1[0m _identify(data/20260510_191635_session/1_gui_capture/raw) by extension 'python_setup_py'
[0.488s] [34mcolcon.colcon_core.package_identification[0m [1;30mLevel 1[0m _identify(data/raw) by extensions ['ignore', 'ignore_ament_install']
[0.488s] [34mcolcon.colcon_core.package_identification[0m [1;30mLevel 1[0m _identify(data/raw) by extension 'ignore'
[0.488s] [34mcolcon.colcon_core.package_identification[0m [1;30mLevel 1[0m _identify(data/raw) by extension 'ignore_ament_install'
[0.488s] [34mcolcon.colcon_core.package_identification[0m [1;30mLevel 1[0m _identify(data/raw) by extensions ['colcon_pkg']
[0.488s] [34mcolcon.colcon_core.package_identification[0m [1;30mLevel 1[0m _identify(data/raw) by extension 'colcon_pkg'
[0.488s] [34mcolcon.colcon_core.package_identification[0m [1;30mLevel 1[0m _identify(data/raw) by extensions ['colcon_meta']
[0.488s] [34mcolcon.colcon_core.package_identification[0m [1;30mLevel 1[0m _identify(data/raw) by extension 'colcon_meta'
[0.488s] [34mcolcon.colcon_core.package_identification[0m [1;30mLevel 1[0m _identify(data/raw) by extensions ['ros']
[0.488s] [34mcolcon.colcon_core.package_identification[0m [1;30mLevel 1[0m _identify(data/raw) by extension 'ros'
[0.488s] [34mcolcon.colcon_core.package_identification[0m [1;30mLevel 1[0m _identify(data/raw) by extensions ['cmake', 'python']
[0.488s] [34mcolcon.colcon_core.package_identification[0m [1;30mLevel 1[0m _identify(data/raw) by extension 'cmake'
[0.488s] [34mcolcon.colcon_core.package_identification[0m [1;30mLevel 1[0m _identify(data/raw) by extension 'python'
[0.488s] [34mcolcon.colcon_core.package_identification[0m [1;30mLevel 1[0m _identify(data/raw) by extensions ['python_setup_py']
[0.488s] [34mcolcon.colcon_core.package_identification[0m [1;30mLevel 1[0m _identify(data/raw) by extension 'python_setup_py'
[0.488s] [34mcolcon.colcon_core.package_identification[0m [1;30mLevel 1[0m _identify(garbageFile) by extensions ['ignore', 'ignore_ament_install']
[0.488s] [34mcolcon.colcon_core.package_identification[0m [1;30mLevel 1[0m _identify(garbageFile) by extension 'ignore'
[0.488s] [34mcolcon.colcon_core.package_identification[0m [1;30mLevel 1[0m _identify(garbageFile) by extension 'ignore_ament_install'
[0.488s] [34mcolcon.colcon_core.package_identification[0m [1;30mLevel 1[0m _identify(garbageFile) by extensions ['colcon_pkg']
[0.488s] [34mcolcon.colcon_core.package_identification[0m [1;30mLevel 1[0m _identify(garbageFile) by extension 'colcon_pkg'
[0.488s] [34mcolcon.colcon_core.package_identification[0m [1;30mLevel 1[0m _identify(garbageFile) by extensions ['colcon_meta']
[0.488s] [34mcolcon.colcon_core.package_identification[0m [1;30mLevel 1[0m _identify(garbageFile) by extension 'colcon_meta'
[0.489s] [34mcolcon.colcon_core.package_identification[0m [1;30mLevel 1[0m _identify(garbageFile) by extensions ['ros']
[0.489s] [34mcolcon.colcon_core.package_identification[0m [1;30mLevel 1[0m _identify(garbageFile) by extension 'ros'
[0.489s] [34mcolcon.colcon_core.package_identification[0m [1;30mLevel 1[0m _identify(garbageFile) by extensions ['cmake', 'python']
[0.489s] [34mcolcon.colcon_core.package_identification[0m [1;30mLevel 1[0m _identify(garbageFile) by extension 'cmake'
[0.489s] [34mcolcon.colcon_core.package_identification[0m [1;30mLevel 1[0m _identify(garbageFile) by extension 'python'
[0.489s] [34mcolcon.colcon_core.package_identification[0m [1;30mLevel 1[0m _identify(garbageFile) by extensions ['python_setup_py']
[0.489s] [34mcolcon.colcon_core.package_identification[0m [1;30mLevel 1[0m _identify(garbageFile) by extension 'python_setup_py'
[0.489s] [34mcolcon.colcon_core.package_identification[0m [1;30mLevel 1[0m _identify(install) by extensions ['ignore', 'ignore_ament_install']
[0.489s] [34mcolcon.colcon_core.package_identification[0m [1;30mLevel 1[0m _identify(install) by extension 'ignore'
[0.489s] [34mcolcon.colcon_core.package_identification[0m [1;30mLevel 1[0m _identify(install) ignored
[0.489s] [34mcolcon.colcon_core.package_identification[0m [1;30mLevel 1[0m _identify(log) by extensions ['ignore', 'ignore_ament_install']
[0.489s] [34mcolcon.colcon_core.package_identification[0m [1;30mLevel 1[0m _identify(log) by extension 'ignore'
[0.489s] [34mcolcon.colcon_core.package_identification[0m [1;30mLevel 1[0m _identify(log) ignored
[0.489s] [34mcolcon.colcon_core.package_identification[0m [1;30mLevel 1[0m _identify(modules) by extensions ['ignore', 'ignore_ament_install']
[0.489s] [34mcolcon.colcon_core.package_identification[0m [1;30mLevel 1[0m _identify(modules) by extension 'ignore'
[0.489s] [34mcolcon.colcon_core.package_identification[0m [1;30mLevel 1[0m _identify(modules) by extension 'ignore_ament_install'
[0.489s] [34mcolcon.colcon_core.package_identification[0m [1;30mLevel 1[0m _identify(modules) by extensions ['colcon_pkg']
[0.489s] [34mcolcon.colcon_core.package_identification[0m [1;30mLevel 1[0m _identify(modules) by extension 'colcon_pkg'
[0.489s] [34mcolcon.colcon_core.package_identification[0m [1;30mLevel 1[0m _identify(modules) by extensions ['colcon_meta']
[0.489s] [34mcolcon.colcon_core.package_identification[0m [1;30mLevel 1[0m _identify(modules) by extension 'colcon_meta'
[0.489s] [34mcolcon.colcon_core.package_identification[0m [1;30mLevel 1[0m _identify(modules) by extensions ['ros']
[0.489s] [34mcolcon.colcon_core.package_identification[0m [1;30mLevel 1[0m _identify(modules) by extension 'ros'
[0.489s] [34mcolcon.colcon_core.package_identification[0m [1;30mLevel 1[0m _identify(modules) by extensions ['cmake', 'python']
[0.489s] [34mcolcon.colcon_core.package_identification[0m [1;30mLevel 1[0m _identify(modules) by extension 'cmake'
[0.490s] [34mcolcon.colcon_core.package_identification[0m [1;30mLevel 1[0m _identify(modules) by extension 'python'
[0.490s] [34mcolcon.colcon_core.package_identification[0m [1;30mLevel 1[0m _identify(modules) by extensions ['python_setup_py']
[0.490s] [34mcolcon.colcon_core.package_identification[0m [1;30mLevel 1[0m _identify(modules) by extension 'python_setup_py'
[0.490s] [34mcolcon.colcon_core.package_identification[0m [1;30mLevel 1[0m _identify(modules/__pycache__) by extensions ['ignore', 'ignore_ament_install']
[0.490s] [34mcolcon.colcon_core.package_identification[0m [1;30mLevel 1[0m _identify(modules/__pycache__) by extension 'ignore'
[0.490s] [34mcolcon.colcon_core.package_identification[0m [1;30mLevel 1[0m _identify(modules/__pycache__) by extension 'ignore_ament_install'
[0.490s] [34mcolcon.colcon_core.package_identification[0m [1;30mLevel 1[0m _identify(modules/__pycache__) by extensions ['colcon_pkg']
[0.490s] [34mcolcon.colcon_core.package_identification[0m [1;30mLevel 1[0m _identify(modules/__pycache__) by extension 'colcon_pkg'
[0.490s] [34mcolcon.colcon_core.package_identification[0m [1;30mLevel 1[0m _identify(modules/__pycache__) by extensions ['colcon_meta']
[0.490s] [34mcolcon.colcon_core.package_identification[0m [1;30mLevel 1[0m _identify(modules/__pycache__) by extension 'colcon_meta'
[0.490s] [34mcolcon.colcon_core.package_identification[0m [1;30mLevel 1[0m _identify(modules/__pycache__) by extensions ['ros']
[0.490s] [34mcolcon.colcon_core.package_identification[0m [1;30mLevel 1[0m _identify(modules/__pycache__) by extension 'ros'
[0.490s] [34mcolcon.colcon_core.package_identification[0m [1;30mLevel 1[0m _identify(modules/__pycache__) by extensions ['cmake', 'python']
[0.490s] [34mcolcon.colcon_core.package_identification[0m [1;30mLevel 1[0m _identify(modules/__pycache__) by extension 'cmake'
[0.490s] [34mcolcon.colcon_core.package_identification[0m [1;30mLevel 1[0m _identify(modules/__pycache__) by extension 'python'
[0.490s] [34mcolcon.colcon_core.package_identification[0m [1;30mLevel 1[0m _identify(modules/__pycache__) by extensions ['python_setup_py']
[0.490s] [34mcolcon.colcon_core.package_identification[0m [1;30mLevel 1[0m _identify(modules/__pycache__) by extension 'python_setup_py'
[0.490s] [34mcolcon.colcon_core.package_identification[0m [1;30mLevel 1[0m _identify(modules/models) by extensions ['ignore', 'ignore_ament_install']
[0.490s] [34mcolcon.colcon_core.package_identification[0m [1;30mLevel 1[0m _identify(modules/models) by extension 'ignore'
[0.490s] [34mcolcon.colcon_core.package_identification[0m [1;30mLevel 1[0m _identify(modules/models) by extension 'ignore_ament_install'
[0.490s] [34mcolcon.colcon_core.package_identification[0m [1;30mLevel 1[0m _identify(modules/models) by extensions ['colcon_pkg']
[0.490s] [34mcolcon.colcon_core.package_identification[0m [1;30mLevel 1[0m _identify(modules/models) by extension 'colcon_pkg'
[0.490s] [34mcolcon.colcon_core.package_identification[0m [1;30mLevel 1[0m _identify(modules/models) by extensions ['colcon_meta']
[0.490s] [34mcolcon.colcon_core.package_identification[0m [1;30mLevel 1[0m _identify(modules/models) by extension 'colcon_meta'
[0.490s] [34mcolcon.colcon_core.package_identification[0m [1;30mLevel 1[0m _identify(modules/models) by extensions ['ros']
[0.490s] [34mcolcon.colcon_core.package_identification[0m [1;30mLevel 1[0m _identify(modules/models) by extension 'ros'
[0.491s] [34mcolcon.colcon_core.package_identification[0m [1;30mLevel 1[0m _identify(modules/models) by extensions ['cmake', 'python']
[0.491s] [34mcolcon.colcon_core.package_identification[0m [1;30mLevel 1[0m _identify(modules/models) by extension 'cmake'
[0.491s] [34mcolcon.colcon_core.package_identification[0m [1;30mLevel 1[0m _identify(modules/models) by extension 'python'
[0.491s] [34mcolcon.colcon_core.package_identification[0m [1;30mLevel 1[0m _identify(modules/models) by extensions ['python_setup_py']
[0.491s] [34mcolcon.colcon_core.package_identification[0m [1;30mLevel 1[0m _identify(modules/models) by extension 'python_setup_py'
[0.491s] [34mcolcon.colcon_core.package_identification[0m [1;30mLevel 1[0m _identify(modules/models/anime_style) by extensions ['ignore', 'ignore_ament_install']
[0.491s] [34mcolcon.colcon_core.package_identification[0m [1;30mLevel 1[0m _identify(modules/models/anime_style) by extension 'ignore'
[0.491s] [34mcolcon.colcon_core.package_identification[0m [1;30mLevel 1[0m _identify(modules/models/anime_style) by extension 'ignore_ament_install'
[0.491s] [34mcolcon.colcon_core.package_identification[0m [1;30mLevel 1[0m _identify(modules/models/anime_style) by extensions ['colcon_pkg']
[0.491s] [34mcolcon.colcon_core.package_identification[0m [1;30mLevel 1[0m _identify(modules/models/anime_style) by extension 'colcon_pkg'
[0.491s] [34mcolcon.colcon_core.package_identification[0m [1;30mLevel 1[0m _identify(modules/models/anime_style) by extensions ['colcon_meta']
[0.491s] [34mcolcon.colcon_core.package_identification[0m [1;30mLevel 1[0m _identify(modules/models/anime_style) by extension 'colcon_meta'
[0.491s] [34mcolcon.colcon_core.package_identification[0m [1;30mLevel 1[0m _identify(modules/models/anime_style) by extensions ['ros']
[0.491s] [34mcolcon.colcon_core.package_identification[0m [1;30mLevel 1[0m _identify(modules/models/anime_style) by extension 'ros'
[0.491s] [34mcolcon.colcon_core.package_identification[0m [1;30mLevel 1[0m _identify(modules/models/anime_style) by extensions ['cmake', 'python']
[0.491s] [34mcolcon.colcon_core.package_identification[0m [1;30mLevel 1[0m _identify(modules/models/anime_style) by extension 'cmake'
[0.491s] [34mcolcon.colcon_core.package_identification[0m [1;30mLevel 1[0m _identify(modules/models/anime_style) by extension 'python'
[0.491s] [34mcolcon.colcon_core.package_identification[0m [1;30mLevel 1[0m _identify(modules/models/anime_style) by extensions ['python_setup_py']
[0.491s] [34mcolcon.colcon_core.package_identification[0m [1;30mLevel 1[0m _identify(modules/models/anime_style) by extension 'python_setup_py'
[0.491s] [34mcolcon.colcon_core.package_identification[0m [1;30mLevel 1[0m _identify(modules/models/contour_style) by extensions ['ignore', 'ignore_ament_install']
[0.491s] [34mcolcon.colcon_core.package_identification[0m [1;30mLevel 1[0m _identify(modules/models/contour_style) by extension 'ignore'
[0.491s] [34mcolcon.colcon_core.package_identification[0m [1;30mLevel 1[0m _identify(modules/models/contour_style) by extension 'ignore_ament_install'
[0.491s] [34mcolcon.colcon_core.package_identification[0m [1;30mLevel 1[0m _identify(modules/models/contour_style) by extensions ['colcon_pkg']
[0.491s] [34mcolcon.colcon_core.package_identification[0m [1;30mLevel 1[0m _identify(modules/models/contour_style) by extension 'colcon_pkg'
[0.491s] [34mcolcon.colcon_core.package_identification[0m [1;30mLevel 1[0m _identify(modules/models/contour_style) by extensions ['colcon_meta']
[0.491s] [34mcolcon.colcon_core.package_identification[0m [1;30mLevel 1[0m _identify(modules/models/contour_style) by extension 'colcon_meta'
[0.492s] [34mcolcon.colcon_core.package_identification[0m [1;30mLevel 1[0m _identify(modules/models/contour_style) by extensions ['ros']
[0.492s] [34mcolcon.colcon_core.package_identification[0m [1;30mLevel 1[0m _identify(modules/models/contour_style) by extension 'ros'
[0.492s] [34mcolcon.colcon_core.package_identification[0m [1;30mLevel 1[0m _identify(modules/models/contour_style) by extensions ['cmake', 'python']
[0.492s] [34mcolcon.colcon_core.package_identification[0m [1;30mLevel 1[0m _identify(modules/models/contour_style) by extension 'cmake'
[0.492s] [34mcolcon.colcon_core.package_identification[0m [1;30mLevel 1[0m _identify(modules/models/contour_style) by extension 'python'
[0.492s] [34mcolcon.colcon_core.package_identification[0m [1;30mLevel 1[0m _identify(modules/models/contour_style) by extensions ['python_setup_py']
[0.492s] [34mcolcon.colcon_core.package_identification[0m [1;30mLevel 1[0m _identify(modules/models/contour_style) by extension 'python_setup_py'
[0.492s] [34mcolcon.colcon_core.package_identification[0m [1;30mLevel 1[0m _identify(modules/models/opensketch_style) by extensions ['ignore', 'ignore_ament_install']
[0.492s] [34mcolcon.colcon_core.package_identification[0m [1;30mLevel 1[0m _identify(modules/models/opensketch_style) by extension 'ignore'
[0.492s] [34mcolcon.colcon_core.package_identification[0m [1;30mLevel 1[0m _identify(modules/models/opensketch_style) by extension 'ignore_ament_install'
[0.492s] [34mcolcon.colcon_core.package_identification[0m [1;30mLevel 1[0m _identify(modules/models/opensketch_style) by extensions ['colcon_pkg']
[0.492s] [34mcolcon.colcon_core.package_identification[0m [1;30mLevel 1[0m _identify(modules/models/opensketch_style) by extension 'colcon_pkg'
[0.492s] [34mcolcon.colcon_core.package_identification[0m [1;30mLevel 1[0m _identify(modules/models/opensketch_style) by extensions ['colcon_meta']
[0.492s] [34mcolcon.colcon_core.package_identification[0m [1;30mLevel 1[0m _identify(modules/models/opensketch_style) by extension 'colcon_meta'
[0.492s] [34mcolcon.colcon_core.package_identification[0m [1;30mLevel 1[0m _identify(modules/models/opensketch_style) by extensions ['ros']
[0.492s] [34mcolcon.colcon_core.package_identification[0m [1;30mLevel 1[0m _identify(modules/models/opensketch_style) by extension 'ros'
[0.492s] [34mcolcon.colcon_core.package_identification[0m [1;30mLevel 1[0m _identify(modules/models/opensketch_style) by extensions ['cmake', 'python']
[0.492s] [34mcolcon.colcon_core.package_identification[0m [1;30mLevel 1[0m _identify(modules/models/opensketch_style) by extension 'cmake'
[0.492s] [34mcolcon.colcon_core.package_identification[0m [1;30mLevel 1[0m _identify(modules/models/opensketch_style) by extension 'python'
[0.492s] [34mcolcon.colcon_core.package_identification[0m [1;30mLevel 1[0m _identify(modules/models/opensketch_style) by extensions ['python_setup_py']
[0.492s] [34mcolcon.colcon_core.package_identification[0m [1;30mLevel 1[0m _identify(modules/models/opensketch_style) by extension 'python_setup_py'
[0.492s] [34mcolcon.colcon_core.package_discovery[0m [1;30mLevel 1[0m discover_packages(recursive) using defaults
[0.492s] [34mcolcon.colcon_core.package_discovery[0m [1;30mLevel 1[0m discover_packages(ignore) discover
[0.492s] [34mcolcon.colcon_core.package_discovery[0m [1;30mLevel 1[0m discover_packages(ignore) using defaults
[0.492s] [34mcolcon.colcon_core.package_discovery[0m [1;30mLevel 1[0m discover_packages(path) discover
[0.492s] [34mcolcon.colcon_core.package_discovery[0m [1;30mLevel 1[0m discover_packages(path) using defaults
[0.512s] [34mcolcon.colcon_core.package_discovery[0m [1;30mLevel 1[0m discover_packages(prefix_path) check parameters
[0.512s] [34mcolcon.colcon_core.package_discovery[0m [1;30mLevel 1[0m discover_packages(prefix_path) discover
[0.516s] [34mcolcon.colcon_installed_package_information.package_discovery[0m [1;30mDEBUG[0m [32mFound 30 installed packages in /home/smartcps/ros2_ws/install[0m
[0.517s] [34mcolcon.colcon_installed_package_information.package_discovery[0m [1;30mDEBUG[0m [32mFound 388 installed packages in /opt/ros/humble[0m
[0.518s] [34mcolcon.colcon_core.package_discovery[0m [1;30mLevel 1[0m discover_packages(prefix_path) using defaults
[0.567s] [34mcolcon.colcon_core.executor[0m [1;30mINFO[0m Executing jobs using 'parallel' executor
[0.568s] [34mcolcon.colcon_parallel_executor.executor.parallel[0m [1;30mDEBUG[0m [32mrun_until_complete[0m
[0.568s] [34mcolcon.colcon_parallel_executor.executor.parallel[0m [1;30mDEBUG[0m [32mclosing loop[0m
[0.568s] [34mcolcon.colcon_parallel_executor.executor.parallel[0m [1;30mDEBUG[0m [32mloop closed[0m
[0.568s] [34mcolcon.colcon_parallel_executor.executor.parallel[0m [1;30mDEBUG[0m [32mrun_until_complete finished with '0'[0m
[0.568s] [34mcolcon.colcon_core.event_reactor[0m [1;30mDEBUG[0m [32mjoining thread[0m
[0.573s] [34mcolcon.colcon_core.plugin_system[0m [1;30mINFO[0m Skipping extension 'colcon_notification.desktop_notification.terminal_notifier': Not used on non-Darwin systems
[0.573s] [34mcolcon.colcon_core.plugin_system[0m [1;30mINFO[0m Skipping extension 'colcon_notification.desktop_notification.win32': Not used on non-Windows systems
[0.573s] [34mcolcon.colcon_notification.desktop_notification[0m [1;30mINFO[0m Sending desktop notification using 'notify2'
[0.585s] [34mcolcon.colcon_core.event_reactor[0m [1;30mDEBUG[0m [32mjoined thread[0m
[0.588s] [34mcolcon.colcon_core.plugin_system[0m [1;30mINFO[0m Skipping extension 'colcon_core.shell.bat': Not used on non-Windows systems
[0.589s] [34mcolcon.colcon_core.shell[0m [1;30mINFO[0m Creating prefix script '/home/smartcps/ros2_ws/src/doosan-robot2/Image_Detection-main/install/local_setup.ps1'
[0.590s] [34mcolcon.colcon_core.shell[0m [1;30mINFO[0m Creating prefix util module '/home/smartcps/ros2_ws/src/doosan-robot2/Image_Detection-main/install/_local_setup_util_ps1.py'
[0.591s] [34mcolcon.colcon_core.shell[0m [1;30mINFO[0m Creating prefix chain script '/home/smartcps/ros2_ws/src/doosan-robot2/Image_Detection-main/install/setup.ps1'
[0.592s] [34mcolcon.colcon_core.shell[0m [1;30mINFO[0m Creating prefix script '/home/smartcps/ros2_ws/src/doosan-robot2/Image_Detection-main/install/local_setup.sh'
[0.593s] [34mcolcon.colcon_core.shell[0m [1;30mINFO[0m Creating prefix util module '/home/smartcps/ros2_ws/src/doosan-robot2/Image_Detection-main/install/_local_setup_util_sh.py'
[0.594s] [34mcolcon.colcon_core.shell[0m [1;30mINFO[0m Creating prefix chain script '/home/smartcps/ros2_ws/src/doosan-robot2/Image_Detection-main/install/setup.sh'
[0.595s] [34mcolcon.colcon_core.shell[0m [1;30mINFO[0m Creating prefix script '/home/smartcps/ros2_ws/src/doosan-robot2/Image_Detection-main/install/local_setup.bash'
[0.596s] [34mcolcon.colcon_core.shell[0m [1;30mINFO[0m Creating prefix chain script '/home/smartcps/ros2_ws/src/doosan-robot2/Image_Detection-main/install/setup.bash'
[0.597s] [34mcolcon.colcon_core.shell[0m [1;30mINFO[0m Creating prefix script '/home/smartcps/ros2_ws/src/doosan-robot2/Image_Detection-main/install/local_setup.zsh'
[0.598s] [34mcolcon.colcon_core.shell[0m [1;30mINFO[0m Creating prefix chain script '/home/smartcps/ros2_ws/src/doosan-robot2/Image_Detection-main/install/setup.zsh'
