[0.119s] [34mcolcon[0m [1;30mDEBUG[0m [32mCommand line arguments: ['/usr/bin/colcon', 'build'][0m
[0.119s] [34mcolcon[0m [1;30mDEBUG[0m [32mParsed command line arguments: Namespace(log_base=None, log_level=None, verb_name='build', build_base='build', install_base='install', merge_install=False, symlink_install=False, test_result_base=None, continue_on_error=False, executor='parallel', parallel_workers=20, event_handlers=None, ignore_user_meta=False, metas=['./colcon.meta'], base_paths=['.'], packages_ignore=None, packages_ignore_regex=None, paths=None, packages_up_to=None, packages_up_to_regex=None, packages_above=None, packages_above_and_dependencies=None, packages_above_depth=None, packages_select_by_dep=None, packages_skip_by_dep=None, packages_skip_up_to=None, packages_select_build_failed=False, packages_skip_build_finished=False, packages_select_test_failures=False, packages_skip_test_passed=False, packages_select=None, packages_skip=None, packages_select_regex=None, packages_skip_regex=None, packages_start=None, packages_end=None, allow_overriding=[], cmake_args=None, cmake_target=None, cmake_target_skip_unavailable=False, cmake_clean_cache=False, cmake_clean_first=False, cmake_force_configure=False, ament_cmake_args=None, catkin_cmake_args=None, catkin_skip_building_tests=False, mixin_files=None, mixin=None, verb_parser=<colcon_mixin.mixin.mixin_argument.MixinArgumentDecorator object at 0x76adfcd3bc10>, verb_extension=<colcon_core.verb.build.BuildVerb object at 0x76adfce70be0>, main=<bound method BuildVerb.main of <colcon_core.verb.build.BuildVerb object at 0x76adfce70be0>>, mixin_verb=('build',))[0m
[0.287s] [34mcolcon.colcon_core.package_discovery[0m [1;30mLevel 1[0m discover_packages(colcon_meta) check parameters
[0.287s] [34mcolcon.colcon_core.package_discovery[0m [1;30mLevel 1[0m discover_packages(recursive) check parameters
[0.287s] [34mcolcon.colcon_core.package_discovery[0m [1;30mLevel 1[0m discover_packages(ignore) check parameters
[0.287s] [34mcolcon.colcon_core.package_discovery[0m [1;30mLevel 1[0m discover_packages(path) check parameters
[0.287s] [34mcolcon.colcon_core.package_discovery[0m [1;30mLevel 1[0m discover_packages(colcon_meta) discover
[0.287s] [34mcolcon.colcon_core.package_discovery[0m [1;30mLevel 1[0m discover_packages(recursive) discover
[0.287s] [34mcolcon.colcon_core.package_discovery[0m [1;30mINFO[0m Crawling recursively for packages in '/home/smartcps/ros2_ws/src/doosan-robot2/Image_Detection-main'
[0.287s] [34mcolcon.colcon_core.package_identification[0m [1;30mLevel 1[0m _identify(.) by extensions ['ignore', 'ignore_ament_install']
[0.287s] [34mcolcon.colcon_core.package_identification[0m [1;30mLevel 1[0m _identify(.) by extension 'ignore'
[0.287s] [34mcolcon.colcon_core.package_identification[0m [1;30mLevel 1[0m _identify(.) by extension 'ignore_ament_install'
[0.287s] [34mcolcon.colcon_core.package_identification[0m [1;30mLevel 1[0m _identify(.) by extensions ['colcon_pkg']
[0.287s] [34mcolcon.colcon_core.package_identification[0m [1;30mLevel 1[0m _identify(.) by extension 'colcon_pkg'
[0.287s] [34mcolcon.colcon_core.package_identification[0m [1;30mLevel 1[0m _identify(.) by extensions ['colcon_meta']
[0.287s] [34mcolcon.colcon_core.package_identification[0m [1;30mLevel 1[0m _identify(.) by extension 'colcon_meta'
[0.288s] [34mcolcon.colcon_core.package_identification[0m [1;30mLevel 1[0m _identify(.) by extensions ['ros']
[0.288s] [34mcolcon.colcon_core.package_identification[0m [1;30mLevel 1[0m _identify(.) by extension 'ros'
[0.301s] [34mcolcon.colcon_core.package_identification[0m [1;30mLevel 1[0m _identify(.) by extensions ['cmake', 'python']
[0.301s] [34mcolcon.colcon_core.package_identification[0m [1;30mLevel 1[0m _identify(.) by extension 'cmake'
[0.301s] [34mcolcon.colcon_core.package_identification[0m [1;30mLevel 1[0m _identify(.) by extension 'python'
[0.301s] [34mcolcon.colcon_core.package_identification[0m [1;30mLevel 1[0m _identify(.) by extensions ['python_setup_py']
[0.301s] [34mcolcon.colcon_core.package_identification[0m [1;30mLevel 1[0m _identify(.) by extension 'python_setup_py'
[0.302s] [34mcolcon.colcon_core.package_identification[0m [1;30mLevel 1[0m _identify(Test) by extensions ['ignore', 'ignore_ament_install']
[0.302s] [34mcolcon.colcon_core.package_identification[0m [1;30mLevel 1[0m _identify(Test) by extension 'ignore'
[0.302s] [34mcolcon.colcon_core.package_identification[0m [1;30mLevel 1[0m _identify(Test) by extension 'ignore_ament_install'
[0.302s] [34mcolcon.colcon_core.package_identification[0m [1;30mLevel 1[0m _identify(Test) by extensions ['colcon_pkg']
[0.302s] [34mcolcon.colcon_core.package_identification[0m [1;30mLevel 1[0m _identify(Test) by extension 'colcon_pkg'
[0.302s] [34mcolcon.colcon_core.package_identification[0m [1;30mLevel 1[0m _identify(Test) by extensions ['colcon_meta']
[0.302s] [34mcolcon.colcon_core.package_identification[0m [1;30mLevel 1[0m _identify(Test) by extension 'colcon_meta'
[0.302s] [34mcolcon.colcon_core.package_identification[0m [1;30mLevel 1[0m _identify(Test) by extensions ['ros']
[0.302s] [34mcolcon.colcon_core.package_identification[0m [1;30mLevel 1[0m _identify(Test) by extension 'ros'
[0.302s] [34mcolcon.colcon_core.package_identification[0m [1;30mLevel 1[0m _identify(Test) by extensions ['cmake', 'python']
[0.302s] [34mcolcon.colcon_core.package_identification[0m [1;30mLevel 1[0m _identify(Test) by extension 'cmake'
[0.302s] [34mcolcon.colcon_core.package_identification[0m [1;30mLevel 1[0m _identify(Test) by extension 'python'
[0.302s] [34mcolcon.colcon_core.package_identification[0m [1;30mLevel 1[0m _identify(Test) by extensions ['python_setup_py']
[0.302s] [34mcolcon.colcon_core.package_identification[0m [1;30mLevel 1[0m _identify(Test) by extension 'python_setup_py'
[0.302s] [34mcolcon.colcon_core.package_identification[0m [1;30mLevel 1[0m _identify(__pycache__) by extensions ['ignore', 'ignore_ament_install']
[0.302s] [34mcolcon.colcon_core.package_identification[0m [1;30mLevel 1[0m _identify(__pycache__) by extension 'ignore'
[0.303s] [34mcolcon.colcon_core.package_identification[0m [1;30mLevel 1[0m _identify(__pycache__) by extension 'ignore_ament_install'
[0.303s] [34mcolcon.colcon_core.package_identification[0m [1;30mLevel 1[0m _identify(__pycache__) by extensions ['colcon_pkg']
[0.303s] [34mcolcon.colcon_core.package_identification[0m [1;30mLevel 1[0m _identify(__pycache__) by extension 'colcon_pkg'
[0.303s] [34mcolcon.colcon_core.package_identification[0m [1;30mLevel 1[0m _identify(__pycache__) by extensions ['colcon_meta']
[0.303s] [34mcolcon.colcon_core.package_identification[0m [1;30mLevel 1[0m _identify(__pycache__) by extension 'colcon_meta'
[0.303s] [34mcolcon.colcon_core.package_identification[0m [1;30mLevel 1[0m _identify(__pycache__) by extensions ['ros']
[0.303s] [34mcolcon.colcon_core.package_identification[0m [1;30mLevel 1[0m _identify(__pycache__) by extension 'ros'
[0.303s] [34mcolcon.colcon_core.package_identification[0m [1;30mLevel 1[0m _identify(__pycache__) by extensions ['cmake', 'python']
[0.303s] [34mcolcon.colcon_core.package_identification[0m [1;30mLevel 1[0m _identify(__pycache__) by extension 'cmake'
[0.303s] [34mcolcon.colcon_core.package_identification[0m [1;30mLevel 1[0m _identify(__pycache__) by extension 'python'
[0.303s] [34mcolcon.colcon_core.package_identification[0m [1;30mLevel 1[0m _identify(__pycache__) by extensions ['python_setup_py']
[0.303s] [34mcolcon.colcon_core.package_identification[0m [1;30mLevel 1[0m _identify(__pycache__) by extension 'python_setup_py'
[0.303s] [34mcolcon.colcon_core.package_identification[0m [1;30mLevel 1[0m _identify(anaconda_projects) by extensions ['ignore', 'ignore_ament_install']
[0.303s] [34mcolcon.colcon_core.package_identification[0m [1;30mLevel 1[0m _identify(anaconda_projects) by extension 'ignore'
[0.303s] [34mcolcon.colcon_core.package_identification[0m [1;30mLevel 1[0m _identify(anaconda_projects) by extension 'ignore_ament_install'
[0.303s] [34mcolcon.colcon_core.package_identification[0m [1;30mLevel 1[0m _identify(anaconda_projects) by extensions ['colcon_pkg']
[0.303s] [34mcolcon.colcon_core.package_identification[0m [1;30mLevel 1[0m _identify(anaconda_projects) by extension 'colcon_pkg'
[0.304s] [34mcolcon.colcon_core.package_identification[0m [1;30mLevel 1[0m _identify(anaconda_projects) by extensions ['colcon_meta']
[0.304s] [34mcolcon.colcon_core.package_identification[0m [1;30mLevel 1[0m _identify(anaconda_projects) by extension 'colcon_meta'
[0.304s] [34mcolcon.colcon_core.package_identification[0m [1;30mLevel 1[0m _identify(anaconda_projects) by extensions ['ros']
[0.304s] [34mcolcon.colcon_core.package_identification[0m [1;30mLevel 1[0m _identify(anaconda_projects) by extension 'ros'
[0.304s] [34mcolcon.colcon_core.package_identification[0m [1;30mLevel 1[0m _identify(anaconda_projects) by extensions ['cmake', 'python']
[0.304s] [34mcolcon.colcon_core.package_identification[0m [1;30mLevel 1[0m _identify(anaconda_projects) by extension 'cmake'
[0.304s] [34mcolcon.colcon_core.package_identification[0m [1;30mLevel 1[0m _identify(anaconda_projects) by extension 'python'
[0.304s] [34mcolcon.colcon_core.package_identification[0m [1;30mLevel 1[0m _identify(anaconda_projects) by extensions ['python_setup_py']
[0.304s] [34mcolcon.colcon_core.package_identification[0m [1;30mLevel 1[0m _identify(anaconda_projects) by extension 'python_setup_py'
[0.304s] [34mcolcon.colcon_core.package_identification[0m [1;30mLevel 1[0m _identify(anaconda_projects/db) by extensions ['ignore', 'ignore_ament_install']
[0.304s] [34mcolcon.colcon_core.package_identification[0m [1;30mLevel 1[0m _identify(anaconda_projects/db) by extension 'ignore'
[0.304s] [34mcolcon.colcon_core.package_identification[0m [1;30mLevel 1[0m _identify(anaconda_projects/db) by extension 'ignore_ament_install'
[0.304s] [34mcolcon.colcon_core.package_identification[0m [1;30mLevel 1[0m _identify(anaconda_projects/db) by extensions ['colcon_pkg']
[0.304s] [34mcolcon.colcon_core.package_identification[0m [1;30mLevel 1[0m _identify(anaconda_projects/db) by extension 'colcon_pkg'
[0.304s] [34mcolcon.colcon_core.package_identification[0m [1;30mLevel 1[0m _identify(anaconda_projects/db) by extensions ['colcon_meta']
[0.304s] [34mcolcon.colcon_core.package_identification[0m [1;30mLevel 1[0m _identify(anaconda_projects/db) by extension 'colcon_meta'
[0.304s] [34mcolcon.colcon_core.package_identification[0m [1;30mLevel 1[0m _identify(anaconda_projects/db) by extensions ['ros']
[0.304s] [34mcolcon.colcon_core.package_identification[0m [1;30mLevel 1[0m _identify(anaconda_projects/db) by extension 'ros'
[0.305s] [34mcolcon.colcon_core.package_identification[0m [1;30mLevel 1[0m _identify(anaconda_projects/db) by extensions ['cmake', 'python']
[0.305s] [34mcolcon.colcon_core.package_identification[0m [1;30mLevel 1[0m _identify(anaconda_projects/db) by extension 'cmake'
[0.305s] [34mcolcon.colcon_core.package_identification[0m [1;30mLevel 1[0m _identify(anaconda_projects/db) by extension 'python'
[0.305s] [34mcolcon.colcon_core.package_identification[0m [1;30mLevel 1[0m _identify(anaconda_projects/db) by extensions ['python_setup_py']
[0.305s] [34mcolcon.colcon_core.package_identification[0m [1;30mLevel 1[0m _identify(anaconda_projects/db) by extension 'python_setup_py'
[0.305s] [34mcolcon.colcon_core.package_identification[0m [1;30mLevel 1[0m _identify(build) by extensions ['ignore', 'ignore_ament_install']
[0.305s] [34mcolcon.colcon_core.package_identification[0m [1;30mLevel 1[0m _identify(build) by extension 'ignore'
[0.305s] [34mcolcon.colcon_core.package_identification[0m [1;30mLevel 1[0m _identify(build) ignored
[0.305s] [34mcolcon.colcon_core.package_identification[0m [1;30mLevel 1[0m _identify(config) by extensions ['ignore', 'ignore_ament_install']
[0.305s] [34mcolcon.colcon_core.package_identification[0m [1;30mLevel 1[0m _identify(config) by extension 'ignore'
[0.305s] [34mcolcon.colcon_core.package_identification[0m [1;30mLevel 1[0m _identify(config) by extension 'ignore_ament_install'
[0.305s] [34mcolcon.colcon_core.package_identification[0m [1;30mLevel 1[0m _identify(config) by extensions ['colcon_pkg']
[0.305s] [34mcolcon.colcon_core.package_identification[0m [1;30mLevel 1[0m _identify(config) by extension 'colcon_pkg'
[0.305s] [34mcolcon.colcon_core.package_identification[0m [1;30mLevel 1[0m _identify(config) by extensions ['colcon_meta']
[0.305s] [34mcolcon.colcon_core.package_identification[0m [1;30mLevel 1[0m _identify(config) by extension 'colcon_meta'
[0.306s] [34mcolcon.colcon_core.package_identification[0m [1;30mLevel 1[0m _identify(config) by extensions ['ros']
[0.306s] [34mcolcon.colcon_core.package_identification[0m [1;30mLevel 1[0m _identify(config) by extension 'ros'
[0.306s] [34mcolcon.colcon_core.package_identification[0m [1;30mLevel 1[0m _identify(config) by extensions ['cmake', 'python']
[0.306s] [34mcolcon.colcon_core.package_identification[0m [1;30mLevel 1[0m _identify(config) by extension 'cmake'
[0.306s] [34mcolcon.colcon_core.package_identification[0m [1;30mLevel 1[0m _identify(config) by extension 'python'
[0.306s] [34mcolcon.colcon_core.package_identification[0m [1;30mLevel 1[0m _identify(config) by extensions ['python_setup_py']
[0.306s] [34mcolcon.colcon_core.package_identification[0m [1;30mLevel 1[0m _identify(config) by extension 'python_setup_py'
[0.306s] [34mcolcon.colcon_core.package_identification[0m [1;30mLevel 1[0m _identify(data) by extensions ['ignore', 'ignore_ament_install']
[0.306s] [34mcolcon.colcon_core.package_identification[0m [1;30mLevel 1[0m _identify(data) by extension 'ignore'
[0.306s] [34mcolcon.colcon_core.package_identification[0m [1;30mLevel 1[0m _identify(data) by extension 'ignore_ament_install'
[0.306s] [34mcolcon.colcon_core.package_identification[0m [1;30mLevel 1[0m _identify(data) by extensions ['colcon_pkg']
[0.306s] [34mcolcon.colcon_core.package_identification[0m [1;30mLevel 1[0m _identify(data) by extension 'colcon_pkg'
[0.306s] [34mcolcon.colcon_core.package_identification[0m [1;30mLevel 1[0m _identify(data) by extensions ['colcon_meta']
[0.306s] [34mcolcon.colcon_core.package_identification[0m [1;30mLevel 1[0m _identify(data) by extension 'colcon_meta'
[0.306s] [34mcolcon.colcon_core.package_identification[0m [1;30mLevel 1[0m _identify(data) by extensions ['ros']
[0.306s] [34mcolcon.colcon_core.package_identification[0m [1;30mLevel 1[0m _identify(data) by extension 'ros'
[0.307s] [34mcolcon.colcon_core.package_identification[0m [1;30mLevel 1[0m _identify(data) by extensions ['cmake', 'python']
[0.307s] [34mcolcon.colcon_core.package_identification[0m [1;30mLevel 1[0m _identify(data) by extension 'cmake'
[0.307s] [34mcolcon.colcon_core.package_identification[0m [1;30mLevel 1[0m _identify(data) by extension 'python'
[0.307s] [34mcolcon.colcon_core.package_identification[0m [1;30mLevel 1[0m _identify(data) by extensions ['python_setup_py']
[0.307s] [34mcolcon.colcon_core.package_identification[0m [1;30mLevel 1[0m _identify(data) by extension 'python_setup_py'
[0.307s] [34mcolcon.colcon_core.package_identification[0m [1;30mLevel 1[0m _identify(data/20260324_192735_session) by extensions ['ignore', 'ignore_ament_install']
[0.307s] [34mcolcon.colcon_core.package_identification[0m [1;30mLevel 1[0m _identify(data/20260324_192735_session) by extension 'ignore'
[0.307s] [34mcolcon.colcon_core.package_identification[0m [1;30mLevel 1[0m _identify(data/20260324_192735_session) by extension 'ignore_ament_install'
[0.307s] [34mcolcon.colcon_core.package_identification[0m [1;30mLevel 1[0m _identify(data/20260324_192735_session) by extensions ['colcon_pkg']
[0.307s] [34mcolcon.colcon_core.package_identification[0m [1;30mLevel 1[0m _identify(data/20260324_192735_session) by extension 'colcon_pkg'
[0.307s] [34mcolcon.colcon_core.package_identification[0m [1;30mLevel 1[0m _identify(data/20260324_192735_session) by extensions ['colcon_meta']
[0.307s] [34mcolcon.colcon_core.package_identification[0m [1;30mLevel 1[0m _identify(data/20260324_192735_session) by extension 'colcon_meta'
[0.307s] [34mcolcon.colcon_core.package_identification[0m [1;30mLevel 1[0m _identify(data/20260324_192735_session) by extensions ['ros']
[0.307s] [34mcolcon.colcon_core.package_identification[0m [1;30mLevel 1[0m _identify(data/20260324_192735_session) by extension 'ros'
[0.308s] [34mcolcon.colcon_core.package_identification[0m [1;30mLevel 1[0m _identify(data/20260324_192735_session) by extensions ['cmake', 'python']
[0.308s] [34mcolcon.colcon_core.package_identification[0m [1;30mLevel 1[0m _identify(data/20260324_192735_session) by extension 'cmake'
[0.308s] [34mcolcon.colcon_core.package_identification[0m [1;30mLevel 1[0m _identify(data/20260324_192735_session) by extension 'python'
[0.308s] [34mcolcon.colcon_core.package_identification[0m [1;30mLevel 1[0m _identify(data/20260324_192735_session) by extensions ['python_setup_py']
[0.308s] [34mcolcon.colcon_core.package_identification[0m [1;30mLevel 1[0m _identify(data/20260324_192735_session) by extension 'python_setup_py'
[0.308s] [34mcolcon.colcon_core.package_identification[0m [1;30mLevel 1[0m _identify(data/20260324_192735_session/1_capture) by extensions ['ignore', 'ignore_ament_install']
[0.308s] [34mcolcon.colcon_core.package_identification[0m [1;30mLevel 1[0m _identify(data/20260324_192735_session/1_capture) by extension 'ignore'
[0.308s] [34mcolcon.colcon_core.package_identification[0m [1;30mLevel 1[0m _identify(data/20260324_192735_session/1_capture) by extension 'ignore_ament_install'
[0.308s] [34mcolcon.colcon_core.package_identification[0m [1;30mLevel 1[0m _identify(data/20260324_192735_session/1_capture) by extensions ['colcon_pkg']
[0.308s] [34mcolcon.colcon_core.package_identification[0m [1;30mLevel 1[0m _identify(data/20260324_192735_session/1_capture) by extension 'colcon_pkg'
[0.308s] [34mcolcon.colcon_core.package_identification[0m [1;30mLevel 1[0m _identify(data/20260324_192735_session/1_capture) by extensions ['colcon_meta']
[0.308s] [34mcolcon.colcon_core.package_identification[0m [1;30mLevel 1[0m _identify(data/20260324_192735_session/1_capture) by extension 'colcon_meta'
[0.308s] [34mcolcon.colcon_core.package_identification[0m [1;30mLevel 1[0m _identify(data/20260324_192735_session/1_capture) by extensions ['ros']
[0.308s] [34mcolcon.colcon_core.package_identification[0m [1;30mLevel 1[0m _identify(data/20260324_192735_session/1_capture) by extension 'ros'
[0.308s] [34mcolcon.colcon_core.package_identification[0m [1;30mLevel 1[0m _identify(data/20260324_192735_session/1_capture) by extensions ['cmake', 'python']
[0.308s] [34mcolcon.colcon_core.package_identification[0m [1;30mLevel 1[0m _identify(data/20260324_192735_session/1_capture) by extension 'cmake'
[0.308s] [34mcolcon.colcon_core.package_identification[0m [1;30mLevel 1[0m _identify(data/20260324_192735_session/1_capture) by extension 'python'
[0.309s] [34mcolcon.colcon_core.package_identification[0m [1;30mLevel 1[0m _identify(data/20260324_192735_session/1_capture) by extensions ['python_setup_py']
[0.309s] [34mcolcon.colcon_core.package_identification[0m [1;30mLevel 1[0m _identify(data/20260324_192735_session/1_capture) by extension 'python_setup_py'
[0.309s] [34mcolcon.colcon_core.package_identification[0m [1;30mLevel 1[0m _identify(data/20260324_192735_session/1_capture/intermediate) by extensions ['ignore', 'ignore_ament_install']
[0.309s] [34mcolcon.colcon_core.package_identification[0m [1;30mLevel 1[0m _identify(data/20260324_192735_session/1_capture/intermediate) by extension 'ignore'
[0.309s] [34mcolcon.colcon_core.package_identification[0m [1;30mLevel 1[0m _identify(data/20260324_192735_session/1_capture/intermediate) by extension 'ignore_ament_install'
[0.309s] [34mcolcon.colcon_core.package_identification[0m [1;30mLevel 1[0m _identify(data/20260324_192735_session/1_capture/intermediate) by extensions ['colcon_pkg']
[0.309s] [34mcolcon.colcon_core.package_identification[0m [1;30mLevel 1[0m _identify(data/20260324_192735_session/1_capture/intermediate) by extension 'colcon_pkg'
[0.309s] [34mcolcon.colcon_core.package_identification[0m [1;30mLevel 1[0m _identify(data/20260324_192735_session/1_capture/intermediate) by extensions ['colcon_meta']
[0.309s] [34mcolcon.colcon_core.package_identification[0m [1;30mLevel 1[0m _identify(data/20260324_192735_session/1_capture/intermediate) by extension 'colcon_meta'
[0.309s] [34mcolcon.colcon_core.package_identification[0m [1;30mLevel 1[0m _identify(data/20260324_192735_session/1_capture/intermediate) by extensions ['ros']
[0.309s] [34mcolcon.colcon_core.package_identification[0m [1;30mLevel 1[0m _identify(data/20260324_192735_session/1_capture/intermediate) by extension 'ros'
[0.309s] [34mcolcon.colcon_core.package_identification[0m [1;30mLevel 1[0m _identify(data/20260324_192735_session/1_capture/intermediate) by extensions ['cmake', 'python']
[0.309s] [34mcolcon.colcon_core.package_identification[0m [1;30mLevel 1[0m _identify(data/20260324_192735_session/1_capture/intermediate) by extension 'cmake'
[0.309s] [34mcolcon.colcon_core.package_identification[0m [1;30mLevel 1[0m _identify(data/20260324_192735_session/1_capture/intermediate) by extension 'python'
[0.309s] [34mcolcon.colcon_core.package_identification[0m [1;30mLevel 1[0m _identify(data/20260324_192735_session/1_capture/intermediate) by extensions ['python_setup_py']
[0.309s] [34mcolcon.colcon_core.package_identification[0m [1;30mLevel 1[0m _identify(data/20260324_192735_session/1_capture/intermediate) by extension 'python_setup_py'
[0.310s] [34mcolcon.colcon_core.package_identification[0m [1;30mLevel 1[0m _identify(data/20260324_192735_session/1_capture/processed) by extensions ['ignore', 'ignore_ament_install']
[0.310s] [34mcolcon.colcon_core.package_identification[0m [1;30mLevel 1[0m _identify(data/20260324_192735_session/1_capture/processed) by extension 'ignore'
[0.310s] [34mcolcon.colcon_core.package_identification[0m [1;30mLevel 1[0m _identify(data/20260324_192735_session/1_capture/processed) by extension 'ignore_ament_install'
[0.310s] [34mcolcon.colcon_core.package_identification[0m [1;30mLevel 1[0m _identify(data/20260324_192735_session/1_capture/processed) by extensions ['colcon_pkg']
[0.310s] [34mcolcon.colcon_core.package_identification[0m [1;30mLevel 1[0m _identify(data/20260324_192735_session/1_capture/processed) by extension 'colcon_pkg'
[0.310s] [34mcolcon.colcon_core.package_identification[0m [1;30mLevel 1[0m _identify(data/20260324_192735_session/1_capture/processed) by extensions ['colcon_meta']
[0.310s] [34mcolcon.colcon_core.package_identification[0m [1;30mLevel 1[0m _identify(data/20260324_192735_session/1_capture/processed) by extension 'colcon_meta'
[0.310s] [34mcolcon.colcon_core.package_identification[0m [1;30mLevel 1[0m _identify(data/20260324_192735_session/1_capture/processed) by extensions ['ros']
[0.310s] [34mcolcon.colcon_core.package_identification[0m [1;30mLevel 1[0m _identify(data/20260324_192735_session/1_capture/processed) by extension 'ros'
[0.310s] [34mcolcon.colcon_core.package_identification[0m [1;30mLevel 1[0m _identify(data/20260324_192735_session/1_capture/processed) by extensions ['cmake', 'python']
[0.310s] [34mcolcon.colcon_core.package_identification[0m [1;30mLevel 1[0m _identify(data/20260324_192735_session/1_capture/processed) by extension 'cmake'
[0.310s] [34mcolcon.colcon_core.package_identification[0m [1;30mLevel 1[0m _identify(data/20260324_192735_session/1_capture/processed) by extension 'python'
[0.310s] [34mcolcon.colcon_core.package_identification[0m [1;30mLevel 1[0m _identify(data/20260324_192735_session/1_capture/processed) by extensions ['python_setup_py']
[0.310s] [34mcolcon.colcon_core.package_identification[0m [1;30mLevel 1[0m _identify(data/20260324_192735_session/1_capture/processed) by extension 'python_setup_py'
[0.310s] [34mcolcon.colcon_core.package_identification[0m [1;30mLevel 1[0m _identify(data/20260324_192735_session/1_capture/raw) by extensions ['ignore', 'ignore_ament_install']
[0.310s] [34mcolcon.colcon_core.package_identification[0m [1;30mLevel 1[0m _identify(data/20260324_192735_session/1_capture/raw) by extension 'ignore'
[0.311s] [34mcolcon.colcon_core.package_identification[0m [1;30mLevel 1[0m _identify(data/20260324_192735_session/1_capture/raw) by extension 'ignore_ament_install'
[0.311s] [34mcolcon.colcon_core.package_identification[0m [1;30mLevel 1[0m _identify(data/20260324_192735_session/1_capture/raw) by extensions ['colcon_pkg']
[0.311s] [34mcolcon.colcon_core.package_identification[0m [1;30mLevel 1[0m _identify(data/20260324_192735_session/1_capture/raw) by extension 'colcon_pkg'
[0.311s] [34mcolcon.colcon_core.package_identification[0m [1;30mLevel 1[0m _identify(data/20260324_192735_session/1_capture/raw) by extensions ['colcon_meta']
[0.311s] [34mcolcon.colcon_core.package_identification[0m [1;30mLevel 1[0m _identify(data/20260324_192735_session/1_capture/raw) by extension 'colcon_meta'
[0.311s] [34mcolcon.colcon_core.package_identification[0m [1;30mLevel 1[0m _identify(data/20260324_192735_session/1_capture/raw) by extensions ['ros']
[0.311s] [34mcolcon.colcon_core.package_identification[0m [1;30mLevel 1[0m _identify(data/20260324_192735_session/1_capture/raw) by extension 'ros'
[0.311s] [34mcolcon.colcon_core.package_identification[0m [1;30mLevel 1[0m _identify(data/20260324_192735_session/1_capture/raw) by extensions ['cmake', 'python']
[0.311s] [34mcolcon.colcon_core.package_identification[0m [1;30mLevel 1[0m _identify(data/20260324_192735_session/1_capture/raw) by extension 'cmake'
[0.311s] [34mcolcon.colcon_core.package_identification[0m [1;30mLevel 1[0m _identify(data/20260324_192735_session/1_capture/raw) by extension 'python'
[0.311s] [34mcolcon.colcon_core.package_identification[0m [1;30mLevel 1[0m _identify(data/20260324_192735_session/1_capture/raw) by extensions ['python_setup_py']
[0.311s] [34mcolcon.colcon_core.package_identification[0m [1;30mLevel 1[0m _identify(data/20260324_192735_session/1_capture/raw) by extension 'python_setup_py'
[0.311s] [34mcolcon.colcon_core.package_identification[0m [1;30mLevel 1[0m _identify(data/20260324_193040_session) by extensions ['ignore', 'ignore_ament_install']
[0.311s] [34mcolcon.colcon_core.package_identification[0m [1;30mLevel 1[0m _identify(data/20260324_193040_session) by extension 'ignore'
[0.311s] [34mcolcon.colcon_core.package_identification[0m [1;30mLevel 1[0m _identify(data/20260324_193040_session) by extension 'ignore_ament_install'
[0.311s] [34mcolcon.colcon_core.package_identification[0m [1;30mLevel 1[0m _identify(data/20260324_193040_session) by extensions ['colcon_pkg']
[0.311s] [34mcolcon.colcon_core.package_identification[0m [1;30mLevel 1[0m _identify(data/20260324_193040_session) by extension 'colcon_pkg'
[0.312s] [34mcolcon.colcon_core.package_identification[0m [1;30mLevel 1[0m _identify(data/20260324_193040_session) by extensions ['colcon_meta']
[0.312s] [34mcolcon.colcon_core.package_identification[0m [1;30mLevel 1[0m _identify(data/20260324_193040_session) by extension 'colcon_meta'
[0.312s] [34mcolcon.colcon_core.package_identification[0m [1;30mLevel 1[0m _identify(data/20260324_193040_session) by extensions ['ros']
[0.312s] [34mcolcon.colcon_core.package_identification[0m [1;30mLevel 1[0m _identify(data/20260324_193040_session) by extension 'ros'
[0.312s] [34mcolcon.colcon_core.package_identification[0m [1;30mLevel 1[0m _identify(data/20260324_193040_session) by extensions ['cmake', 'python']
[0.312s] [34mcolcon.colcon_core.package_identification[0m [1;30mLevel 1[0m _identify(data/20260324_193040_session) by extension 'cmake'
[0.312s] [34mcolcon.colcon_core.package_identification[0m [1;30mLevel 1[0m _identify(data/20260324_193040_session) by extension 'python'
[0.312s] [34mcolcon.colcon_core.package_identification[0m [1;30mLevel 1[0m _identify(data/20260324_193040_session) by extensions ['python_setup_py']
[0.312s] [34mcolcon.colcon_core.package_identification[0m [1;30mLevel 1[0m _identify(data/20260324_193040_session) by extension 'python_setup_py'
[0.312s] [34mcolcon.colcon_core.package_identification[0m [1;30mLevel 1[0m _identify(data/20260324_193040_session/1_capture) by extensions ['ignore', 'ignore_ament_install']
[0.312s] [34mcolcon.colcon_core.package_identification[0m [1;30mLevel 1[0m _identify(data/20260324_193040_session/1_capture) by extension 'ignore'
[0.312s] [34mcolcon.colcon_core.package_identification[0m [1;30mLevel 1[0m _identify(data/20260324_193040_session/1_capture) by extension 'ignore_ament_install'
[0.312s] [34mcolcon.colcon_core.package_identification[0m [1;30mLevel 1[0m _identify(data/20260324_193040_session/1_capture) by extensions ['colcon_pkg']
[0.312s] [34mcolcon.colcon_core.package_identification[0m [1;30mLevel 1[0m _identify(data/20260324_193040_session/1_capture) by extension 'colcon_pkg'
[0.312s] [34mcolcon.colcon_core.package_identification[0m [1;30mLevel 1[0m _identify(data/20260324_193040_session/1_capture) by extensions ['colcon_meta']
[0.312s] [34mcolcon.colcon_core.package_identification[0m [1;30mLevel 1[0m _identify(data/20260324_193040_session/1_capture) by extension 'colcon_meta'
[0.312s] [34mcolcon.colcon_core.package_identification[0m [1;30mLevel 1[0m _identify(data/20260324_193040_session/1_capture) by extensions ['ros']
[0.313s] [34mcolcon.colcon_core.package_identification[0m [1;30mLevel 1[0m _identify(data/20260324_193040_session/1_capture) by extension 'ros'
[0.313s] [34mcolcon.colcon_core.package_identification[0m [1;30mLevel 1[0m _identify(data/20260324_193040_session/1_capture) by extensions ['cmake', 'python']
[0.313s] [34mcolcon.colcon_core.package_identification[0m [1;30mLevel 1[0m _identify(data/20260324_193040_session/1_capture) by extension 'cmake'
[0.313s] [34mcolcon.colcon_core.package_identification[0m [1;30mLevel 1[0m _identify(data/20260324_193040_session/1_capture) by extension 'python'
[0.313s] [34mcolcon.colcon_core.package_identification[0m [1;30mLevel 1[0m _identify(data/20260324_193040_session/1_capture) by extensions ['python_setup_py']
[0.313s] [34mcolcon.colcon_core.package_identification[0m [1;30mLevel 1[0m _identify(data/20260324_193040_session/1_capture) by extension 'python_setup_py'
[0.313s] [34mcolcon.colcon_core.package_identification[0m [1;30mLevel 1[0m _identify(data/20260324_193040_session/1_capture/intermediate) by extensions ['ignore', 'ignore_ament_install']
[0.313s] [34mcolcon.colcon_core.package_identification[0m [1;30mLevel 1[0m _identify(data/20260324_193040_session/1_capture/intermediate) by extension 'ignore'
[0.313s] [34mcolcon.colcon_core.package_identification[0m [1;30mLevel 1[0m _identify(data/20260324_193040_session/1_capture/intermediate) by extension 'ignore_ament_install'
[0.313s] [34mcolcon.colcon_core.package_identification[0m [1;30mLevel 1[0m _identify(data/20260324_193040_session/1_capture/intermediate) by extensions ['colcon_pkg']
[0.313s] [34mcolcon.colcon_core.package_identification[0m [1;30mLevel 1[0m _identify(data/20260324_193040_session/1_capture/intermediate) by extension 'colcon_pkg'
[0.313s] [34mcolcon.colcon_core.package_identification[0m [1;30mLevel 1[0m _identify(data/20260324_193040_session/1_capture/intermediate) by extensions ['colcon_meta']
[0.313s] [34mcolcon.colcon_core.package_identification[0m [1;30mLevel 1[0m _identify(data/20260324_193040_session/1_capture/intermediate) by extension 'colcon_meta'
[0.313s] [34mcolcon.colcon_core.package_identification[0m [1;30mLevel 1[0m _identify(data/20260324_193040_session/1_capture/intermediate) by extensions ['ros']
[0.313s] [34mcolcon.colcon_core.package_identification[0m [1;30mLevel 1[0m _identify(data/20260324_193040_session/1_capture/intermediate) by extension 'ros'
[0.313s] [34mcolcon.colcon_core.package_identification[0m [1;30mLevel 1[0m _identify(data/20260324_193040_session/1_capture/intermediate) by extensions ['cmake', 'python']
[0.314s] [34mcolcon.colcon_core.package_identification[0m [1;30mLevel 1[0m _identify(data/20260324_193040_session/1_capture/intermediate) by extension 'cmake'
[0.314s] [34mcolcon.colcon_core.package_identification[0m [1;30mLevel 1[0m _identify(data/20260324_193040_session/1_capture/intermediate) by extension 'python'
[0.314s] [34mcolcon.colcon_core.package_identification[0m [1;30mLevel 1[0m _identify(data/20260324_193040_session/1_capture/intermediate) by extensions ['python_setup_py']
[0.314s] [34mcolcon.colcon_core.package_identification[0m [1;30mLevel 1[0m _identify(data/20260324_193040_session/1_capture/intermediate) by extension 'python_setup_py'
[0.314s] [34mcolcon.colcon_core.package_identification[0m [1;30mLevel 1[0m _identify(data/20260324_193040_session/1_capture/processed) by extensions ['ignore', 'ignore_ament_install']
[0.314s] [34mcolcon.colcon_core.package_identification[0m [1;30mLevel 1[0m _identify(data/20260324_193040_session/1_capture/processed) by extension 'ignore'
[0.314s] [34mcolcon.colcon_core.package_identification[0m [1;30mLevel 1[0m _identify(data/20260324_193040_session/1_capture/processed) by extension 'ignore_ament_install'
[0.314s] [34mcolcon.colcon_core.package_identification[0m [1;30mLevel 1[0m _identify(data/20260324_193040_session/1_capture/processed) by extensions ['colcon_pkg']
[0.314s] [34mcolcon.colcon_core.package_identification[0m [1;30mLevel 1[0m _identify(data/20260324_193040_session/1_capture/processed) by extension 'colcon_pkg'
[0.314s] [34mcolcon.colcon_core.package_identification[0m [1;30mLevel 1[0m _identify(data/20260324_193040_session/1_capture/processed) by extensions ['colcon_meta']
[0.314s] [34mcolcon.colcon_core.package_identification[0m [1;30mLevel 1[0m _identify(data/20260324_193040_session/1_capture/processed) by extension 'colcon_meta'
[0.314s] [34mcolcon.colcon_core.package_identification[0m [1;30mLevel 1[0m _identify(data/20260324_193040_session/1_capture/processed) by extensions ['ros']
[0.314s] [34mcolcon.colcon_core.package_identification[0m [1;30mLevel 1[0m _identify(data/20260324_193040_session/1_capture/processed) by extension 'ros'
[0.314s] [34mcolcon.colcon_core.package_identification[0m [1;30mLevel 1[0m _identify(data/20260324_193040_session/1_capture/processed) by extensions ['cmake', 'python']
[0.314s] [34mcolcon.colcon_core.package_identification[0m [1;30mLevel 1[0m _identify(data/20260324_193040_session/1_capture/processed) by extension 'cmake'
[0.314s] [34mcolcon.colcon_core.package_identification[0m [1;30mLevel 1[0m _identify(data/20260324_193040_session/1_capture/processed) by extension 'python'
[0.314s] [34mcolcon.colcon_core.package_identification[0m [1;30mLevel 1[0m _identify(data/20260324_193040_session/1_capture/processed) by extensions ['python_setup_py']
[0.314s] [34mcolcon.colcon_core.package_identification[0m [1;30mLevel 1[0m _identify(data/20260324_193040_session/1_capture/processed) by extension 'python_setup_py'
[0.315s] [34mcolcon.colcon_core.package_identification[0m [1;30mLevel 1[0m _identify(data/20260324_193040_session/1_capture/raw) by extensions ['ignore', 'ignore_ament_install']
[0.315s] [34mcolcon.colcon_core.package_identification[0m [1;30mLevel 1[0m _identify(data/20260324_193040_session/1_capture/raw) by extension 'ignore'
[0.315s] [34mcolcon.colcon_core.package_identification[0m [1;30mLevel 1[0m _identify(data/20260324_193040_session/1_capture/raw) by extension 'ignore_ament_install'
[0.315s] [34mcolcon.colcon_core.package_identification[0m [1;30mLevel 1[0m _identify(data/20260324_193040_session/1_capture/raw) by extensions ['colcon_pkg']
[0.315s] [34mcolcon.colcon_core.package_identification[0m [1;30mLevel 1[0m _identify(data/20260324_193040_session/1_capture/raw) by extension 'colcon_pkg'
[0.315s] [34mcolcon.colcon_core.package_identification[0m [1;30mLevel 1[0m _identify(data/20260324_193040_session/1_capture/raw) by extensions ['colcon_meta']
[0.315s] [34mcolcon.colcon_core.package_identification[0m [1;30mLevel 1[0m _identify(data/20260324_193040_session/1_capture/raw) by extension 'colcon_meta'
[0.315s] [34mcolcon.colcon_core.package_identification[0m [1;30mLevel 1[0m _identify(data/20260324_193040_session/1_capture/raw) by extensions ['ros']
[0.315s] [34mcolcon.colcon_core.package_identification[0m [1;30mLevel 1[0m _identify(data/20260324_193040_session/1_capture/raw) by extension 'ros'
[0.315s] [34mcolcon.colcon_core.package_identification[0m [1;30mLevel 1[0m _identify(data/20260324_193040_session/1_capture/raw) by extensions ['cmake', 'python']
[0.315s] [34mcolcon.colcon_core.package_identification[0m [1;30mLevel 1[0m _identify(data/20260324_193040_session/1_capture/raw) by extension 'cmake'
[0.315s] [34mcolcon.colcon_core.package_identification[0m [1;30mLevel 1[0m _identify(data/20260324_193040_session/1_capture/raw) by extension 'python'
[0.315s] [34mcolcon.colcon_core.package_identification[0m [1;30mLevel 1[0m _identify(data/20260324_193040_session/1_capture/raw) by extensions ['python_setup_py']
[0.315s] [34mcolcon.colcon_core.package_identification[0m [1;30mLevel 1[0m _identify(data/20260324_193040_session/1_capture/raw) by extension 'python_setup_py'
[0.315s] [34mcolcon.colcon_core.package_identification[0m [1;30mLevel 1[0m _identify(data/20260324_193040_session/2_capture) by extensions ['ignore', 'ignore_ament_install']
[0.316s] [34mcolcon.colcon_core.package_identification[0m [1;30mLevel 1[0m _identify(data/20260324_193040_session/2_capture) by extension 'ignore'
[0.316s] [34mcolcon.colcon_core.package_identification[0m [1;30mLevel 1[0m _identify(data/20260324_193040_session/2_capture) by extension 'ignore_ament_install'
[0.316s] [34mcolcon.colcon_core.package_identification[0m [1;30mLevel 1[0m _identify(data/20260324_193040_session/2_capture) by extensions ['colcon_pkg']
[0.316s] [34mcolcon.colcon_core.package_identification[0m [1;30mLevel 1[0m _identify(data/20260324_193040_session/2_capture) by extension 'colcon_pkg'
[0.316s] [34mcolcon.colcon_core.package_identification[0m [1;30mLevel 1[0m _identify(data/20260324_193040_session/2_capture) by extensions ['colcon_meta']
[0.316s] [34mcolcon.colcon_core.package_identification[0m [1;30mLevel 1[0m _identify(data/20260324_193040_session/2_capture) by extension 'colcon_meta'
[0.316s] [34mcolcon.colcon_core.package_identification[0m [1;30mLevel 1[0m _identify(data/20260324_193040_session/2_capture) by extensions ['ros']
[0.316s] [34mcolcon.colcon_core.package_identification[0m [1;30mLevel 1[0m _identify(data/20260324_193040_session/2_capture) by extension 'ros'
[0.316s] [34mcolcon.colcon_core.package_identification[0m [1;30mLevel 1[0m _identify(data/20260324_193040_session/2_capture) by extensions ['cmake', 'python']
[0.316s] [34mcolcon.colcon_core.package_identification[0m [1;30mLevel 1[0m _identify(data/20260324_193040_session/2_capture) by extension 'cmake'
[0.316s] [34mcolcon.colcon_core.package_identification[0m [1;30mLevel 1[0m _identify(data/20260324_193040_session/2_capture) by extension 'python'
[0.316s] [34mcolcon.colcon_core.package_identification[0m [1;30mLevel 1[0m _identify(data/20260324_193040_session/2_capture) by extensions ['python_setup_py']
[0.316s] [34mcolcon.colcon_core.package_identification[0m [1;30mLevel 1[0m _identify(data/20260324_193040_session/2_capture) by extension 'python_setup_py'
[0.316s] [34mcolcon.colcon_core.package_identification[0m [1;30mLevel 1[0m _identify(data/20260324_193040_session/2_capture/intermediate) by extensions ['ignore', 'ignore_ament_install']
[0.316s] [34mcolcon.colcon_core.package_identification[0m [1;30mLevel 1[0m _identify(data/20260324_193040_session/2_capture/intermediate) by extension 'ignore'
[0.316s] [34mcolcon.colcon_core.package_identification[0m [1;30mLevel 1[0m _identify(data/20260324_193040_session/2_capture/intermediate) by extension 'ignore_ament_install'
[0.317s] [34mcolcon.colcon_core.package_identification[0m [1;30mLevel 1[0m _identify(data/20260324_193040_session/2_capture/intermediate) by extensions ['colcon_pkg']
[0.317s] [34mcolcon.colcon_core.package_identification[0m [1;30mLevel 1[0m _identify(data/20260324_193040_session/2_capture/intermediate) by extension 'colcon_pkg'
[0.317s] [34mcolcon.colcon_core.package_identification[0m [1;30mLevel 1[0m _identify(data/20260324_193040_session/2_capture/intermediate) by extensions ['colcon_meta']
[0.317s] [34mcolcon.colcon_core.package_identification[0m [1;30mLevel 1[0m _identify(data/20260324_193040_session/2_capture/intermediate) by extension 'colcon_meta'
[0.317s] [34mcolcon.colcon_core.package_identification[0m [1;30mLevel 1[0m _identify(data/20260324_193040_session/2_capture/intermediate) by extensions ['ros']
[0.317s] [34mcolcon.colcon_core.package_identification[0m [1;30mLevel 1[0m _identify(data/20260324_193040_session/2_capture/intermediate) by extension 'ros'
[0.317s] [34mcolcon.colcon_core.package_identification[0m [1;30mLevel 1[0m _identify(data/20260324_193040_session/2_capture/intermediate) by extensions ['cmake', 'python']
[0.317s] [34mcolcon.colcon_core.package_identification[0m [1;30mLevel 1[0m _identify(data/20260324_193040_session/2_capture/intermediate) by extension 'cmake'
[0.317s] [34mcolcon.colcon_core.package_identification[0m [1;30mLevel 1[0m _identify(data/20260324_193040_session/2_capture/intermediate) by extension 'python'
[0.317s] [34mcolcon.colcon_core.package_identification[0m [1;30mLevel 1[0m _identify(data/20260324_193040_session/2_capture/intermediate) by extensions ['python_setup_py']
[0.317s] [34mcolcon.colcon_core.package_identification[0m [1;30mLevel 1[0m _identify(data/20260324_193040_session/2_capture/intermediate) by extension 'python_setup_py'
[0.317s] [34mcolcon.colcon_core.package_identification[0m [1;30mLevel 1[0m _identify(data/20260324_193040_session/2_capture/processed) by extensions ['ignore', 'ignore_ament_install']
[0.317s] [34mcolcon.colcon_core.package_identification[0m [1;30mLevel 1[0m _identify(data/20260324_193040_session/2_capture/processed) by extension 'ignore'
[0.317s] [34mcolcon.colcon_core.package_identification[0m [1;30mLevel 1[0m _identify(data/20260324_193040_session/2_capture/processed) by extension 'ignore_ament_install'
[0.317s] [34mcolcon.colcon_core.package_identification[0m [1;30mLevel 1[0m _identify(data/20260324_193040_session/2_capture/processed) by extensions ['colcon_pkg']
[0.317s] [34mcolcon.colcon_core.package_identification[0m [1;30mLevel 1[0m _identify(data/20260324_193040_session/2_capture/processed) by extension 'colcon_pkg'
[0.317s] [34mcolcon.colcon_core.package_identification[0m [1;30mLevel 1[0m _identify(data/20260324_193040_session/2_capture/processed) by extensions ['colcon_meta']
[0.318s] [34mcolcon.colcon_core.package_identification[0m [1;30mLevel 1[0m _identify(data/20260324_193040_session/2_capture/processed) by extension 'colcon_meta'
[0.318s] [34mcolcon.colcon_core.package_identification[0m [1;30mLevel 1[0m _identify(data/20260324_193040_session/2_capture/processed) by extensions ['ros']
[0.318s] [34mcolcon.colcon_core.package_identification[0m [1;30mLevel 1[0m _identify(data/20260324_193040_session/2_capture/processed) by extension 'ros'
[0.318s] [34mcolcon.colcon_core.package_identification[0m [1;30mLevel 1[0m _identify(data/20260324_193040_session/2_capture/processed) by extensions ['cmake', 'python']
[0.318s] [34mcolcon.colcon_core.package_identification[0m [1;30mLevel 1[0m _identify(data/20260324_193040_session/2_capture/processed) by extension 'cmake'
[0.318s] [34mcolcon.colcon_core.package_identification[0m [1;30mLevel 1[0m _identify(data/20260324_193040_session/2_capture/processed) by extension 'python'
[0.318s] [34mcolcon.colcon_core.package_identification[0m [1;30mLevel 1[0m _identify(data/20260324_193040_session/2_capture/processed) by extensions ['python_setup_py']
[0.318s] [34mcolcon.colcon_core.package_identification[0m [1;30mLevel 1[0m _identify(data/20260324_193040_session/2_capture/processed) by extension 'python_setup_py'
[0.318s] [34mcolcon.colcon_core.package_identification[0m [1;30mLevel 1[0m _identify(data/20260324_193040_session/2_capture/raw) by extensions ['ignore', 'ignore_ament_install']
[0.318s] [34mcolcon.colcon_core.package_identification[0m [1;30mLevel 1[0m _identify(data/20260324_193040_session/2_capture/raw) by extension 'ignore'
[0.318s] [34mcolcon.colcon_core.package_identification[0m [1;30mLevel 1[0m _identify(data/20260324_193040_session/2_capture/raw) by extension 'ignore_ament_install'
[0.318s] [34mcolcon.colcon_core.package_identification[0m [1;30mLevel 1[0m _identify(data/20260324_193040_session/2_capture/raw) by extensions ['colcon_pkg']
[0.318s] [34mcolcon.colcon_core.package_identification[0m [1;30mLevel 1[0m _identify(data/20260324_193040_session/2_capture/raw) by extension 'colcon_pkg'
[0.318s] [34mcolcon.colcon_core.package_identification[0m [1;30mLevel 1[0m _identify(data/20260324_193040_session/2_capture/raw) by extensions ['colcon_meta']
[0.318s] [34mcolcon.colcon_core.package_identification[0m [1;30mLevel 1[0m _identify(data/20260324_193040_session/2_capture/raw) by extension 'colcon_meta'
[0.318s] [34mcolcon.colcon_core.package_identification[0m [1;30mLevel 1[0m _identify(data/20260324_193040_session/2_capture/raw) by extensions ['ros']
[0.319s] [34mcolcon.colcon_core.package_identification[0m [1;30mLevel 1[0m _identify(data/20260324_193040_session/2_capture/raw) by extension 'ros'
[0.319s] [34mcolcon.colcon_core.package_identification[0m [1;30mLevel 1[0m _identify(data/20260324_193040_session/2_capture/raw) by extensions ['cmake', 'python']
[0.319s] [34mcolcon.colcon_core.package_identification[0m [1;30mLevel 1[0m _identify(data/20260324_193040_session/2_capture/raw) by extension 'cmake'
[0.319s] [34mcolcon.colcon_core.package_identification[0m [1;30mLevel 1[0m _identify(data/20260324_193040_session/2_capture/raw) by extension 'python'
[0.319s] [34mcolcon.colcon_core.package_identification[0m [1;30mLevel 1[0m _identify(data/20260324_193040_session/2_capture/raw) by extensions ['python_setup_py']
[0.319s] [34mcolcon.colcon_core.package_identification[0m [1;30mLevel 1[0m _identify(data/20260324_193040_session/2_capture/raw) by extension 'python_setup_py'
[0.319s] [34mcolcon.colcon_core.package_identification[0m [1;30mLevel 1[0m _identify(data/20260324_193957_session) by extensions ['ignore', 'ignore_ament_install']
[0.319s] [34mcolcon.colcon_core.package_identification[0m [1;30mLevel 1[0m _identify(data/20260324_193957_session) by extension 'ignore'
[0.319s] [34mcolcon.colcon_core.package_identification[0m [1;30mLevel 1[0m _identify(data/20260324_193957_session) by extension 'ignore_ament_install'
[0.319s] [34mcolcon.colcon_core.package_identification[0m [1;30mLevel 1[0m _identify(data/20260324_193957_session) by extensions ['colcon_pkg']
[0.319s] [34mcolcon.colcon_core.package_identification[0m [1;30mLevel 1[0m _identify(data/20260324_193957_session) by extension 'colcon_pkg'
[0.319s] [34mcolcon.colcon_core.package_identification[0m [1;30mLevel 1[0m _identify(data/20260324_193957_session) by extensions ['colcon_meta']
[0.319s] [34mcolcon.colcon_core.package_identification[0m [1;30mLevel 1[0m _identify(data/20260324_193957_session) by extension 'colcon_meta'
[0.319s] [34mcolcon.colcon_core.package_identification[0m [1;30mLevel 1[0m _identify(data/20260324_193957_session) by extensions ['ros']
[0.319s] [34mcolcon.colcon_core.package_identification[0m [1;30mLevel 1[0m _identify(data/20260324_193957_session) by extension 'ros'
[0.319s] [34mcolcon.colcon_core.package_identification[0m [1;30mLevel 1[0m _identify(data/20260324_193957_session) by extensions ['cmake', 'python']
[0.319s] [34mcolcon.colcon_core.package_identification[0m [1;30mLevel 1[0m _identify(data/20260324_193957_session) by extension 'cmake'
[0.320s] [34mcolcon.colcon_core.package_identification[0m [1;30mLevel 1[0m _identify(data/20260324_193957_session) by extension 'python'
[0.320s] [34mcolcon.colcon_core.package_identification[0m [1;30mLevel 1[0m _identify(data/20260324_193957_session) by extensions ['python_setup_py']
[0.320s] [34mcolcon.colcon_core.package_identification[0m [1;30mLevel 1[0m _identify(data/20260324_193957_session) by extension 'python_setup_py'
[0.320s] [34mcolcon.colcon_core.package_identification[0m [1;30mLevel 1[0m _identify(data/20260324_193957_session/1_capture) by extensions ['ignore', 'ignore_ament_install']
[0.320s] [34mcolcon.colcon_core.package_identification[0m [1;30mLevel 1[0m _identify(data/20260324_193957_session/1_capture) by extension 'ignore'
[0.320s] [34mcolcon.colcon_core.package_identification[0m [1;30mLevel 1[0m _identify(data/20260324_193957_session/1_capture) by extension 'ignore_ament_install'
[0.320s] [34mcolcon.colcon_core.package_identification[0m [1;30mLevel 1[0m _identify(data/20260324_193957_session/1_capture) by extensions ['colcon_pkg']
[0.320s] [34mcolcon.colcon_core.package_identification[0m [1;30mLevel 1[0m _identify(data/20260324_193957_session/1_capture) by extension 'colcon_pkg'
[0.320s] [34mcolcon.colcon_core.package_identification[0m [1;30mLevel 1[0m _identify(data/20260324_193957_session/1_capture) by extensions ['colcon_meta']
[0.320s] [34mcolcon.colcon_core.package_identification[0m [1;30mLevel 1[0m _identify(data/20260324_193957_session/1_capture) by extension 'colcon_meta'
[0.320s] [34mcolcon.colcon_core.package_identification[0m [1;30mLevel 1[0m _identify(data/20260324_193957_session/1_capture) by extensions ['ros']
[0.320s] [34mcolcon.colcon_core.package_identification[0m [1;30mLevel 1[0m _identify(data/20260324_193957_session/1_capture) by extension 'ros'
[0.320s] [34mcolcon.colcon_core.package_identification[0m [1;30mLevel 1[0m _identify(data/20260324_193957_session/1_capture) by extensions ['cmake', 'python']
[0.320s] [34mcolcon.colcon_core.package_identification[0m [1;30mLevel 1[0m _identify(data/20260324_193957_session/1_capture) by extension 'cmake'
[0.320s] [34mcolcon.colcon_core.package_identification[0m [1;30mLevel 1[0m _identify(data/20260324_193957_session/1_capture) by extension 'python'
[0.320s] [34mcolcon.colcon_core.package_identification[0m [1;30mLevel 1[0m _identify(data/20260324_193957_session/1_capture) by extensions ['python_setup_py']
[0.320s] [34mcolcon.colcon_core.package_identification[0m [1;30mLevel 1[0m _identify(data/20260324_193957_session/1_capture) by extension 'python_setup_py'
[0.321s] [34mcolcon.colcon_core.package_identification[0m [1;30mLevel 1[0m _identify(data/20260324_193957_session/1_capture/intermediate) by extensions ['ignore', 'ignore_ament_install']
[0.321s] [34mcolcon.colcon_core.package_identification[0m [1;30mLevel 1[0m _identify(data/20260324_193957_session/1_capture/intermediate) by extension 'ignore'
[0.321s] [34mcolcon.colcon_core.package_identification[0m [1;30mLevel 1[0m _identify(data/20260324_193957_session/1_capture/intermediate) by extension 'ignore_ament_install'
[0.321s] [34mcolcon.colcon_core.package_identification[0m [1;30mLevel 1[0m _identify(data/20260324_193957_session/1_capture/intermediate) by extensions ['colcon_pkg']
[0.321s] [34mcolcon.colcon_core.package_identification[0m [1;30mLevel 1[0m _identify(data/20260324_193957_session/1_capture/intermediate) by extension 'colcon_pkg'
[0.321s] [34mcolcon.colcon_core.package_identification[0m [1;30mLevel 1[0m _identify(data/20260324_193957_session/1_capture/intermediate) by extensions ['colcon_meta']
[0.321s] [34mcolcon.colcon_core.package_identification[0m [1;30mLevel 1[0m _identify(data/20260324_193957_session/1_capture/intermediate) by extension 'colcon_meta'
[0.321s] [34mcolcon.colcon_core.package_identification[0m [1;30mLevel 1[0m _identify(data/20260324_193957_session/1_capture/intermediate) by extensions ['ros']
[0.321s] [34mcolcon.colcon_core.package_identification[0m [1;30mLevel 1[0m _identify(data/20260324_193957_session/1_capture/intermediate) by extension 'ros'
[0.321s] [34mcolcon.colcon_core.package_identification[0m [1;30mLevel 1[0m _identify(data/20260324_193957_session/1_capture/intermediate) by extensions ['cmake', 'python']
[0.321s] [34mcolcon.colcon_core.package_identification[0m [1;30mLevel 1[0m _identify(data/20260324_193957_session/1_capture/intermediate) by extension 'cmake'
[0.321s] [34mcolcon.colcon_core.package_identification[0m [1;30mLevel 1[0m _identify(data/20260324_193957_session/1_capture/intermediate) by extension 'python'
[0.321s] [34mcolcon.colcon_core.package_identification[0m [1;30mLevel 1[0m _identify(data/20260324_193957_session/1_capture/intermediate) by extensions ['python_setup_py']
[0.321s] [34mcolcon.colcon_core.package_identification[0m [1;30mLevel 1[0m _identify(data/20260324_193957_session/1_capture/intermediate) by extension 'python_setup_py'
[0.321s] [34mcolcon.colcon_core.package_identification[0m [1;30mLevel 1[0m _identify(data/20260324_193957_session/1_capture/processed) by extensions ['ignore', 'ignore_ament_install']
[0.322s] [34mcolcon.colcon_core.package_identification[0m [1;30mLevel 1[0m _identify(data/20260324_193957_session/1_capture/processed) by extension 'ignore'
[0.322s] [34mcolcon.colcon_core.package_identification[0m [1;30mLevel 1[0m _identify(data/20260324_193957_session/1_capture/processed) by extension 'ignore_ament_install'
[0.322s] [34mcolcon.colcon_core.package_identification[0m [1;30mLevel 1[0m _identify(data/20260324_193957_session/1_capture/processed) by extensions ['colcon_pkg']
[0.322s] [34mcolcon.colcon_core.package_identification[0m [1;30mLevel 1[0m _identify(data/20260324_193957_session/1_capture/processed) by extension 'colcon_pkg'
[0.322s] [34mcolcon.colcon_core.package_identification[0m [1;30mLevel 1[0m _identify(data/20260324_193957_session/1_capture/processed) by extensions ['colcon_meta']
[0.322s] [34mcolcon.colcon_core.package_identification[0m [1;30mLevel 1[0m _identify(data/20260324_193957_session/1_capture/processed) by extension 'colcon_meta'
[0.322s] [34mcolcon.colcon_core.package_identification[0m [1;30mLevel 1[0m _identify(data/20260324_193957_session/1_capture/processed) by extensions ['ros']
[0.322s] [34mcolcon.colcon_core.package_identification[0m [1;30mLevel 1[0m _identify(data/20260324_193957_session/1_capture/processed) by extension 'ros'
[0.322s] [34mcolcon.colcon_core.package_identification[0m [1;30mLevel 1[0m _identify(data/20260324_193957_session/1_capture/processed) by extensions ['cmake', 'python']
[0.322s] [34mcolcon.colcon_core.package_identification[0m [1;30mLevel 1[0m _identify(data/20260324_193957_session/1_capture/processed) by extension 'cmake'
[0.322s] [34mcolcon.colcon_core.package_identification[0m [1;30mLevel 1[0m _identify(data/20260324_193957_session/1_capture/processed) by extension 'python'
[0.322s] [34mcolcon.colcon_core.package_identification[0m [1;30mLevel 1[0m _identify(data/20260324_193957_session/1_capture/processed) by extensions ['python_setup_py']
[0.322s] [34mcolcon.colcon_core.package_identification[0m [1;30mLevel 1[0m _identify(data/20260324_193957_session/1_capture/processed) by extension 'python_setup_py'
[0.322s] [34mcolcon.colcon_core.package_identification[0m [1;30mLevel 1[0m _identify(data/20260324_193957_session/1_capture/raw) by extensions ['ignore', 'ignore_ament_install']
[0.322s] [34mcolcon.colcon_core.package_identification[0m [1;30mLevel 1[0m _identify(data/20260324_193957_session/1_capture/raw) by extension 'ignore'
[0.322s] [34mcolcon.colcon_core.package_identification[0m [1;30mLevel 1[0m _identify(data/20260324_193957_session/1_capture/raw) by extension 'ignore_ament_install'
[0.322s] [34mcolcon.colcon_core.package_identification[0m [1;30mLevel 1[0m _identify(data/20260324_193957_session/1_capture/raw) by extensions ['colcon_pkg']
[0.323s] [34mcolcon.colcon_core.package_identification[0m [1;30mLevel 1[0m _identify(data/20260324_193957_session/1_capture/raw) by extension 'colcon_pkg'
[0.323s] [34mcolcon.colcon_core.package_identification[0m [1;30mLevel 1[0m _identify(data/20260324_193957_session/1_capture/raw) by extensions ['colcon_meta']
[0.323s] [34mcolcon.colcon_core.package_identification[0m [1;30mLevel 1[0m _identify(data/20260324_193957_session/1_capture/raw) by extension 'colcon_meta'
[0.323s] [34mcolcon.colcon_core.package_identification[0m [1;30mLevel 1[0m _identify(data/20260324_193957_session/1_capture/raw) by extensions ['ros']
[0.323s] [34mcolcon.colcon_core.package_identification[0m [1;30mLevel 1[0m _identify(data/20260324_193957_session/1_capture/raw) by extension 'ros'
[0.323s] [34mcolcon.colcon_core.package_identification[0m [1;30mLevel 1[0m _identify(data/20260324_193957_session/1_capture/raw) by extensions ['cmake', 'python']
[0.323s] [34mcolcon.colcon_core.package_identification[0m [1;30mLevel 1[0m _identify(data/20260324_193957_session/1_capture/raw) by extension 'cmake'
[0.323s] [34mcolcon.colcon_core.package_identification[0m [1;30mLevel 1[0m _identify(data/20260324_193957_session/1_capture/raw) by extension 'python'
[0.323s] [34mcolcon.colcon_core.package_identification[0m [1;30mLevel 1[0m _identify(data/20260324_193957_session/1_capture/raw) by extensions ['python_setup_py']
[0.323s] [34mcolcon.colcon_core.package_identification[0m [1;30mLevel 1[0m _identify(data/20260324_193957_session/1_capture/raw) by extension 'python_setup_py'
[0.323s] [34mcolcon.colcon_core.package_identification[0m [1;30mLevel 1[0m _identify(data/20260324_193957_session/2_capture) by extensions ['ignore', 'ignore_ament_install']
[0.323s] [34mcolcon.colcon_core.package_identification[0m [1;30mLevel 1[0m _identify(data/20260324_193957_session/2_capture) by extension 'ignore'
[0.323s] [34mcolcon.colcon_core.package_identification[0m [1;30mLevel 1[0m _identify(data/20260324_193957_session/2_capture) by extension 'ignore_ament_install'
[0.323s] [34mcolcon.colcon_core.package_identification[0m [1;30mLevel 1[0m _identify(data/20260324_193957_session/2_capture) by extensions ['colcon_pkg']
[0.323s] [34mcolcon.colcon_core.package_identification[0m [1;30mLevel 1[0m _identify(data/20260324_193957_session/2_capture) by extension 'colcon_pkg'
[0.323s] [34mcolcon.colcon_core.package_identification[0m [1;30mLevel 1[0m _identify(data/20260324_193957_session/2_capture) by extensions ['colcon_meta']
[0.323s] [34mcolcon.colcon_core.package_identification[0m [1;30mLevel 1[0m _identify(data/20260324_193957_session/2_capture) by extension 'colcon_meta'
[0.324s] [34mcolcon.colcon_core.package_identification[0m [1;30mLevel 1[0m _identify(data/20260324_193957_session/2_capture) by extensions ['ros']
[0.324s] [34mcolcon.colcon_core.package_identification[0m [1;30mLevel 1[0m _identify(data/20260324_193957_session/2_capture) by extension 'ros'
[0.324s] [34mcolcon.colcon_core.package_identification[0m [1;30mLevel 1[0m _identify(data/20260324_193957_session/2_capture) by extensions ['cmake', 'python']
[0.324s] [34mcolcon.colcon_core.package_identification[0m [1;30mLevel 1[0m _identify(data/20260324_193957_session/2_capture) by extension 'cmake'
[0.324s] [34mcolcon.colcon_core.package_identification[0m [1;30mLevel 1[0m _identify(data/20260324_193957_session/2_capture) by extension 'python'
[0.324s] [34mcolcon.colcon_core.package_identification[0m [1;30mLevel 1[0m _identify(data/20260324_193957_session/2_capture) by extensions ['python_setup_py']
[0.324s] [34mcolcon.colcon_core.package_identification[0m [1;30mLevel 1[0m _identify(data/20260324_193957_session/2_capture) by extension 'python_setup_py'
[0.324s] [34mcolcon.colcon_core.package_identification[0m [1;30mLevel 1[0m _identify(data/20260324_193957_session/2_capture/intermediate) by extensions ['ignore', 'ignore_ament_install']
[0.324s] [34mcolcon.colcon_core.package_identification[0m [1;30mLevel 1[0m _identify(data/20260324_193957_session/2_capture/intermediate) by extension 'ignore'
[0.324s] [34mcolcon.colcon_core.package_identification[0m [1;30mLevel 1[0m _identify(data/20260324_193957_session/2_capture/intermediate) by extension 'ignore_ament_install'
[0.324s] [34mcolcon.colcon_core.package_identification[0m [1;30mLevel 1[0m _identify(data/20260324_193957_session/2_capture/intermediate) by extensions ['colcon_pkg']
[0.324s] [34mcolcon.colcon_core.package_identification[0m [1;30mLevel 1[0m _identify(data/20260324_193957_session/2_capture/intermediate) by extension 'colcon_pkg'
[0.324s] [34mcolcon.colcon_core.package_identification[0m [1;30mLevel 1[0m _identify(data/20260324_193957_session/2_capture/intermediate) by extensions ['colcon_meta']
[0.324s] [34mcolcon.colcon_core.package_identification[0m [1;30mLevel 1[0m _identify(data/20260324_193957_session/2_capture/intermediate) by extension 'colcon_meta'
[0.324s] [34mcolcon.colcon_core.package_identification[0m [1;30mLevel 1[0m _identify(data/20260324_193957_session/2_capture/intermediate) by extensions ['ros']
[0.324s] [34mcolcon.colcon_core.package_identification[0m [1;30mLevel 1[0m _identify(data/20260324_193957_session/2_capture/intermediate) by extension 'ros'
[0.325s] [34mcolcon.colcon_core.package_identification[0m [1;30mLevel 1[0m _identify(data/20260324_193957_session/2_capture/intermediate) by extensions ['cmake', 'python']
[0.325s] [34mcolcon.colcon_core.package_identification[0m [1;30mLevel 1[0m _identify(data/20260324_193957_session/2_capture/intermediate) by extension 'cmake'
[0.325s] [34mcolcon.colcon_core.package_identification[0m [1;30mLevel 1[0m _identify(data/20260324_193957_session/2_capture/intermediate) by extension 'python'
[0.325s] [34mcolcon.colcon_core.package_identification[0m [1;30mLevel 1[0m _identify(data/20260324_193957_session/2_capture/intermediate) by extensions ['python_setup_py']
[0.325s] [34mcolcon.colcon_core.package_identification[0m [1;30mLevel 1[0m _identify(data/20260324_193957_session/2_capture/intermediate) by extension 'python_setup_py'
[0.325s] [34mcolcon.colcon_core.package_identification[0m [1;30mLevel 1[0m _identify(data/20260324_193957_session/2_capture/processed) by extensions ['ignore', 'ignore_ament_install']
[0.325s] [34mcolcon.colcon_core.package_identification[0m [1;30mLevel 1[0m _identify(data/20260324_193957_session/2_capture/processed) by extension 'ignore'
[0.325s] [34mcolcon.colcon_core.package_identification[0m [1;30mLevel 1[0m _identify(data/20260324_193957_session/2_capture/processed) by extension 'ignore_ament_install'
[0.325s] [34mcolcon.colcon_core.package_identification[0m [1;30mLevel 1[0m _identify(data/20260324_193957_session/2_capture/processed) by extensions ['colcon_pkg']
[0.325s] [34mcolcon.colcon_core.package_identification[0m [1;30mLevel 1[0m _identify(data/20260324_193957_session/2_capture/processed) by extension 'colcon_pkg'
[0.325s] [34mcolcon.colcon_core.package_identification[0m [1;30mLevel 1[0m _identify(data/20260324_193957_session/2_capture/processed) by extensions ['colcon_meta']
[0.325s] [34mcolcon.colcon_core.package_identification[0m [1;30mLevel 1[0m _identify(data/20260324_193957_session/2_capture/processed) by extension 'colcon_meta'
[0.325s] [34mcolcon.colcon_core.package_identification[0m [1;30mLevel 1[0m _identify(data/20260324_193957_session/2_capture/processed) by extensions ['ros']
[0.325s] [34mcolcon.colcon_core.package_identification[0m [1;30mLevel 1[0m _identify(data/20260324_193957_session/2_capture/processed) by extension 'ros'
[0.325s] [34mcolcon.colcon_core.package_identification[0m [1;30mLevel 1[0m _identify(data/20260324_193957_session/2_capture/processed) by extensions ['cmake', 'python']
[0.325s] [34mcolcon.colcon_core.package_identification[0m [1;30mLevel 1[0m _identify(data/20260324_193957_session/2_capture/processed) by extension 'cmake'
[0.325s] [34mcolcon.colcon_core.package_identification[0m [1;30mLevel 1[0m _identify(data/20260324_193957_session/2_capture/processed) by extension 'python'
[0.325s] [34mcolcon.colcon_core.package_identification[0m [1;30mLevel 1[0m _identify(data/20260324_193957_session/2_capture/processed) by extensions ['python_setup_py']
[0.326s] [34mcolcon.colcon_core.package_identification[0m [1;30mLevel 1[0m _identify(data/20260324_193957_session/2_capture/processed) by extension 'python_setup_py'
[0.326s] [34mcolcon.colcon_core.package_identification[0m [1;30mLevel 1[0m _identify(data/20260324_193957_session/2_capture/raw) by extensions ['ignore', 'ignore_ament_install']
[0.326s] [34mcolcon.colcon_core.package_identification[0m [1;30mLevel 1[0m _identify(data/20260324_193957_session/2_capture/raw) by extension 'ignore'
[0.326s] [34mcolcon.colcon_core.package_identification[0m [1;30mLevel 1[0m _identify(data/20260324_193957_session/2_capture/raw) by extension 'ignore_ament_install'
[0.326s] [34mcolcon.colcon_core.package_identification[0m [1;30mLevel 1[0m _identify(data/20260324_193957_session/2_capture/raw) by extensions ['colcon_pkg']
[0.326s] [34mcolcon.colcon_core.package_identification[0m [1;30mLevel 1[0m _identify(data/20260324_193957_session/2_capture/raw) by extension 'colcon_pkg'
[0.326s] [34mcolcon.colcon_core.package_identification[0m [1;30mLevel 1[0m _identify(data/20260324_193957_session/2_capture/raw) by extensions ['colcon_meta']
[0.326s] [34mcolcon.colcon_core.package_identification[0m [1;30mLevel 1[0m _identify(data/20260324_193957_session/2_capture/raw) by extension 'colcon_meta'
[0.326s] [34mcolcon.colcon_core.package_identification[0m [1;30mLevel 1[0m _identify(data/20260324_193957_session/2_capture/raw) by extensions ['ros']
[0.326s] [34mcolcon.colcon_core.package_identification[0m [1;30mLevel 1[0m _identify(data/20260324_193957_session/2_capture/raw) by extension 'ros'
[0.326s] [34mcolcon.colcon_core.package_identification[0m [1;30mLevel 1[0m _identify(data/20260324_193957_session/2_capture/raw) by extensions ['cmake', 'python']
[0.326s] [34mcolcon.colcon_core.package_identification[0m [1;30mLevel 1[0m _identify(data/20260324_193957_session/2_capture/raw) by extension 'cmake'
[0.326s] [34mcolcon.colcon_core.package_identification[0m [1;30mLevel 1[0m _identify(data/20260324_193957_session/2_capture/raw) by extension 'python'
[0.326s] [34mcolcon.colcon_core.package_identification[0m [1;30mLevel 1[0m _identify(data/20260324_193957_session/2_capture/raw) by extensions ['python_setup_py']
[0.326s] [34mcolcon.colcon_core.package_identification[0m [1;30mLevel 1[0m _identify(data/20260324_193957_session/2_capture/raw) by extension 'python_setup_py'
[0.326s] [34mcolcon.colcon_core.package_identification[0m [1;30mLevel 1[0m _identify(data/20260325_142714_session) by extensions ['ignore', 'ignore_ament_install']
[0.327s] [34mcolcon.colcon_core.package_identification[0m [1;30mLevel 1[0m _identify(data/20260325_142714_session) by extension 'ignore'
[0.327s] [34mcolcon.colcon_core.package_identification[0m [1;30mLevel 1[0m _identify(data/20260325_142714_session) by extension 'ignore_ament_install'
[0.327s] [34mcolcon.colcon_core.package_identification[0m [1;30mLevel 1[0m _identify(data/20260325_142714_session) by extensions ['colcon_pkg']
[0.327s] [34mcolcon.colcon_core.package_identification[0m [1;30mLevel 1[0m _identify(data/20260325_142714_session) by extension 'colcon_pkg'
[0.327s] [34mcolcon.colcon_core.package_identification[0m [1;30mLevel 1[0m _identify(data/20260325_142714_session) by extensions ['colcon_meta']
[0.327s] [34mcolcon.colcon_core.package_identification[0m [1;30mLevel 1[0m _identify(data/20260325_142714_session) by extension 'colcon_meta'
[0.327s] [34mcolcon.colcon_core.package_identification[0m [1;30mLevel 1[0m _identify(data/20260325_142714_session) by extensions ['ros']
[0.327s] [34mcolcon.colcon_core.package_identification[0m [1;30mLevel 1[0m _identify(data/20260325_142714_session) by extension 'ros'
[0.327s] [34mcolcon.colcon_core.package_identification[0m [1;30mLevel 1[0m _identify(data/20260325_142714_session) by extensions ['cmake', 'python']
[0.327s] [34mcolcon.colcon_core.package_identification[0m [1;30mLevel 1[0m _identify(data/20260325_142714_session) by extension 'cmake'
[0.327s] [34mcolcon.colcon_core.package_identification[0m [1;30mLevel 1[0m _identify(data/20260325_142714_session) by extension 'python'
[0.327s] [34mcolcon.colcon_core.package_identification[0m [1;30mLevel 1[0m _identify(data/20260325_142714_session) by extensions ['python_setup_py']
[0.327s] [34mcolcon.colcon_core.package_identification[0m [1;30mLevel 1[0m _identify(data/20260325_142714_session) by extension 'python_setup_py'
[0.327s] [34mcolcon.colcon_core.package_identification[0m [1;30mLevel 1[0m _identify(data/20260325_142714_session/1_capture) by extensions ['ignore', 'ignore_ament_install']
[0.327s] [34mcolcon.colcon_core.package_identification[0m [1;30mLevel 1[0m _identify(data/20260325_142714_session/1_capture) by extension 'ignore'
[0.328s] [34mcolcon.colcon_core.package_identification[0m [1;30mLevel 1[0m _identify(data/20260325_142714_session/1_capture) by extension 'ignore_ament_install'
[0.328s] [34mcolcon.colcon_core.package_identification[0m [1;30mLevel 1[0m _identify(data/20260325_142714_session/1_capture) by extensions ['colcon_pkg']
[0.328s] [34mcolcon.colcon_core.package_identification[0m [1;30mLevel 1[0m _identify(data/20260325_142714_session/1_capture) by extension 'colcon_pkg'
[0.328s] [34mcolcon.colcon_core.package_identification[0m [1;30mLevel 1[0m _identify(data/20260325_142714_session/1_capture) by extensions ['colcon_meta']
[0.328s] [34mcolcon.colcon_core.package_identification[0m [1;30mLevel 1[0m _identify(data/20260325_142714_session/1_capture) by extension 'colcon_meta'
[0.328s] [34mcolcon.colcon_core.package_identification[0m [1;30mLevel 1[0m _identify(data/20260325_142714_session/1_capture) by extensions ['ros']
[0.328s] [34mcolcon.colcon_core.package_identification[0m [1;30mLevel 1[0m _identify(data/20260325_142714_session/1_capture) by extension 'ros'
[0.328s] [34mcolcon.colcon_core.package_identification[0m [1;30mLevel 1[0m _identify(data/20260325_142714_session/1_capture) by extensions ['cmake', 'python']
[0.328s] [34mcolcon.colcon_core.package_identification[0m [1;30mLevel 1[0m _identify(data/20260325_142714_session/1_capture) by extension 'cmake'
[0.328s] [34mcolcon.colcon_core.package_identification[0m [1;30mLevel 1[0m _identify(data/20260325_142714_session/1_capture) by extension 'python'
[0.328s] [34mcolcon.colcon_core.package_identification[0m [1;30mLevel 1[0m _identify(data/20260325_142714_session/1_capture) by extensions ['python_setup_py']
[0.328s] [34mcolcon.colcon_core.package_identification[0m [1;30mLevel 1[0m _identify(data/20260325_142714_session/1_capture) by extension 'python_setup_py'
[0.328s] [34mcolcon.colcon_core.package_identification[0m [1;30mLevel 1[0m _identify(data/20260325_142714_session/1_capture/intermediate) by extensions ['ignore', 'ignore_ament_install']
[0.328s] [34mcolcon.colcon_core.package_identification[0m [1;30mLevel 1[0m _identify(data/20260325_142714_session/1_capture/intermediate) by extension 'ignore'
[0.328s] [34mcolcon.colcon_core.package_identification[0m [1;30mLevel 1[0m _identify(data/20260325_142714_session/1_capture/intermediate) by extension 'ignore_ament_install'
[0.329s] [34mcolcon.colcon_core.package_identification[0m [1;30mLevel 1[0m _identify(data/20260325_142714_session/1_capture/intermediate) by extensions ['colcon_pkg']
[0.329s] [34mcolcon.colcon_core.package_identification[0m [1;30mLevel 1[0m _identify(data/20260325_142714_session/1_capture/intermediate) by extension 'colcon_pkg'
[0.329s] [34mcolcon.colcon_core.package_identification[0m [1;30mLevel 1[0m _identify(data/20260325_142714_session/1_capture/intermediate) by extensions ['colcon_meta']
[0.329s] [34mcolcon.colcon_core.package_identification[0m [1;30mLevel 1[0m _identify(data/20260325_142714_session/1_capture/intermediate) by extension 'colcon_meta'
[0.329s] [34mcolcon.colcon_core.package_identification[0m [1;30mLevel 1[0m _identify(data/20260325_142714_session/1_capture/intermediate) by extensions ['ros']
[0.329s] [34mcolcon.colcon_core.package_identification[0m [1;30mLevel 1[0m _identify(data/20260325_142714_session/1_capture/intermediate) by extension 'ros'
[0.329s] [34mcolcon.colcon_core.package_identification[0m [1;30mLevel 1[0m _identify(data/20260325_142714_session/1_capture/intermediate) by extensions ['cmake', 'python']
[0.329s] [34mcolcon.colcon_core.package_identification[0m [1;30mLevel 1[0m _identify(data/20260325_142714_session/1_capture/intermediate) by extension 'cmake'
[0.329s] [34mcolcon.colcon_core.package_identification[0m [1;30mLevel 1[0m _identify(data/20260325_142714_session/1_capture/intermediate) by extension 'python'
[0.329s] [34mcolcon.colcon_core.package_identification[0m [1;30mLevel 1[0m _identify(data/20260325_142714_session/1_capture/intermediate) by extensions ['python_setup_py']
[0.329s] [34mcolcon.colcon_core.package_identification[0m [1;30mLevel 1[0m _identify(data/20260325_142714_session/1_capture/intermediate) by extension 'python_setup_py'
[0.329s] [34mcolcon.colcon_core.package_identification[0m [1;30mLevel 1[0m _identify(data/20260325_142714_session/1_capture/processed) by extensions ['ignore', 'ignore_ament_install']
[0.329s] [34mcolcon.colcon_core.package_identification[0m [1;30mLevel 1[0m _identify(data/20260325_142714_session/1_capture/processed) by extension 'ignore'
[0.329s] [34mcolcon.colcon_core.package_identification[0m [1;30mLevel 1[0m _identify(data/20260325_142714_session/1_capture/processed) by extension 'ignore_ament_install'
[0.329s] [34mcolcon.colcon_core.package_identification[0m [1;30mLevel 1[0m _identify(data/20260325_142714_session/1_capture/processed) by extensions ['colcon_pkg']
[0.330s] [34mcolcon.colcon_core.package_identification[0m [1;30mLevel 1[0m _identify(data/20260325_142714_session/1_capture/processed) by extension 'colcon_pkg'
[0.330s] [34mcolcon.colcon_core.package_identification[0m [1;30mLevel 1[0m _identify(data/20260325_142714_session/1_capture/processed) by extensions ['colcon_meta']
[0.330s] [34mcolcon.colcon_core.package_identification[0m [1;30mLevel 1[0m _identify(data/20260325_142714_session/1_capture/processed) by extension 'colcon_meta'
[0.330s] [34mcolcon.colcon_core.package_identification[0m [1;30mLevel 1[0m _identify(data/20260325_142714_session/1_capture/processed) by extensions ['ros']
[0.330s] [34mcolcon.colcon_core.package_identification[0m [1;30mLevel 1[0m _identify(data/20260325_142714_session/1_capture/processed) by extension 'ros'
[0.330s] [34mcolcon.colcon_core.package_identification[0m [1;30mLevel 1[0m _identify(data/20260325_142714_session/1_capture/processed) by extensions ['cmake', 'python']
[0.330s] [34mcolcon.colcon_core.package_identification[0m [1;30mLevel 1[0m _identify(data/20260325_142714_session/1_capture/processed) by extension 'cmake'
[0.330s] [34mcolcon.colcon_core.package_identification[0m [1;30mLevel 1[0m _identify(data/20260325_142714_session/1_capture/processed) by extension 'python'
[0.330s] [34mcolcon.colcon_core.package_identification[0m [1;30mLevel 1[0m _identify(data/20260325_142714_session/1_capture/processed) by extensions ['python_setup_py']
[0.330s] [34mcolcon.colcon_core.package_identification[0m [1;30mLevel 1[0m _identify(data/20260325_142714_session/1_capture/processed) by extension 'python_setup_py'
[0.330s] [34mcolcon.colcon_core.package_identification[0m [1;30mLevel 1[0m _identify(data/20260325_142714_session/1_capture/raw) by extensions ['ignore', 'ignore_ament_install']
[0.330s] [34mcolcon.colcon_core.package_identification[0m [1;30mLevel 1[0m _identify(data/20260325_142714_session/1_capture/raw) by extension 'ignore'
[0.330s] [34mcolcon.colcon_core.package_identification[0m [1;30mLevel 1[0m _identify(data/20260325_142714_session/1_capture/raw) by extension 'ignore_ament_install'
[0.330s] [34mcolcon.colcon_core.package_identification[0m [1;30mLevel 1[0m _identify(data/20260325_142714_session/1_capture/raw) by extensions ['colcon_pkg']
[0.330s] [34mcolcon.colcon_core.package_identification[0m [1;30mLevel 1[0m _identify(data/20260325_142714_session/1_capture/raw) by extension 'colcon_pkg'
[0.330s] [34mcolcon.colcon_core.package_identification[0m [1;30mLevel 1[0m _identify(data/20260325_142714_session/1_capture/raw) by extensions ['colcon_meta']
[0.330s] [34mcolcon.colcon_core.package_identification[0m [1;30mLevel 1[0m _identify(data/20260325_142714_session/1_capture/raw) by extension 'colcon_meta'
[0.331s] [34mcolcon.colcon_core.package_identification[0m [1;30mLevel 1[0m _identify(data/20260325_142714_session/1_capture/raw) by extensions ['ros']
[0.331s] [34mcolcon.colcon_core.package_identification[0m [1;30mLevel 1[0m _identify(data/20260325_142714_session/1_capture/raw) by extension 'ros'
[0.331s] [34mcolcon.colcon_core.package_identification[0m [1;30mLevel 1[0m _identify(data/20260325_142714_session/1_capture/raw) by extensions ['cmake', 'python']
[0.331s] [34mcolcon.colcon_core.package_identification[0m [1;30mLevel 1[0m _identify(data/20260325_142714_session/1_capture/raw) by extension 'cmake'
[0.331s] [34mcolcon.colcon_core.package_identification[0m [1;30mLevel 1[0m _identify(data/20260325_142714_session/1_capture/raw) by extension 'python'
[0.331s] [34mcolcon.colcon_core.package_identification[0m [1;30mLevel 1[0m _identify(data/20260325_142714_session/1_capture/raw) by extensions ['python_setup_py']
[0.331s] [34mcolcon.colcon_core.package_identification[0m [1;30mLevel 1[0m _identify(data/20260325_142714_session/1_capture/raw) by extension 'python_setup_py'
[0.331s] [34mcolcon.colcon_core.package_identification[0m [1;30mLevel 1[0m _identify(data/20260325_142714_session/2_capture) by extensions ['ignore', 'ignore_ament_install']
[0.331s] [34mcolcon.colcon_core.package_identification[0m [1;30mLevel 1[0m _identify(data/20260325_142714_session/2_capture) by extension 'ignore'
[0.331s] [34mcolcon.colcon_core.package_identification[0m [1;30mLevel 1[0m _identify(data/20260325_142714_session/2_capture) by extension 'ignore_ament_install'
[0.331s] [34mcolcon.colcon_core.package_identification[0m [1;30mLevel 1[0m _identify(data/20260325_142714_session/2_capture) by extensions ['colcon_pkg']
[0.331s] [34mcolcon.colcon_core.package_identification[0m [1;30mLevel 1[0m _identify(data/20260325_142714_session/2_capture) by extension 'colcon_pkg'
[0.331s] [34mcolcon.colcon_core.package_identification[0m [1;30mLevel 1[0m _identify(data/20260325_142714_session/2_capture) by extensions ['colcon_meta']
[0.331s] [34mcolcon.colcon_core.package_identification[0m [1;30mLevel 1[0m _identify(data/20260325_142714_session/2_capture) by extension 'colcon_meta'
[0.331s] [34mcolcon.colcon_core.package_identification[0m [1;30mLevel 1[0m _identify(data/20260325_142714_session/2_capture) by extensions ['ros']
[0.331s] [34mcolcon.colcon_core.package_identification[0m [1;30mLevel 1[0m _identify(data/20260325_142714_session/2_capture) by extension 'ros'
[0.331s] [34mcolcon.colcon_core.package_identification[0m [1;30mLevel 1[0m _identify(data/20260325_142714_session/2_capture) by extensions ['cmake', 'python']
[0.331s] [34mcolcon.colcon_core.package_identification[0m [1;30mLevel 1[0m _identify(data/20260325_142714_session/2_capture) by extension 'cmake'
[0.331s] [34mcolcon.colcon_core.package_identification[0m [1;30mLevel 1[0m _identify(data/20260325_142714_session/2_capture) by extension 'python'
[0.331s] [34mcolcon.colcon_core.package_identification[0m [1;30mLevel 1[0m _identify(data/20260325_142714_session/2_capture) by extensions ['python_setup_py']
[0.331s] [34mcolcon.colcon_core.package_identification[0m [1;30mLevel 1[0m _identify(data/20260325_142714_session/2_capture) by extension 'python_setup_py'
[0.331s] [34mcolcon.colcon_core.package_identification[0m [1;30mLevel 1[0m _identify(data/20260325_142714_session/2_capture/intermediate) by extensions ['ignore', 'ignore_ament_install']
[0.331s] [34mcolcon.colcon_core.package_identification[0m [1;30mLevel 1[0m _identify(data/20260325_142714_session/2_capture/intermediate) by extension 'ignore'
[0.332s] [34mcolcon.colcon_core.package_identification[0m [1;30mLevel 1[0m _identify(data/20260325_142714_session/2_capture/intermediate) by extension 'ignore_ament_install'
[0.332s] [34mcolcon.colcon_core.package_identification[0m [1;30mLevel 1[0m _identify(data/20260325_142714_session/2_capture/intermediate) by extensions ['colcon_pkg']
[0.332s] [34mcolcon.colcon_core.package_identification[0m [1;30mLevel 1[0m _identify(data/20260325_142714_session/2_capture/intermediate) by extension 'colcon_pkg'
[0.332s] [34mcolcon.colcon_core.package_identification[0m [1;30mLevel 1[0m _identify(data/20260325_142714_session/2_capture/intermediate) by extensions ['colcon_meta']
[0.332s] [34mcolcon.colcon_core.package_identification[0m [1;30mLevel 1[0m _identify(data/20260325_142714_session/2_capture/intermediate) by extension 'colcon_meta'
[0.332s] [34mcolcon.colcon_core.package_identification[0m [1;30mLevel 1[0m _identify(data/20260325_142714_session/2_capture/intermediate) by extensions ['ros']
[0.332s] [34mcolcon.colcon_core.package_identification[0m [1;30mLevel 1[0m _identify(data/20260325_142714_session/2_capture/intermediate) by extension 'ros'
[0.332s] [34mcolcon.colcon_core.package_identification[0m [1;30mLevel 1[0m _identify(data/20260325_142714_session/2_capture/intermediate) by extensions ['cmake', 'python']
[0.332s] [34mcolcon.colcon_core.package_identification[0m [1;30mLevel 1[0m _identify(data/20260325_142714_session/2_capture/intermediate) by extension 'cmake'
[0.332s] [34mcolcon.colcon_core.package_identification[0m [1;30mLevel 1[0m _identify(data/20260325_142714_session/2_capture/intermediate) by extension 'python'
[0.332s] [34mcolcon.colcon_core.package_identification[0m [1;30mLevel 1[0m _identify(data/20260325_142714_session/2_capture/intermediate) by extensions ['python_setup_py']
[0.332s] [34mcolcon.colcon_core.package_identification[0m [1;30mLevel 1[0m _identify(data/20260325_142714_session/2_capture/intermediate) by extension 'python_setup_py'
[0.332s] [34mcolcon.colcon_core.package_identification[0m [1;30mLevel 1[0m _identify(data/20260325_142714_session/2_capture/processed) by extensions ['ignore', 'ignore_ament_install']
[0.332s] [34mcolcon.colcon_core.package_identification[0m [1;30mLevel 1[0m _identify(data/20260325_142714_session/2_capture/processed) by extension 'ignore'
[0.332s] [34mcolcon.colcon_core.package_identification[0m [1;30mLevel 1[0m _identify(data/20260325_142714_session/2_capture/processed) by extension 'ignore_ament_install'
[0.332s] [34mcolcon.colcon_core.package_identification[0m [1;30mLevel 1[0m _identify(data/20260325_142714_session/2_capture/processed) by extensions ['colcon_pkg']
[0.332s] [34mcolcon.colcon_core.package_identification[0m [1;30mLevel 1[0m _identify(data/20260325_142714_session/2_capture/processed) by extension 'colcon_pkg'
[0.332s] [34mcolcon.colcon_core.package_identification[0m [1;30mLevel 1[0m _identify(data/20260325_142714_session/2_capture/processed) by extensions ['colcon_meta']
[0.332s] [34mcolcon.colcon_core.package_identification[0m [1;30mLevel 1[0m _identify(data/20260325_142714_session/2_capture/processed) by extension 'colcon_meta'
[0.332s] [34mcolcon.colcon_core.package_identification[0m [1;30mLevel 1[0m _identify(data/20260325_142714_session/2_capture/processed) by extensions ['ros']
[0.332s] [34mcolcon.colcon_core.package_identification[0m [1;30mLevel 1[0m _identify(data/20260325_142714_session/2_capture/processed) by extension 'ros'
[0.332s] [34mcolcon.colcon_core.package_identification[0m [1;30mLevel 1[0m _identify(data/20260325_142714_session/2_capture/processed) by extensions ['cmake', 'python']
[0.332s] [34mcolcon.colcon_core.package_identification[0m [1;30mLevel 1[0m _identify(data/20260325_142714_session/2_capture/processed) by extension 'cmake'
[0.332s] [34mcolcon.colcon_core.package_identification[0m [1;30mLevel 1[0m _identify(data/20260325_142714_session/2_capture/processed) by extension 'python'
[0.332s] [34mcolcon.colcon_core.package_identification[0m [1;30mLevel 1[0m _identify(data/20260325_142714_session/2_capture/processed) by extensions ['python_setup_py']
[0.333s] [34mcolcon.colcon_core.package_identification[0m [1;30mLevel 1[0m _identify(data/20260325_142714_session/2_capture/processed) by extension 'python_setup_py'
[0.333s] [34mcolcon.colcon_core.package_identification[0m [1;30mLevel 1[0m _identify(data/20260325_142714_session/2_capture/raw) by extensions ['ignore', 'ignore_ament_install']
[0.333s] [34mcolcon.colcon_core.package_identification[0m [1;30mLevel 1[0m _identify(data/20260325_142714_session/2_capture/raw) by extension 'ignore'
[0.333s] [34mcolcon.colcon_core.package_identification[0m [1;30mLevel 1[0m _identify(data/20260325_142714_session/2_capture/raw) by extension 'ignore_ament_install'
[0.333s] [34mcolcon.colcon_core.package_identification[0m [1;30mLevel 1[0m _identify(data/20260325_142714_session/2_capture/raw) by extensions ['colcon_pkg']
[0.333s] [34mcolcon.colcon_core.package_identification[0m [1;30mLevel 1[0m _identify(data/20260325_142714_session/2_capture/raw) by extension 'colcon_pkg'
[0.333s] [34mcolcon.colcon_core.package_identification[0m [1;30mLevel 1[0m _identify(data/20260325_142714_session/2_capture/raw) by extensions ['colcon_meta']
[0.333s] [34mcolcon.colcon_core.package_identification[0m [1;30mLevel 1[0m _identify(data/20260325_142714_session/2_capture/raw) by extension 'colcon_meta'
[0.333s] [34mcolcon.colcon_core.package_identification[0m [1;30mLevel 1[0m _identify(data/20260325_142714_session/2_capture/raw) by extensions ['ros']
[0.333s] [34mcolcon.colcon_core.package_identification[0m [1;30mLevel 1[0m _identify(data/20260325_142714_session/2_capture/raw) by extension 'ros'
[0.333s] [34mcolcon.colcon_core.package_identification[0m [1;30mLevel 1[0m _identify(data/20260325_142714_session/2_capture/raw) by extensions ['cmake', 'python']
[0.333s] [34mcolcon.colcon_core.package_identification[0m [1;30mLevel 1[0m _identify(data/20260325_142714_session/2_capture/raw) by extension 'cmake'
[0.333s] [34mcolcon.colcon_core.package_identification[0m [1;30mLevel 1[0m _identify(data/20260325_142714_session/2_capture/raw) by extension 'python'
[0.333s] [34mcolcon.colcon_core.package_identification[0m [1;30mLevel 1[0m _identify(data/20260325_142714_session/2_capture/raw) by extensions ['python_setup_py']
[0.333s] [34mcolcon.colcon_core.package_identification[0m [1;30mLevel 1[0m _identify(data/20260325_142714_session/2_capture/raw) by extension 'python_setup_py'
[0.333s] [34mcolcon.colcon_core.package_identification[0m [1;30mLevel 1[0m _identify(data/20260325_142714_session/3_capture) by extensions ['ignore', 'ignore_ament_install']
[0.333s] [34mcolcon.colcon_core.package_identification[0m [1;30mLevel 1[0m _identify(data/20260325_142714_session/3_capture) by extension 'ignore'
[0.333s] [34mcolcon.colcon_core.package_identification[0m [1;30mLevel 1[0m _identify(data/20260325_142714_session/3_capture) by extension 'ignore_ament_install'
[0.333s] [34mcolcon.colcon_core.package_identification[0m [1;30mLevel 1[0m _identify(data/20260325_142714_session/3_capture) by extensions ['colcon_pkg']
[0.333s] [34mcolcon.colcon_core.package_identification[0m [1;30mLevel 1[0m _identify(data/20260325_142714_session/3_capture) by extension 'colcon_pkg'
[0.333s] [34mcolcon.colcon_core.package_identification[0m [1;30mLevel 1[0m _identify(data/20260325_142714_session/3_capture) by extensions ['colcon_meta']
[0.333s] [34mcolcon.colcon_core.package_identification[0m [1;30mLevel 1[0m _identify(data/20260325_142714_session/3_capture) by extension 'colcon_meta'
[0.333s] [34mcolcon.colcon_core.package_identification[0m [1;30mLevel 1[0m _identify(data/20260325_142714_session/3_capture) by extensions ['ros']
[0.333s] [34mcolcon.colcon_core.package_identification[0m [1;30mLevel 1[0m _identify(data/20260325_142714_session/3_capture) by extension 'ros'
[0.334s] [34mcolcon.colcon_core.package_identification[0m [1;30mLevel 1[0m _identify(data/20260325_142714_session/3_capture) by extensions ['cmake', 'python']
[0.334s] [34mcolcon.colcon_core.package_identification[0m [1;30mLevel 1[0m _identify(data/20260325_142714_session/3_capture) by extension 'cmake'
[0.334s] [34mcolcon.colcon_core.package_identification[0m [1;30mLevel 1[0m _identify(data/20260325_142714_session/3_capture) by extension 'python'
[0.334s] [34mcolcon.colcon_core.package_identification[0m [1;30mLevel 1[0m _identify(data/20260325_142714_session/3_capture) by extensions ['python_setup_py']
[0.334s] [34mcolcon.colcon_core.package_identification[0m [1;30mLevel 1[0m _identify(data/20260325_142714_session/3_capture) by extension 'python_setup_py'
[0.334s] [34mcolcon.colcon_core.package_identification[0m [1;30mLevel 1[0m _identify(data/20260325_142714_session/3_capture/intermediate) by extensions ['ignore', 'ignore_ament_install']
[0.334s] [34mcolcon.colcon_core.package_identification[0m [1;30mLevel 1[0m _identify(data/20260325_142714_session/3_capture/intermediate) by extension 'ignore'
[0.334s] [34mcolcon.colcon_core.package_identification[0m [1;30mLevel 1[0m _identify(data/20260325_142714_session/3_capture/intermediate) by extension 'ignore_ament_install'
[0.334s] [34mcolcon.colcon_core.package_identification[0m [1;30mLevel 1[0m _identify(data/20260325_142714_session/3_capture/intermediate) by extensions ['colcon_pkg']
[0.334s] [34mcolcon.colcon_core.package_identification[0m [1;30mLevel 1[0m _identify(data/20260325_142714_session/3_capture/intermediate) by extension 'colcon_pkg'
[0.334s] [34mcolcon.colcon_core.package_identification[0m [1;30mLevel 1[0m _identify(data/20260325_142714_session/3_capture/intermediate) by extensions ['colcon_meta']
[0.334s] [34mcolcon.colcon_core.package_identification[0m [1;30mLevel 1[0m _identify(data/20260325_142714_session/3_capture/intermediate) by extension 'colcon_meta'
[0.334s] [34mcolcon.colcon_core.package_identification[0m [1;30mLevel 1[0m _identify(data/20260325_142714_session/3_capture/intermediate) by extensions ['ros']
[0.334s] [34mcolcon.colcon_core.package_identification[0m [1;30mLevel 1[0m _identify(data/20260325_142714_session/3_capture/intermediate) by extension 'ros'
[0.334s] [34mcolcon.colcon_core.package_identification[0m [1;30mLevel 1[0m _identify(data/20260325_142714_session/3_capture/intermediate) by extensions ['cmake', 'python']
[0.334s] [34mcolcon.colcon_core.package_identification[0m [1;30mLevel 1[0m _identify(data/20260325_142714_session/3_capture/intermediate) by extension 'cmake'
[0.334s] [34mcolcon.colcon_core.package_identification[0m [1;30mLevel 1[0m _identify(data/20260325_142714_session/3_capture/intermediate) by extension 'python'
[0.334s] [34mcolcon.colcon_core.package_identification[0m [1;30mLevel 1[0m _identify(data/20260325_142714_session/3_capture/intermediate) by extensions ['python_setup_py']
[0.334s] [34mcolcon.colcon_core.package_identification[0m [1;30mLevel 1[0m _identify(data/20260325_142714_session/3_capture/intermediate) by extension 'python_setup_py'
[0.334s] [34mcolcon.colcon_core.package_identification[0m [1;30mLevel 1[0m _identify(data/20260325_142714_session/3_capture/processed) by extensions ['ignore', 'ignore_ament_install']
[0.334s] [34mcolcon.colcon_core.package_identification[0m [1;30mLevel 1[0m _identify(data/20260325_142714_session/3_capture/processed) by extension 'ignore'
[0.334s] [34mcolcon.colcon_core.package_identification[0m [1;30mLevel 1[0m _identify(data/20260325_142714_session/3_capture/processed) by extension 'ignore_ament_install'
[0.335s] [34mcolcon.colcon_core.package_identification[0m [1;30mLevel 1[0m _identify(data/20260325_142714_session/3_capture/processed) by extensions ['colcon_pkg']
[0.335s] [34mcolcon.colcon_core.package_identification[0m [1;30mLevel 1[0m _identify(data/20260325_142714_session/3_capture/processed) by extension 'colcon_pkg'
[0.335s] [34mcolcon.colcon_core.package_identification[0m [1;30mLevel 1[0m _identify(data/20260325_142714_session/3_capture/processed) by extensions ['colcon_meta']
[0.335s] [34mcolcon.colcon_core.package_identification[0m [1;30mLevel 1[0m _identify(data/20260325_142714_session/3_capture/processed) by extension 'colcon_meta'
[0.335s] [34mcolcon.colcon_core.package_identification[0m [1;30mLevel 1[0m _identify(data/20260325_142714_session/3_capture/processed) by extensions ['ros']
[0.335s] [34mcolcon.colcon_core.package_identification[0m [1;30mLevel 1[0m _identify(data/20260325_142714_session/3_capture/processed) by extension 'ros'
[0.335s] [34mcolcon.colcon_core.package_identification[0m [1;30mLevel 1[0m _identify(data/20260325_142714_session/3_capture/processed) by extensions ['cmake', 'python']
[0.335s] [34mcolcon.colcon_core.package_identification[0m [1;30mLevel 1[0m _identify(data/20260325_142714_session/3_capture/processed) by extension 'cmake'
[0.335s] [34mcolcon.colcon_core.package_identification[0m [1;30mLevel 1[0m _identify(data/20260325_142714_session/3_capture/processed) by extension 'python'
[0.335s] [34mcolcon.colcon_core.package_identification[0m [1;30mLevel 1[0m _identify(data/20260325_142714_session/3_capture/processed) by extensions ['python_setup_py']
[0.335s] [34mcolcon.colcon_core.package_identification[0m [1;30mLevel 1[0m _identify(data/20260325_142714_session/3_capture/processed) by extension 'python_setup_py'
[0.335s] [34mcolcon.colcon_core.package_identification[0m [1;30mLevel 1[0m _identify(data/20260325_142714_session/3_capture/raw) by extensions ['ignore', 'ignore_ament_install']
[0.335s] [34mcolcon.colcon_core.package_identification[0m [1;30mLevel 1[0m _identify(data/20260325_142714_session/3_capture/raw) by extension 'ignore'
[0.335s] [34mcolcon.colcon_core.package_identification[0m [1;30mLevel 1[0m _identify(data/20260325_142714_session/3_capture/raw) by extension 'ignore_ament_install'
[0.335s] [34mcolcon.colcon_core.package_identification[0m [1;30mLevel 1[0m _identify(data/20260325_142714_session/3_capture/raw) by extensions ['colcon_pkg']
[0.335s] [34mcolcon.colcon_core.package_identification[0m [1;30mLevel 1[0m _identify(data/20260325_142714_session/3_capture/raw) by extension 'colcon_pkg'
[0.335s] [34mcolcon.colcon_core.package_identification[0m [1;30mLevel 1[0m _identify(data/20260325_142714_session/3_capture/raw) by extensions ['colcon_meta']
[0.335s] [34mcolcon.colcon_core.package_identification[0m [1;30mLevel 1[0m _identify(data/20260325_142714_session/3_capture/raw) by extension 'colcon_meta'
[0.335s] [34mcolcon.colcon_core.package_identification[0m [1;30mLevel 1[0m _identify(data/20260325_142714_session/3_capture/raw) by extensions ['ros']
[0.335s] [34mcolcon.colcon_core.package_identification[0m [1;30mLevel 1[0m _identify(data/20260325_142714_session/3_capture/raw) by extension 'ros'
[0.335s] [34mcolcon.colcon_core.package_identification[0m [1;30mLevel 1[0m _identify(data/20260325_142714_session/3_capture/raw) by extensions ['cmake', 'python']
[0.335s] [34mcolcon.colcon_core.package_identification[0m [1;30mLevel 1[0m _identify(data/20260325_142714_session/3_capture/raw) by extension 'cmake'
[0.335s] [34mcolcon.colcon_core.package_identification[0m [1;30mLevel 1[0m _identify(data/20260325_142714_session/3_capture/raw) by extension 'python'
[0.336s] [34mcolcon.colcon_core.package_identification[0m [1;30mLevel 1[0m _identify(data/20260325_142714_session/3_capture/raw) by extensions ['python_setup_py']
[0.336s] [34mcolcon.colcon_core.package_identification[0m [1;30mLevel 1[0m _identify(data/20260325_142714_session/3_capture/raw) by extension 'python_setup_py'
[0.336s] [34mcolcon.colcon_core.package_identification[0m [1;30mLevel 1[0m _identify(data/20260325_143355_session) by extensions ['ignore', 'ignore_ament_install']
[0.336s] [34mcolcon.colcon_core.package_identification[0m [1;30mLevel 1[0m _identify(data/20260325_143355_session) by extension 'ignore'
[0.336s] [34mcolcon.colcon_core.package_identification[0m [1;30mLevel 1[0m _identify(data/20260325_143355_session) by extension 'ignore_ament_install'
[0.336s] [34mcolcon.colcon_core.package_identification[0m [1;30mLevel 1[0m _identify(data/20260325_143355_session) by extensions ['colcon_pkg']
[0.336s] [34mcolcon.colcon_core.package_identification[0m [1;30mLevel 1[0m _identify(data/20260325_143355_session) by extension 'colcon_pkg'
[0.336s] [34mcolcon.colcon_core.package_identification[0m [1;30mLevel 1[0m _identify(data/20260325_143355_session) by extensions ['colcon_meta']
[0.336s] [34mcolcon.colcon_core.package_identification[0m [1;30mLevel 1[0m _identify(data/20260325_143355_session) by extension 'colcon_meta'
[0.336s] [34mcolcon.colcon_core.package_identification[0m [1;30mLevel 1[0m _identify(data/20260325_143355_session) by extensions ['ros']
[0.336s] [34mcolcon.colcon_core.package_identification[0m [1;30mLevel 1[0m _identify(data/20260325_143355_session) by extension 'ros'
[0.336s] [34mcolcon.colcon_core.package_identification[0m [1;30mLevel 1[0m _identify(data/20260325_143355_session) by extensions ['cmake', 'python']
[0.336s] [34mcolcon.colcon_core.package_identification[0m [1;30mLevel 1[0m _identify(data/20260325_143355_session) by extension 'cmake'
[0.336s] [34mcolcon.colcon_core.package_identification[0m [1;30mLevel 1[0m _identify(data/20260325_143355_session) by extension 'python'
[0.336s] [34mcolcon.colcon_core.package_identification[0m [1;30mLevel 1[0m _identify(data/20260325_143355_session) by extensions ['python_setup_py']
[0.336s] [34mcolcon.colcon_core.package_identification[0m [1;30mLevel 1[0m _identify(data/20260325_143355_session) by extension 'python_setup_py'
[0.336s] [34mcolcon.colcon_core.package_identification[0m [1;30mLevel 1[0m _identify(data/20260325_143355_session/1_capture) by extensions ['ignore', 'ignore_ament_install']
[0.336s] [34mcolcon.colcon_core.package_identification[0m [1;30mLevel 1[0m _identify(data/20260325_143355_session/1_capture) by extension 'ignore'
[0.336s] [34mcolcon.colcon_core.package_identification[0m [1;30mLevel 1[0m _identify(data/20260325_143355_session/1_capture) by extension 'ignore_ament_install'
[0.336s] [34mcolcon.colcon_core.package_identification[0m [1;30mLevel 1[0m _identify(data/20260325_143355_session/1_capture) by extensions ['colcon_pkg']
[0.336s] [34mcolcon.colcon_core.package_identification[0m [1;30mLevel 1[0m _identify(data/20260325_143355_session/1_capture) by extension 'colcon_pkg'
[0.336s] [34mcolcon.colcon_core.package_identification[0m [1;30mLevel 1[0m _identify(data/20260325_143355_session/1_capture) by extensions ['colcon_meta']
[0.336s] [34mcolcon.colcon_core.package_identification[0m [1;30mLevel 1[0m _identify(data/20260325_143355_session/1_capture) by extension 'colcon_meta'
[0.336s] [34mcolcon.colcon_core.package_identification[0m [1;30mLevel 1[0m _identify(data/20260325_143355_session/1_capture) by extensions ['ros']
[0.336s] [34mcolcon.colcon_core.package_identification[0m [1;30mLevel 1[0m _identify(data/20260325_143355_session/1_capture) by extension 'ros'
[0.337s] [34mcolcon.colcon_core.package_identification[0m [1;30mLevel 1[0m _identify(data/20260325_143355_session/1_capture) by extensions ['cmake', 'python']
[0.337s] [34mcolcon.colcon_core.package_identification[0m [1;30mLevel 1[0m _identify(data/20260325_143355_session/1_capture) by extension 'cmake'
[0.337s] [34mcolcon.colcon_core.package_identification[0m [1;30mLevel 1[0m _identify(data/20260325_143355_session/1_capture) by extension 'python'
[0.337s] [34mcolcon.colcon_core.package_identification[0m [1;30mLevel 1[0m _identify(data/20260325_143355_session/1_capture) by extensions ['python_setup_py']
[0.337s] [34mcolcon.colcon_core.package_identification[0m [1;30mLevel 1[0m _identify(data/20260325_143355_session/1_capture) by extension 'python_setup_py'
[0.337s] [34mcolcon.colcon_core.package_identification[0m [1;30mLevel 1[0m _identify(data/20260325_143355_session/1_capture/intermediate) by extensions ['ignore', 'ignore_ament_install']
[0.337s] [34mcolcon.colcon_core.package_identification[0m [1;30mLevel 1[0m _identify(data/20260325_143355_session/1_capture/intermediate) by extension 'ignore'
[0.337s] [34mcolcon.colcon_core.package_identification[0m [1;30mLevel 1[0m _identify(data/20260325_143355_session/1_capture/intermediate) by extension 'ignore_ament_install'
[0.337s] [34mcolcon.colcon_core.package_identification[0m [1;30mLevel 1[0m _identify(data/20260325_143355_session/1_capture/intermediate) by extensions ['colcon_pkg']
[0.337s] [34mcolcon.colcon_core.package_identification[0m [1;30mLevel 1[0m _identify(data/20260325_143355_session/1_capture/intermediate) by extension 'colcon_pkg'
[0.337s] [34mcolcon.colcon_core.package_identification[0m [1;30mLevel 1[0m _identify(data/20260325_143355_session/1_capture/intermediate) by extensions ['colcon_meta']
[0.337s] [34mcolcon.colcon_core.package_identification[0m [1;30mLevel 1[0m _identify(data/20260325_143355_session/1_capture/intermediate) by extension 'colcon_meta'
[0.337s] [34mcolcon.colcon_core.package_identification[0m [1;30mLevel 1[0m _identify(data/20260325_143355_session/1_capture/intermediate) by extensions ['ros']
[0.337s] [34mcolcon.colcon_core.package_identification[0m [1;30mLevel 1[0m _identify(data/20260325_143355_session/1_capture/intermediate) by extension 'ros'
[0.337s] [34mcolcon.colcon_core.package_identification[0m [1;30mLevel 1[0m _identify(data/20260325_143355_session/1_capture/intermediate) by extensions ['cmake', 'python']
[0.337s] [34mcolcon.colcon_core.package_identification[0m [1;30mLevel 1[0m _identify(data/20260325_143355_session/1_capture/intermediate) by extension 'cmake'
[0.337s] [34mcolcon.colcon_core.package_identification[0m [1;30mLevel 1[0m _identify(data/20260325_143355_session/1_capture/intermediate) by extension 'python'
[0.337s] [34mcolcon.colcon_core.package_identification[0m [1;30mLevel 1[0m _identify(data/20260325_143355_session/1_capture/intermediate) by extensions ['python_setup_py']
[0.337s] [34mcolcon.colcon_core.package_identification[0m [1;30mLevel 1[0m _identify(data/20260325_143355_session/1_capture/intermediate) by extension 'python_setup_py'
[0.337s] [34mcolcon.colcon_core.package_identification[0m [1;30mLevel 1[0m _identify(data/20260325_143355_session/1_capture/processed) by extensions ['ignore', 'ignore_ament_install']
[0.337s] [34mcolcon.colcon_core.package_identification[0m [1;30mLevel 1[0m _identify(data/20260325_143355_session/1_capture/processed) by extension 'ignore'
[0.337s] [34mcolcon.colcon_core.package_identification[0m [1;30mLevel 1[0m _identify(data/20260325_143355_session/1_capture/processed) by extension 'ignore_ament_install'
[0.337s] [34mcolcon.colcon_core.package_identification[0m [1;30mLevel 1[0m _identify(data/20260325_143355_session/1_capture/processed) by extensions ['colcon_pkg']
[0.337s] [34mcolcon.colcon_core.package_identification[0m [1;30mLevel 1[0m _identify(data/20260325_143355_session/1_capture/processed) by extension 'colcon_pkg'
[0.338s] [34mcolcon.colcon_core.package_identification[0m [1;30mLevel 1[0m _identify(data/20260325_143355_session/1_capture/processed) by extensions ['colcon_meta']
[0.338s] [34mcolcon.colcon_core.package_identification[0m [1;30mLevel 1[0m _identify(data/20260325_143355_session/1_capture/processed) by extension 'colcon_meta'
[0.338s] [34mcolcon.colcon_core.package_identification[0m [1;30mLevel 1[0m _identify(data/20260325_143355_session/1_capture/processed) by extensions ['ros']
[0.338s] [34mcolcon.colcon_core.package_identification[0m [1;30mLevel 1[0m _identify(data/20260325_143355_session/1_capture/processed) by extension 'ros'
[0.338s] [34mcolcon.colcon_core.package_identification[0m [1;30mLevel 1[0m _identify(data/20260325_143355_session/1_capture/processed) by extensions ['cmake', 'python']
[0.338s] [34mcolcon.colcon_core.package_identification[0m [1;30mLevel 1[0m _identify(data/20260325_143355_session/1_capture/processed) by extension 'cmake'
[0.338s] [34mcolcon.colcon_core.package_identification[0m [1;30mLevel 1[0m _identify(data/20260325_143355_session/1_capture/processed) by extension 'python'
[0.338s] [34mcolcon.colcon_core.package_identification[0m [1;30mLevel 1[0m _identify(data/20260325_143355_session/1_capture/processed) by extensions ['python_setup_py']
[0.338s] [34mcolcon.colcon_core.package_identification[0m [1;30mLevel 1[0m _identify(data/20260325_143355_session/1_capture/processed) by extension 'python_setup_py'
[0.338s] [34mcolcon.colcon_core.package_identification[0m [1;30mLevel 1[0m _identify(data/20260325_143355_session/1_capture/raw) by extensions ['ignore', 'ignore_ament_install']
[0.338s] [34mcolcon.colcon_core.package_identification[0m [1;30mLevel 1[0m _identify(data/20260325_143355_session/1_capture/raw) by extension 'ignore'
[0.338s] [34mcolcon.colcon_core.package_identification[0m [1;30mLevel 1[0m _identify(data/20260325_143355_session/1_capture/raw) by extension 'ignore_ament_install'
[0.338s] [34mcolcon.colcon_core.package_identification[0m [1;30mLevel 1[0m _identify(data/20260325_143355_session/1_capture/raw) by extensions ['colcon_pkg']
[0.338s] [34mcolcon.colcon_core.package_identification[0m [1;30mLevel 1[0m _identify(data/20260325_143355_session/1_capture/raw) by extension 'colcon_pkg'
[0.338s] [34mcolcon.colcon_core.package_identification[0m [1;30mLevel 1[0m _identify(data/20260325_143355_session/1_capture/raw) by extensions ['colcon_meta']
[0.338s] [34mcolcon.colcon_core.package_identification[0m [1;30mLevel 1[0m _identify(data/20260325_143355_session/1_capture/raw) by extension 'colcon_meta'
[0.338s] [34mcolcon.colcon_core.package_identification[0m [1;30mLevel 1[0m _identify(data/20260325_143355_session/1_capture/raw) by extensions ['ros']
[0.338s] [34mcolcon.colcon_core.package_identification[0m [1;30mLevel 1[0m _identify(data/20260325_143355_session/1_capture/raw) by extension 'ros'
[0.338s] [34mcolcon.colcon_core.package_identification[0m [1;30mLevel 1[0m _identify(data/20260325_143355_session/1_capture/raw) by extensions ['cmake', 'python']
[0.338s] [34mcolcon.colcon_core.package_identification[0m [1;30mLevel 1[0m _identify(data/20260325_143355_session/1_capture/raw) by extension 'cmake'
[0.338s] [34mcolcon.colcon_core.package_identification[0m [1;30mLevel 1[0m _identify(data/20260325_143355_session/1_capture/raw) by extension 'python'
[0.338s] [34mcolcon.colcon_core.package_identification[0m [1;30mLevel 1[0m _identify(data/20260325_143355_session/1_capture/raw) by extensions ['python_setup_py']
[0.339s] [34mcolcon.colcon_core.package_identification[0m [1;30mLevel 1[0m _identify(data/20260325_143355_session/1_capture/raw) by extension 'python_setup_py'
[0.339s] [34mcolcon.colcon_core.package_identification[0m [1;30mLevel 1[0m _identify(data/20260325_143355_session/2_capture) by extensions ['ignore', 'ignore_ament_install']
[0.339s] [34mcolcon.colcon_core.package_identification[0m [1;30mLevel 1[0m _identify(data/20260325_143355_session/2_capture) by extension 'ignore'
[0.339s] [34mcolcon.colcon_core.package_identification[0m [1;30mLevel 1[0m _identify(data/20260325_143355_session/2_capture) by extension 'ignore_ament_install'
[0.339s] [34mcolcon.colcon_core.package_identification[0m [1;30mLevel 1[0m _identify(data/20260325_143355_session/2_capture) by extensions ['colcon_pkg']
[0.339s] [34mcolcon.colcon_core.package_identification[0m [1;30mLevel 1[0m _identify(data/20260325_143355_session/2_capture) by extension 'colcon_pkg'
[0.339s] [34mcolcon.colcon_core.package_identification[0m [1;30mLevel 1[0m _identify(data/20260325_143355_session/2_capture) by extensions ['colcon_meta']
[0.339s] [34mcolcon.colcon_core.package_identification[0m [1;30mLevel 1[0m _identify(data/20260325_143355_session/2_capture) by extension 'colcon_meta'
[0.339s] [34mcolcon.colcon_core.package_identification[0m [1;30mLevel 1[0m _identify(data/20260325_143355_session/2_capture) by extensions ['ros']
[0.339s] [34mcolcon.colcon_core.package_identification[0m [1;30mLevel 1[0m _identify(data/20260325_143355_session/2_capture) by extension 'ros'
[0.339s] [34mcolcon.colcon_core.package_identification[0m [1;30mLevel 1[0m _identify(data/20260325_143355_session/2_capture) by extensions ['cmake', 'python']
[0.339s] [34mcolcon.colcon_core.package_identification[0m [1;30mLevel 1[0m _identify(data/20260325_143355_session/2_capture) by extension 'cmake'
[0.339s] [34mcolcon.colcon_core.package_identification[0m [1;30mLevel 1[0m _identify(data/20260325_143355_session/2_capture) by extension 'python'
[0.339s] [34mcolcon.colcon_core.package_identification[0m [1;30mLevel 1[0m _identify(data/20260325_143355_session/2_capture) by extensions ['python_setup_py']
[0.339s] [34mcolcon.colcon_core.package_identification[0m [1;30mLevel 1[0m _identify(data/20260325_143355_session/2_capture) by extension 'python_setup_py'
[0.339s] [34mcolcon.colcon_core.package_identification[0m [1;30mLevel 1[0m _identify(data/20260325_143355_session/2_capture/intermediate) by extensions ['ignore', 'ignore_ament_install']
[0.339s] [34mcolcon.colcon_core.package_identification[0m [1;30mLevel 1[0m _identify(data/20260325_143355_session/2_capture/intermediate) by extension 'ignore'
[0.339s] [34mcolcon.colcon_core.package_identification[0m [1;30mLevel 1[0m _identify(data/20260325_143355_session/2_capture/intermediate) by extension 'ignore_ament_install'
[0.339s] [34mcolcon.colcon_core.package_identification[0m [1;30mLevel 1[0m _identify(data/20260325_143355_session/2_capture/intermediate) by extensions ['colcon_pkg']
[0.339s] [34mcolcon.colcon_core.package_identification[0m [1;30mLevel 1[0m _identify(data/20260325_143355_session/2_capture/intermediate) by extension 'colcon_pkg'
[0.339s] [34mcolcon.colcon_core.package_identification[0m [1;30mLevel 1[0m _identify(data/20260325_143355_session/2_capture/intermediate) by extensions ['colcon_meta']
[0.339s] [34mcolcon.colcon_core.package_identification[0m [1;30mLevel 1[0m _identify(data/20260325_143355_session/2_capture/intermediate) by extension 'colcon_meta'
[0.339s] [34mcolcon.colcon_core.package_identification[0m [1;30mLevel 1[0m _identify(data/20260325_143355_session/2_capture/intermediate) by extensions ['ros']
[0.339s] [34mcolcon.colcon_core.package_identification[0m [1;30mLevel 1[0m _identify(data/20260325_143355_session/2_capture/intermediate) by extension 'ros'
[0.340s] [34mcolcon.colcon_core.package_identification[0m [1;30mLevel 1[0m _identify(data/20260325_143355_session/2_capture/intermediate) by extensions ['cmake', 'python']
[0.340s] [34mcolcon.colcon_core.package_identification[0m [1;30mLevel 1[0m _identify(data/20260325_143355_session/2_capture/intermediate) by extension 'cmake'
[0.340s] [34mcolcon.colcon_core.package_identification[0m [1;30mLevel 1[0m _identify(data/20260325_143355_session/2_capture/intermediate) by extension 'python'
[0.340s] [34mcolcon.colcon_core.package_identification[0m [1;30mLevel 1[0m _identify(data/20260325_143355_session/2_capture/intermediate) by extensions ['python_setup_py']
[0.340s] [34mcolcon.colcon_core.package_identification[0m [1;30mLevel 1[0m _identify(data/20260325_143355_session/2_capture/intermediate) by extension 'python_setup_py'
[0.340s] [34mcolcon.colcon_core.package_identification[0m [1;30mLevel 1[0m _identify(data/20260325_143355_session/2_capture/processed) by extensions ['ignore', 'ignore_ament_install']
[0.340s] [34mcolcon.colcon_core.package_identification[0m [1;30mLevel 1[0m _identify(data/20260325_143355_session/2_capture/processed) by extension 'ignore'
[0.340s] [34mcolcon.colcon_core.package_identification[0m [1;30mLevel 1[0m _identify(data/20260325_143355_session/2_capture/processed) by extension 'ignore_ament_install'
[0.340s] [34mcolcon.colcon_core.package_identification[0m [1;30mLevel 1[0m _identify(data/20260325_143355_session/2_capture/processed) by extensions ['colcon_pkg']
[0.340s] [34mcolcon.colcon_core.package_identification[0m [1;30mLevel 1[0m _identify(data/20260325_143355_session/2_capture/processed) by extension 'colcon_pkg'
[0.340s] [34mcolcon.colcon_core.package_identification[0m [1;30mLevel 1[0m _identify(data/20260325_143355_session/2_capture/processed) by extensions ['colcon_meta']
[0.340s] [34mcolcon.colcon_core.package_identification[0m [1;30mLevel 1[0m _identify(data/20260325_143355_session/2_capture/processed) by extension 'colcon_meta'
[0.340s] [34mcolcon.colcon_core.package_identification[0m [1;30mLevel 1[0m _identify(data/20260325_143355_session/2_capture/processed) by extensions ['ros']
[0.340s] [34mcolcon.colcon_core.package_identification[0m [1;30mLevel 1[0m _identify(data/20260325_143355_session/2_capture/processed) by extension 'ros'
[0.340s] [34mcolcon.colcon_core.package_identification[0m [1;30mLevel 1[0m _identify(data/20260325_143355_session/2_capture/processed) by extensions ['cmake', 'python']
[0.340s] [34mcolcon.colcon_core.package_identification[0m [1;30mLevel 1[0m _identify(data/20260325_143355_session/2_capture/processed) by extension 'cmake'
[0.340s] [34mcolcon.colcon_core.package_identification[0m [1;30mLevel 1[0m _identify(data/20260325_143355_session/2_capture/processed) by extension 'python'
[0.340s] [34mcolcon.colcon_core.package_identification[0m [1;30mLevel 1[0m _identify(data/20260325_143355_session/2_capture/processed) by extensions ['python_setup_py']
[0.340s] [34mcolcon.colcon_core.package_identification[0m [1;30mLevel 1[0m _identify(data/20260325_143355_session/2_capture/processed) by extension 'python_setup_py'
[0.340s] [34mcolcon.colcon_core.package_identification[0m [1;30mLevel 1[0m _identify(data/20260325_143355_session/2_capture/raw) by extensions ['ignore', 'ignore_ament_install']
[0.340s] [34mcolcon.colcon_core.package_identification[0m [1;30mLevel 1[0m _identify(data/20260325_143355_session/2_capture/raw) by extension 'ignore'
[0.340s] [34mcolcon.colcon_core.package_identification[0m [1;30mLevel 1[0m _identify(data/20260325_143355_session/2_capture/raw) by extension 'ignore_ament_install'
[0.340s] [34mcolcon.colcon_core.package_identification[0m [1;30mLevel 1[0m _identify(data/20260325_143355_session/2_capture/raw) by extensions ['colcon_pkg']
[0.340s] [34mcolcon.colcon_core.package_identification[0m [1;30mLevel 1[0m _identify(data/20260325_143355_session/2_capture/raw) by extension 'colcon_pkg'
[0.340s] [34mcolcon.colcon_core.package_identification[0m [1;30mLevel 1[0m _identify(data/20260325_143355_session/2_capture/raw) by extensions ['colcon_meta']
[0.341s] [34mcolcon.colcon_core.package_identification[0m [1;30mLevel 1[0m _identify(data/20260325_143355_session/2_capture/raw) by extension 'colcon_meta'
[0.341s] [34mcolcon.colcon_core.package_identification[0m [1;30mLevel 1[0m _identify(data/20260325_143355_session/2_capture/raw) by extensions ['ros']
[0.341s] [34mcolcon.colcon_core.package_identification[0m [1;30mLevel 1[0m _identify(data/20260325_143355_session/2_capture/raw) by extension 'ros'
[0.341s] [34mcolcon.colcon_core.package_identification[0m [1;30mLevel 1[0m _identify(data/20260325_143355_session/2_capture/raw) by extensions ['cmake', 'python']
[0.341s] [34mcolcon.colcon_core.package_identification[0m [1;30mLevel 1[0m _identify(data/20260325_143355_session/2_capture/raw) by extension 'cmake'
[0.341s] [34mcolcon.colcon_core.package_identification[0m [1;30mLevel 1[0m _identify(data/20260325_143355_session/2_capture/raw) by extension 'python'
[0.341s] [34mcolcon.colcon_core.package_identification[0m [1;30mLevel 1[0m _identify(data/20260325_143355_session/2_capture/raw) by extensions ['python_setup_py']
[0.341s] [34mcolcon.colcon_core.package_identification[0m [1;30mLevel 1[0m _identify(data/20260325_143355_session/2_capture/raw) by extension 'python_setup_py'
[0.341s] [34mcolcon.colcon_core.package_identification[0m [1;30mLevel 1[0m _identify(data/20260401_174746_session) by extensions ['ignore', 'ignore_ament_install']
[0.341s] [34mcolcon.colcon_core.package_identification[0m [1;30mLevel 1[0m _identify(data/20260401_174746_session) by extension 'ignore'
[0.341s] [34mcolcon.colcon_core.package_identification[0m [1;30mLevel 1[0m _identify(data/20260401_174746_session) by extension 'ignore_ament_install'
[0.341s] [34mcolcon.colcon_core.package_identification[0m [1;30mLevel 1[0m _identify(data/20260401_174746_session) by extensions ['colcon_pkg']
[0.341s] [34mcolcon.colcon_core.package_identification[0m [1;30mLevel 1[0m _identify(data/20260401_174746_session) by extension 'colcon_pkg'
[0.341s] [34mcolcon.colcon_core.package_identification[0m [1;30mLevel 1[0m _identify(data/20260401_174746_session) by extensions ['colcon_meta']
[0.341s] [34mcolcon.colcon_core.package_identification[0m [1;30mLevel 1[0m _identify(data/20260401_174746_session) by extension 'colcon_meta'
[0.341s] [34mcolcon.colcon_core.package_identification[0m [1;30mLevel 1[0m _identify(data/20260401_174746_session) by extensions ['ros']
[0.341s] [34mcolcon.colcon_core.package_identification[0m [1;30mLevel 1[0m _identify(data/20260401_174746_session) by extension 'ros'
[0.341s] [34mcolcon.colcon_core.package_identification[0m [1;30mLevel 1[0m _identify(data/20260401_174746_session) by extensions ['cmake', 'python']
[0.341s] [34mcolcon.colcon_core.package_identification[0m [1;30mLevel 1[0m _identify(data/20260401_174746_session) by extension 'cmake'
[0.341s] [34mcolcon.colcon_core.package_identification[0m [1;30mLevel 1[0m _identify(data/20260401_174746_session) by extension 'python'
[0.341s] [34mcolcon.colcon_core.package_identification[0m [1;30mLevel 1[0m _identify(data/20260401_174746_session) by extensions ['python_setup_py']
[0.341s] [34mcolcon.colcon_core.package_identification[0m [1;30mLevel 1[0m _identify(data/20260401_174746_session) by extension 'python_setup_py'
[0.341s] [34mcolcon.colcon_core.package_identification[0m [1;30mLevel 1[0m _identify(data/20260401_174746_session/1_capture) by extensions ['ignore', 'ignore_ament_install']
[0.341s] [34mcolcon.colcon_core.package_identification[0m [1;30mLevel 1[0m _identify(data/20260401_174746_session/1_capture) by extension 'ignore'
[0.341s] [34mcolcon.colcon_core.package_identification[0m [1;30mLevel 1[0m _identify(data/20260401_174746_session/1_capture) by extension 'ignore_ament_install'
[0.342s] [34mcolcon.colcon_core.package_identification[0m [1;30mLevel 1[0m _identify(data/20260401_174746_session/1_capture) by extensions ['colcon_pkg']
[0.342s] [34mcolcon.colcon_core.package_identification[0m [1;30mLevel 1[0m _identify(data/20260401_174746_session/1_capture) by extension 'colcon_pkg'
[0.342s] [34mcolcon.colcon_core.package_identification[0m [1;30mLevel 1[0m _identify(data/20260401_174746_session/1_capture) by extensions ['colcon_meta']
[0.342s] [34mcolcon.colcon_core.package_identification[0m [1;30mLevel 1[0m _identify(data/20260401_174746_session/1_capture) by extension 'colcon_meta'
[0.342s] [34mcolcon.colcon_core.package_identification[0m [1;30mLevel 1[0m _identify(data/20260401_174746_session/1_capture) by extensions ['ros']
[0.342s] [34mcolcon.colcon_core.package_identification[0m [1;30mLevel 1[0m _identify(data/20260401_174746_session/1_capture) by extension 'ros'
[0.342s] [34mcolcon.colcon_core.package_identification[0m [1;30mLevel 1[0m _identify(data/20260401_174746_session/1_capture) by extensions ['cmake', 'python']
[0.342s] [34mcolcon.colcon_core.package_identification[0m [1;30mLevel 1[0m _identify(data/20260401_174746_session/1_capture) by extension 'cmake'
[0.342s] [34mcolcon.colcon_core.package_identification[0m [1;30mLevel 1[0m _identify(data/20260401_174746_session/1_capture) by extension 'python'
[0.342s] [34mcolcon.colcon_core.package_identification[0m [1;30mLevel 1[0m _identify(data/20260401_174746_session/1_capture) by extensions ['python_setup_py']
[0.342s] [34mcolcon.colcon_core.package_identification[0m [1;30mLevel 1[0m _identify(data/20260401_174746_session/1_capture) by extension 'python_setup_py'
[0.342s] [34mcolcon.colcon_core.package_identification[0m [1;30mLevel 1[0m _identify(data/20260401_174746_session/1_capture/intermediate) by extensions ['ignore', 'ignore_ament_install']
[0.342s] [34mcolcon.colcon_core.package_identification[0m [1;30mLevel 1[0m _identify(data/20260401_174746_session/1_capture/intermediate) by extension 'ignore'
[0.342s] [34mcolcon.colcon_core.package_identification[0m [1;30mLevel 1[0m _identify(data/20260401_174746_session/1_capture/intermediate) by extension 'ignore_ament_install'
[0.342s] [34mcolcon.colcon_core.package_identification[0m [1;30mLevel 1[0m _identify(data/20260401_174746_session/1_capture/intermediate) by extensions ['colcon_pkg']
[0.342s] [34mcolcon.colcon_core.package_identification[0m [1;30mLevel 1[0m _identify(data/20260401_174746_session/1_capture/intermediate) by extension 'colcon_pkg'
[0.342s] [34mcolcon.colcon_core.package_identification[0m [1;30mLevel 1[0m _identify(data/20260401_174746_session/1_capture/intermediate) by extensions ['colcon_meta']
[0.342s] [34mcolcon.colcon_core.package_identification[0m [1;30mLevel 1[0m _identify(data/20260401_174746_session/1_capture/intermediate) by extension 'colcon_meta'
[0.342s] [34mcolcon.colcon_core.package_identification[0m [1;30mLevel 1[0m _identify(data/20260401_174746_session/1_capture/intermediate) by extensions ['ros']
[0.342s] [34mcolcon.colcon_core.package_identification[0m [1;30mLevel 1[0m _identify(data/20260401_174746_session/1_capture/intermediate) by extension 'ros'
[0.342s] [34mcolcon.colcon_core.package_identification[0m [1;30mLevel 1[0m _identify(data/20260401_174746_session/1_capture/intermediate) by extensions ['cmake', 'python']
[0.342s] [34mcolcon.colcon_core.package_identification[0m [1;30mLevel 1[0m _identify(data/20260401_174746_session/1_capture/intermediate) by extension 'cmake'
[0.342s] [34mcolcon.colcon_core.package_identification[0m [1;30mLevel 1[0m _identify(data/20260401_174746_session/1_capture/intermediate) by extension 'python'
[0.342s] [34mcolcon.colcon_core.package_identification[0m [1;30mLevel 1[0m _identify(data/20260401_174746_session/1_capture/intermediate) by extensions ['python_setup_py']
[0.342s] [34mcolcon.colcon_core.package_identification[0m [1;30mLevel 1[0m _identify(data/20260401_174746_session/1_capture/intermediate) by extension 'python_setup_py'
[0.342s] [34mcolcon.colcon_core.package_identification[0m [1;30mLevel 1[0m _identify(data/20260401_174746_session/1_capture/processed) by extensions ['ignore', 'ignore_ament_install']
[0.343s] [34mcolcon.colcon_core.package_identification[0m [1;30mLevel 1[0m _identify(data/20260401_174746_session/1_capture/processed) by extension 'ignore'
[0.343s] [34mcolcon.colcon_core.package_identification[0m [1;30mLevel 1[0m _identify(data/20260401_174746_session/1_capture/processed) by extension 'ignore_ament_install'
[0.343s] [34mcolcon.colcon_core.package_identification[0m [1;30mLevel 1[0m _identify(data/20260401_174746_session/1_capture/processed) by extensions ['colcon_pkg']
[0.343s] [34mcolcon.colcon_core.package_identification[0m [1;30mLevel 1[0m _identify(data/20260401_174746_session/1_capture/processed) by extension 'colcon_pkg'
[0.343s] [34mcolcon.colcon_core.package_identification[0m [1;30mLevel 1[0m _identify(data/20260401_174746_session/1_capture/processed) by extensions ['colcon_meta']
[0.343s] [34mcolcon.colcon_core.package_identification[0m [1;30mLevel 1[0m _identify(data/20260401_174746_session/1_capture/processed) by extension 'colcon_meta'
[0.343s] [34mcolcon.colcon_core.package_identification[0m [1;30mLevel 1[0m _identify(data/20260401_174746_session/1_capture/processed) by extensions ['ros']
[0.343s] [34mcolcon.colcon_core.package_identification[0m [1;30mLevel 1[0m _identify(data/20260401_174746_session/1_capture/processed) by extension 'ros'
[0.343s] [34mcolcon.colcon_core.package_identification[0m [1;30mLevel 1[0m _identify(data/20260401_174746_session/1_capture/processed) by extensions ['cmake', 'python']
[0.343s] [34mcolcon.colcon_core.package_identification[0m [1;30mLevel 1[0m _identify(data/20260401_174746_session/1_capture/processed) by extension 'cmake'
[0.343s] [34mcolcon.colcon_core.package_identification[0m [1;30mLevel 1[0m _identify(data/20260401_174746_session/1_capture/processed) by extension 'python'
[0.343s] [34mcolcon.colcon_core.package_identification[0m [1;30mLevel 1[0m _identify(data/20260401_174746_session/1_capture/processed) by extensions ['python_setup_py']
[0.343s] [34mcolcon.colcon_core.package_identification[0m [1;30mLevel 1[0m _identify(data/20260401_174746_session/1_capture/processed) by extension 'python_setup_py'
[0.343s] [34mcolcon.colcon_core.package_identification[0m [1;30mLevel 1[0m _identify(data/20260401_174746_session/1_capture/raw) by extensions ['ignore', 'ignore_ament_install']
[0.343s] [34mcolcon.colcon_core.package_identification[0m [1;30mLevel 1[0m _identify(data/20260401_174746_session/1_capture/raw) by extension 'ignore'
[0.343s] [34mcolcon.colcon_core.package_identification[0m [1;30mLevel 1[0m _identify(data/20260401_174746_session/1_capture/raw) by extension 'ignore_ament_install'
[0.343s] [34mcolcon.colcon_core.package_identification[0m [1;30mLevel 1[0m _identify(data/20260401_174746_session/1_capture/raw) by extensions ['colcon_pkg']
[0.343s] [34mcolcon.colcon_core.package_identification[0m [1;30mLevel 1[0m _identify(data/20260401_174746_session/1_capture/raw) by extension 'colcon_pkg'
[0.343s] [34mcolcon.colcon_core.package_identification[0m [1;30mLevel 1[0m _identify(data/20260401_174746_session/1_capture/raw) by extensions ['colcon_meta']
[0.343s] [34mcolcon.colcon_core.package_identification[0m [1;30mLevel 1[0m _identify(data/20260401_174746_session/1_capture/raw) by extension 'colcon_meta'
[0.343s] [34mcolcon.colcon_core.package_identification[0m [1;30mLevel 1[0m _identify(data/20260401_174746_session/1_capture/raw) by extensions ['ros']
[0.343s] [34mcolcon.colcon_core.package_identification[0m [1;30mLevel 1[0m _identify(data/20260401_174746_session/1_capture/raw) by extension 'ros'
[0.343s] [34mcolcon.colcon_core.package_identification[0m [1;30mLevel 1[0m _identify(data/20260401_174746_session/1_capture/raw) by extensions ['cmake', 'python']
[0.343s] [34mcolcon.colcon_core.package_identification[0m [1;30mLevel 1[0m _identify(data/20260401_174746_session/1_capture/raw) by extension 'cmake'
[0.343s] [34mcolcon.colcon_core.package_identification[0m [1;30mLevel 1[0m _identify(data/20260401_174746_session/1_capture/raw) by extension 'python'
[0.344s] [34mcolcon.colcon_core.package_identification[0m [1;30mLevel 1[0m _identify(data/20260401_174746_session/1_capture/raw) by extensions ['python_setup_py']
[0.344s] [34mcolcon.colcon_core.package_identification[0m [1;30mLevel 1[0m _identify(data/20260401_174746_session/1_capture/raw) by extension 'python_setup_py'
[0.344s] [34mcolcon.colcon_core.package_identification[0m [1;30mLevel 1[0m _identify(data/20260401_174746_session/2_capture) by extensions ['ignore', 'ignore_ament_install']
[0.344s] [34mcolcon.colcon_core.package_identification[0m [1;30mLevel 1[0m _identify(data/20260401_174746_session/2_capture) by extension 'ignore'
[0.344s] [34mcolcon.colcon_core.package_identification[0m [1;30mLevel 1[0m _identify(data/20260401_174746_session/2_capture) by extension 'ignore_ament_install'
[0.344s] [34mcolcon.colcon_core.package_identification[0m [1;30mLevel 1[0m _identify(data/20260401_174746_session/2_capture) by extensions ['colcon_pkg']
[0.344s] [34mcolcon.colcon_core.package_identification[0m [1;30mLevel 1[0m _identify(data/20260401_174746_session/2_capture) by extension 'colcon_pkg'
[0.344s] [34mcolcon.colcon_core.package_identification[0m [1;30mLevel 1[0m _identify(data/20260401_174746_session/2_capture) by extensions ['colcon_meta']
[0.344s] [34mcolcon.colcon_core.package_identification[0m [1;30mLevel 1[0m _identify(data/20260401_174746_session/2_capture) by extension 'colcon_meta'
[0.344s] [34mcolcon.colcon_core.package_identification[0m [1;30mLevel 1[0m _identify(data/20260401_174746_session/2_capture) by extensions ['ros']
[0.344s] [34mcolcon.colcon_core.package_identification[0m [1;30mLevel 1[0m _identify(data/20260401_174746_session/2_capture) by extension 'ros'
[0.344s] [34mcolcon.colcon_core.package_identification[0m [1;30mLevel 1[0m _identify(data/20260401_174746_session/2_capture) by extensions ['cmake', 'python']
[0.344s] [34mcolcon.colcon_core.package_identification[0m [1;30mLevel 1[0m _identify(data/20260401_174746_session/2_capture) by extension 'cmake'
[0.344s] [34mcolcon.colcon_core.package_identification[0m [1;30mLevel 1[0m _identify(data/20260401_174746_session/2_capture) by extension 'python'
[0.344s] [34mcolcon.colcon_core.package_identification[0m [1;30mLevel 1[0m _identify(data/20260401_174746_session/2_capture) by extensions ['python_setup_py']
[0.344s] [34mcolcon.colcon_core.package_identification[0m [1;30mLevel 1[0m _identify(data/20260401_174746_session/2_capture) by extension 'python_setup_py'
[0.344s] [34mcolcon.colcon_core.package_identification[0m [1;30mLevel 1[0m _identify(data/20260401_174746_session/2_capture/intermediate) by extensions ['ignore', 'ignore_ament_install']
[0.344s] [34mcolcon.colcon_core.package_identification[0m [1;30mLevel 1[0m _identify(data/20260401_174746_session/2_capture/intermediate) by extension 'ignore'
[0.344s] [34mcolcon.colcon_core.package_identification[0m [1;30mLevel 1[0m _identify(data/20260401_174746_session/2_capture/intermediate) by extension 'ignore_ament_install'
[0.344s] [34mcolcon.colcon_core.package_identification[0m [1;30mLevel 1[0m _identify(data/20260401_174746_session/2_capture/intermediate) by extensions ['colcon_pkg']
[0.344s] [34mcolcon.colcon_core.package_identification[0m [1;30mLevel 1[0m _identify(data/20260401_174746_session/2_capture/intermediate) by extension 'colcon_pkg'
[0.344s] [34mcolcon.colcon_core.package_identification[0m [1;30mLevel 1[0m _identify(data/20260401_174746_session/2_capture/intermediate) by extensions ['colcon_meta']
[0.344s] [34mcolcon.colcon_core.package_identification[0m [1;30mLevel 1[0m _identify(data/20260401_174746_session/2_capture/intermediate) by extension 'colcon_meta'
[0.344s] [34mcolcon.colcon_core.package_identification[0m [1;30mLevel 1[0m _identify(data/20260401_174746_session/2_capture/intermediate) by extensions ['ros']
[0.345s] [34mcolcon.colcon_core.package_identification[0m [1;30mLevel 1[0m _identify(data/20260401_174746_session/2_capture/intermediate) by extension 'ros'
[0.345s] [34mcolcon.colcon_core.package_identification[0m [1;30mLevel 1[0m _identify(data/20260401_174746_session/2_capture/intermediate) by extensions ['cmake', 'python']
[0.345s] [34mcolcon.colcon_core.package_identification[0m [1;30mLevel 1[0m _identify(data/20260401_174746_session/2_capture/intermediate) by extension 'cmake'
[0.345s] [34mcolcon.colcon_core.package_identification[0m [1;30mLevel 1[0m _identify(data/20260401_174746_session/2_capture/intermediate) by extension 'python'
[0.345s] [34mcolcon.colcon_core.package_identification[0m [1;30mLevel 1[0m _identify(data/20260401_174746_session/2_capture/intermediate) by extensions ['python_setup_py']
[0.345s] [34mcolcon.colcon_core.package_identification[0m [1;30mLevel 1[0m _identify(data/20260401_174746_session/2_capture/intermediate) by extension 'python_setup_py'
[0.345s] [34mcolcon.colcon_core.package_identification[0m [1;30mLevel 1[0m _identify(data/20260401_174746_session/2_capture/processed) by extensions ['ignore', 'ignore_ament_install']
[0.345s] [34mcolcon.colcon_core.package_identification[0m [1;30mLevel 1[0m _identify(data/20260401_174746_session/2_capture/processed) by extension 'ignore'
[0.345s] [34mcolcon.colcon_core.package_identification[0m [1;30mLevel 1[0m _identify(data/20260401_174746_session/2_capture/processed) by extension 'ignore_ament_install'
[0.345s] [34mcolcon.colcon_core.package_identification[0m [1;30mLevel 1[0m _identify(data/20260401_174746_session/2_capture/processed) by extensions ['colcon_pkg']
[0.345s] [34mcolcon.colcon_core.package_identification[0m [1;30mLevel 1[0m _identify(data/20260401_174746_session/2_capture/processed) by extension 'colcon_pkg'
[0.345s] [34mcolcon.colcon_core.package_identification[0m [1;30mLevel 1[0m _identify(data/20260401_174746_session/2_capture/processed) by extensions ['colcon_meta']
[0.345s] [34mcolcon.colcon_core.package_identification[0m [1;30mLevel 1[0m _identify(data/20260401_174746_session/2_capture/processed) by extension 'colcon_meta'
[0.345s] [34mcolcon.colcon_core.package_identification[0m [1;30mLevel 1[0m _identify(data/20260401_174746_session/2_capture/processed) by extensions ['ros']
[0.345s] [34mcolcon.colcon_core.package_identification[0m [1;30mLevel 1[0m _identify(data/20260401_174746_session/2_capture/processed) by extension 'ros'
[0.345s] [34mcolcon.colcon_core.package_identification[0m [1;30mLevel 1[0m _identify(data/20260401_174746_session/2_capture/processed) by extensions ['cmake', 'python']
[0.345s] [34mcolcon.colcon_core.package_identification[0m [1;30mLevel 1[0m _identify(data/20260401_174746_session/2_capture/processed) by extension 'cmake'
[0.345s] [34mcolcon.colcon_core.package_identification[0m [1;30mLevel 1[0m _identify(data/20260401_174746_session/2_capture/processed) by extension 'python'
[0.345s] [34mcolcon.colcon_core.package_identification[0m [1;30mLevel 1[0m _identify(data/20260401_174746_session/2_capture/processed) by extensions ['python_setup_py']
[0.345s] [34mcolcon.colcon_core.package_identification[0m [1;30mLevel 1[0m _identify(data/20260401_174746_session/2_capture/processed) by extension 'python_setup_py'
[0.345s] [34mcolcon.colcon_core.package_identification[0m [1;30mLevel 1[0m _identify(data/20260401_174746_session/2_capture/raw) by extensions ['ignore', 'ignore_ament_install']
[0.345s] [34mcolcon.colcon_core.package_identification[0m [1;30mLevel 1[0m _identify(data/20260401_174746_session/2_capture/raw) by extension 'ignore'
[0.345s] [34mcolcon.colcon_core.package_identification[0m [1;30mLevel 1[0m _identify(data/20260401_174746_session/2_capture/raw) by extension 'ignore_ament_install'
[0.345s] [34mcolcon.colcon_core.package_identification[0m [1;30mLevel 1[0m _identify(data/20260401_174746_session/2_capture/raw) by extensions ['colcon_pkg']
[0.346s] [34mcolcon.colcon_core.package_identification[0m [1;30mLevel 1[0m _identify(data/20260401_174746_session/2_capture/raw) by extension 'colcon_pkg'
[0.346s] [34mcolcon.colcon_core.package_identification[0m [1;30mLevel 1[0m _identify(data/20260401_174746_session/2_capture/raw) by extensions ['colcon_meta']
[0.346s] [34mcolcon.colcon_core.package_identification[0m [1;30mLevel 1[0m _identify(data/20260401_174746_session/2_capture/raw) by extension 'colcon_meta'
[0.346s] [34mcolcon.colcon_core.package_identification[0m [1;30mLevel 1[0m _identify(data/20260401_174746_session/2_capture/raw) by extensions ['ros']
[0.346s] [34mcolcon.colcon_core.package_identification[0m [1;30mLevel 1[0m _identify(data/20260401_174746_session/2_capture/raw) by extension 'ros'
[0.346s] [34mcolcon.colcon_core.package_identification[0m [1;30mLevel 1[0m _identify(data/20260401_174746_session/2_capture/raw) by extensions ['cmake', 'python']
[0.346s] [34mcolcon.colcon_core.package_identification[0m [1;30mLevel 1[0m _identify(data/20260401_174746_session/2_capture/raw) by extension 'cmake'
[0.346s] [34mcolcon.colcon_core.package_identification[0m [1;30mLevel 1[0m _identify(data/20260401_174746_session/2_capture/raw) by extension 'python'
[0.346s] [34mcolcon.colcon_core.package_identification[0m [1;30mLevel 1[0m _identify(data/20260401_174746_session/2_capture/raw) by extensions ['python_setup_py']
[0.346s] [34mcolcon.colcon_core.package_identification[0m [1;30mLevel 1[0m _identify(data/20260401_174746_session/2_capture/raw) by extension 'python_setup_py'
[0.346s] [34mcolcon.colcon_core.package_identification[0m [1;30mLevel 1[0m _identify(data/20260510_151534_session) by extensions ['ignore', 'ignore_ament_install']
[0.346s] [34mcolcon.colcon_core.package_identification[0m [1;30mLevel 1[0m _identify(data/20260510_151534_session) by extension 'ignore'
[0.346s] [34mcolcon.colcon_core.package_identification[0m [1;30mLevel 1[0m _identify(data/20260510_151534_session) by extension 'ignore_ament_install'
[0.346s] [34mcolcon.colcon_core.package_identification[0m [1;30mLevel 1[0m _identify(data/20260510_151534_session) by extensions ['colcon_pkg']
[0.346s] [34mcolcon.colcon_core.package_identification[0m [1;30mLevel 1[0m _identify(data/20260510_151534_session) by extension 'colcon_pkg'
[0.346s] [34mcolcon.colcon_core.package_identification[0m [1;30mLevel 1[0m _identify(data/20260510_151534_session) by extensions ['colcon_meta']
[0.346s] [34mcolcon.colcon_core.package_identification[0m [1;30mLevel 1[0m _identify(data/20260510_151534_session) by extension 'colcon_meta'
[0.346s] [34mcolcon.colcon_core.package_identification[0m [1;30mLevel 1[0m _identify(data/20260510_151534_session) by extensions ['ros']
[0.346s] [34mcolcon.colcon_core.package_identification[0m [1;30mLevel 1[0m _identify(data/20260510_151534_session) by extension 'ros'
[0.346s] [34mcolcon.colcon_core.package_identification[0m [1;30mLevel 1[0m _identify(data/20260510_151534_session) by extensions ['cmake', 'python']
[0.346s] [34mcolcon.colcon_core.package_identification[0m [1;30mLevel 1[0m _identify(data/20260510_151534_session) by extension 'cmake'
[0.346s] [34mcolcon.colcon_core.package_identification[0m [1;30mLevel 1[0m _identify(data/20260510_151534_session) by extension 'python'
[0.346s] [34mcolcon.colcon_core.package_identification[0m [1;30mLevel 1[0m _identify(data/20260510_151534_session) by extensions ['python_setup_py']
[0.346s] [34mcolcon.colcon_core.package_identification[0m [1;30mLevel 1[0m _identify(data/20260510_151534_session) by extension 'python_setup_py'
[0.346s] [34mcolcon.colcon_core.package_identification[0m [1;30mLevel 1[0m _identify(data/20260510_151830_session) by extensions ['ignore', 'ignore_ament_install']
[0.346s] [34mcolcon.colcon_core.package_identification[0m [1;30mLevel 1[0m _identify(data/20260510_151830_session) by extension 'ignore'
[0.347s] [34mcolcon.colcon_core.package_identification[0m [1;30mLevel 1[0m _identify(data/20260510_151830_session) by extension 'ignore_ament_install'
[0.347s] [34mcolcon.colcon_core.package_identification[0m [1;30mLevel 1[0m _identify(data/20260510_151830_session) by extensions ['colcon_pkg']
[0.347s] [34mcolcon.colcon_core.package_identification[0m [1;30mLevel 1[0m _identify(data/20260510_151830_session) by extension 'colcon_pkg'
[0.347s] [34mcolcon.colcon_core.package_identification[0m [1;30mLevel 1[0m _identify(data/20260510_151830_session) by extensions ['colcon_meta']
[0.347s] [34mcolcon.colcon_core.package_identification[0m [1;30mLevel 1[0m _identify(data/20260510_151830_session) by extension 'colcon_meta'
[0.347s] [34mcolcon.colcon_core.package_identification[0m [1;30mLevel 1[0m _identify(data/20260510_151830_session) by extensions ['ros']
[0.347s] [34mcolcon.colcon_core.package_identification[0m [1;30mLevel 1[0m _identify(data/20260510_151830_session) by extension 'ros'
[0.347s] [34mcolcon.colcon_core.package_identification[0m [1;30mLevel 1[0m _identify(data/20260510_151830_session) by extensions ['cmake', 'python']
[0.347s] [34mcolcon.colcon_core.package_identification[0m [1;30mLevel 1[0m _identify(data/20260510_151830_session) by extension 'cmake'
[0.347s] [34mcolcon.colcon_core.package_identification[0m [1;30mLevel 1[0m _identify(data/20260510_151830_session) by extension 'python'
[0.347s] [34mcolcon.colcon_core.package_identification[0m [1;30mLevel 1[0m _identify(data/20260510_151830_session) by extensions ['python_setup_py']
[0.347s] [34mcolcon.colcon_core.package_identification[0m [1;30mLevel 1[0m _identify(data/20260510_151830_session) by extension 'python_setup_py'
[0.347s] [34mcolcon.colcon_core.package_identification[0m [1;30mLevel 1[0m _identify(data/20260510_152121_session) by extensions ['ignore', 'ignore_ament_install']
[0.347s] [34mcolcon.colcon_core.package_identification[0m [1;30mLevel 1[0m _identify(data/20260510_152121_session) by extension 'ignore'
[0.347s] [34mcolcon.colcon_core.package_identification[0m [1;30mLevel 1[0m _identify(data/20260510_152121_session) by extension 'ignore_ament_install'
[0.347s] [34mcolcon.colcon_core.package_identification[0m [1;30mLevel 1[0m _identify(data/20260510_152121_session) by extensions ['colcon_pkg']
[0.347s] [34mcolcon.colcon_core.package_identification[0m [1;30mLevel 1[0m _identify(data/20260510_152121_session) by extension 'colcon_pkg'
[0.347s] [34mcolcon.colcon_core.package_identification[0m [1;30mLevel 1[0m _identify(data/20260510_152121_session) by extensions ['colcon_meta']
[0.347s] [34mcolcon.colcon_core.package_identification[0m [1;30mLevel 1[0m _identify(data/20260510_152121_session) by extension 'colcon_meta'
[0.347s] [34mcolcon.colcon_core.package_identification[0m [1;30mLevel 1[0m _identify(data/20260510_152121_session) by extensions ['ros']
[0.347s] [34mcolcon.colcon_core.package_identification[0m [1;30mLevel 1[0m _identify(data/20260510_152121_session) by extension 'ros'
[0.347s] [34mcolcon.colcon_core.package_identification[0m [1;30mLevel 1[0m _identify(data/20260510_152121_session) by extensions ['cmake', 'python']
[0.347s] [34mcolcon.colcon_core.package_identification[0m [1;30mLevel 1[0m _identify(data/20260510_152121_session) by extension 'cmake'
[0.347s] [34mcolcon.colcon_core.package_identification[0m [1;30mLevel 1[0m _identify(data/20260510_152121_session) by extension 'python'
[0.347s] [34mcolcon.colcon_core.package_identification[0m [1;30mLevel 1[0m _identify(data/20260510_152121_session) by extensions ['python_setup_py']
[0.347s] [34mcolcon.colcon_core.package_identification[0m [1;30mLevel 1[0m _identify(data/20260510_152121_session) by extension 'python_setup_py'
[0.348s] [34mcolcon.colcon_core.package_identification[0m [1;30mLevel 1[0m _identify(data/20260510_152152_session) by extensions ['ignore', 'ignore_ament_install']
[0.348s] [34mcolcon.colcon_core.package_identification[0m [1;30mLevel 1[0m _identify(data/20260510_152152_session) by extension 'ignore'
[0.348s] [34mcolcon.colcon_core.package_identification[0m [1;30mLevel 1[0m _identify(data/20260510_152152_session) by extension 'ignore_ament_install'
[0.348s] [34mcolcon.colcon_core.package_identification[0m [1;30mLevel 1[0m _identify(data/20260510_152152_session) by extensions ['colcon_pkg']
[0.348s] [34mcolcon.colcon_core.package_identification[0m [1;30mLevel 1[0m _identify(data/20260510_152152_session) by extension 'colcon_pkg'
[0.348s] [34mcolcon.colcon_core.package_identification[0m [1;30mLevel 1[0m _identify(data/20260510_152152_session) by extensions ['colcon_meta']
[0.348s] [34mcolcon.colcon_core.package_identification[0m [1;30mLevel 1[0m _identify(data/20260510_152152_session) by extension 'colcon_meta'
[0.348s] [34mcolcon.colcon_core.package_identification[0m [1;30mLevel 1[0m _identify(data/20260510_152152_session) by extensions ['ros']
[0.348s] [34mcolcon.colcon_core.package_identification[0m [1;30mLevel 1[0m _identify(data/20260510_152152_session) by extension 'ros'
[0.348s] [34mcolcon.colcon_core.package_identification[0m [1;30mLevel 1[0m _identify(data/20260510_152152_session) by extensions ['cmake', 'python']
[0.348s] [34mcolcon.colcon_core.package_identification[0m [1;30mLevel 1[0m _identify(data/20260510_152152_session) by extension 'cmake'
[0.348s] [34mcolcon.colcon_core.package_identification[0m [1;30mLevel 1[0m _identify(data/20260510_152152_session) by extension 'python'
[0.348s] [34mcolcon.colcon_core.package_identification[0m [1;30mLevel 1[0m _identify(data/20260510_152152_session) by extensions ['python_setup_py']
[0.348s] [34mcolcon.colcon_core.package_identification[0m [1;30mLevel 1[0m _identify(data/20260510_152152_session) by extension 'python_setup_py'
[0.348s] [34mcolcon.colcon_core.package_identification[0m [1;30mLevel 1[0m _identify(data/20260510_152225_session) by extensions ['ignore', 'ignore_ament_install']
[0.348s] [34mcolcon.colcon_core.package_identification[0m [1;30mLevel 1[0m _identify(data/20260510_152225_session) by extension 'ignore'
[0.348s] [34mcolcon.colcon_core.package_identification[0m [1;30mLevel 1[0m _identify(data/20260510_152225_session) by extension 'ignore_ament_install'
[0.348s] [34mcolcon.colcon_core.package_identification[0m [1;30mLevel 1[0m _identify(data/20260510_152225_session) by extensions ['colcon_pkg']
[0.348s] [34mcolcon.colcon_core.package_identification[0m [1;30mLevel 1[0m _identify(data/20260510_152225_session) by extension 'colcon_pkg'
[0.348s] [34mcolcon.colcon_core.package_identification[0m [1;30mLevel 1[0m _identify(data/20260510_152225_session) by extensions ['colcon_meta']
[0.348s] [34mcolcon.colcon_core.package_identification[0m [1;30mLevel 1[0m _identify(data/20260510_152225_session) by extension 'colcon_meta'
[0.348s] [34mcolcon.colcon_core.package_identification[0m [1;30mLevel 1[0m _identify(data/20260510_152225_session) by extensions ['ros']
[0.349s] [34mcolcon.colcon_core.package_identification[0m [1;30mLevel 1[0m _identify(data/20260510_152225_session) by extension 'ros'
[0.349s] [34mcolcon.colcon_core.package_identification[0m [1;30mLevel 1[0m _identify(data/20260510_152225_session) by extensions ['cmake', 'python']
[0.349s] [34mcolcon.colcon_core.package_identification[0m [1;30mLevel 1[0m _identify(data/20260510_152225_session) by extension 'cmake'
[0.349s] [34mcolcon.colcon_core.package_identification[0m [1;30mLevel 1[0m _identify(data/20260510_152225_session) by extension 'python'
[0.349s] [34mcolcon.colcon_core.package_identification[0m [1;30mLevel 1[0m _identify(data/20260510_152225_session) by extensions ['python_setup_py']
[0.349s] [34mcolcon.colcon_core.package_identification[0m [1;30mLevel 1[0m _identify(data/20260510_152225_session) by extension 'python_setup_py'
[0.349s] [34mcolcon.colcon_core.package_identification[0m [1;30mLevel 1[0m _identify(data/20260510_152454_session) by extensions ['ignore', 'ignore_ament_install']
[0.349s] [34mcolcon.colcon_core.package_identification[0m [1;30mLevel 1[0m _identify(data/20260510_152454_session) by extension 'ignore'
[0.349s] [34mcolcon.colcon_core.package_identification[0m [1;30mLevel 1[0m _identify(data/20260510_152454_session) by extension 'ignore_ament_install'
[0.349s] [34mcolcon.colcon_core.package_identification[0m [1;30mLevel 1[0m _identify(data/20260510_152454_session) by extensions ['colcon_pkg']
[0.349s] [34mcolcon.colcon_core.package_identification[0m [1;30mLevel 1[0m _identify(data/20260510_152454_session) by extension 'colcon_pkg'
[0.349s] [34mcolcon.colcon_core.package_identification[0m [1;30mLevel 1[0m _identify(data/20260510_152454_session) by extensions ['colcon_meta']
[0.349s] [34mcolcon.colcon_core.package_identification[0m [1;30mLevel 1[0m _identify(data/20260510_152454_session) by extension 'colcon_meta'
[0.349s] [34mcolcon.colcon_core.package_identification[0m [1;30mLevel 1[0m _identify(data/20260510_152454_session) by extensions ['ros']
[0.349s] [34mcolcon.colcon_core.package_identification[0m [1;30mLevel 1[0m _identify(data/20260510_152454_session) by extension 'ros'
[0.349s] [34mcolcon.colcon_core.package_identification[0m [1;30mLevel 1[0m _identify(data/20260510_152454_session) by extensions ['cmake', 'python']
[0.349s] [34mcolcon.colcon_core.package_identification[0m [1;30mLevel 1[0m _identify(data/20260510_152454_session) by extension 'cmake'
[0.349s] [34mcolcon.colcon_core.package_identification[0m [1;30mLevel 1[0m _identify(data/20260510_152454_session) by extension 'python'
[0.349s] [34mcolcon.colcon_core.package_identification[0m [1;30mLevel 1[0m _identify(data/20260510_152454_session) by extensions ['python_setup_py']
[0.349s] [34mcolcon.colcon_core.package_identification[0m [1;30mLevel 1[0m _identify(data/20260510_152454_session) by extension 'python_setup_py'
[0.349s] [34mcolcon.colcon_core.package_identification[0m [1;30mLevel 1[0m _identify(data/20260510_152532_session) by extensions ['ignore', 'ignore_ament_install']
[0.349s] [34mcolcon.colcon_core.package_identification[0m [1;30mLevel 1[0m _identify(data/20260510_152532_session) by extension 'ignore'
[0.349s] [34mcolcon.colcon_core.package_identification[0m [1;30mLevel 1[0m _identify(data/20260510_152532_session) by extension 'ignore_ament_install'
[0.349s] [34mcolcon.colcon_core.package_identification[0m [1;30mLevel 1[0m _identify(data/20260510_152532_session) by extensions ['colcon_pkg']
[0.349s] [34mcolcon.colcon_core.package_identification[0m [1;30mLevel 1[0m _identify(data/20260510_152532_session) by extension 'colcon_pkg'
[0.350s] [34mcolcon.colcon_core.package_identification[0m [1;30mLevel 1[0m _identify(data/20260510_152532_session) by extensions ['colcon_meta']
[0.350s] [34mcolcon.colcon_core.package_identification[0m [1;30mLevel 1[0m _identify(data/20260510_152532_session) by extension 'colcon_meta'
[0.350s] [34mcolcon.colcon_core.package_identification[0m [1;30mLevel 1[0m _identify(data/20260510_152532_session) by extensions ['ros']
[0.350s] [34mcolcon.colcon_core.package_identification[0m [1;30mLevel 1[0m _identify(data/20260510_152532_session) by extension 'ros'
[0.350s] [34mcolcon.colcon_core.package_identification[0m [1;30mLevel 1[0m _identify(data/20260510_152532_session) by extensions ['cmake', 'python']
[0.350s] [34mcolcon.colcon_core.package_identification[0m [1;30mLevel 1[0m _identify(data/20260510_152532_session) by extension 'cmake'
[0.350s] [34mcolcon.colcon_core.package_identification[0m [1;30mLevel 1[0m _identify(data/20260510_152532_session) by extension 'python'
[0.350s] [34mcolcon.colcon_core.package_identification[0m [1;30mLevel 1[0m _identify(data/20260510_152532_session) by extensions ['python_setup_py']
[0.350s] [34mcolcon.colcon_core.package_identification[0m [1;30mLevel 1[0m _identify(data/20260510_152532_session) by extension 'python_setup_py'
[0.350s] [34mcolcon.colcon_core.package_identification[0m [1;30mLevel 1[0m _identify(data/20260510_152622_session) by extensions ['ignore', 'ignore_ament_install']
[0.350s] [34mcolcon.colcon_core.package_identification[0m [1;30mLevel 1[0m _identify(data/20260510_152622_session) by extension 'ignore'
[0.350s] [34mcolcon.colcon_core.package_identification[0m [1;30mLevel 1[0m _identify(data/20260510_152622_session) by extension 'ignore_ament_install'
[0.350s] [34mcolcon.colcon_core.package_identification[0m [1;30mLevel 1[0m _identify(data/20260510_152622_session) by extensions ['colcon_pkg']
[0.350s] [34mcolcon.colcon_core.package_identification[0m [1;30mLevel 1[0m _identify(data/20260510_152622_session) by extension 'colcon_pkg'
[0.350s] [34mcolcon.colcon_core.package_identification[0m [1;30mLevel 1[0m _identify(data/20260510_152622_session) by extensions ['colcon_meta']
[0.350s] [34mcolcon.colcon_core.package_identification[0m [1;30mLevel 1[0m _identify(data/20260510_152622_session) by extension 'colcon_meta'
[0.350s] [34mcolcon.colcon_core.package_identification[0m [1;30mLevel 1[0m _identify(data/20260510_152622_session) by extensions ['ros']
[0.350s] [34mcolcon.colcon_core.package_identification[0m [1;30mLevel 1[0m _identify(data/20260510_152622_session) by extension 'ros'
[0.350s] [34mcolcon.colcon_core.package_identification[0m [1;30mLevel 1[0m _identify(data/20260510_152622_session) by extensions ['cmake', 'python']
[0.350s] [34mcolcon.colcon_core.package_identification[0m [1;30mLevel 1[0m _identify(data/20260510_152622_session) by extension 'cmake'
[0.350s] [34mcolcon.colcon_core.package_identification[0m [1;30mLevel 1[0m _identify(data/20260510_152622_session) by extension 'python'
[0.350s] [34mcolcon.colcon_core.package_identification[0m [1;30mLevel 1[0m _identify(data/20260510_152622_session) by extensions ['python_setup_py']
[0.350s] [34mcolcon.colcon_core.package_identification[0m [1;30mLevel 1[0m _identify(data/20260510_152622_session) by extension 'python_setup_py'
[0.350s] [34mcolcon.colcon_core.package_identification[0m [1;30mLevel 1[0m _identify(data/20260510_152622_session/1_gui_capture) by extensions ['ignore', 'ignore_ament_install']
[0.350s] [34mcolcon.colcon_core.package_identification[0m [1;30mLevel 1[0m _identify(data/20260510_152622_session/1_gui_capture) by extension 'ignore'
[0.351s] [34mcolcon.colcon_core.package_identification[0m [1;30mLevel 1[0m _identify(data/20260510_152622_session/1_gui_capture) by extension 'ignore_ament_install'
[0.351s] [34mcolcon.colcon_core.package_identification[0m [1;30mLevel 1[0m _identify(data/20260510_152622_session/1_gui_capture) by extensions ['colcon_pkg']
[0.351s] [34mcolcon.colcon_core.package_identification[0m [1;30mLevel 1[0m _identify(data/20260510_152622_session/1_gui_capture) by extension 'colcon_pkg'
[0.351s] [34mcolcon.colcon_core.package_identification[0m [1;30mLevel 1[0m _identify(data/20260510_152622_session/1_gui_capture) by extensions ['colcon_meta']
[0.351s] [34mcolcon.colcon_core.package_identification[0m [1;30mLevel 1[0m _identify(data/20260510_152622_session/1_gui_capture) by extension 'colcon_meta'
[0.351s] [34mcolcon.colcon_core.package_identification[0m [1;30mLevel 1[0m _identify(data/20260510_152622_session/1_gui_capture) by extensions ['ros']
[0.351s] [34mcolcon.colcon_core.package_identification[0m [1;30mLevel 1[0m _identify(data/20260510_152622_session/1_gui_capture) by extension 'ros'
[0.351s] [34mcolcon.colcon_core.package_identification[0m [1;30mLevel 1[0m _identify(data/20260510_152622_session/1_gui_capture) by extensions ['cmake', 'python']
[0.351s] [34mcolcon.colcon_core.package_identification[0m [1;30mLevel 1[0m _identify(data/20260510_152622_session/1_gui_capture) by extension 'cmake'
[0.351s] [34mcolcon.colcon_core.package_identification[0m [1;30mLevel 1[0m _identify(data/20260510_152622_session/1_gui_capture) by extension 'python'
[0.351s] [34mcolcon.colcon_core.package_identification[0m [1;30mLevel 1[0m _identify(data/20260510_152622_session/1_gui_capture) by extensions ['python_setup_py']
[0.351s] [34mcolcon.colcon_core.package_identification[0m [1;30mLevel 1[0m _identify(data/20260510_152622_session/1_gui_capture) by extension 'python_setup_py'
[0.351s] [34mcolcon.colcon_core.package_identification[0m [1;30mLevel 1[0m _identify(data/20260510_152622_session/1_gui_capture/intermediate) by extensions ['ignore', 'ignore_ament_install']
[0.351s] [34mcolcon.colcon_core.package_identification[0m [1;30mLevel 1[0m _identify(data/20260510_152622_session/1_gui_capture/intermediate) by extension 'ignore'
[0.351s] [34mcolcon.colcon_core.package_identification[0m [1;30mLevel 1[0m _identify(data/20260510_152622_session/1_gui_capture/intermediate) by extension 'ignore_ament_install'
[0.351s] [34mcolcon.colcon_core.package_identification[0m [1;30mLevel 1[0m _identify(data/20260510_152622_session/1_gui_capture/intermediate) by extensions ['colcon_pkg']
[0.351s] [34mcolcon.colcon_core.package_identification[0m [1;30mLevel 1[0m _identify(data/20260510_152622_session/1_gui_capture/intermediate) by extension 'colcon_pkg'
[0.351s] [34mcolcon.colcon_core.package_identification[0m [1;30mLevel 1[0m _identify(data/20260510_152622_session/1_gui_capture/intermediate) by extensions ['colcon_meta']
[0.351s] [34mcolcon.colcon_core.package_identification[0m [1;30mLevel 1[0m _identify(data/20260510_152622_session/1_gui_capture/intermediate) by extension 'colcon_meta'
[0.351s] [34mcolcon.colcon_core.package_identification[0m [1;30mLevel 1[0m _identify(data/20260510_152622_session/1_gui_capture/intermediate) by extensions ['ros']
[0.351s] [34mcolcon.colcon_core.package_identification[0m [1;30mLevel 1[0m _identify(data/20260510_152622_session/1_gui_capture/intermediate) by extension 'ros'
[0.351s] [34mcolcon.colcon_core.package_identification[0m [1;30mLevel 1[0m _identify(data/20260510_152622_session/1_gui_capture/intermediate) by extensions ['cmake', 'python']
[0.351s] [34mcolcon.colcon_core.package_identification[0m [1;30mLevel 1[0m _identify(data/20260510_152622_session/1_gui_capture/intermediate) by extension 'cmake'
[0.351s] [34mcolcon.colcon_core.package_identification[0m [1;30mLevel 1[0m _identify(data/20260510_152622_session/1_gui_capture/intermediate) by extension 'python'
[0.351s] [34mcolcon.colcon_core.package_identification[0m [1;30mLevel 1[0m _identify(data/20260510_152622_session/1_gui_capture/intermediate) by extensions ['python_setup_py']
[0.351s] [34mcolcon.colcon_core.package_identification[0m [1;30mLevel 1[0m _identify(data/20260510_152622_session/1_gui_capture/intermediate) by extension 'python_setup_py'
[0.352s] [34mcolcon.colcon_core.package_identification[0m [1;30mLevel 1[0m _identify(data/20260510_152622_session/1_gui_capture/processed) by extensions ['ignore', 'ignore_ament_install']
[0.352s] [34mcolcon.colcon_core.package_identification[0m [1;30mLevel 1[0m _identify(data/20260510_152622_session/1_gui_capture/processed) by extension 'ignore'
[0.352s] [34mcolcon.colcon_core.package_identification[0m [1;30mLevel 1[0m _identify(data/20260510_152622_session/1_gui_capture/processed) by extension 'ignore_ament_install'
[0.352s] [34mcolcon.colcon_core.package_identification[0m [1;30mLevel 1[0m _identify(data/20260510_152622_session/1_gui_capture/processed) by extensions ['colcon_pkg']
[0.352s] [34mcolcon.colcon_core.package_identification[0m [1;30mLevel 1[0m _identify(data/20260510_152622_session/1_gui_capture/processed) by extension 'colcon_pkg'
[0.352s] [34mcolcon.colcon_core.package_identification[0m [1;30mLevel 1[0m _identify(data/20260510_152622_session/1_gui_capture/processed) by extensions ['colcon_meta']
[0.352s] [34mcolcon.colcon_core.package_identification[0m [1;30mLevel 1[0m _identify(data/20260510_152622_session/1_gui_capture/processed) by extension 'colcon_meta'
[0.352s] [34mcolcon.colcon_core.package_identification[0m [1;30mLevel 1[0m _identify(data/20260510_152622_session/1_gui_capture/processed) by extensions ['ros']
[0.352s] [34mcolcon.colcon_core.package_identification[0m [1;30mLevel 1[0m _identify(data/20260510_152622_session/1_gui_capture/processed) by extension 'ros'
[0.352s] [34mcolcon.colcon_core.package_identification[0m [1;30mLevel 1[0m _identify(data/20260510_152622_session/1_gui_capture/processed) by extensions ['cmake', 'python']
[0.352s] [34mcolcon.colcon_core.package_identification[0m [1;30mLevel 1[0m _identify(data/20260510_152622_session/1_gui_capture/processed) by extension 'cmake'
[0.352s] [34mcolcon.colcon_core.package_identification[0m [1;30mLevel 1[0m _identify(data/20260510_152622_session/1_gui_capture/processed) by extension 'python'
[0.352s] [34mcolcon.colcon_core.package_identification[0m [1;30mLevel 1[0m _identify(data/20260510_152622_session/1_gui_capture/processed) by extensions ['python_setup_py']
[0.352s] [34mcolcon.colcon_core.package_identification[0m [1;30mLevel 1[0m _identify(data/20260510_152622_session/1_gui_capture/processed) by extension 'python_setup_py'
[0.352s] [34mcolcon.colcon_core.package_identification[0m [1;30mLevel 1[0m _identify(data/20260510_152622_session/1_gui_capture/raw) by extensions ['ignore', 'ignore_ament_install']
[0.352s] [34mcolcon.colcon_core.package_identification[0m [1;30mLevel 1[0m _identify(data/20260510_152622_session/1_gui_capture/raw) by extension 'ignore'
[0.352s] [34mcolcon.colcon_core.package_identification[0m [1;30mLevel 1[0m _identify(data/20260510_152622_session/1_gui_capture/raw) by extension 'ignore_ament_install'
[0.352s] [34mcolcon.colcon_core.package_identification[0m [1;30mLevel 1[0m _identify(data/20260510_152622_session/1_gui_capture/raw) by extensions ['colcon_pkg']
[0.352s] [34mcolcon.colcon_core.package_identification[0m [1;30mLevel 1[0m _identify(data/20260510_152622_session/1_gui_capture/raw) by extension 'colcon_pkg'
[0.352s] [34mcolcon.colcon_core.package_identification[0m [1;30mLevel 1[0m _identify(data/20260510_152622_session/1_gui_capture/raw) by extensions ['colcon_meta']
[0.352s] [34mcolcon.colcon_core.package_identification[0m [1;30mLevel 1[0m _identify(data/20260510_152622_session/1_gui_capture/raw) by extension 'colcon_meta'
[0.352s] [34mcolcon.colcon_core.package_identification[0m [1;30mLevel 1[0m _identify(data/20260510_152622_session/1_gui_capture/raw) by extensions ['ros']
[0.352s] [34mcolcon.colcon_core.package_identification[0m [1;30mLevel 1[0m _identify(data/20260510_152622_session/1_gui_capture/raw) by extension 'ros'
[0.353s] [34mcolcon.colcon_core.package_identification[0m [1;30mLevel 1[0m _identify(data/20260510_152622_session/1_gui_capture/raw) by extensions ['cmake', 'python']
[0.353s] [34mcolcon.colcon_core.package_identification[0m [1;30mLevel 1[0m _identify(data/20260510_152622_session/1_gui_capture/raw) by extension 'cmake'
[0.353s] [34mcolcon.colcon_core.package_identification[0m [1;30mLevel 1[0m _identify(data/20260510_152622_session/1_gui_capture/raw) by extension 'python'
[0.353s] [34mcolcon.colcon_core.package_identification[0m [1;30mLevel 1[0m _identify(data/20260510_152622_session/1_gui_capture/raw) by extensions ['python_setup_py']
[0.353s] [34mcolcon.colcon_core.package_identification[0m [1;30mLevel 1[0m _identify(data/20260510_152622_session/1_gui_capture/raw) by extension 'python_setup_py'
[0.353s] [34mcolcon.colcon_core.package_identification[0m [1;30mLevel 1[0m _identify(data/20260510_153906_session) by extensions ['ignore', 'ignore_ament_install']
[0.353s] [34mcolcon.colcon_core.package_identification[0m [1;30mLevel 1[0m _identify(data/20260510_153906_session) by extension 'ignore'
[0.353s] [34mcolcon.colcon_core.package_identification[0m [1;30mLevel 1[0m _identify(data/20260510_153906_session) by extension 'ignore_ament_install'
[0.353s] [34mcolcon.colcon_core.package_identification[0m [1;30mLevel 1[0m _identify(data/20260510_153906_session) by extensions ['colcon_pkg']
[0.353s] [34mcolcon.colcon_core.package_identification[0m [1;30mLevel 1[0m _identify(data/20260510_153906_session) by extension 'colcon_pkg'
[0.353s] [34mcolcon.colcon_core.package_identification[0m [1;30mLevel 1[0m _identify(data/20260510_153906_session) by extensions ['colcon_meta']
[0.353s] [34mcolcon.colcon_core.package_identification[0m [1;30mLevel 1[0m _identify(data/20260510_153906_session) by extension 'colcon_meta'
[0.353s] [34mcolcon.colcon_core.package_identification[0m [1;30mLevel 1[0m _identify(data/20260510_153906_session) by extensions ['ros']
[0.353s] [34mcolcon.colcon_core.package_identification[0m [1;30mLevel 1[0m _identify(data/20260510_153906_session) by extension 'ros'
[0.353s] [34mcolcon.colcon_core.package_identification[0m [1;30mLevel 1[0m _identify(data/20260510_153906_session) by extensions ['cmake', 'python']
[0.353s] [34mcolcon.colcon_core.package_identification[0m [1;30mLevel 1[0m _identify(data/20260510_153906_session) by extension 'cmake'
[0.353s] [34mcolcon.colcon_core.package_identification[0m [1;30mLevel 1[0m _identify(data/20260510_153906_session) by extension 'python'
[0.353s] [34mcolcon.colcon_core.package_identification[0m [1;30mLevel 1[0m _identify(data/20260510_153906_session) by extensions ['python_setup_py']
[0.353s] [34mcolcon.colcon_core.package_identification[0m [1;30mLevel 1[0m _identify(data/20260510_153906_session) by extension 'python_setup_py'
[0.353s] [34mcolcon.colcon_core.package_identification[0m [1;30mLevel 1[0m _identify(data/20260510_153906_session/1_gui_capture) by extensions ['ignore', 'ignore_ament_install']
[0.353s] [34mcolcon.colcon_core.package_identification[0m [1;30mLevel 1[0m _identify(data/20260510_153906_session/1_gui_capture) by extension 'ignore'
[0.353s] [34mcolcon.colcon_core.package_identification[0m [1;30mLevel 1[0m _identify(data/20260510_153906_session/1_gui_capture) by extension 'ignore_ament_install'
[0.353s] [34mcolcon.colcon_core.package_identification[0m [1;30mLevel 1[0m _identify(data/20260510_153906_session/1_gui_capture) by extensions ['colcon_pkg']
[0.353s] [34mcolcon.colcon_core.package_identification[0m [1;30mLevel 1[0m _identify(data/20260510_153906_session/1_gui_capture) by extension 'colcon_pkg'
[0.353s] [34mcolcon.colcon_core.package_identification[0m [1;30mLevel 1[0m _identify(data/20260510_153906_session/1_gui_capture) by extensions ['colcon_meta']
[0.354s] [34mcolcon.colcon_core.package_identification[0m [1;30mLevel 1[0m _identify(data/20260510_153906_session/1_gui_capture) by extension 'colcon_meta'
[0.354s] [34mcolcon.colcon_core.package_identification[0m [1;30mLevel 1[0m _identify(data/20260510_153906_session/1_gui_capture) by extensions ['ros']
[0.354s] [34mcolcon.colcon_core.package_identification[0m [1;30mLevel 1[0m _identify(data/20260510_153906_session/1_gui_capture) by extension 'ros'
[0.354s] [34mcolcon.colcon_core.package_identification[0m [1;30mLevel 1[0m _identify(data/20260510_153906_session/1_gui_capture) by extensions ['cmake', 'python']
[0.354s] [34mcolcon.colcon_core.package_identification[0m [1;30mLevel 1[0m _identify(data/20260510_153906_session/1_gui_capture) by extension 'cmake'
[0.354s] [34mcolcon.colcon_core.package_identification[0m [1;30mLevel 1[0m _identify(data/20260510_153906_session/1_gui_capture) by extension 'python'
[0.354s] [34mcolcon.colcon_core.package_identification[0m [1;30mLevel 1[0m _identify(data/20260510_153906_session/1_gui_capture) by extensions ['python_setup_py']
[0.354s] [34mcolcon.colcon_core.package_identification[0m [1;30mLevel 1[0m _identify(data/20260510_153906_session/1_gui_capture) by extension 'python_setup_py'
[0.354s] [34mcolcon.colcon_core.package_identification[0m [1;30mLevel 1[0m _identify(data/20260510_153906_session/1_gui_capture/intermediate) by extensions ['ignore', 'ignore_ament_install']
[0.354s] [34mcolcon.colcon_core.package_identification[0m [1;30mLevel 1[0m _identify(data/20260510_153906_session/1_gui_capture/intermediate) by extension 'ignore'
[0.354s] [34mcolcon.colcon_core.package_identification[0m [1;30mLevel 1[0m _identify(data/20260510_153906_session/1_gui_capture/intermediate) by extension 'ignore_ament_install'
[0.354s] [34mcolcon.colcon_core.package_identification[0m [1;30mLevel 1[0m _identify(data/20260510_153906_session/1_gui_capture/intermediate) by extensions ['colcon_pkg']
[0.354s] [34mcolcon.colcon_core.package_identification[0m [1;30mLevel 1[0m _identify(data/20260510_153906_session/1_gui_capture/intermediate) by extension 'colcon_pkg'
[0.354s] [34mcolcon.colcon_core.package_identification[0m [1;30mLevel 1[0m _identify(data/20260510_153906_session/1_gui_capture/intermediate) by extensions ['colcon_meta']
[0.354s] [34mcolcon.colcon_core.package_identification[0m [1;30mLevel 1[0m _identify(data/20260510_153906_session/1_gui_capture/intermediate) by extension 'colcon_meta'
[0.354s] [34mcolcon.colcon_core.package_identification[0m [1;30mLevel 1[0m _identify(data/20260510_153906_session/1_gui_capture/intermediate) by extensions ['ros']
[0.354s] [34mcolcon.colcon_core.package_identification[0m [1;30mLevel 1[0m _identify(data/20260510_153906_session/1_gui_capture/intermediate) by extension 'ros'
[0.354s] [34mcolcon.colcon_core.package_identification[0m [1;30mLevel 1[0m _identify(data/20260510_153906_session/1_gui_capture/intermediate) by extensions ['cmake', 'python']
[0.354s] [34mcolcon.colcon_core.package_identification[0m [1;30mLevel 1[0m _identify(data/20260510_153906_session/1_gui_capture/intermediate) by extension 'cmake'
[0.354s] [34mcolcon.colcon_core.package_identification[0m [1;30mLevel 1[0m _identify(data/20260510_153906_session/1_gui_capture/intermediate) by extension 'python'
[0.354s] [34mcolcon.colcon_core.package_identification[0m [1;30mLevel 1[0m _identify(data/20260510_153906_session/1_gui_capture/intermediate) by extensions ['python_setup_py']
[0.354s] [34mcolcon.colcon_core.package_identification[0m [1;30mLevel 1[0m _identify(data/20260510_153906_session/1_gui_capture/intermediate) by extension 'python_setup_py'
[0.354s] [34mcolcon.colcon_core.package_identification[0m [1;30mLevel 1[0m _identify(data/20260510_153906_session/1_gui_capture/processed) by extensions ['ignore', 'ignore_ament_install']
[0.354s] [34mcolcon.colcon_core.package_identification[0m [1;30mLevel 1[0m _identify(data/20260510_153906_session/1_gui_capture/processed) by extension 'ignore'
[0.354s] [34mcolcon.colcon_core.package_identification[0m [1;30mLevel 1[0m _identify(data/20260510_153906_session/1_gui_capture/processed) by extension 'ignore_ament_install'
[0.355s] [34mcolcon.colcon_core.package_identification[0m [1;30mLevel 1[0m _identify(data/20260510_153906_session/1_gui_capture/processed) by extensions ['colcon_pkg']
[0.355s] [34mcolcon.colcon_core.package_identification[0m [1;30mLevel 1[0m _identify(data/20260510_153906_session/1_gui_capture/processed) by extension 'colcon_pkg'
[0.355s] [34mcolcon.colcon_core.package_identification[0m [1;30mLevel 1[0m _identify(data/20260510_153906_session/1_gui_capture/processed) by extensions ['colcon_meta']
[0.355s] [34mcolcon.colcon_core.package_identification[0m [1;30mLevel 1[0m _identify(data/20260510_153906_session/1_gui_capture/processed) by extension 'colcon_meta'
[0.355s] [34mcolcon.colcon_core.package_identification[0m [1;30mLevel 1[0m _identify(data/20260510_153906_session/1_gui_capture/processed) by extensions ['ros']
[0.355s] [34mcolcon.colcon_core.package_identification[0m [1;30mLevel 1[0m _identify(data/20260510_153906_session/1_gui_capture/processed) by extension 'ros'
[0.355s] [34mcolcon.colcon_core.package_identification[0m [1;30mLevel 1[0m _identify(data/20260510_153906_session/1_gui_capture/processed) by extensions ['cmake', 'python']
[0.355s] [34mcolcon.colcon_core.package_identification[0m [1;30mLevel 1[0m _identify(data/20260510_153906_session/1_gui_capture/processed) by extension 'cmake'
[0.355s] [34mcolcon.colcon_core.package_identification[0m [1;30mLevel 1[0m _identify(data/20260510_153906_session/1_gui_capture/processed) by extension 'python'
[0.355s] [34mcolcon.colcon_core.package_identification[0m [1;30mLevel 1[0m _identify(data/20260510_153906_session/1_gui_capture/processed) by extensions ['python_setup_py']
[0.355s] [34mcolcon.colcon_core.package_identification[0m [1;30mLevel 1[0m _identify(data/20260510_153906_session/1_gui_capture/processed) by extension 'python_setup_py'
[0.355s] [34mcolcon.colcon_core.package_identification[0m [1;30mLevel 1[0m _identify(data/20260510_153906_session/1_gui_capture/raw) by extensions ['ignore', 'ignore_ament_install']
[0.355s] [34mcolcon.colcon_core.package_identification[0m [1;30mLevel 1[0m _identify(data/20260510_153906_session/1_gui_capture/raw) by extension 'ignore'
[0.355s] [34mcolcon.colcon_core.package_identification[0m [1;30mLevel 1[0m _identify(data/20260510_153906_session/1_gui_capture/raw) by extension 'ignore_ament_install'
[0.355s] [34mcolcon.colcon_core.package_identification[0m [1;30mLevel 1[0m _identify(data/20260510_153906_session/1_gui_capture/raw) by extensions ['colcon_pkg']
[0.355s] [34mcolcon.colcon_core.package_identification[0m [1;30mLevel 1[0m _identify(data/20260510_153906_session/1_gui_capture/raw) by extension 'colcon_pkg'
[0.355s] [34mcolcon.colcon_core.package_identification[0m [1;30mLevel 1[0m _identify(data/20260510_153906_session/1_gui_capture/raw) by extensions ['colcon_meta']
[0.355s] [34mcolcon.colcon_core.package_identification[0m [1;30mLevel 1[0m _identify(data/20260510_153906_session/1_gui_capture/raw) by extension 'colcon_meta'
[0.355s] [34mcolcon.colcon_core.package_identification[0m [1;30mLevel 1[0m _identify(data/20260510_153906_session/1_gui_capture/raw) by extensions ['ros']
[0.355s] [34mcolcon.colcon_core.package_identification[0m [1;30mLevel 1[0m _identify(data/20260510_153906_session/1_gui_capture/raw) by extension 'ros'
[0.355s] [34mcolcon.colcon_core.package_identification[0m [1;30mLevel 1[0m _identify(data/20260510_153906_session/1_gui_capture/raw) by extensions ['cmake', 'python']
[0.355s] [34mcolcon.colcon_core.package_identification[0m [1;30mLevel 1[0m _identify(data/20260510_153906_session/1_gui_capture/raw) by extension 'cmake'
[0.355s] [34mcolcon.colcon_core.package_identification[0m [1;30mLevel 1[0m _identify(data/20260510_153906_session/1_gui_capture/raw) by extension 'python'
[0.355s] [34mcolcon.colcon_core.package_identification[0m [1;30mLevel 1[0m _identify(data/20260510_153906_session/1_gui_capture/raw) by extensions ['python_setup_py']
[0.355s] [34mcolcon.colcon_core.package_identification[0m [1;30mLevel 1[0m _identify(data/20260510_153906_session/1_gui_capture/raw) by extension 'python_setup_py'
[0.356s] [34mcolcon.colcon_core.package_identification[0m [1;30mLevel 1[0m _identify(data/20260510_154410_session) by extensions ['ignore', 'ignore_ament_install']
[0.356s] [34mcolcon.colcon_core.package_identification[0m [1;30mLevel 1[0m _identify(data/20260510_154410_session) by extension 'ignore'
[0.356s] [34mcolcon.colcon_core.package_identification[0m [1;30mLevel 1[0m _identify(data/20260510_154410_session) by extension 'ignore_ament_install'
[0.356s] [34mcolcon.colcon_core.package_identification[0m [1;30mLevel 1[0m _identify(data/20260510_154410_session) by extensions ['colcon_pkg']
[0.356s] [34mcolcon.colcon_core.package_identification[0m [1;30mLevel 1[0m _identify(data/20260510_154410_session) by extension 'colcon_pkg'
[0.356s] [34mcolcon.colcon_core.package_identification[0m [1;30mLevel 1[0m _identify(data/20260510_154410_session) by extensions ['colcon_meta']
[0.356s] [34mcolcon.colcon_core.package_identification[0m [1;30mLevel 1[0m _identify(data/20260510_154410_session) by extension 'colcon_meta'
[0.356s] [34mcolcon.colcon_core.package_identification[0m [1;30mLevel 1[0m _identify(data/20260510_154410_session) by extensions ['ros']
[0.356s] [34mcolcon.colcon_core.package_identification[0m [1;30mLevel 1[0m _identify(data/20260510_154410_session) by extension 'ros'
[0.356s] [34mcolcon.colcon_core.package_identification[0m [1;30mLevel 1[0m _identify(data/20260510_154410_session) by extensions ['cmake', 'python']
[0.356s] [34mcolcon.colcon_core.package_identification[0m [1;30mLevel 1[0m _identify(data/20260510_154410_session) by extension 'cmake'
[0.356s] [34mcolcon.colcon_core.package_identification[0m [1;30mLevel 1[0m _identify(data/20260510_154410_session) by extension 'python'
[0.356s] [34mcolcon.colcon_core.package_identification[0m [1;30mLevel 1[0m _identify(data/20260510_154410_session) by extensions ['python_setup_py']
[0.356s] [34mcolcon.colcon_core.package_identification[0m [1;30mLevel 1[0m _identify(data/20260510_154410_session) by extension 'python_setup_py'
[0.356s] [34mcolcon.colcon_core.package_identification[0m [1;30mLevel 1[0m _identify(data/20260510_154410_session/1_gui_capture) by extensions ['ignore', 'ignore_ament_install']
[0.356s] [34mcolcon.colcon_core.package_identification[0m [1;30mLevel 1[0m _identify(data/20260510_154410_session/1_gui_capture) by extension 'ignore'
[0.356s] [34mcolcon.colcon_core.package_identification[0m [1;30mLevel 1[0m _identify(data/20260510_154410_session/1_gui_capture) by extension 'ignore_ament_install'
[0.356s] [34mcolcon.colcon_core.package_identification[0m [1;30mLevel 1[0m _identify(data/20260510_154410_session/1_gui_capture) by extensions ['colcon_pkg']
[0.356s] [34mcolcon.colcon_core.package_identification[0m [1;30mLevel 1[0m _identify(data/20260510_154410_session/1_gui_capture) by extension 'colcon_pkg'
[0.356s] [34mcolcon.colcon_core.package_identification[0m [1;30mLevel 1[0m _identify(data/20260510_154410_session/1_gui_capture) by extensions ['colcon_meta']
[0.356s] [34mcolcon.colcon_core.package_identification[0m [1;30mLevel 1[0m _identify(data/20260510_154410_session/1_gui_capture) by extension 'colcon_meta'
[0.356s] [34mcolcon.colcon_core.package_identification[0m [1;30mLevel 1[0m _identify(data/20260510_154410_session/1_gui_capture) by extensions ['ros']
[0.356s] [34mcolcon.colcon_core.package_identification[0m [1;30mLevel 1[0m _identify(data/20260510_154410_session/1_gui_capture) by extension 'ros'
[0.356s] [34mcolcon.colcon_core.package_identification[0m [1;30mLevel 1[0m _identify(data/20260510_154410_session/1_gui_capture) by extensions ['cmake', 'python']
[0.356s] [34mcolcon.colcon_core.package_identification[0m [1;30mLevel 1[0m _identify(data/20260510_154410_session/1_gui_capture) by extension 'cmake'
[0.356s] [34mcolcon.colcon_core.package_identification[0m [1;30mLevel 1[0m _identify(data/20260510_154410_session/1_gui_capture) by extension 'python'
[0.357s] [34mcolcon.colcon_core.package_identification[0m [1;30mLevel 1[0m _identify(data/20260510_154410_session/1_gui_capture) by extensions ['python_setup_py']
[0.357s] [34mcolcon.colcon_core.package_identification[0m [1;30mLevel 1[0m _identify(data/20260510_154410_session/1_gui_capture) by extension 'python_setup_py'
[0.357s] [34mcolcon.colcon_core.package_identification[0m [1;30mLevel 1[0m _identify(data/20260510_154410_session/1_gui_capture/intermediate) by extensions ['ignore', 'ignore_ament_install']
[0.357s] [34mcolcon.colcon_core.package_identification[0m [1;30mLevel 1[0m _identify(data/20260510_154410_session/1_gui_capture/intermediate) by extension 'ignore'
[0.357s] [34mcolcon.colcon_core.package_identification[0m [1;30mLevel 1[0m _identify(data/20260510_154410_session/1_gui_capture/intermediate) by extension 'ignore_ament_install'
[0.357s] [34mcolcon.colcon_core.package_identification[0m [1;30mLevel 1[0m _identify(data/20260510_154410_session/1_gui_capture/intermediate) by extensions ['colcon_pkg']
[0.357s] [34mcolcon.colcon_core.package_identification[0m [1;30mLevel 1[0m _identify(data/20260510_154410_session/1_gui_capture/intermediate) by extension 'colcon_pkg'
[0.357s] [34mcolcon.colcon_core.package_identification[0m [1;30mLevel 1[0m _identify(data/20260510_154410_session/1_gui_capture/intermediate) by extensions ['colcon_meta']
[0.357s] [34mcolcon.colcon_core.package_identification[0m [1;30mLevel 1[0m _identify(data/20260510_154410_session/1_gui_capture/intermediate) by extension 'colcon_meta'
[0.357s] [34mcolcon.colcon_core.package_identification[0m [1;30mLevel 1[0m _identify(data/20260510_154410_session/1_gui_capture/intermediate) by extensions ['ros']
[0.357s] [34mcolcon.colcon_core.package_identification[0m [1;30mLevel 1[0m _identify(data/20260510_154410_session/1_gui_capture/intermediate) by extension 'ros'
[0.357s] [34mcolcon.colcon_core.package_identification[0m [1;30mLevel 1[0m _identify(data/20260510_154410_session/1_gui_capture/intermediate) by extensions ['cmake', 'python']
[0.357s] [34mcolcon.colcon_core.package_identification[0m [1;30mLevel 1[0m _identify(data/20260510_154410_session/1_gui_capture/intermediate) by extension 'cmake'
[0.357s] [34mcolcon.colcon_core.package_identification[0m [1;30mLevel 1[0m _identify(data/20260510_154410_session/1_gui_capture/intermediate) by extension 'python'
[0.357s] [34mcolcon.colcon_core.package_identification[0m [1;30mLevel 1[0m _identify(data/20260510_154410_session/1_gui_capture/intermediate) by extensions ['python_setup_py']
[0.357s] [34mcolcon.colcon_core.package_identification[0m [1;30mLevel 1[0m _identify(data/20260510_154410_session/1_gui_capture/intermediate) by extension 'python_setup_py'
[0.357s] [34mcolcon.colcon_core.package_identification[0m [1;30mLevel 1[0m _identify(data/20260510_154410_session/1_gui_capture/processed) by extensions ['ignore', 'ignore_ament_install']
[0.357s] [34mcolcon.colcon_core.package_identification[0m [1;30mLevel 1[0m _identify(data/20260510_154410_session/1_gui_capture/processed) by extension 'ignore'
[0.357s] [34mcolcon.colcon_core.package_identification[0m [1;30mLevel 1[0m _identify(data/20260510_154410_session/1_gui_capture/processed) by extension 'ignore_ament_install'
[0.357s] [34mcolcon.colcon_core.package_identification[0m [1;30mLevel 1[0m _identify(data/20260510_154410_session/1_gui_capture/processed) by extensions ['colcon_pkg']
[0.357s] [34mcolcon.colcon_core.package_identification[0m [1;30mLevel 1[0m _identify(data/20260510_154410_session/1_gui_capture/processed) by extension 'colcon_pkg'
[0.357s] [34mcolcon.colcon_core.package_identification[0m [1;30mLevel 1[0m _identify(data/20260510_154410_session/1_gui_capture/processed) by extensions ['colcon_meta']
[0.357s] [34mcolcon.colcon_core.package_identification[0m [1;30mLevel 1[0m _identify(data/20260510_154410_session/1_gui_capture/processed) by extension 'colcon_meta'
[0.357s] [34mcolcon.colcon_core.package_identification[0m [1;30mLevel 1[0m _identify(data/20260510_154410_session/1_gui_capture/processed) by extensions ['ros']
[0.357s] [34mcolcon.colcon_core.package_identification[0m [1;30mLevel 1[0m _identify(data/20260510_154410_session/1_gui_capture/processed) by extension 'ros'
[0.358s] [34mcolcon.colcon_core.package_identification[0m [1;30mLevel 1[0m _identify(data/20260510_154410_session/1_gui_capture/processed) by extensions ['cmake', 'python']
[0.358s] [34mcolcon.colcon_core.package_identification[0m [1;30mLevel 1[0m _identify(data/20260510_154410_session/1_gui_capture/processed) by extension 'cmake'
[0.358s] [34mcolcon.colcon_core.package_identification[0m [1;30mLevel 1[0m _identify(data/20260510_154410_session/1_gui_capture/processed) by extension 'python'
[0.358s] [34mcolcon.colcon_core.package_identification[0m [1;30mLevel 1[0m _identify(data/20260510_154410_session/1_gui_capture/processed) by extensions ['python_setup_py']
[0.358s] [34mcolcon.colcon_core.package_identification[0m [1;30mLevel 1[0m _identify(data/20260510_154410_session/1_gui_capture/processed) by extension 'python_setup_py'
[0.358s] [34mcolcon.colcon_core.package_identification[0m [1;30mLevel 1[0m _identify(data/20260510_154410_session/1_gui_capture/raw) by extensions ['ignore', 'ignore_ament_install']
[0.358s] [34mcolcon.colcon_core.package_identification[0m [1;30mLevel 1[0m _identify(data/20260510_154410_session/1_gui_capture/raw) by extension 'ignore'
[0.358s] [34mcolcon.colcon_core.package_identification[0m [1;30mLevel 1[0m _identify(data/20260510_154410_session/1_gui_capture/raw) by extension 'ignore_ament_install'
[0.358s] [34mcolcon.colcon_core.package_identification[0m [1;30mLevel 1[0m _identify(data/20260510_154410_session/1_gui_capture/raw) by extensions ['colcon_pkg']
[0.358s] [34mcolcon.colcon_core.package_identification[0m [1;30mLevel 1[0m _identify(data/20260510_154410_session/1_gui_capture/raw) by extension 'colcon_pkg'
[0.358s] [34mcolcon.colcon_core.package_identification[0m [1;30mLevel 1[0m _identify(data/20260510_154410_session/1_gui_capture/raw) by extensions ['colcon_meta']
[0.358s] [34mcolcon.colcon_core.package_identification[0m [1;30mLevel 1[0m _identify(data/20260510_154410_session/1_gui_capture/raw) by extension 'colcon_meta'
[0.358s] [34mcolcon.colcon_core.package_identification[0m [1;30mLevel 1[0m _identify(data/20260510_154410_session/1_gui_capture/raw) by extensions ['ros']
[0.358s] [34mcolcon.colcon_core.package_identification[0m [1;30mLevel 1[0m _identify(data/20260510_154410_session/1_gui_capture/raw) by extension 'ros'
[0.358s] [34mcolcon.colcon_core.package_identification[0m [1;30mLevel 1[0m _identify(data/20260510_154410_session/1_gui_capture/raw) by extensions ['cmake', 'python']
[0.358s] [34mcolcon.colcon_core.package_identification[0m [1;30mLevel 1[0m _identify(data/20260510_154410_session/1_gui_capture/raw) by extension 'cmake'
[0.358s] [34mcolcon.colcon_core.package_identification[0m [1;30mLevel 1[0m _identify(data/20260510_154410_session/1_gui_capture/raw) by extension 'python'
[0.358s] [34mcolcon.colcon_core.package_identification[0m [1;30mLevel 1[0m _identify(data/20260510_154410_session/1_gui_capture/raw) by extensions ['python_setup_py']
[0.359s] [34mcolcon.colcon_core.package_identification[0m [1;30mLevel 1[0m _identify(data/20260510_154410_session/1_gui_capture/raw) by extension 'python_setup_py'
[0.359s] [34mcolcon.colcon_core.package_identification[0m [1;30mLevel 1[0m _identify(data/20260510_155629_session) by extensions ['ignore', 'ignore_ament_install']
[0.359s] [34mcolcon.colcon_core.package_identification[0m [1;30mLevel 1[0m _identify(data/20260510_155629_session) by extension 'ignore'
[0.359s] [34mcolcon.colcon_core.package_identification[0m [1;30mLevel 1[0m _identify(data/20260510_155629_session) by extension 'ignore_ament_install'
[0.359s] [34mcolcon.colcon_core.package_identification[0m [1;30mLevel 1[0m _identify(data/20260510_155629_session) by extensions ['colcon_pkg']
[0.359s] [34mcolcon.colcon_core.package_identification[0m [1;30mLevel 1[0m _identify(data/20260510_155629_session) by extension 'colcon_pkg'
[0.359s] [34mcolcon.colcon_core.package_identification[0m [1;30mLevel 1[0m _identify(data/20260510_155629_session) by extensions ['colcon_meta']
[0.359s] [34mcolcon.colcon_core.package_identification[0m [1;30mLevel 1[0m _identify(data/20260510_155629_session) by extension 'colcon_meta'
[0.359s] [34mcolcon.colcon_core.package_identification[0m [1;30mLevel 1[0m _identify(data/20260510_155629_session) by extensions ['ros']
[0.359s] [34mcolcon.colcon_core.package_identification[0m [1;30mLevel 1[0m _identify(data/20260510_155629_session) by extension 'ros'
[0.359s] [34mcolcon.colcon_core.package_identification[0m [1;30mLevel 1[0m _identify(data/20260510_155629_session) by extensions ['cmake', 'python']
[0.359s] [34mcolcon.colcon_core.package_identification[0m [1;30mLevel 1[0m _identify(data/20260510_155629_session) by extension 'cmake'
[0.359s] [34mcolcon.colcon_core.package_identification[0m [1;30mLevel 1[0m _identify(data/20260510_155629_session) by extension 'python'
[0.359s] [34mcolcon.colcon_core.package_identification[0m [1;30mLevel 1[0m _identify(data/20260510_155629_session) by extensions ['python_setup_py']
[0.359s] [34mcolcon.colcon_core.package_identification[0m [1;30mLevel 1[0m _identify(data/20260510_155629_session) by extension 'python_setup_py'
[0.359s] [34mcolcon.colcon_core.package_identification[0m [1;30mLevel 1[0m _identify(data/20260510_160331_session) by extensions ['ignore', 'ignore_ament_install']
[0.359s] [34mcolcon.colcon_core.package_identification[0m [1;30mLevel 1[0m _identify(data/20260510_160331_session) by extension 'ignore'
[0.359s] [34mcolcon.colcon_core.package_identification[0m [1;30mLevel 1[0m _identify(data/20260510_160331_session) by extension 'ignore_ament_install'
[0.359s] [34mcolcon.colcon_core.package_identification[0m [1;30mLevel 1[0m _identify(data/20260510_160331_session) by extensions ['colcon_pkg']
[0.359s] [34mcolcon.colcon_core.package_identification[0m [1;30mLevel 1[0m _identify(data/20260510_160331_session) by extension 'colcon_pkg'
[0.359s] [34mcolcon.colcon_core.package_identification[0m [1;30mLevel 1[0m _identify(data/20260510_160331_session) by extensions ['colcon_meta']
[0.359s] [34mcolcon.colcon_core.package_identification[0m [1;30mLevel 1[0m _identify(data/20260510_160331_session) by extension 'colcon_meta'
[0.359s] [34mcolcon.colcon_core.package_identification[0m [1;30mLevel 1[0m _identify(data/20260510_160331_session) by extensions ['ros']
[0.359s] [34mcolcon.colcon_core.package_identification[0m [1;30mLevel 1[0m _identify(data/20260510_160331_session) by extension 'ros'
[0.360s] [34mcolcon.colcon_core.package_identification[0m [1;30mLevel 1[0m _identify(data/20260510_160331_session) by extensions ['cmake', 'python']
[0.360s] [34mcolcon.colcon_core.package_identification[0m [1;30mLevel 1[0m _identify(data/20260510_160331_session) by extension 'cmake'
[0.360s] [34mcolcon.colcon_core.package_identification[0m [1;30mLevel 1[0m _identify(data/20260510_160331_session) by extension 'python'
[0.360s] [34mcolcon.colcon_core.package_identification[0m [1;30mLevel 1[0m _identify(data/20260510_160331_session) by extensions ['python_setup_py']
[0.360s] [34mcolcon.colcon_core.package_identification[0m [1;30mLevel 1[0m _identify(data/20260510_160331_session) by extension 'python_setup_py'
[0.360s] [34mcolcon.colcon_core.package_identification[0m [1;30mLevel 1[0m _identify(data/20260510_160613_session) by extensions ['ignore', 'ignore_ament_install']
[0.360s] [34mcolcon.colcon_core.package_identification[0m [1;30mLevel 1[0m _identify(data/20260510_160613_session) by extension 'ignore'
[0.360s] [34mcolcon.colcon_core.package_identification[0m [1;30mLevel 1[0m _identify(data/20260510_160613_session) by extension 'ignore_ament_install'
[0.360s] [34mcolcon.colcon_core.package_identification[0m [1;30mLevel 1[0m _identify(data/20260510_160613_session) by extensions ['colcon_pkg']
[0.360s] [34mcolcon.colcon_core.package_identification[0m [1;30mLevel 1[0m _identify(data/20260510_160613_session) by extension 'colcon_pkg'
[0.360s] [34mcolcon.colcon_core.package_identification[0m [1;30mLevel 1[0m _identify(data/20260510_160613_session) by extensions ['colcon_meta']
[0.360s] [34mcolcon.colcon_core.package_identification[0m [1;30mLevel 1[0m _identify(data/20260510_160613_session) by extension 'colcon_meta'
[0.360s] [34mcolcon.colcon_core.package_identification[0m [1;30mLevel 1[0m _identify(data/20260510_160613_session) by extensions ['ros']
[0.360s] [34mcolcon.colcon_core.package_identification[0m [1;30mLevel 1[0m _identify(data/20260510_160613_session) by extension 'ros'
[0.360s] [34mcolcon.colcon_core.package_identification[0m [1;30mLevel 1[0m _identify(data/20260510_160613_session) by extensions ['cmake', 'python']
[0.360s] [34mcolcon.colcon_core.package_identification[0m [1;30mLevel 1[0m _identify(data/20260510_160613_session) by extension 'cmake'
[0.360s] [34mcolcon.colcon_core.package_identification[0m [1;30mLevel 1[0m _identify(data/20260510_160613_session) by extension 'python'
[0.360s] [34mcolcon.colcon_core.package_identification[0m [1;30mLevel 1[0m _identify(data/20260510_160613_session) by extensions ['python_setup_py']
[0.360s] [34mcolcon.colcon_core.package_identification[0m [1;30mLevel 1[0m _identify(data/20260510_160613_session) by extension 'python_setup_py'
[0.360s] [34mcolcon.colcon_core.package_identification[0m [1;30mLevel 1[0m _identify(data/20260510_162155_session) by extensions ['ignore', 'ignore_ament_install']
[0.360s] [34mcolcon.colcon_core.package_identification[0m [1;30mLevel 1[0m _identify(data/20260510_162155_session) by extension 'ignore'
[0.360s] [34mcolcon.colcon_core.package_identification[0m [1;30mLevel 1[0m _identify(data/20260510_162155_session) by extension 'ignore_ament_install'
[0.360s] [34mcolcon.colcon_core.package_identification[0m [1;30mLevel 1[0m _identify(data/20260510_162155_session) by extensions ['colcon_pkg']
[0.360s] [34mcolcon.colcon_core.package_identification[0m [1;30mLevel 1[0m _identify(data/20260510_162155_session) by extension 'colcon_pkg'
[0.360s] [34mcolcon.colcon_core.package_identification[0m [1;30mLevel 1[0m _identify(data/20260510_162155_session) by extensions ['colcon_meta']
[0.360s] [34mcolcon.colcon_core.package_identification[0m [1;30mLevel 1[0m _identify(data/20260510_162155_session) by extension 'colcon_meta'
[0.360s] [34mcolcon.colcon_core.package_identification[0m [1;30mLevel 1[0m _identify(data/20260510_162155_session) by extensions ['ros']
[0.361s] [34mcolcon.colcon_core.package_identification[0m [1;30mLevel 1[0m _identify(data/20260510_162155_session) by extension 'ros'
[0.361s] [34mcolcon.colcon_core.package_identification[0m [1;30mLevel 1[0m _identify(data/20260510_162155_session) by extensions ['cmake', 'python']
[0.361s] [34mcolcon.colcon_core.package_identification[0m [1;30mLevel 1[0m _identify(data/20260510_162155_session) by extension 'cmake'
[0.361s] [34mcolcon.colcon_core.package_identification[0m [1;30mLevel 1[0m _identify(data/20260510_162155_session) by extension 'python'
[0.361s] [34mcolcon.colcon_core.package_identification[0m [1;30mLevel 1[0m _identify(data/20260510_162155_session) by extensions ['python_setup_py']
[0.361s] [34mcolcon.colcon_core.package_identification[0m [1;30mLevel 1[0m _identify(data/20260510_162155_session) by extension 'python_setup_py'
[0.361s] [34mcolcon.colcon_core.package_identification[0m [1;30mLevel 1[0m _identify(data/20260510_162347_session) by extensions ['ignore', 'ignore_ament_install']
[0.361s] [34mcolcon.colcon_core.package_identification[0m [1;30mLevel 1[0m _identify(data/20260510_162347_session) by extension 'ignore'
[0.361s] [34mcolcon.colcon_core.package_identification[0m [1;30mLevel 1[0m _identify(data/20260510_162347_session) by extension 'ignore_ament_install'
[0.361s] [34mcolcon.colcon_core.package_identification[0m [1;30mLevel 1[0m _identify(data/20260510_162347_session) by extensions ['colcon_pkg']
[0.361s] [34mcolcon.colcon_core.package_identification[0m [1;30mLevel 1[0m _identify(data/20260510_162347_session) by extension 'colcon_pkg'
[0.361s] [34mcolcon.colcon_core.package_identification[0m [1;30mLevel 1[0m _identify(data/20260510_162347_session) by extensions ['colcon_meta']
[0.361s] [34mcolcon.colcon_core.package_identification[0m [1;30mLevel 1[0m _identify(data/20260510_162347_session) by extension 'colcon_meta'
[0.361s] [34mcolcon.colcon_core.package_identification[0m [1;30mLevel 1[0m _identify(data/20260510_162347_session) by extensions ['ros']
[0.361s] [34mcolcon.colcon_core.package_identification[0m [1;30mLevel 1[0m _identify(data/20260510_162347_session) by extension 'ros'
[0.361s] [34mcolcon.colcon_core.package_identification[0m [1;30mLevel 1[0m _identify(data/20260510_162347_session) by extensions ['cmake', 'python']
[0.361s] [34mcolcon.colcon_core.package_identification[0m [1;30mLevel 1[0m _identify(data/20260510_162347_session) by extension 'cmake'
[0.361s] [34mcolcon.colcon_core.package_identification[0m [1;30mLevel 1[0m _identify(data/20260510_162347_session) by extension 'python'
[0.361s] [34mcolcon.colcon_core.package_identification[0m [1;30mLevel 1[0m _identify(data/20260510_162347_session) by extensions ['python_setup_py']
[0.361s] [34mcolcon.colcon_core.package_identification[0m [1;30mLevel 1[0m _identify(data/20260510_162347_session) by extension 'python_setup_py'
[0.361s] [34mcolcon.colcon_core.package_identification[0m [1;30mLevel 1[0m _identify(data/20260510_162409_session) by extensions ['ignore', 'ignore_ament_install']
[0.361s] [34mcolcon.colcon_core.package_identification[0m [1;30mLevel 1[0m _identify(data/20260510_162409_session) by extension 'ignore'
[0.361s] [34mcolcon.colcon_core.package_identification[0m [1;30mLevel 1[0m _identify(data/20260510_162409_session) by extension 'ignore_ament_install'
[0.361s] [34mcolcon.colcon_core.package_identification[0m [1;30mLevel 1[0m _identify(data/20260510_162409_session) by extensions ['colcon_pkg']
[0.361s] [34mcolcon.colcon_core.package_identification[0m [1;30mLevel 1[0m _identify(data/20260510_162409_session) by extension 'colcon_pkg'
[0.361s] [34mcolcon.colcon_core.package_identification[0m [1;30mLevel 1[0m _identify(data/20260510_162409_session) by extensions ['colcon_meta']
[0.362s] [34mcolcon.colcon_core.package_identification[0m [1;30mLevel 1[0m _identify(data/20260510_162409_session) by extension 'colcon_meta'
[0.362s] [34mcolcon.colcon_core.package_identification[0m [1;30mLevel 1[0m _identify(data/20260510_162409_session) by extensions ['ros']
[0.362s] [34mcolcon.colcon_core.package_identification[0m [1;30mLevel 1[0m _identify(data/20260510_162409_session) by extension 'ros'
[0.362s] [34mcolcon.colcon_core.package_identification[0m [1;30mLevel 1[0m _identify(data/20260510_162409_session) by extensions ['cmake', 'python']
[0.362s] [34mcolcon.colcon_core.package_identification[0m [1;30mLevel 1[0m _identify(data/20260510_162409_session) by extension 'cmake'
[0.362s] [34mcolcon.colcon_core.package_identification[0m [1;30mLevel 1[0m _identify(data/20260510_162409_session) by extension 'python'
[0.362s] [34mcolcon.colcon_core.package_identification[0m [1;30mLevel 1[0m _identify(data/20260510_162409_session) by extensions ['python_setup_py']
[0.362s] [34mcolcon.colcon_core.package_identification[0m [1;30mLevel 1[0m _identify(data/20260510_162409_session) by extension 'python_setup_py'
[0.362s] [34mcolcon.colcon_core.package_identification[0m [1;30mLevel 1[0m _identify(data/20260510_163312_session) by extensions ['ignore', 'ignore_ament_install']
[0.362s] [34mcolcon.colcon_core.package_identification[0m [1;30mLevel 1[0m _identify(data/20260510_163312_session) by extension 'ignore'
[0.362s] [34mcolcon.colcon_core.package_identification[0m [1;30mLevel 1[0m _identify(data/20260510_163312_session) by extension 'ignore_ament_install'
[0.362s] [34mcolcon.colcon_core.package_identification[0m [1;30mLevel 1[0m _identify(data/20260510_163312_session) by extensions ['colcon_pkg']
[0.362s] [34mcolcon.colcon_core.package_identification[0m [1;30mLevel 1[0m _identify(data/20260510_163312_session) by extension 'colcon_pkg'
[0.362s] [34mcolcon.colcon_core.package_identification[0m [1;30mLevel 1[0m _identify(data/20260510_163312_session) by extensions ['colcon_meta']
[0.362s] [34mcolcon.colcon_core.package_identification[0m [1;30mLevel 1[0m _identify(data/20260510_163312_session) by extension 'colcon_meta'
[0.362s] [34mcolcon.colcon_core.package_identification[0m [1;30mLevel 1[0m _identify(data/20260510_163312_session) by extensions ['ros']
[0.362s] [34mcolcon.colcon_core.package_identification[0m [1;30mLevel 1[0m _identify(data/20260510_163312_session) by extension 'ros'
[0.362s] [34mcolcon.colcon_core.package_identification[0m [1;30mLevel 1[0m _identify(data/20260510_163312_session) by extensions ['cmake', 'python']
[0.362s] [34mcolcon.colcon_core.package_identification[0m [1;30mLevel 1[0m _identify(data/20260510_163312_session) by extension 'cmake'
[0.362s] [34mcolcon.colcon_core.package_identification[0m [1;30mLevel 1[0m _identify(data/20260510_163312_session) by extension 'python'
[0.362s] [34mcolcon.colcon_core.package_identification[0m [1;30mLevel 1[0m _identify(data/20260510_163312_session) by extensions ['python_setup_py']
[0.362s] [34mcolcon.colcon_core.package_identification[0m [1;30mLevel 1[0m _identify(data/20260510_163312_session) by extension 'python_setup_py'
[0.362s] [34mcolcon.colcon_core.package_identification[0m [1;30mLevel 1[0m _identify(data/20260510_163457_session) by extensions ['ignore', 'ignore_ament_install']
[0.362s] [34mcolcon.colcon_core.package_identification[0m [1;30mLevel 1[0m _identify(data/20260510_163457_session) by extension 'ignore'
[0.362s] [34mcolcon.colcon_core.package_identification[0m [1;30mLevel 1[0m _identify(data/20260510_163457_session) by extension 'ignore_ament_install'
[0.362s] [34mcolcon.colcon_core.package_identification[0m [1;30mLevel 1[0m _identify(data/20260510_163457_session) by extensions ['colcon_pkg']
[0.363s] [34mcolcon.colcon_core.package_identification[0m [1;30mLevel 1[0m _identify(data/20260510_163457_session) by extension 'colcon_pkg'
[0.363s] [34mcolcon.colcon_core.package_identification[0m [1;30mLevel 1[0m _identify(data/20260510_163457_session) by extensions ['colcon_meta']
[0.363s] [34mcolcon.colcon_core.package_identification[0m [1;30mLevel 1[0m _identify(data/20260510_163457_session) by extension 'colcon_meta'
[0.363s] [34mcolcon.colcon_core.package_identification[0m [1;30mLevel 1[0m _identify(data/20260510_163457_session) by extensions ['ros']
[0.363s] [34mcolcon.colcon_core.package_identification[0m [1;30mLevel 1[0m _identify(data/20260510_163457_session) by extension 'ros'
[0.363s] [34mcolcon.colcon_core.package_identification[0m [1;30mLevel 1[0m _identify(data/20260510_163457_session) by extensions ['cmake', 'python']
[0.363s] [34mcolcon.colcon_core.package_identification[0m [1;30mLevel 1[0m _identify(data/20260510_163457_session) by extension 'cmake'
[0.363s] [34mcolcon.colcon_core.package_identification[0m [1;30mLevel 1[0m _identify(data/20260510_163457_session) by extension 'python'
[0.363s] [34mcolcon.colcon_core.package_identification[0m [1;30mLevel 1[0m _identify(data/20260510_163457_session) by extensions ['python_setup_py']
[0.363s] [34mcolcon.colcon_core.package_identification[0m [1;30mLevel 1[0m _identify(data/20260510_163457_session) by extension 'python_setup_py'
[0.363s] [34mcolcon.colcon_core.package_identification[0m [1;30mLevel 1[0m _identify(data/20260510_163515_session) by extensions ['ignore', 'ignore_ament_install']
[0.363s] [34mcolcon.colcon_core.package_identification[0m [1;30mLevel 1[0m _identify(data/20260510_163515_session) by extension 'ignore'
[0.363s] [34mcolcon.colcon_core.package_identification[0m [1;30mLevel 1[0m _identify(data/20260510_163515_session) by extension 'ignore_ament_install'
[0.363s] [34mcolcon.colcon_core.package_identification[0m [1;30mLevel 1[0m _identify(data/20260510_163515_session) by extensions ['colcon_pkg']
[0.363s] [34mcolcon.colcon_core.package_identification[0m [1;30mLevel 1[0m _identify(data/20260510_163515_session) by extension 'colcon_pkg'
[0.363s] [34mcolcon.colcon_core.package_identification[0m [1;30mLevel 1[0m _identify(data/20260510_163515_session) by extensions ['colcon_meta']
[0.363s] [34mcolcon.colcon_core.package_identification[0m [1;30mLevel 1[0m _identify(data/20260510_163515_session) by extension 'colcon_meta'
[0.363s] [34mcolcon.colcon_core.package_identification[0m [1;30mLevel 1[0m _identify(data/20260510_163515_session) by extensions ['ros']
[0.363s] [34mcolcon.colcon_core.package_identification[0m [1;30mLevel 1[0m _identify(data/20260510_163515_session) by extension 'ros'
[0.363s] [34mcolcon.colcon_core.package_identification[0m [1;30mLevel 1[0m _identify(data/20260510_163515_session) by extensions ['cmake', 'python']
[0.363s] [34mcolcon.colcon_core.package_identification[0m [1;30mLevel 1[0m _identify(data/20260510_163515_session) by extension 'cmake'
[0.363s] [34mcolcon.colcon_core.package_identification[0m [1;30mLevel 1[0m _identify(data/20260510_163515_session) by extension 'python'
[0.363s] [34mcolcon.colcon_core.package_identification[0m [1;30mLevel 1[0m _identify(data/20260510_163515_session) by extensions ['python_setup_py']
[0.363s] [34mcolcon.colcon_core.package_identification[0m [1;30mLevel 1[0m _identify(data/20260510_163515_session) by extension 'python_setup_py'
[0.363s] [34mcolcon.colcon_core.package_identification[0m [1;30mLevel 1[0m _identify(data/20260510_163735_session) by extensions ['ignore', 'ignore_ament_install']
[0.363s] [34mcolcon.colcon_core.package_identification[0m [1;30mLevel 1[0m _identify(data/20260510_163735_session) by extension 'ignore'
[0.363s] [34mcolcon.colcon_core.package_identification[0m [1;30mLevel 1[0m _identify(data/20260510_163735_session) by extension 'ignore_ament_install'
[0.364s] [34mcolcon.colcon_core.package_identification[0m [1;30mLevel 1[0m _identify(data/20260510_163735_session) by extensions ['colcon_pkg']
[0.364s] [34mcolcon.colcon_core.package_identification[0m [1;30mLevel 1[0m _identify(data/20260510_163735_session) by extension 'colcon_pkg'
[0.364s] [34mcolcon.colcon_core.package_identification[0m [1;30mLevel 1[0m _identify(data/20260510_163735_session) by extensions ['colcon_meta']
[0.364s] [34mcolcon.colcon_core.package_identification[0m [1;30mLevel 1[0m _identify(data/20260510_163735_session) by extension 'colcon_meta'
[0.364s] [34mcolcon.colcon_core.package_identification[0m [1;30mLevel 1[0m _identify(data/20260510_163735_session) by extensions ['ros']
[0.364s] [34mcolcon.colcon_core.package_identification[0m [1;30mLevel 1[0m _identify(data/20260510_163735_session) by extension 'ros'
[0.364s] [34mcolcon.colcon_core.package_identification[0m [1;30mLevel 1[0m _identify(data/20260510_163735_session) by extensions ['cmake', 'python']
[0.364s] [34mcolcon.colcon_core.package_identification[0m [1;30mLevel 1[0m _identify(data/20260510_163735_session) by extension 'cmake'
[0.364s] [34mcolcon.colcon_core.package_identification[0m [1;30mLevel 1[0m _identify(data/20260510_163735_session) by extension 'python'
[0.364s] [34mcolcon.colcon_core.package_identification[0m [1;30mLevel 1[0m _identify(data/20260510_163735_session) by extensions ['python_setup_py']
[0.364s] [34mcolcon.colcon_core.package_identification[0m [1;30mLevel 1[0m _identify(data/20260510_163735_session) by extension 'python_setup_py'
[0.364s] [34mcolcon.colcon_core.package_identification[0m [1;30mLevel 1[0m _identify(data/20260510_163816_session) by extensions ['ignore', 'ignore_ament_install']
[0.364s] [34mcolcon.colcon_core.package_identification[0m [1;30mLevel 1[0m _identify(data/20260510_163816_session) by extension 'ignore'
[0.364s] [34mcolcon.colcon_core.package_identification[0m [1;30mLevel 1[0m _identify(data/20260510_163816_session) by extension 'ignore_ament_install'
[0.364s] [34mcolcon.colcon_core.package_identification[0m [1;30mLevel 1[0m _identify(data/20260510_163816_session) by extensions ['colcon_pkg']
[0.364s] [34mcolcon.colcon_core.package_identification[0m [1;30mLevel 1[0m _identify(data/20260510_163816_session) by extension 'colcon_pkg'
[0.364s] [34mcolcon.colcon_core.package_identification[0m [1;30mLevel 1[0m _identify(data/20260510_163816_session) by extensions ['colcon_meta']
[0.364s] [34mcolcon.colcon_core.package_identification[0m [1;30mLevel 1[0m _identify(data/20260510_163816_session) by extension 'colcon_meta'
[0.364s] [34mcolcon.colcon_core.package_identification[0m [1;30mLevel 1[0m _identify(data/20260510_163816_session) by extensions ['ros']
[0.364s] [34mcolcon.colcon_core.package_identification[0m [1;30mLevel 1[0m _identify(data/20260510_163816_session) by extension 'ros'
[0.364s] [34mcolcon.colcon_core.package_identification[0m [1;30mLevel 1[0m _identify(data/20260510_163816_session) by extensions ['cmake', 'python']
[0.364s] [34mcolcon.colcon_core.package_identification[0m [1;30mLevel 1[0m _identify(data/20260510_163816_session) by extension 'cmake'
[0.364s] [34mcolcon.colcon_core.package_identification[0m [1;30mLevel 1[0m _identify(data/20260510_163816_session) by extension 'python'
[0.364s] [34mcolcon.colcon_core.package_identification[0m [1;30mLevel 1[0m _identify(data/20260510_163816_session) by extensions ['python_setup_py']
[0.364s] [34mcolcon.colcon_core.package_identification[0m [1;30mLevel 1[0m _identify(data/20260510_163816_session) by extension 'python_setup_py'
[0.364s] [34mcolcon.colcon_core.package_identification[0m [1;30mLevel 1[0m _identify(data/20260510_163951_session) by extensions ['ignore', 'ignore_ament_install']
[0.365s] [34mcolcon.colcon_core.package_identification[0m [1;30mLevel 1[0m _identify(data/20260510_163951_session) by extension 'ignore'
[0.365s] [34mcolcon.colcon_core.package_identification[0m [1;30mLevel 1[0m _identify(data/20260510_163951_session) by extension 'ignore_ament_install'
[0.365s] [34mcolcon.colcon_core.package_identification[0m [1;30mLevel 1[0m _identify(data/20260510_163951_session) by extensions ['colcon_pkg']
[0.365s] [34mcolcon.colcon_core.package_identification[0m [1;30mLevel 1[0m _identify(data/20260510_163951_session) by extension 'colcon_pkg'
[0.365s] [34mcolcon.colcon_core.package_identification[0m [1;30mLevel 1[0m _identify(data/20260510_163951_session) by extensions ['colcon_meta']
[0.365s] [34mcolcon.colcon_core.package_identification[0m [1;30mLevel 1[0m _identify(data/20260510_163951_session) by extension 'colcon_meta'
[0.365s] [34mcolcon.colcon_core.package_identification[0m [1;30mLevel 1[0m _identify(data/20260510_163951_session) by extensions ['ros']
[0.365s] [34mcolcon.colcon_core.package_identification[0m [1;30mLevel 1[0m _identify(data/20260510_163951_session) by extension 'ros'
[0.365s] [34mcolcon.colcon_core.package_identification[0m [1;30mLevel 1[0m _identify(data/20260510_163951_session) by extensions ['cmake', 'python']
[0.365s] [34mcolcon.colcon_core.package_identification[0m [1;30mLevel 1[0m _identify(data/20260510_163951_session) by extension 'cmake'
[0.365s] [34mcolcon.colcon_core.package_identification[0m [1;30mLevel 1[0m _identify(data/20260510_163951_session) by extension 'python'
[0.365s] [34mcolcon.colcon_core.package_identification[0m [1;30mLevel 1[0m _identify(data/20260510_163951_session) by extensions ['python_setup_py']
[0.365s] [34mcolcon.colcon_core.package_identification[0m [1;30mLevel 1[0m _identify(data/20260510_163951_session) by extension 'python_setup_py'
[0.365s] [34mcolcon.colcon_core.package_identification[0m [1;30mLevel 1[0m _identify(data/20260510_164424_session) by extensions ['ignore', 'ignore_ament_install']
[0.365s] [34mcolcon.colcon_core.package_identification[0m [1;30mLevel 1[0m _identify(data/20260510_164424_session) by extension 'ignore'
[0.365s] [34mcolcon.colcon_core.package_identification[0m [1;30mLevel 1[0m _identify(data/20260510_164424_session) by extension 'ignore_ament_install'
[0.365s] [34mcolcon.colcon_core.package_identification[0m [1;30mLevel 1[0m _identify(data/20260510_164424_session) by extensions ['colcon_pkg']
[0.365s] [34mcolcon.colcon_core.package_identification[0m [1;30mLevel 1[0m _identify(data/20260510_164424_session) by extension 'colcon_pkg'
[0.365s] [34mcolcon.colcon_core.package_identification[0m [1;30mLevel 1[0m _identify(data/20260510_164424_session) by extensions ['colcon_meta']
[0.365s] [34mcolcon.colcon_core.package_identification[0m [1;30mLevel 1[0m _identify(data/20260510_164424_session) by extension 'colcon_meta'
[0.365s] [34mcolcon.colcon_core.package_identification[0m [1;30mLevel 1[0m _identify(data/20260510_164424_session) by extensions ['ros']
[0.365s] [34mcolcon.colcon_core.package_identification[0m [1;30mLevel 1[0m _identify(data/20260510_164424_session) by extension 'ros'
[0.365s] [34mcolcon.colcon_core.package_identification[0m [1;30mLevel 1[0m _identify(data/20260510_164424_session) by extensions ['cmake', 'python']
[0.365s] [34mcolcon.colcon_core.package_identification[0m [1;30mLevel 1[0m _identify(data/20260510_164424_session) by extension 'cmake'
[0.365s] [34mcolcon.colcon_core.package_identification[0m [1;30mLevel 1[0m _identify(data/20260510_164424_session) by extension 'python'
[0.365s] [34mcolcon.colcon_core.package_identification[0m [1;30mLevel 1[0m _identify(data/20260510_164424_session) by extensions ['python_setup_py']
[0.366s] [34mcolcon.colcon_core.package_identification[0m [1;30mLevel 1[0m _identify(data/20260510_164424_session) by extension 'python_setup_py'
[0.366s] [34mcolcon.colcon_core.package_identification[0m [1;30mLevel 1[0m _identify(data/20260510_164424_session/1_gui_capture) by extensions ['ignore', 'ignore_ament_install']
[0.366s] [34mcolcon.colcon_core.package_identification[0m [1;30mLevel 1[0m _identify(data/20260510_164424_session/1_gui_capture) by extension 'ignore'
[0.366s] [34mcolcon.colcon_core.package_identification[0m [1;30mLevel 1[0m _identify(data/20260510_164424_session/1_gui_capture) by extension 'ignore_ament_install'
[0.366s] [34mcolcon.colcon_core.package_identification[0m [1;30mLevel 1[0m _identify(data/20260510_164424_session/1_gui_capture) by extensions ['colcon_pkg']
[0.366s] [34mcolcon.colcon_core.package_identification[0m [1;30mLevel 1[0m _identify(data/20260510_164424_session/1_gui_capture) by extension 'colcon_pkg'
[0.366s] [34mcolcon.colcon_core.package_identification[0m [1;30mLevel 1[0m _identify(data/20260510_164424_session/1_gui_capture) by extensions ['colcon_meta']
[0.366s] [34mcolcon.colcon_core.package_identification[0m [1;30mLevel 1[0m _identify(data/20260510_164424_session/1_gui_capture) by extension 'colcon_meta'
[0.366s] [34mcolcon.colcon_core.package_identification[0m [1;30mLevel 1[0m _identify(data/20260510_164424_session/1_gui_capture) by extensions ['ros']
[0.366s] [34mcolcon.colcon_core.package_identification[0m [1;30mLevel 1[0m _identify(data/20260510_164424_session/1_gui_capture) by extension 'ros'
[0.366s] [34mcolcon.colcon_core.package_identification[0m [1;30mLevel 1[0m _identify(data/20260510_164424_session/1_gui_capture) by extensions ['cmake', 'python']
[0.366s] [34mcolcon.colcon_core.package_identification[0m [1;30mLevel 1[0m _identify(data/20260510_164424_session/1_gui_capture) by extension 'cmake'
[0.366s] [34mcolcon.colcon_core.package_identification[0m [1;30mLevel 1[0m _identify(data/20260510_164424_session/1_gui_capture) by extension 'python'
[0.366s] [34mcolcon.colcon_core.package_identification[0m [1;30mLevel 1[0m _identify(data/20260510_164424_session/1_gui_capture) by extensions ['python_setup_py']
[0.366s] [34mcolcon.colcon_core.package_identification[0m [1;30mLevel 1[0m _identify(data/20260510_164424_session/1_gui_capture) by extension 'python_setup_py'
[0.366s] [34mcolcon.colcon_core.package_identification[0m [1;30mLevel 1[0m _identify(data/20260510_164424_session/1_gui_capture/intermediate) by extensions ['ignore', 'ignore_ament_install']
[0.366s] [34mcolcon.colcon_core.package_identification[0m [1;30mLevel 1[0m _identify(data/20260510_164424_session/1_gui_capture/intermediate) by extension 'ignore'
[0.366s] [34mcolcon.colcon_core.package_identification[0m [1;30mLevel 1[0m _identify(data/20260510_164424_session/1_gui_capture/intermediate) by extension 'ignore_ament_install'
[0.366s] [34mcolcon.colcon_core.package_identification[0m [1;30mLevel 1[0m _identify(data/20260510_164424_session/1_gui_capture/intermediate) by extensions ['colcon_pkg']
[0.366s] [34mcolcon.colcon_core.package_identification[0m [1;30mLevel 1[0m _identify(data/20260510_164424_session/1_gui_capture/intermediate) by extension 'colcon_pkg'
[0.366s] [34mcolcon.colcon_core.package_identification[0m [1;30mLevel 1[0m _identify(data/20260510_164424_session/1_gui_capture/intermediate) by extensions ['colcon_meta']
[0.366s] [34mcolcon.colcon_core.package_identification[0m [1;30mLevel 1[0m _identify(data/20260510_164424_session/1_gui_capture/intermediate) by extension 'colcon_meta'
[0.366s] [34mcolcon.colcon_core.package_identification[0m [1;30mLevel 1[0m _identify(data/20260510_164424_session/1_gui_capture/intermediate) by extensions ['ros']
[0.366s] [34mcolcon.colcon_core.package_identification[0m [1;30mLevel 1[0m _identify(data/20260510_164424_session/1_gui_capture/intermediate) by extension 'ros'
[0.367s] [34mcolcon.colcon_core.package_identification[0m [1;30mLevel 1[0m _identify(data/20260510_164424_session/1_gui_capture/intermediate) by extensions ['cmake', 'python']
[0.367s] [34mcolcon.colcon_core.package_identification[0m [1;30mLevel 1[0m _identify(data/20260510_164424_session/1_gui_capture/intermediate) by extension 'cmake'
[0.367s] [34mcolcon.colcon_core.package_identification[0m [1;30mLevel 1[0m _identify(data/20260510_164424_session/1_gui_capture/intermediate) by extension 'python'
[0.367s] [34mcolcon.colcon_core.package_identification[0m [1;30mLevel 1[0m _identify(data/20260510_164424_session/1_gui_capture/intermediate) by extensions ['python_setup_py']
[0.367s] [34mcolcon.colcon_core.package_identification[0m [1;30mLevel 1[0m _identify(data/20260510_164424_session/1_gui_capture/intermediate) by extension 'python_setup_py'
[0.367s] [34mcolcon.colcon_core.package_identification[0m [1;30mLevel 1[0m _identify(data/20260510_164424_session/1_gui_capture/processed) by extensions ['ignore', 'ignore_ament_install']
[0.367s] [34mcolcon.colcon_core.package_identification[0m [1;30mLevel 1[0m _identify(data/20260510_164424_session/1_gui_capture/processed) by extension 'ignore'
[0.367s] [34mcolcon.colcon_core.package_identification[0m [1;30mLevel 1[0m _identify(data/20260510_164424_session/1_gui_capture/processed) by extension 'ignore_ament_install'
[0.367s] [34mcolcon.colcon_core.package_identification[0m [1;30mLevel 1[0m _identify(data/20260510_164424_session/1_gui_capture/processed) by extensions ['colcon_pkg']
[0.367s] [34mcolcon.colcon_core.package_identification[0m [1;30mLevel 1[0m _identify(data/20260510_164424_session/1_gui_capture/processed) by extension 'colcon_pkg'
[0.367s] [34mcolcon.colcon_core.package_identification[0m [1;30mLevel 1[0m _identify(data/20260510_164424_session/1_gui_capture/processed) by extensions ['colcon_meta']
[0.367s] [34mcolcon.colcon_core.package_identification[0m [1;30mLevel 1[0m _identify(data/20260510_164424_session/1_gui_capture/processed) by extension 'colcon_meta'
[0.367s] [34mcolcon.colcon_core.package_identification[0m [1;30mLevel 1[0m _identify(data/20260510_164424_session/1_gui_capture/processed) by extensions ['ros']
[0.367s] [34mcolcon.colcon_core.package_identification[0m [1;30mLevel 1[0m _identify(data/20260510_164424_session/1_gui_capture/processed) by extension 'ros'
[0.367s] [34mcolcon.colcon_core.package_identification[0m [1;30mLevel 1[0m _identify(data/20260510_164424_session/1_gui_capture/processed) by extensions ['cmake', 'python']
[0.367s] [34mcolcon.colcon_core.package_identification[0m [1;30mLevel 1[0m _identify(data/20260510_164424_session/1_gui_capture/processed) by extension 'cmake'
[0.367s] [34mcolcon.colcon_core.package_identification[0m [1;30mLevel 1[0m _identify(data/20260510_164424_session/1_gui_capture/processed) by extension 'python'
[0.367s] [34mcolcon.colcon_core.package_identification[0m [1;30mLevel 1[0m _identify(data/20260510_164424_session/1_gui_capture/processed) by extensions ['python_setup_py']
[0.367s] [34mcolcon.colcon_core.package_identification[0m [1;30mLevel 1[0m _identify(data/20260510_164424_session/1_gui_capture/processed) by extension 'python_setup_py'
[0.367s] [34mcolcon.colcon_core.package_identification[0m [1;30mLevel 1[0m _identify(data/20260510_164424_session/1_gui_capture/raw) by extensions ['ignore', 'ignore_ament_install']
[0.367s] [34mcolcon.colcon_core.package_identification[0m [1;30mLevel 1[0m _identify(data/20260510_164424_session/1_gui_capture/raw) by extension 'ignore'
[0.367s] [34mcolcon.colcon_core.package_identification[0m [1;30mLevel 1[0m _identify(data/20260510_164424_session/1_gui_capture/raw) by extension 'ignore_ament_install'
[0.367s] [34mcolcon.colcon_core.package_identification[0m [1;30mLevel 1[0m _identify(data/20260510_164424_session/1_gui_capture/raw) by extensions ['colcon_pkg']
[0.368s] [34mcolcon.colcon_core.package_identification[0m [1;30mLevel 1[0m _identify(data/20260510_164424_session/1_gui_capture/raw) by extension 'colcon_pkg'
[0.368s] [34mcolcon.colcon_core.package_identification[0m [1;30mLevel 1[0m _identify(data/20260510_164424_session/1_gui_capture/raw) by extensions ['colcon_meta']
[0.368s] [34mcolcon.colcon_core.package_identification[0m [1;30mLevel 1[0m _identify(data/20260510_164424_session/1_gui_capture/raw) by extension 'colcon_meta'
[0.368s] [34mcolcon.colcon_core.package_identification[0m [1;30mLevel 1[0m _identify(data/20260510_164424_session/1_gui_capture/raw) by extensions ['ros']
[0.368s] [34mcolcon.colcon_core.package_identification[0m [1;30mLevel 1[0m _identify(data/20260510_164424_session/1_gui_capture/raw) by extension 'ros'
[0.368s] [34mcolcon.colcon_core.package_identification[0m [1;30mLevel 1[0m _identify(data/20260510_164424_session/1_gui_capture/raw) by extensions ['cmake', 'python']
[0.368s] [34mcolcon.colcon_core.package_identification[0m [1;30mLevel 1[0m _identify(data/20260510_164424_session/1_gui_capture/raw) by extension 'cmake'
[0.368s] [34mcolcon.colcon_core.package_identification[0m [1;30mLevel 1[0m _identify(data/20260510_164424_session/1_gui_capture/raw) by extension 'python'
[0.368s] [34mcolcon.colcon_core.package_identification[0m [1;30mLevel 1[0m _identify(data/20260510_164424_session/1_gui_capture/raw) by extensions ['python_setup_py']
[0.368s] [34mcolcon.colcon_core.package_identification[0m [1;30mLevel 1[0m _identify(data/20260510_164424_session/1_gui_capture/raw) by extension 'python_setup_py'
[0.368s] [34mcolcon.colcon_core.package_identification[0m [1;30mLevel 1[0m _identify(data/20260510_165024_session) by extensions ['ignore', 'ignore_ament_install']
[0.368s] [34mcolcon.colcon_core.package_identification[0m [1;30mLevel 1[0m _identify(data/20260510_165024_session) by extension 'ignore'
[0.368s] [34mcolcon.colcon_core.package_identification[0m [1;30mLevel 1[0m _identify(data/20260510_165024_session) by extension 'ignore_ament_install'
[0.368s] [34mcolcon.colcon_core.package_identification[0m [1;30mLevel 1[0m _identify(data/20260510_165024_session) by extensions ['colcon_pkg']
[0.368s] [34mcolcon.colcon_core.package_identification[0m [1;30mLevel 1[0m _identify(data/20260510_165024_session) by extension 'colcon_pkg'
[0.368s] [34mcolcon.colcon_core.package_identification[0m [1;30mLevel 1[0m _identify(data/20260510_165024_session) by extensions ['colcon_meta']
[0.368s] [34mcolcon.colcon_core.package_identification[0m [1;30mLevel 1[0m _identify(data/20260510_165024_session) by extension 'colcon_meta'
[0.368s] [34mcolcon.colcon_core.package_identification[0m [1;30mLevel 1[0m _identify(data/20260510_165024_session) by extensions ['ros']
[0.368s] [34mcolcon.colcon_core.package_identification[0m [1;30mLevel 1[0m _identify(data/20260510_165024_session) by extension 'ros'
[0.368s] [34mcolcon.colcon_core.package_identification[0m [1;30mLevel 1[0m _identify(data/20260510_165024_session) by extensions ['cmake', 'python']
[0.368s] [34mcolcon.colcon_core.package_identification[0m [1;30mLevel 1[0m _identify(data/20260510_165024_session) by extension 'cmake'
[0.368s] [34mcolcon.colcon_core.package_identification[0m [1;30mLevel 1[0m _identify(data/20260510_165024_session) by extension 'python'
[0.368s] [34mcolcon.colcon_core.package_identification[0m [1;30mLevel 1[0m _identify(data/20260510_165024_session) by extensions ['python_setup_py']
[0.368s] [34mcolcon.colcon_core.package_identification[0m [1;30mLevel 1[0m _identify(data/20260510_165024_session) by extension 'python_setup_py'
[0.369s] [34mcolcon.colcon_core.package_identification[0m [1;30mLevel 1[0m _identify(data/20260510_165024_session/1_gui_capture) by extensions ['ignore', 'ignore_ament_install']
[0.369s] [34mcolcon.colcon_core.package_identification[0m [1;30mLevel 1[0m _identify(data/20260510_165024_session/1_gui_capture) by extension 'ignore'
[0.369s] [34mcolcon.colcon_core.package_identification[0m [1;30mLevel 1[0m _identify(data/20260510_165024_session/1_gui_capture) by extension 'ignore_ament_install'
[0.369s] [34mcolcon.colcon_core.package_identification[0m [1;30mLevel 1[0m _identify(data/20260510_165024_session/1_gui_capture) by extensions ['colcon_pkg']
[0.369s] [34mcolcon.colcon_core.package_identification[0m [1;30mLevel 1[0m _identify(data/20260510_165024_session/1_gui_capture) by extension 'colcon_pkg'
[0.369s] [34mcolcon.colcon_core.package_identification[0m [1;30mLevel 1[0m _identify(data/20260510_165024_session/1_gui_capture) by extensions ['colcon_meta']
[0.369s] [34mcolcon.colcon_core.package_identification[0m [1;30mLevel 1[0m _identify(data/20260510_165024_session/1_gui_capture) by extension 'colcon_meta'
[0.369s] [34mcolcon.colcon_core.package_identification[0m [1;30mLevel 1[0m _identify(data/20260510_165024_session/1_gui_capture) by extensions ['ros']
[0.369s] [34mcolcon.colcon_core.package_identification[0m [1;30mLevel 1[0m _identify(data/20260510_165024_session/1_gui_capture) by extension 'ros'
[0.369s] [34mcolcon.colcon_core.package_identification[0m [1;30mLevel 1[0m _identify(data/20260510_165024_session/1_gui_capture) by extensions ['cmake', 'python']
[0.369s] [34mcolcon.colcon_core.package_identification[0m [1;30mLevel 1[0m _identify(data/20260510_165024_session/1_gui_capture) by extension 'cmake'
[0.369s] [34mcolcon.colcon_core.package_identification[0m [1;30mLevel 1[0m _identify(data/20260510_165024_session/1_gui_capture) by extension 'python'
[0.369s] [34mcolcon.colcon_core.package_identification[0m [1;30mLevel 1[0m _identify(data/20260510_165024_session/1_gui_capture) by extensions ['python_setup_py']
[0.369s] [34mcolcon.colcon_core.package_identification[0m [1;30mLevel 1[0m _identify(data/20260510_165024_session/1_gui_capture) by extension 'python_setup_py'
[0.369s] [34mcolcon.colcon_core.package_identification[0m [1;30mLevel 1[0m _identify(data/20260510_165024_session/1_gui_capture/intermediate) by extensions ['ignore', 'ignore_ament_install']
[0.369s] [34mcolcon.colcon_core.package_identification[0m [1;30mLevel 1[0m _identify(data/20260510_165024_session/1_gui_capture/intermediate) by extension 'ignore'
[0.369s] [34mcolcon.colcon_core.package_identification[0m [1;30mLevel 1[0m _identify(data/20260510_165024_session/1_gui_capture/intermediate) by extension 'ignore_ament_install'
[0.369s] [34mcolcon.colcon_core.package_identification[0m [1;30mLevel 1[0m _identify(data/20260510_165024_session/1_gui_capture/intermediate) by extensions ['colcon_pkg']
[0.369s] [34mcolcon.colcon_core.package_identification[0m [1;30mLevel 1[0m _identify(data/20260510_165024_session/1_gui_capture/intermediate) by extension 'colcon_pkg'
[0.369s] [34mcolcon.colcon_core.package_identification[0m [1;30mLevel 1[0m _identify(data/20260510_165024_session/1_gui_capture/intermediate) by extensions ['colcon_meta']
[0.369s] [34mcolcon.colcon_core.package_identification[0m [1;30mLevel 1[0m _identify(data/20260510_165024_session/1_gui_capture/intermediate) by extension 'colcon_meta'
[0.369s] [34mcolcon.colcon_core.package_identification[0m [1;30mLevel 1[0m _identify(data/20260510_165024_session/1_gui_capture/intermediate) by extensions ['ros']
[0.369s] [34mcolcon.colcon_core.package_identification[0m [1;30mLevel 1[0m _identify(data/20260510_165024_session/1_gui_capture/intermediate) by extension 'ros'
[0.370s] [34mcolcon.colcon_core.package_identification[0m [1;30mLevel 1[0m _identify(data/20260510_165024_session/1_gui_capture/intermediate) by extensions ['cmake', 'python']
[0.370s] [34mcolcon.colcon_core.package_identification[0m [1;30mLevel 1[0m _identify(data/20260510_165024_session/1_gui_capture/intermediate) by extension 'cmake'
[0.370s] [34mcolcon.colcon_core.package_identification[0m [1;30mLevel 1[0m _identify(data/20260510_165024_session/1_gui_capture/intermediate) by extension 'python'
[0.370s] [34mcolcon.colcon_core.package_identification[0m [1;30mLevel 1[0m _identify(data/20260510_165024_session/1_gui_capture/intermediate) by extensions ['python_setup_py']
[0.370s] [34mcolcon.colcon_core.package_identification[0m [1;30mLevel 1[0m _identify(data/20260510_165024_session/1_gui_capture/intermediate) by extension 'python_setup_py'
[0.370s] [34mcolcon.colcon_core.package_identification[0m [1;30mLevel 1[0m _identify(data/20260510_165024_session/1_gui_capture/processed) by extensions ['ignore', 'ignore_ament_install']
[0.370s] [34mcolcon.colcon_core.package_identification[0m [1;30mLevel 1[0m _identify(data/20260510_165024_session/1_gui_capture/processed) by extension 'ignore'
[0.370s] [34mcolcon.colcon_core.package_identification[0m [1;30mLevel 1[0m _identify(data/20260510_165024_session/1_gui_capture/processed) by extension 'ignore_ament_install'
[0.370s] [34mcolcon.colcon_core.package_identification[0m [1;30mLevel 1[0m _identify(data/20260510_165024_session/1_gui_capture/processed) by extensions ['colcon_pkg']
[0.370s] [34mcolcon.colcon_core.package_identification[0m [1;30mLevel 1[0m _identify(data/20260510_165024_session/1_gui_capture/processed) by extension 'colcon_pkg'
[0.370s] [34mcolcon.colcon_core.package_identification[0m [1;30mLevel 1[0m _identify(data/20260510_165024_session/1_gui_capture/processed) by extensions ['colcon_meta']
[0.370s] [34mcolcon.colcon_core.package_identification[0m [1;30mLevel 1[0m _identify(data/20260510_165024_session/1_gui_capture/processed) by extension 'colcon_meta'
[0.370s] [34mcolcon.colcon_core.package_identification[0m [1;30mLevel 1[0m _identify(data/20260510_165024_session/1_gui_capture/processed) by extensions ['ros']
[0.370s] [34mcolcon.colcon_core.package_identification[0m [1;30mLevel 1[0m _identify(data/20260510_165024_session/1_gui_capture/processed) by extension 'ros'
[0.370s] [34mcolcon.colcon_core.package_identification[0m [1;30mLevel 1[0m _identify(data/20260510_165024_session/1_gui_capture/processed) by extensions ['cmake', 'python']
[0.370s] [34mcolcon.colcon_core.package_identification[0m [1;30mLevel 1[0m _identify(data/20260510_165024_session/1_gui_capture/processed) by extension 'cmake'
[0.370s] [34mcolcon.colcon_core.package_identification[0m [1;30mLevel 1[0m _identify(data/20260510_165024_session/1_gui_capture/processed) by extension 'python'
[0.370s] [34mcolcon.colcon_core.package_identification[0m [1;30mLevel 1[0m _identify(data/20260510_165024_session/1_gui_capture/processed) by extensions ['python_setup_py']
[0.370s] [34mcolcon.colcon_core.package_identification[0m [1;30mLevel 1[0m _identify(data/20260510_165024_session/1_gui_capture/processed) by extension 'python_setup_py'
[0.370s] [34mcolcon.colcon_core.package_identification[0m [1;30mLevel 1[0m _identify(data/20260510_165024_session/1_gui_capture/raw) by extensions ['ignore', 'ignore_ament_install']
[0.370s] [34mcolcon.colcon_core.package_identification[0m [1;30mLevel 1[0m _identify(data/20260510_165024_session/1_gui_capture/raw) by extension 'ignore'
[0.370s] [34mcolcon.colcon_core.package_identification[0m [1;30mLevel 1[0m _identify(data/20260510_165024_session/1_gui_capture/raw) by extension 'ignore_ament_install'
[0.370s] [34mcolcon.colcon_core.package_identification[0m [1;30mLevel 1[0m _identify(data/20260510_165024_session/1_gui_capture/raw) by extensions ['colcon_pkg']
[0.370s] [34mcolcon.colcon_core.package_identification[0m [1;30mLevel 1[0m _identify(data/20260510_165024_session/1_gui_capture/raw) by extension 'colcon_pkg'
[0.371s] [34mcolcon.colcon_core.package_identification[0m [1;30mLevel 1[0m _identify(data/20260510_165024_session/1_gui_capture/raw) by extensions ['colcon_meta']
[0.371s] [34mcolcon.colcon_core.package_identification[0m [1;30mLevel 1[0m _identify(data/20260510_165024_session/1_gui_capture/raw) by extension 'colcon_meta'
[0.371s] [34mcolcon.colcon_core.package_identification[0m [1;30mLevel 1[0m _identify(data/20260510_165024_session/1_gui_capture/raw) by extensions ['ros']
[0.371s] [34mcolcon.colcon_core.package_identification[0m [1;30mLevel 1[0m _identify(data/20260510_165024_session/1_gui_capture/raw) by extension 'ros'
[0.371s] [34mcolcon.colcon_core.package_identification[0m [1;30mLevel 1[0m _identify(data/20260510_165024_session/1_gui_capture/raw) by extensions ['cmake', 'python']
[0.371s] [34mcolcon.colcon_core.package_identification[0m [1;30mLevel 1[0m _identify(data/20260510_165024_session/1_gui_capture/raw) by extension 'cmake'
[0.371s] [34mcolcon.colcon_core.package_identification[0m [1;30mLevel 1[0m _identify(data/20260510_165024_session/1_gui_capture/raw) by extension 'python'
[0.371s] [34mcolcon.colcon_core.package_identification[0m [1;30mLevel 1[0m _identify(data/20260510_165024_session/1_gui_capture/raw) by extensions ['python_setup_py']
[0.371s] [34mcolcon.colcon_core.package_identification[0m [1;30mLevel 1[0m _identify(data/20260510_165024_session/1_gui_capture/raw) by extension 'python_setup_py'
[0.371s] [34mcolcon.colcon_core.package_identification[0m [1;30mLevel 1[0m _identify(data/20260510_165719_session) by extensions ['ignore', 'ignore_ament_install']
[0.371s] [34mcolcon.colcon_core.package_identification[0m [1;30mLevel 1[0m _identify(data/20260510_165719_session) by extension 'ignore'
[0.371s] [34mcolcon.colcon_core.package_identification[0m [1;30mLevel 1[0m _identify(data/20260510_165719_session) by extension 'ignore_ament_install'
[0.371s] [34mcolcon.colcon_core.package_identification[0m [1;30mLevel 1[0m _identify(data/20260510_165719_session) by extensions ['colcon_pkg']
[0.371s] [34mcolcon.colcon_core.package_identification[0m [1;30mLevel 1[0m _identify(data/20260510_165719_session) by extension 'colcon_pkg'
[0.371s] [34mcolcon.colcon_core.package_identification[0m [1;30mLevel 1[0m _identify(data/20260510_165719_session) by extensions ['colcon_meta']
[0.371s] [34mcolcon.colcon_core.package_identification[0m [1;30mLevel 1[0m _identify(data/20260510_165719_session) by extension 'colcon_meta'
[0.371s] [34mcolcon.colcon_core.package_identification[0m [1;30mLevel 1[0m _identify(data/20260510_165719_session) by extensions ['ros']
[0.371s] [34mcolcon.colcon_core.package_identification[0m [1;30mLevel 1[0m _identify(data/20260510_165719_session) by extension 'ros'
[0.371s] [34mcolcon.colcon_core.package_identification[0m [1;30mLevel 1[0m _identify(data/20260510_165719_session) by extensions ['cmake', 'python']
[0.371s] [34mcolcon.colcon_core.package_identification[0m [1;30mLevel 1[0m _identify(data/20260510_165719_session) by extension 'cmake'
[0.371s] [34mcolcon.colcon_core.package_identification[0m [1;30mLevel 1[0m _identify(data/20260510_165719_session) by extension 'python'
[0.371s] [34mcolcon.colcon_core.package_identification[0m [1;30mLevel 1[0m _identify(data/20260510_165719_session) by extensions ['python_setup_py']
[0.371s] [34mcolcon.colcon_core.package_identification[0m [1;30mLevel 1[0m _identify(data/20260510_165719_session) by extension 'python_setup_py'
[0.371s] [34mcolcon.colcon_core.package_identification[0m [1;30mLevel 1[0m _identify(data/20260510_165719_session/1_gui_capture) by extensions ['ignore', 'ignore_ament_install']
[0.371s] [34mcolcon.colcon_core.package_identification[0m [1;30mLevel 1[0m _identify(data/20260510_165719_session/1_gui_capture) by extension 'ignore'
[0.372s] [34mcolcon.colcon_core.package_identification[0m [1;30mLevel 1[0m _identify(data/20260510_165719_session/1_gui_capture) by extension 'ignore_ament_install'
[0.372s] [34mcolcon.colcon_core.package_identification[0m [1;30mLevel 1[0m _identify(data/20260510_165719_session/1_gui_capture) by extensions ['colcon_pkg']
[0.372s] [34mcolcon.colcon_core.package_identification[0m [1;30mLevel 1[0m _identify(data/20260510_165719_session/1_gui_capture) by extension 'colcon_pkg'
[0.372s] [34mcolcon.colcon_core.package_identification[0m [1;30mLevel 1[0m _identify(data/20260510_165719_session/1_gui_capture) by extensions ['colcon_meta']
[0.372s] [34mcolcon.colcon_core.package_identification[0m [1;30mLevel 1[0m _identify(data/20260510_165719_session/1_gui_capture) by extension 'colcon_meta'
[0.372s] [34mcolcon.colcon_core.package_identification[0m [1;30mLevel 1[0m _identify(data/20260510_165719_session/1_gui_capture) by extensions ['ros']
[0.372s] [34mcolcon.colcon_core.package_identification[0m [1;30mLevel 1[0m _identify(data/20260510_165719_session/1_gui_capture) by extension 'ros'
[0.372s] [34mcolcon.colcon_core.package_identification[0m [1;30mLevel 1[0m _identify(data/20260510_165719_session/1_gui_capture) by extensions ['cmake', 'python']
[0.372s] [34mcolcon.colcon_core.package_identification[0m [1;30mLevel 1[0m _identify(data/20260510_165719_session/1_gui_capture) by extension 'cmake'
[0.372s] [34mcolcon.colcon_core.package_identification[0m [1;30mLevel 1[0m _identify(data/20260510_165719_session/1_gui_capture) by extension 'python'
[0.372s] [34mcolcon.colcon_core.package_identification[0m [1;30mLevel 1[0m _identify(data/20260510_165719_session/1_gui_capture) by extensions ['python_setup_py']
[0.372s] [34mcolcon.colcon_core.package_identification[0m [1;30mLevel 1[0m _identify(data/20260510_165719_session/1_gui_capture) by extension 'python_setup_py'
[0.372s] [34mcolcon.colcon_core.package_identification[0m [1;30mLevel 1[0m _identify(data/20260510_165719_session/1_gui_capture/intermediate) by extensions ['ignore', 'ignore_ament_install']
[0.372s] [34mcolcon.colcon_core.package_identification[0m [1;30mLevel 1[0m _identify(data/20260510_165719_session/1_gui_capture/intermediate) by extension 'ignore'
[0.372s] [34mcolcon.colcon_core.package_identification[0m [1;30mLevel 1[0m _identify(data/20260510_165719_session/1_gui_capture/intermediate) by extension 'ignore_ament_install'
[0.372s] [34mcolcon.colcon_core.package_identification[0m [1;30mLevel 1[0m _identify(data/20260510_165719_session/1_gui_capture/intermediate) by extensions ['colcon_pkg']
[0.372s] [34mcolcon.colcon_core.package_identification[0m [1;30mLevel 1[0m _identify(data/20260510_165719_session/1_gui_capture/intermediate) by extension 'colcon_pkg'
[0.372s] [34mcolcon.colcon_core.package_identification[0m [1;30mLevel 1[0m _identify(data/20260510_165719_session/1_gui_capture/intermediate) by extensions ['colcon_meta']
[0.372s] [34mcolcon.colcon_core.package_identification[0m [1;30mLevel 1[0m _identify(data/20260510_165719_session/1_gui_capture/intermediate) by extension 'colcon_meta'
[0.372s] [34mcolcon.colcon_core.package_identification[0m [1;30mLevel 1[0m _identify(data/20260510_165719_session/1_gui_capture/intermediate) by extensions ['ros']
[0.372s] [34mcolcon.colcon_core.package_identification[0m [1;30mLevel 1[0m _identify(data/20260510_165719_session/1_gui_capture/intermediate) by extension 'ros'
[0.372s] [34mcolcon.colcon_core.package_identification[0m [1;30mLevel 1[0m _identify(data/20260510_165719_session/1_gui_capture/intermediate) by extensions ['cmake', 'python']
[0.372s] [34mcolcon.colcon_core.package_identification[0m [1;30mLevel 1[0m _identify(data/20260510_165719_session/1_gui_capture/intermediate) by extension 'cmake'
[0.372s] [34mcolcon.colcon_core.package_identification[0m [1;30mLevel 1[0m _identify(data/20260510_165719_session/1_gui_capture/intermediate) by extension 'python'
[0.372s] [34mcolcon.colcon_core.package_identification[0m [1;30mLevel 1[0m _identify(data/20260510_165719_session/1_gui_capture/intermediate) by extensions ['python_setup_py']
[0.372s] [34mcolcon.colcon_core.package_identification[0m [1;30mLevel 1[0m _identify(data/20260510_165719_session/1_gui_capture/intermediate) by extension 'python_setup_py'
[0.373s] [34mcolcon.colcon_core.package_identification[0m [1;30mLevel 1[0m _identify(data/20260510_165719_session/1_gui_capture/processed) by extensions ['ignore', 'ignore_ament_install']
[0.373s] [34mcolcon.colcon_core.package_identification[0m [1;30mLevel 1[0m _identify(data/20260510_165719_session/1_gui_capture/processed) by extension 'ignore'
[0.373s] [34mcolcon.colcon_core.package_identification[0m [1;30mLevel 1[0m _identify(data/20260510_165719_session/1_gui_capture/processed) by extension 'ignore_ament_install'
[0.373s] [34mcolcon.colcon_core.package_identification[0m [1;30mLevel 1[0m _identify(data/20260510_165719_session/1_gui_capture/processed) by extensions ['colcon_pkg']
[0.373s] [34mcolcon.colcon_core.package_identification[0m [1;30mLevel 1[0m _identify(data/20260510_165719_session/1_gui_capture/processed) by extension 'colcon_pkg'
[0.373s] [34mcolcon.colcon_core.package_identification[0m [1;30mLevel 1[0m _identify(data/20260510_165719_session/1_gui_capture/processed) by extensions ['colcon_meta']
[0.373s] [34mcolcon.colcon_core.package_identification[0m [1;30mLevel 1[0m _identify(data/20260510_165719_session/1_gui_capture/processed) by extension 'colcon_meta'
[0.373s] [34mcolcon.colcon_core.package_identification[0m [1;30mLevel 1[0m _identify(data/20260510_165719_session/1_gui_capture/processed) by extensions ['ros']
[0.373s] [34mcolcon.colcon_core.package_identification[0m [1;30mLevel 1[0m _identify(data/20260510_165719_session/1_gui_capture/processed) by extension 'ros'
[0.373s] [34mcolcon.colcon_core.package_identification[0m [1;30mLevel 1[0m _identify(data/20260510_165719_session/1_gui_capture/processed) by extensions ['cmake', 'python']
[0.373s] [34mcolcon.colcon_core.package_identification[0m [1;30mLevel 1[0m _identify(data/20260510_165719_session/1_gui_capture/processed) by extension 'cmake'
[0.373s] [34mcolcon.colcon_core.package_identification[0m [1;30mLevel 1[0m _identify(data/20260510_165719_session/1_gui_capture/processed) by extension 'python'
[0.373s] [34mcolcon.colcon_core.package_identification[0m [1;30mLevel 1[0m _identify(data/20260510_165719_session/1_gui_capture/processed) by extensions ['python_setup_py']
[0.373s] [34mcolcon.colcon_core.package_identification[0m [1;30mLevel 1[0m _identify(data/20260510_165719_session/1_gui_capture/processed) by extension 'python_setup_py'
[0.373s] [34mcolcon.colcon_core.package_identification[0m [1;30mLevel 1[0m _identify(data/20260510_165719_session/1_gui_capture/raw) by extensions ['ignore', 'ignore_ament_install']
[0.373s] [34mcolcon.colcon_core.package_identification[0m [1;30mLevel 1[0m _identify(data/20260510_165719_session/1_gui_capture/raw) by extension 'ignore'
[0.373s] [34mcolcon.colcon_core.package_identification[0m [1;30mLevel 1[0m _identify(data/20260510_165719_session/1_gui_capture/raw) by extension 'ignore_ament_install'
[0.373s] [34mcolcon.colcon_core.package_identification[0m [1;30mLevel 1[0m _identify(data/20260510_165719_session/1_gui_capture/raw) by extensions ['colcon_pkg']
[0.373s] [34mcolcon.colcon_core.package_identification[0m [1;30mLevel 1[0m _identify(data/20260510_165719_session/1_gui_capture/raw) by extension 'colcon_pkg'
[0.373s] [34mcolcon.colcon_core.package_identification[0m [1;30mLevel 1[0m _identify(data/20260510_165719_session/1_gui_capture/raw) by extensions ['colcon_meta']
[0.373s] [34mcolcon.colcon_core.package_identification[0m [1;30mLevel 1[0m _identify(data/20260510_165719_session/1_gui_capture/raw) by extension 'colcon_meta'
[0.373s] [34mcolcon.colcon_core.package_identification[0m [1;30mLevel 1[0m _identify(data/20260510_165719_session/1_gui_capture/raw) by extensions ['ros']
[0.373s] [34mcolcon.colcon_core.package_identification[0m [1;30mLevel 1[0m _identify(data/20260510_165719_session/1_gui_capture/raw) by extension 'ros'
[0.374s] [34mcolcon.colcon_core.package_identification[0m [1;30mLevel 1[0m _identify(data/20260510_165719_session/1_gui_capture/raw) by extensions ['cmake', 'python']
[0.374s] [34mcolcon.colcon_core.package_identification[0m [1;30mLevel 1[0m _identify(data/20260510_165719_session/1_gui_capture/raw) by extension 'cmake'
[0.374s] [34mcolcon.colcon_core.package_identification[0m [1;30mLevel 1[0m _identify(data/20260510_165719_session/1_gui_capture/raw) by extension 'python'
[0.374s] [34mcolcon.colcon_core.package_identification[0m [1;30mLevel 1[0m _identify(data/20260510_165719_session/1_gui_capture/raw) by extensions ['python_setup_py']
[0.374s] [34mcolcon.colcon_core.package_identification[0m [1;30mLevel 1[0m _identify(data/20260510_165719_session/1_gui_capture/raw) by extension 'python_setup_py'
[0.374s] [34mcolcon.colcon_core.package_identification[0m [1;30mLevel 1[0m _identify(data/20260510_170647_session) by extensions ['ignore', 'ignore_ament_install']
[0.374s] [34mcolcon.colcon_core.package_identification[0m [1;30mLevel 1[0m _identify(data/20260510_170647_session) by extension 'ignore'
[0.374s] [34mcolcon.colcon_core.package_identification[0m [1;30mLevel 1[0m _identify(data/20260510_170647_session) by extension 'ignore_ament_install'
[0.374s] [34mcolcon.colcon_core.package_identification[0m [1;30mLevel 1[0m _identify(data/20260510_170647_session) by extensions ['colcon_pkg']
[0.374s] [34mcolcon.colcon_core.package_identification[0m [1;30mLevel 1[0m _identify(data/20260510_170647_session) by extension 'colcon_pkg'
[0.374s] [34mcolcon.colcon_core.package_identification[0m [1;30mLevel 1[0m _identify(data/20260510_170647_session) by extensions ['colcon_meta']
[0.374s] [34mcolcon.colcon_core.package_identification[0m [1;30mLevel 1[0m _identify(data/20260510_170647_session) by extension 'colcon_meta'
[0.374s] [34mcolcon.colcon_core.package_identification[0m [1;30mLevel 1[0m _identify(data/20260510_170647_session) by extensions ['ros']
[0.374s] [34mcolcon.colcon_core.package_identification[0m [1;30mLevel 1[0m _identify(data/20260510_170647_session) by extension 'ros'
[0.374s] [34mcolcon.colcon_core.package_identification[0m [1;30mLevel 1[0m _identify(data/20260510_170647_session) by extensions ['cmake', 'python']
[0.374s] [34mcolcon.colcon_core.package_identification[0m [1;30mLevel 1[0m _identify(data/20260510_170647_session) by extension 'cmake'
[0.374s] [34mcolcon.colcon_core.package_identification[0m [1;30mLevel 1[0m _identify(data/20260510_170647_session) by extension 'python'
[0.374s] [34mcolcon.colcon_core.package_identification[0m [1;30mLevel 1[0m _identify(data/20260510_170647_session) by extensions ['python_setup_py']
[0.374s] [34mcolcon.colcon_core.package_identification[0m [1;30mLevel 1[0m _identify(data/20260510_170647_session) by extension 'python_setup_py'
[0.374s] [34mcolcon.colcon_core.package_identification[0m [1;30mLevel 1[0m _identify(data/20260510_171318_session) by extensions ['ignore', 'ignore_ament_install']
[0.374s] [34mcolcon.colcon_core.package_identification[0m [1;30mLevel 1[0m _identify(data/20260510_171318_session) by extension 'ignore'
[0.374s] [34mcolcon.colcon_core.package_identification[0m [1;30mLevel 1[0m _identify(data/20260510_171318_session) by extension 'ignore_ament_install'
[0.374s] [34mcolcon.colcon_core.package_identification[0m [1;30mLevel 1[0m _identify(data/20260510_171318_session) by extensions ['colcon_pkg']
[0.374s] [34mcolcon.colcon_core.package_identification[0m [1;30mLevel 1[0m _identify(data/20260510_171318_session) by extension 'colcon_pkg'
[0.374s] [34mcolcon.colcon_core.package_identification[0m [1;30mLevel 1[0m _identify(data/20260510_171318_session) by extensions ['colcon_meta']
[0.374s] [34mcolcon.colcon_core.package_identification[0m [1;30mLevel 1[0m _identify(data/20260510_171318_session) by extension 'colcon_meta'
[0.374s] [34mcolcon.colcon_core.package_identification[0m [1;30mLevel 1[0m _identify(data/20260510_171318_session) by extensions ['ros']
[0.375s] [34mcolcon.colcon_core.package_identification[0m [1;30mLevel 1[0m _identify(data/20260510_171318_session) by extension 'ros'
[0.375s] [34mcolcon.colcon_core.package_identification[0m [1;30mLevel 1[0m _identify(data/20260510_171318_session) by extensions ['cmake', 'python']
[0.375s] [34mcolcon.colcon_core.package_identification[0m [1;30mLevel 1[0m _identify(data/20260510_171318_session) by extension 'cmake'
[0.375s] [34mcolcon.colcon_core.package_identification[0m [1;30mLevel 1[0m _identify(data/20260510_171318_session) by extension 'python'
[0.375s] [34mcolcon.colcon_core.package_identification[0m [1;30mLevel 1[0m _identify(data/20260510_171318_session) by extensions ['python_setup_py']
[0.375s] [34mcolcon.colcon_core.package_identification[0m [1;30mLevel 1[0m _identify(data/20260510_171318_session) by extension 'python_setup_py'
[0.375s] [34mcolcon.colcon_core.package_identification[0m [1;30mLevel 1[0m _identify(data/20260510_171558_session) by extensions ['ignore', 'ignore_ament_install']
[0.375s] [34mcolcon.colcon_core.package_identification[0m [1;30mLevel 1[0m _identify(data/20260510_171558_session) by extension 'ignore'
[0.375s] [34mcolcon.colcon_core.package_identification[0m [1;30mLevel 1[0m _identify(data/20260510_171558_session) by extension 'ignore_ament_install'
[0.375s] [34mcolcon.colcon_core.package_identification[0m [1;30mLevel 1[0m _identify(data/20260510_171558_session) by extensions ['colcon_pkg']
[0.375s] [34mcolcon.colcon_core.package_identification[0m [1;30mLevel 1[0m _identify(data/20260510_171558_session) by extension 'colcon_pkg'
[0.375s] [34mcolcon.colcon_core.package_identification[0m [1;30mLevel 1[0m _identify(data/20260510_171558_session) by extensions ['colcon_meta']
[0.375s] [34mcolcon.colcon_core.package_identification[0m [1;30mLevel 1[0m _identify(data/20260510_171558_session) by extension 'colcon_meta'
[0.375s] [34mcolcon.colcon_core.package_identification[0m [1;30mLevel 1[0m _identify(data/20260510_171558_session) by extensions ['ros']
[0.375s] [34mcolcon.colcon_core.package_identification[0m [1;30mLevel 1[0m _identify(data/20260510_171558_session) by extension 'ros'
[0.375s] [34mcolcon.colcon_core.package_identification[0m [1;30mLevel 1[0m _identify(data/20260510_171558_session) by extensions ['cmake', 'python']
[0.375s] [34mcolcon.colcon_core.package_identification[0m [1;30mLevel 1[0m _identify(data/20260510_171558_session) by extension 'cmake'
[0.375s] [34mcolcon.colcon_core.package_identification[0m [1;30mLevel 1[0m _identify(data/20260510_171558_session) by extension 'python'
[0.375s] [34mcolcon.colcon_core.package_identification[0m [1;30mLevel 1[0m _identify(data/20260510_171558_session) by extensions ['python_setup_py']
[0.375s] [34mcolcon.colcon_core.package_identification[0m [1;30mLevel 1[0m _identify(data/20260510_171558_session) by extension 'python_setup_py'
[0.375s] [34mcolcon.colcon_core.package_identification[0m [1;30mLevel 1[0m _identify(data/20260510_171810_session) by extensions ['ignore', 'ignore_ament_install']
[0.375s] [34mcolcon.colcon_core.package_identification[0m [1;30mLevel 1[0m _identify(data/20260510_171810_session) by extension 'ignore'
[0.375s] [34mcolcon.colcon_core.package_identification[0m [1;30mLevel 1[0m _identify(data/20260510_171810_session) by extension 'ignore_ament_install'
[0.375s] [34mcolcon.colcon_core.package_identification[0m [1;30mLevel 1[0m _identify(data/20260510_171810_session) by extensions ['colcon_pkg']
[0.375s] [34mcolcon.colcon_core.package_identification[0m [1;30mLevel 1[0m _identify(data/20260510_171810_session) by extension 'colcon_pkg'
[0.376s] [34mcolcon.colcon_core.package_identification[0m [1;30mLevel 1[0m _identify(data/20260510_171810_session) by extensions ['colcon_meta']
[0.376s] [34mcolcon.colcon_core.package_identification[0m [1;30mLevel 1[0m _identify(data/20260510_171810_session) by extension 'colcon_meta'
[0.376s] [34mcolcon.colcon_core.package_identification[0m [1;30mLevel 1[0m _identify(data/20260510_171810_session) by extensions ['ros']
[0.376s] [34mcolcon.colcon_core.package_identification[0m [1;30mLevel 1[0m _identify(data/20260510_171810_session) by extension 'ros'
[0.376s] [34mcolcon.colcon_core.package_identification[0m [1;30mLevel 1[0m _identify(data/20260510_171810_session) by extensions ['cmake', 'python']
[0.376s] [34mcolcon.colcon_core.package_identification[0m [1;30mLevel 1[0m _identify(data/20260510_171810_session) by extension 'cmake'
[0.376s] [34mcolcon.colcon_core.package_identification[0m [1;30mLevel 1[0m _identify(data/20260510_171810_session) by extension 'python'
[0.376s] [34mcolcon.colcon_core.package_identification[0m [1;30mLevel 1[0m _identify(data/20260510_171810_session) by extensions ['python_setup_py']
[0.376s] [34mcolcon.colcon_core.package_identification[0m [1;30mLevel 1[0m _identify(data/20260510_171810_session) by extension 'python_setup_py'
[0.376s] [34mcolcon.colcon_core.package_identification[0m [1;30mLevel 1[0m _identify(data/20260510_171840_session) by extensions ['ignore', 'ignore_ament_install']
[0.376s] [34mcolcon.colcon_core.package_identification[0m [1;30mLevel 1[0m _identify(data/20260510_171840_session) by extension 'ignore'
[0.376s] [34mcolcon.colcon_core.package_identification[0m [1;30mLevel 1[0m _identify(data/20260510_171840_session) by extension 'ignore_ament_install'
[0.376s] [34mcolcon.colcon_core.package_identification[0m [1;30mLevel 1[0m _identify(data/20260510_171840_session) by extensions ['colcon_pkg']
[0.376s] [34mcolcon.colcon_core.package_identification[0m [1;30mLevel 1[0m _identify(data/20260510_171840_session) by extension 'colcon_pkg'
[0.376s] [34mcolcon.colcon_core.package_identification[0m [1;30mLevel 1[0m _identify(data/20260510_171840_session) by extensions ['colcon_meta']
[0.376s] [34mcolcon.colcon_core.package_identification[0m [1;30mLevel 1[0m _identify(data/20260510_171840_session) by extension 'colcon_meta'
[0.376s] [34mcolcon.colcon_core.package_identification[0m [1;30mLevel 1[0m _identify(data/20260510_171840_session) by extensions ['ros']
[0.376s] [34mcolcon.colcon_core.package_identification[0m [1;30mLevel 1[0m _identify(data/20260510_171840_session) by extension 'ros'
[0.376s] [34mcolcon.colcon_core.package_identification[0m [1;30mLevel 1[0m _identify(data/20260510_171840_session) by extensions ['cmake', 'python']
[0.376s] [34mcolcon.colcon_core.package_identification[0m [1;30mLevel 1[0m _identify(data/20260510_171840_session) by extension 'cmake'
[0.376s] [34mcolcon.colcon_core.package_identification[0m [1;30mLevel 1[0m _identify(data/20260510_171840_session) by extension 'python'
[0.376s] [34mcolcon.colcon_core.package_identification[0m [1;30mLevel 1[0m _identify(data/20260510_171840_session) by extensions ['python_setup_py']
[0.376s] [34mcolcon.colcon_core.package_identification[0m [1;30mLevel 1[0m _identify(data/20260510_171840_session) by extension 'python_setup_py'
[0.376s] [34mcolcon.colcon_core.package_identification[0m [1;30mLevel 1[0m _identify(data/20260510_171840_session/1_gui_capture) by extensions ['ignore', 'ignore_ament_install']
[0.376s] [34mcolcon.colcon_core.package_identification[0m [1;30mLevel 1[0m _identify(data/20260510_171840_session/1_gui_capture) by extension 'ignore'
[0.377s] [34mcolcon.colcon_core.package_identification[0m [1;30mLevel 1[0m _identify(data/20260510_171840_session/1_gui_capture) by extension 'ignore_ament_install'
[0.377s] [34mcolcon.colcon_core.package_identification[0m [1;30mLevel 1[0m _identify(data/20260510_171840_session/1_gui_capture) by extensions ['colcon_pkg']
[0.377s] [34mcolcon.colcon_core.package_identification[0m [1;30mLevel 1[0m _identify(data/20260510_171840_session/1_gui_capture) by extension 'colcon_pkg'
[0.377s] [34mcolcon.colcon_core.package_identification[0m [1;30mLevel 1[0m _identify(data/20260510_171840_session/1_gui_capture) by extensions ['colcon_meta']
[0.377s] [34mcolcon.colcon_core.package_identification[0m [1;30mLevel 1[0m _identify(data/20260510_171840_session/1_gui_capture) by extension 'colcon_meta'
[0.377s] [34mcolcon.colcon_core.package_identification[0m [1;30mLevel 1[0m _identify(data/20260510_171840_session/1_gui_capture) by extensions ['ros']
[0.377s] [34mcolcon.colcon_core.package_identification[0m [1;30mLevel 1[0m _identify(data/20260510_171840_session/1_gui_capture) by extension 'ros'
[0.377s] [34mcolcon.colcon_core.package_identification[0m [1;30mLevel 1[0m _identify(data/20260510_171840_session/1_gui_capture) by extensions ['cmake', 'python']
[0.377s] [34mcolcon.colcon_core.package_identification[0m [1;30mLevel 1[0m _identify(data/20260510_171840_session/1_gui_capture) by extension 'cmake'
[0.377s] [34mcolcon.colcon_core.package_identification[0m [1;30mLevel 1[0m _identify(data/20260510_171840_session/1_gui_capture) by extension 'python'
[0.377s] [34mcolcon.colcon_core.package_identification[0m [1;30mLevel 1[0m _identify(data/20260510_171840_session/1_gui_capture) by extensions ['python_setup_py']
[0.377s] [34mcolcon.colcon_core.package_identification[0m [1;30mLevel 1[0m _identify(data/20260510_171840_session/1_gui_capture) by extension 'python_setup_py'
[0.377s] [34mcolcon.colcon_core.package_identification[0m [1;30mLevel 1[0m _identify(data/20260510_171840_session/1_gui_capture/intermediate) by extensions ['ignore', 'ignore_ament_install']
[0.377s] [34mcolcon.colcon_core.package_identification[0m [1;30mLevel 1[0m _identify(data/20260510_171840_session/1_gui_capture/intermediate) by extension 'ignore'
[0.377s] [34mcolcon.colcon_core.package_identification[0m [1;30mLevel 1[0m _identify(data/20260510_171840_session/1_gui_capture/intermediate) by extension 'ignore_ament_install'
[0.377s] [34mcolcon.colcon_core.package_identification[0m [1;30mLevel 1[0m _identify(data/20260510_171840_session/1_gui_capture/intermediate) by extensions ['colcon_pkg']
[0.377s] [34mcolcon.colcon_core.package_identification[0m [1;30mLevel 1[0m _identify(data/20260510_171840_session/1_gui_capture/intermediate) by extension 'colcon_pkg'
[0.377s] [34mcolcon.colcon_core.package_identification[0m [1;30mLevel 1[0m _identify(data/20260510_171840_session/1_gui_capture/intermediate) by extensions ['colcon_meta']
[0.377s] [34mcolcon.colcon_core.package_identification[0m [1;30mLevel 1[0m _identify(data/20260510_171840_session/1_gui_capture/intermediate) by extension 'colcon_meta'
[0.377s] [34mcolcon.colcon_core.package_identification[0m [1;30mLevel 1[0m _identify(data/20260510_171840_session/1_gui_capture/intermediate) by extensions ['ros']
[0.377s] [34mcolcon.colcon_core.package_identification[0m [1;30mLevel 1[0m _identify(data/20260510_171840_session/1_gui_capture/intermediate) by extension 'ros'
[0.377s] [34mcolcon.colcon_core.package_identification[0m [1;30mLevel 1[0m _identify(data/20260510_171840_session/1_gui_capture/intermediate) by extensions ['cmake', 'python']
[0.377s] [34mcolcon.colcon_core.package_identification[0m [1;30mLevel 1[0m _identify(data/20260510_171840_session/1_gui_capture/intermediate) by extension 'cmake'
[0.377s] [34mcolcon.colcon_core.package_identification[0m [1;30mLevel 1[0m _identify(data/20260510_171840_session/1_gui_capture/intermediate) by extension 'python'
[0.377s] [34mcolcon.colcon_core.package_identification[0m [1;30mLevel 1[0m _identify(data/20260510_171840_session/1_gui_capture/intermediate) by extensions ['python_setup_py']
[0.378s] [34mcolcon.colcon_core.package_identification[0m [1;30mLevel 1[0m _identify(data/20260510_171840_session/1_gui_capture/intermediate) by extension 'python_setup_py'
[0.378s] [34mcolcon.colcon_core.package_identification[0m [1;30mLevel 1[0m _identify(data/20260510_171840_session/1_gui_capture/processed) by extensions ['ignore', 'ignore_ament_install']
[0.378s] [34mcolcon.colcon_core.package_identification[0m [1;30mLevel 1[0m _identify(data/20260510_171840_session/1_gui_capture/processed) by extension 'ignore'
[0.378s] [34mcolcon.colcon_core.package_identification[0m [1;30mLevel 1[0m _identify(data/20260510_171840_session/1_gui_capture/processed) by extension 'ignore_ament_install'
[0.378s] [34mcolcon.colcon_core.package_identification[0m [1;30mLevel 1[0m _identify(data/20260510_171840_session/1_gui_capture/processed) by extensions ['colcon_pkg']
[0.378s] [34mcolcon.colcon_core.package_identification[0m [1;30mLevel 1[0m _identify(data/20260510_171840_session/1_gui_capture/processed) by extension 'colcon_pkg'
[0.378s] [34mcolcon.colcon_core.package_identification[0m [1;30mLevel 1[0m _identify(data/20260510_171840_session/1_gui_capture/processed) by extensions ['colcon_meta']
[0.378s] [34mcolcon.colcon_core.package_identification[0m [1;30mLevel 1[0m _identify(data/20260510_171840_session/1_gui_capture/processed) by extension 'colcon_meta'
[0.378s] [34mcolcon.colcon_core.package_identification[0m [1;30mLevel 1[0m _identify(data/20260510_171840_session/1_gui_capture/processed) by extensions ['ros']
[0.378s] [34mcolcon.colcon_core.package_identification[0m [1;30mLevel 1[0m _identify(data/20260510_171840_session/1_gui_capture/processed) by extension 'ros'
[0.378s] [34mcolcon.colcon_core.package_identification[0m [1;30mLevel 1[0m _identify(data/20260510_171840_session/1_gui_capture/processed) by extensions ['cmake', 'python']
[0.378s] [34mcolcon.colcon_core.package_identification[0m [1;30mLevel 1[0m _identify(data/20260510_171840_session/1_gui_capture/processed) by extension 'cmake'
[0.378s] [34mcolcon.colcon_core.package_identification[0m [1;30mLevel 1[0m _identify(data/20260510_171840_session/1_gui_capture/processed) by extension 'python'
[0.378s] [34mcolcon.colcon_core.package_identification[0m [1;30mLevel 1[0m _identify(data/20260510_171840_session/1_gui_capture/processed) by extensions ['python_setup_py']
[0.378s] [34mcolcon.colcon_core.package_identification[0m [1;30mLevel 1[0m _identify(data/20260510_171840_session/1_gui_capture/processed) by extension 'python_setup_py'
[0.378s] [34mcolcon.colcon_core.package_identification[0m [1;30mLevel 1[0m _identify(data/20260510_171840_session/1_gui_capture/raw) by extensions ['ignore', 'ignore_ament_install']
[0.378s] [34mcolcon.colcon_core.package_identification[0m [1;30mLevel 1[0m _identify(data/20260510_171840_session/1_gui_capture/raw) by extension 'ignore'
[0.378s] [34mcolcon.colcon_core.package_identification[0m [1;30mLevel 1[0m _identify(data/20260510_171840_session/1_gui_capture/raw) by extension 'ignore_ament_install'
[0.378s] [34mcolcon.colcon_core.package_identification[0m [1;30mLevel 1[0m _identify(data/20260510_171840_session/1_gui_capture/raw) by extensions ['colcon_pkg']
[0.378s] [34mcolcon.colcon_core.package_identification[0m [1;30mLevel 1[0m _identify(data/20260510_171840_session/1_gui_capture/raw) by extension 'colcon_pkg'
[0.379s] [34mcolcon.colcon_core.package_identification[0m [1;30mLevel 1[0m _identify(data/20260510_171840_session/1_gui_capture/raw) by extensions ['colcon_meta']
[0.379s] [34mcolcon.colcon_core.package_identification[0m [1;30mLevel 1[0m _identify(data/20260510_171840_session/1_gui_capture/raw) by extension 'colcon_meta'
[0.379s] [34mcolcon.colcon_core.package_identification[0m [1;30mLevel 1[0m _identify(data/20260510_171840_session/1_gui_capture/raw) by extensions ['ros']
[0.379s] [34mcolcon.colcon_core.package_identification[0m [1;30mLevel 1[0m _identify(data/20260510_171840_session/1_gui_capture/raw) by extension 'ros'
[0.379s] [34mcolcon.colcon_core.package_identification[0m [1;30mLevel 1[0m _identify(data/20260510_171840_session/1_gui_capture/raw) by extensions ['cmake', 'python']
[0.379s] [34mcolcon.colcon_core.package_identification[0m [1;30mLevel 1[0m _identify(data/20260510_171840_session/1_gui_capture/raw) by extension 'cmake'
[0.379s] [34mcolcon.colcon_core.package_identification[0m [1;30mLevel 1[0m _identify(data/20260510_171840_session/1_gui_capture/raw) by extension 'python'
[0.379s] [34mcolcon.colcon_core.package_identification[0m [1;30mLevel 1[0m _identify(data/20260510_171840_session/1_gui_capture/raw) by extensions ['python_setup_py']
[0.379s] [34mcolcon.colcon_core.package_identification[0m [1;30mLevel 1[0m _identify(data/20260510_171840_session/1_gui_capture/raw) by extension 'python_setup_py'
[0.379s] [34mcolcon.colcon_core.package_identification[0m [1;30mLevel 1[0m _identify(data/20260510_172556_session) by extensions ['ignore', 'ignore_ament_install']
[0.379s] [34mcolcon.colcon_core.package_identification[0m [1;30mLevel 1[0m _identify(data/20260510_172556_session) by extension 'ignore'
[0.379s] [34mcolcon.colcon_core.package_identification[0m [1;30mLevel 1[0m _identify(data/20260510_172556_session) by extension 'ignore_ament_install'
[0.379s] [34mcolcon.colcon_core.package_identification[0m [1;30mLevel 1[0m _identify(data/20260510_172556_session) by extensions ['colcon_pkg']
[0.379s] [34mcolcon.colcon_core.package_identification[0m [1;30mLevel 1[0m _identify(data/20260510_172556_session) by extension 'colcon_pkg'
[0.379s] [34mcolcon.colcon_core.package_identification[0m [1;30mLevel 1[0m _identify(data/20260510_172556_session) by extensions ['colcon_meta']
[0.379s] [34mcolcon.colcon_core.package_identification[0m [1;30mLevel 1[0m _identify(data/20260510_172556_session) by extension 'colcon_meta'
[0.379s] [34mcolcon.colcon_core.package_identification[0m [1;30mLevel 1[0m _identify(data/20260510_172556_session) by extensions ['ros']
[0.379s] [34mcolcon.colcon_core.package_identification[0m [1;30mLevel 1[0m _identify(data/20260510_172556_session) by extension 'ros'
[0.379s] [34mcolcon.colcon_core.package_identification[0m [1;30mLevel 1[0m _identify(data/20260510_172556_session) by extensions ['cmake', 'python']
[0.379s] [34mcolcon.colcon_core.package_identification[0m [1;30mLevel 1[0m _identify(data/20260510_172556_session) by extension 'cmake'
[0.379s] [34mcolcon.colcon_core.package_identification[0m [1;30mLevel 1[0m _identify(data/20260510_172556_session) by extension 'python'
[0.379s] [34mcolcon.colcon_core.package_identification[0m [1;30mLevel 1[0m _identify(data/20260510_172556_session) by extensions ['python_setup_py']
[0.379s] [34mcolcon.colcon_core.package_identification[0m [1;30mLevel 1[0m _identify(data/20260510_172556_session) by extension 'python_setup_py'
[0.379s] [34mcolcon.colcon_core.package_identification[0m [1;30mLevel 1[0m _identify(data/20260510_173549_session) by extensions ['ignore', 'ignore_ament_install']
[0.379s] [34mcolcon.colcon_core.package_identification[0m [1;30mLevel 1[0m _identify(data/20260510_173549_session) by extension 'ignore'
[0.380s] [34mcolcon.colcon_core.package_identification[0m [1;30mLevel 1[0m _identify(data/20260510_173549_session) by extension 'ignore_ament_install'
[0.380s] [34mcolcon.colcon_core.package_identification[0m [1;30mLevel 1[0m _identify(data/20260510_173549_session) by extensions ['colcon_pkg']
[0.380s] [34mcolcon.colcon_core.package_identification[0m [1;30mLevel 1[0m _identify(data/20260510_173549_session) by extension 'colcon_pkg'
[0.380s] [34mcolcon.colcon_core.package_identification[0m [1;30mLevel 1[0m _identify(data/20260510_173549_session) by extensions ['colcon_meta']
[0.380s] [34mcolcon.colcon_core.package_identification[0m [1;30mLevel 1[0m _identify(data/20260510_173549_session) by extension 'colcon_meta'
[0.380s] [34mcolcon.colcon_core.package_identification[0m [1;30mLevel 1[0m _identify(data/20260510_173549_session) by extensions ['ros']
[0.380s] [34mcolcon.colcon_core.package_identification[0m [1;30mLevel 1[0m _identify(data/20260510_173549_session) by extension 'ros'
[0.380s] [34mcolcon.colcon_core.package_identification[0m [1;30mLevel 1[0m _identify(data/20260510_173549_session) by extensions ['cmake', 'python']
[0.380s] [34mcolcon.colcon_core.package_identification[0m [1;30mLevel 1[0m _identify(data/20260510_173549_session) by extension 'cmake'
[0.380s] [34mcolcon.colcon_core.package_identification[0m [1;30mLevel 1[0m _identify(data/20260510_173549_session) by extension 'python'
[0.380s] [34mcolcon.colcon_core.package_identification[0m [1;30mLevel 1[0m _identify(data/20260510_173549_session) by extensions ['python_setup_py']
[0.380s] [34mcolcon.colcon_core.package_identification[0m [1;30mLevel 1[0m _identify(data/20260510_173549_session) by extension 'python_setup_py'
[0.380s] [34mcolcon.colcon_core.package_identification[0m [1;30mLevel 1[0m _identify(data/20260510_173734_session) by extensions ['ignore', 'ignore_ament_install']
[0.380s] [34mcolcon.colcon_core.package_identification[0m [1;30mLevel 1[0m _identify(data/20260510_173734_session) by extension 'ignore'
[0.380s] [34mcolcon.colcon_core.package_identification[0m [1;30mLevel 1[0m _identify(data/20260510_173734_session) by extension 'ignore_ament_install'
[0.380s] [34mcolcon.colcon_core.package_identification[0m [1;30mLevel 1[0m _identify(data/20260510_173734_session) by extensions ['colcon_pkg']
[0.380s] [34mcolcon.colcon_core.package_identification[0m [1;30mLevel 1[0m _identify(data/20260510_173734_session) by extension 'colcon_pkg'
[0.380s] [34mcolcon.colcon_core.package_identification[0m [1;30mLevel 1[0m _identify(data/20260510_173734_session) by extensions ['colcon_meta']
[0.380s] [34mcolcon.colcon_core.package_identification[0m [1;30mLevel 1[0m _identify(data/20260510_173734_session) by extension 'colcon_meta'
[0.380s] [34mcolcon.colcon_core.package_identification[0m [1;30mLevel 1[0m _identify(data/20260510_173734_session) by extensions ['ros']
[0.380s] [34mcolcon.colcon_core.package_identification[0m [1;30mLevel 1[0m _identify(data/20260510_173734_session) by extension 'ros'
[0.380s] [34mcolcon.colcon_core.package_identification[0m [1;30mLevel 1[0m _identify(data/20260510_173734_session) by extensions ['cmake', 'python']
[0.380s] [34mcolcon.colcon_core.package_identification[0m [1;30mLevel 1[0m _identify(data/20260510_173734_session) by extension 'cmake'
[0.380s] [34mcolcon.colcon_core.package_identification[0m [1;30mLevel 1[0m _identify(data/20260510_173734_session) by extension 'python'
[0.380s] [34mcolcon.colcon_core.package_identification[0m [1;30mLevel 1[0m _identify(data/20260510_173734_session) by extensions ['python_setup_py']
[0.380s] [34mcolcon.colcon_core.package_identification[0m [1;30mLevel 1[0m _identify(data/20260510_173734_session) by extension 'python_setup_py'
[0.380s] [34mcolcon.colcon_core.package_identification[0m [1;30mLevel 1[0m _identify(data/20260510_191635_session) by extensions ['ignore', 'ignore_ament_install']
[0.381s] [34mcolcon.colcon_core.package_identification[0m [1;30mLevel 1[0m _identify(data/20260510_191635_session) by extension 'ignore'
[0.381s] [34mcolcon.colcon_core.package_identification[0m [1;30mLevel 1[0m _identify(data/20260510_191635_session) by extension 'ignore_ament_install'
[0.381s] [34mcolcon.colcon_core.package_identification[0m [1;30mLevel 1[0m _identify(data/20260510_191635_session) by extensions ['colcon_pkg']
[0.381s] [34mcolcon.colcon_core.package_identification[0m [1;30mLevel 1[0m _identify(data/20260510_191635_session) by extension 'colcon_pkg'
[0.381s] [34mcolcon.colcon_core.package_identification[0m [1;30mLevel 1[0m _identify(data/20260510_191635_session) by extensions ['colcon_meta']
[0.381s] [34mcolcon.colcon_core.package_identification[0m [1;30mLevel 1[0m _identify(data/20260510_191635_session) by extension 'colcon_meta'
[0.381s] [34mcolcon.colcon_core.package_identification[0m [1;30mLevel 1[0m _identify(data/20260510_191635_session) by extensions ['ros']
[0.381s] [34mcolcon.colcon_core.package_identification[0m [1;30mLevel 1[0m _identify(data/20260510_191635_session) by extension 'ros'
[0.381s] [34mcolcon.colcon_core.package_identification[0m [1;30mLevel 1[0m _identify(data/20260510_191635_session) by extensions ['cmake', 'python']
[0.381s] [34mcolcon.colcon_core.package_identification[0m [1;30mLevel 1[0m _identify(data/20260510_191635_session) by extension 'cmake'
[0.381s] [34mcolcon.colcon_core.package_identification[0m [1;30mLevel 1[0m _identify(data/20260510_191635_session) by extension 'python'
[0.381s] [34mcolcon.colcon_core.package_identification[0m [1;30mLevel 1[0m _identify(data/20260510_191635_session) by extensions ['python_setup_py']
[0.381s] [34mcolcon.colcon_core.package_identification[0m [1;30mLevel 1[0m _identify(data/20260510_191635_session) by extension 'python_setup_py'
[0.381s] [34mcolcon.colcon_core.package_identification[0m [1;30mLevel 1[0m _identify(data/20260510_191635_session/1_gui_capture) by extensions ['ignore', 'ignore_ament_install']
[0.381s] [34mcolcon.colcon_core.package_identification[0m [1;30mLevel 1[0m _identify(data/20260510_191635_session/1_gui_capture) by extension 'ignore'
[0.381s] [34mcolcon.colcon_core.package_identification[0m [1;30mLevel 1[0m _identify(data/20260510_191635_session/1_gui_capture) by extension 'ignore_ament_install'
[0.381s] [34mcolcon.colcon_core.package_identification[0m [1;30mLevel 1[0m _identify(data/20260510_191635_session/1_gui_capture) by extensions ['colcon_pkg']
[0.381s] [34mcolcon.colcon_core.package_identification[0m [1;30mLevel 1[0m _identify(data/20260510_191635_session/1_gui_capture) by extension 'colcon_pkg'
[0.381s] [34mcolcon.colcon_core.package_identification[0m [1;30mLevel 1[0m _identify(data/20260510_191635_session/1_gui_capture) by extensions ['colcon_meta']
[0.381s] [34mcolcon.colcon_core.package_identification[0m [1;30mLevel 1[0m _identify(data/20260510_191635_session/1_gui_capture) by extension 'colcon_meta'
[0.381s] [34mcolcon.colcon_core.package_identification[0m [1;30mLevel 1[0m _identify(data/20260510_191635_session/1_gui_capture) by extensions ['ros']
[0.381s] [34mcolcon.colcon_core.package_identification[0m [1;30mLevel 1[0m _identify(data/20260510_191635_session/1_gui_capture) by extension 'ros'
[0.381s] [34mcolcon.colcon_core.package_identification[0m [1;30mLevel 1[0m _identify(data/20260510_191635_session/1_gui_capture) by extensions ['cmake', 'python']
[0.381s] [34mcolcon.colcon_core.package_identification[0m [1;30mLevel 1[0m _identify(data/20260510_191635_session/1_gui_capture) by extension 'cmake'
[0.381s] [34mcolcon.colcon_core.package_identification[0m [1;30mLevel 1[0m _identify(data/20260510_191635_session/1_gui_capture) by extension 'python'
[0.381s] [34mcolcon.colcon_core.package_identification[0m [1;30mLevel 1[0m _identify(data/20260510_191635_session/1_gui_capture) by extensions ['python_setup_py']
[0.381s] [34mcolcon.colcon_core.package_identification[0m [1;30mLevel 1[0m _identify(data/20260510_191635_session/1_gui_capture) by extension 'python_setup_py'
[0.382s] [34mcolcon.colcon_core.package_identification[0m [1;30mLevel 1[0m _identify(data/20260510_191635_session/1_gui_capture/intermediate) by extensions ['ignore', 'ignore_ament_install']
[0.382s] [34mcolcon.colcon_core.package_identification[0m [1;30mLevel 1[0m _identify(data/20260510_191635_session/1_gui_capture/intermediate) by extension 'ignore'
[0.382s] [34mcolcon.colcon_core.package_identification[0m [1;30mLevel 1[0m _identify(data/20260510_191635_session/1_gui_capture/intermediate) by extension 'ignore_ament_install'
[0.382s] [34mcolcon.colcon_core.package_identification[0m [1;30mLevel 1[0m _identify(data/20260510_191635_session/1_gui_capture/intermediate) by extensions ['colcon_pkg']
[0.382s] [34mcolcon.colcon_core.package_identification[0m [1;30mLevel 1[0m _identify(data/20260510_191635_session/1_gui_capture/intermediate) by extension 'colcon_pkg'
[0.382s] [34mcolcon.colcon_core.package_identification[0m [1;30mLevel 1[0m _identify(data/20260510_191635_session/1_gui_capture/intermediate) by extensions ['colcon_meta']
[0.382s] [34mcolcon.colcon_core.package_identification[0m [1;30mLevel 1[0m _identify(data/20260510_191635_session/1_gui_capture/intermediate) by extension 'colcon_meta'
[0.382s] [34mcolcon.colcon_core.package_identification[0m [1;30mLevel 1[0m _identify(data/20260510_191635_session/1_gui_capture/intermediate) by extensions ['ros']
[0.382s] [34mcolcon.colcon_core.package_identification[0m [1;30mLevel 1[0m _identify(data/20260510_191635_session/1_gui_capture/intermediate) by extension 'ros'
[0.382s] [34mcolcon.colcon_core.package_identification[0m [1;30mLevel 1[0m _identify(data/20260510_191635_session/1_gui_capture/intermediate) by extensions ['cmake', 'python']
[0.382s] [34mcolcon.colcon_core.package_identification[0m [1;30mLevel 1[0m _identify(data/20260510_191635_session/1_gui_capture/intermediate) by extension 'cmake'
[0.382s] [34mcolcon.colcon_core.package_identification[0m [1;30mLevel 1[0m _identify(data/20260510_191635_session/1_gui_capture/intermediate) by extension 'python'
[0.382s] [34mcolcon.colcon_core.package_identification[0m [1;30mLevel 1[0m _identify(data/20260510_191635_session/1_gui_capture/intermediate) by extensions ['python_setup_py']
[0.382s] [34mcolcon.colcon_core.package_identification[0m [1;30mLevel 1[0m _identify(data/20260510_191635_session/1_gui_capture/intermediate) by extension 'python_setup_py'
[0.382s] [34mcolcon.colcon_core.package_identification[0m [1;30mLevel 1[0m _identify(data/20260510_191635_session/1_gui_capture/processed) by extensions ['ignore', 'ignore_ament_install']
[0.382s] [34mcolcon.colcon_core.package_identification[0m [1;30mLevel 1[0m _identify(data/20260510_191635_session/1_gui_capture/processed) by extension 'ignore'
[0.382s] [34mcolcon.colcon_core.package_identification[0m [1;30mLevel 1[0m _identify(data/20260510_191635_session/1_gui_capture/processed) by extension 'ignore_ament_install'
[0.382s] [34mcolcon.colcon_core.package_identification[0m [1;30mLevel 1[0m _identify(data/20260510_191635_session/1_gui_capture/processed) by extensions ['colcon_pkg']
[0.382s] [34mcolcon.colcon_core.package_identification[0m [1;30mLevel 1[0m _identify(data/20260510_191635_session/1_gui_capture/processed) by extension 'colcon_pkg'
[0.382s] [34mcolcon.colcon_core.package_identification[0m [1;30mLevel 1[0m _identify(data/20260510_191635_session/1_gui_capture/processed) by extensions ['colcon_meta']
[0.382s] [34mcolcon.colcon_core.package_identification[0m [1;30mLevel 1[0m _identify(data/20260510_191635_session/1_gui_capture/processed) by extension 'colcon_meta'
[0.382s] [34mcolcon.colcon_core.package_identification[0m [1;30mLevel 1[0m _identify(data/20260510_191635_session/1_gui_capture/processed) by extensions ['ros']
[0.382s] [34mcolcon.colcon_core.package_identification[0m [1;30mLevel 1[0m _identify(data/20260510_191635_session/1_gui_capture/processed) by extension 'ros'
[0.382s] [34mcolcon.colcon_core.package_identification[0m [1;30mLevel 1[0m _identify(data/20260510_191635_session/1_gui_capture/processed) by extensions ['cmake', 'python']
[0.382s] [34mcolcon.colcon_core.package_identification[0m [1;30mLevel 1[0m _identify(data/20260510_191635_session/1_gui_capture/processed) by extension 'cmake'
[0.382s] [34mcolcon.colcon_core.package_identification[0m [1;30mLevel 1[0m _identify(data/20260510_191635_session/1_gui_capture/processed) by extension 'python'
[0.383s] [34mcolcon.colcon_core.package_identification[0m [1;30mLevel 1[0m _identify(data/20260510_191635_session/1_gui_capture/processed) by extensions ['python_setup_py']
[0.383s] [34mcolcon.colcon_core.package_identification[0m [1;30mLevel 1[0m _identify(data/20260510_191635_session/1_gui_capture/processed) by extension 'python_setup_py'
[0.383s] [34mcolcon.colcon_core.package_identification[0m [1;30mLevel 1[0m _identify(data/20260510_191635_session/1_gui_capture/raw) by extensions ['ignore', 'ignore_ament_install']
[0.383s] [34mcolcon.colcon_core.package_identification[0m [1;30mLevel 1[0m _identify(data/20260510_191635_session/1_gui_capture/raw) by extension 'ignore'
[0.383s] [34mcolcon.colcon_core.package_identification[0m [1;30mLevel 1[0m _identify(data/20260510_191635_session/1_gui_capture/raw) by extension 'ignore_ament_install'
[0.383s] [34mcolcon.colcon_core.package_identification[0m [1;30mLevel 1[0m _identify(data/20260510_191635_session/1_gui_capture/raw) by extensions ['colcon_pkg']
[0.383s] [34mcolcon.colcon_core.package_identification[0m [1;30mLevel 1[0m _identify(data/20260510_191635_session/1_gui_capture/raw) by extension 'colcon_pkg'
[0.383s] [34mcolcon.colcon_core.package_identification[0m [1;30mLevel 1[0m _identify(data/20260510_191635_session/1_gui_capture/raw) by extensions ['colcon_meta']
[0.383s] [34mcolcon.colcon_core.package_identification[0m [1;30mLevel 1[0m _identify(data/20260510_191635_session/1_gui_capture/raw) by extension 'colcon_meta'
[0.383s] [34mcolcon.colcon_core.package_identification[0m [1;30mLevel 1[0m _identify(data/20260510_191635_session/1_gui_capture/raw) by extensions ['ros']
[0.383s] [34mcolcon.colcon_core.package_identification[0m [1;30mLevel 1[0m _identify(data/20260510_191635_session/1_gui_capture/raw) by extension 'ros'
[0.383s] [34mcolcon.colcon_core.package_identification[0m [1;30mLevel 1[0m _identify(data/20260510_191635_session/1_gui_capture/raw) by extensions ['cmake', 'python']
[0.383s] [34mcolcon.colcon_core.package_identification[0m [1;30mLevel 1[0m _identify(data/20260510_191635_session/1_gui_capture/raw) by extension 'cmake'
[0.383s] [34mcolcon.colcon_core.package_identification[0m [1;30mLevel 1[0m _identify(data/20260510_191635_session/1_gui_capture/raw) by extension 'python'
[0.383s] [34mcolcon.colcon_core.package_identification[0m [1;30mLevel 1[0m _identify(data/20260510_191635_session/1_gui_capture/raw) by extensions ['python_setup_py']
[0.383s] [34mcolcon.colcon_core.package_identification[0m [1;30mLevel 1[0m _identify(data/20260510_191635_session/1_gui_capture/raw) by extension 'python_setup_py'
[0.383s] [34mcolcon.colcon_core.package_identification[0m [1;30mLevel 1[0m _identify(data/20260510_192158_session) by extensions ['ignore', 'ignore_ament_install']
[0.383s] [34mcolcon.colcon_core.package_identification[0m [1;30mLevel 1[0m _identify(data/20260510_192158_session) by extension 'ignore'
[0.383s] [34mcolcon.colcon_core.package_identification[0m [1;30mLevel 1[0m _identify(data/20260510_192158_session) by extension 'ignore_ament_install'
[0.383s] [34mcolcon.colcon_core.package_identification[0m [1;30mLevel 1[0m _identify(data/20260510_192158_session) by extensions ['colcon_pkg']
[0.383s] [34mcolcon.colcon_core.package_identification[0m [1;30mLevel 1[0m _identify(data/20260510_192158_session) by extension 'colcon_pkg'
[0.383s] [34mcolcon.colcon_core.package_identification[0m [1;30mLevel 1[0m _identify(data/20260510_192158_session) by extensions ['colcon_meta']
[0.383s] [34mcolcon.colcon_core.package_identification[0m [1;30mLevel 1[0m _identify(data/20260510_192158_session) by extension 'colcon_meta'
[0.383s] [34mcolcon.colcon_core.package_identification[0m [1;30mLevel 1[0m _identify(data/20260510_192158_session) by extensions ['ros']
[0.383s] [34mcolcon.colcon_core.package_identification[0m [1;30mLevel 1[0m _identify(data/20260510_192158_session) by extension 'ros'
[0.384s] [34mcolcon.colcon_core.package_identification[0m [1;30mLevel 1[0m _identify(data/20260510_192158_session) by extensions ['cmake', 'python']
[0.384s] [34mcolcon.colcon_core.package_identification[0m [1;30mLevel 1[0m _identify(data/20260510_192158_session) by extension 'cmake'
[0.384s] [34mcolcon.colcon_core.package_identification[0m [1;30mLevel 1[0m _identify(data/20260510_192158_session) by extension 'python'
[0.384s] [34mcolcon.colcon_core.package_identification[0m [1;30mLevel 1[0m _identify(data/20260510_192158_session) by extensions ['python_setup_py']
[0.384s] [34mcolcon.colcon_core.package_identification[0m [1;30mLevel 1[0m _identify(data/20260510_192158_session) by extension 'python_setup_py'
[0.384s] [34mcolcon.colcon_core.package_identification[0m [1;30mLevel 1[0m _identify(data/20260510_192428_session) by extensions ['ignore', 'ignore_ament_install']
[0.384s] [34mcolcon.colcon_core.package_identification[0m [1;30mLevel 1[0m _identify(data/20260510_192428_session) by extension 'ignore'
[0.384s] [34mcolcon.colcon_core.package_identification[0m [1;30mLevel 1[0m _identify(data/20260510_192428_session) by extension 'ignore_ament_install'
[0.384s] [34mcolcon.colcon_core.package_identification[0m [1;30mLevel 1[0m _identify(data/20260510_192428_session) by extensions ['colcon_pkg']
[0.384s] [34mcolcon.colcon_core.package_identification[0m [1;30mLevel 1[0m _identify(data/20260510_192428_session) by extension 'colcon_pkg'
[0.384s] [34mcolcon.colcon_core.package_identification[0m [1;30mLevel 1[0m _identify(data/20260510_192428_session) by extensions ['colcon_meta']
[0.384s] [34mcolcon.colcon_core.package_identification[0m [1;30mLevel 1[0m _identify(data/20260510_192428_session) by extension 'colcon_meta'
[0.384s] [34mcolcon.colcon_core.package_identification[0m [1;30mLevel 1[0m _identify(data/20260510_192428_session) by extensions ['ros']
[0.384s] [34mcolcon.colcon_core.package_identification[0m [1;30mLevel 1[0m _identify(data/20260510_192428_session) by extension 'ros'
[0.384s] [34mcolcon.colcon_core.package_identification[0m [1;30mLevel 1[0m _identify(data/20260510_192428_session) by extensions ['cmake', 'python']
[0.384s] [34mcolcon.colcon_core.package_identification[0m [1;30mLevel 1[0m _identify(data/20260510_192428_session) by extension 'cmake'
[0.384s] [34mcolcon.colcon_core.package_identification[0m [1;30mLevel 1[0m _identify(data/20260510_192428_session) by extension 'python'
[0.384s] [34mcolcon.colcon_core.package_identification[0m [1;30mLevel 1[0m _identify(data/20260510_192428_session) by extensions ['python_setup_py']
[0.384s] [34mcolcon.colcon_core.package_identification[0m [1;30mLevel 1[0m _identify(data/20260510_192428_session) by extension 'python_setup_py'
[0.384s] [34mcolcon.colcon_core.package_identification[0m [1;30mLevel 1[0m _identify(data/20260510_192428_session/1_gui_capture) by extensions ['ignore', 'ignore_ament_install']
[0.384s] [34mcolcon.colcon_core.package_identification[0m [1;30mLevel 1[0m _identify(data/20260510_192428_session/1_gui_capture) by extension 'ignore'
[0.384s] [34mcolcon.colcon_core.package_identification[0m [1;30mLevel 1[0m _identify(data/20260510_192428_session/1_gui_capture) by extension 'ignore_ament_install'
[0.384s] [34mcolcon.colcon_core.package_identification[0m [1;30mLevel 1[0m _identify(data/20260510_192428_session/1_gui_capture) by extensions ['colcon_pkg']
[0.384s] [34mcolcon.colcon_core.package_identification[0m [1;30mLevel 1[0m _identify(data/20260510_192428_session/1_gui_capture) by extension 'colcon_pkg'
[0.384s] [34mcolcon.colcon_core.package_identification[0m [1;30mLevel 1[0m _identify(data/20260510_192428_session/1_gui_capture) by extensions ['colcon_meta']
[0.384s] [34mcolcon.colcon_core.package_identification[0m [1;30mLevel 1[0m _identify(data/20260510_192428_session/1_gui_capture) by extension 'colcon_meta'
[0.385s] [34mcolcon.colcon_core.package_identification[0m [1;30mLevel 1[0m _identify(data/20260510_192428_session/1_gui_capture) by extensions ['ros']
[0.385s] [34mcolcon.colcon_core.package_identification[0m [1;30mLevel 1[0m _identify(data/20260510_192428_session/1_gui_capture) by extension 'ros'
[0.385s] [34mcolcon.colcon_core.package_identification[0m [1;30mLevel 1[0m _identify(data/20260510_192428_session/1_gui_capture) by extensions ['cmake', 'python']
[0.385s] [34mcolcon.colcon_core.package_identification[0m [1;30mLevel 1[0m _identify(data/20260510_192428_session/1_gui_capture) by extension 'cmake'
[0.385s] [34mcolcon.colcon_core.package_identification[0m [1;30mLevel 1[0m _identify(data/20260510_192428_session/1_gui_capture) by extension 'python'
[0.385s] [34mcolcon.colcon_core.package_identification[0m [1;30mLevel 1[0m _identify(data/20260510_192428_session/1_gui_capture) by extensions ['python_setup_py']
[0.385s] [34mcolcon.colcon_core.package_identification[0m [1;30mLevel 1[0m _identify(data/20260510_192428_session/1_gui_capture) by extension 'python_setup_py'
[0.385s] [34mcolcon.colcon_core.package_identification[0m [1;30mLevel 1[0m _identify(data/20260510_192428_session/1_gui_capture/intermediate) by extensions ['ignore', 'ignore_ament_install']
[0.385s] [34mcolcon.colcon_core.package_identification[0m [1;30mLevel 1[0m _identify(data/20260510_192428_session/1_gui_capture/intermediate) by extension 'ignore'
[0.385s] [34mcolcon.colcon_core.package_identification[0m [1;30mLevel 1[0m _identify(data/20260510_192428_session/1_gui_capture/intermediate) by extension 'ignore_ament_install'
[0.385s] [34mcolcon.colcon_core.package_identification[0m [1;30mLevel 1[0m _identify(data/20260510_192428_session/1_gui_capture/intermediate) by extensions ['colcon_pkg']
[0.385s] [34mcolcon.colcon_core.package_identification[0m [1;30mLevel 1[0m _identify(data/20260510_192428_session/1_gui_capture/intermediate) by extension 'colcon_pkg'
[0.385s] [34mcolcon.colcon_core.package_identification[0m [1;30mLevel 1[0m _identify(data/20260510_192428_session/1_gui_capture/intermediate) by extensions ['colcon_meta']
[0.385s] [34mcolcon.colcon_core.package_identification[0m [1;30mLevel 1[0m _identify(data/20260510_192428_session/1_gui_capture/intermediate) by extension 'colcon_meta'
[0.385s] [34mcolcon.colcon_core.package_identification[0m [1;30mLevel 1[0m _identify(data/20260510_192428_session/1_gui_capture/intermediate) by extensions ['ros']
[0.385s] [34mcolcon.colcon_core.package_identification[0m [1;30mLevel 1[0m _identify(data/20260510_192428_session/1_gui_capture/intermediate) by extension 'ros'
[0.385s] [34mcolcon.colcon_core.package_identification[0m [1;30mLevel 1[0m _identify(data/20260510_192428_session/1_gui_capture/intermediate) by extensions ['cmake', 'python']
[0.385s] [34mcolcon.colcon_core.package_identification[0m [1;30mLevel 1[0m _identify(data/20260510_192428_session/1_gui_capture/intermediate) by extension 'cmake'
[0.385s] [34mcolcon.colcon_core.package_identification[0m [1;30mLevel 1[0m _identify(data/20260510_192428_session/1_gui_capture/intermediate) by extension 'python'
[0.385s] [34mcolcon.colcon_core.package_identification[0m [1;30mLevel 1[0m _identify(data/20260510_192428_session/1_gui_capture/intermediate) by extensions ['python_setup_py']
[0.385s] [34mcolcon.colcon_core.package_identification[0m [1;30mLevel 1[0m _identify(data/20260510_192428_session/1_gui_capture/intermediate) by extension 'python_setup_py'
[0.385s] [34mcolcon.colcon_core.package_identification[0m [1;30mLevel 1[0m _identify(data/20260510_192428_session/1_gui_capture/processed) by extensions ['ignore', 'ignore_ament_install']
[0.385s] [34mcolcon.colcon_core.package_identification[0m [1;30mLevel 1[0m _identify(data/20260510_192428_session/1_gui_capture/processed) by extension 'ignore'
[0.385s] [34mcolcon.colcon_core.package_identification[0m [1;30mLevel 1[0m _identify(data/20260510_192428_session/1_gui_capture/processed) by extension 'ignore_ament_install'
[0.385s] [34mcolcon.colcon_core.package_identification[0m [1;30mLevel 1[0m _identify(data/20260510_192428_session/1_gui_capture/processed) by extensions ['colcon_pkg']
[0.386s] [34mcolcon.colcon_core.package_identification[0m [1;30mLevel 1[0m _identify(data/20260510_192428_session/1_gui_capture/processed) by extension 'colcon_pkg'
[0.386s] [34mcolcon.colcon_core.package_identification[0m [1;30mLevel 1[0m _identify(data/20260510_192428_session/1_gui_capture/processed) by extensions ['colcon_meta']
[0.386s] [34mcolcon.colcon_core.package_identification[0m [1;30mLevel 1[0m _identify(data/20260510_192428_session/1_gui_capture/processed) by extension 'colcon_meta'
[0.386s] [34mcolcon.colcon_core.package_identification[0m [1;30mLevel 1[0m _identify(data/20260510_192428_session/1_gui_capture/processed) by extensions ['ros']
[0.386s] [34mcolcon.colcon_core.package_identification[0m [1;30mLevel 1[0m _identify(data/20260510_192428_session/1_gui_capture/processed) by extension 'ros'
[0.386s] [34mcolcon.colcon_core.package_identification[0m [1;30mLevel 1[0m _identify(data/20260510_192428_session/1_gui_capture/processed) by extensions ['cmake', 'python']
[0.386s] [34mcolcon.colcon_core.package_identification[0m [1;30mLevel 1[0m _identify(data/20260510_192428_session/1_gui_capture/processed) by extension 'cmake'
[0.386s] [34mcolcon.colcon_core.package_identification[0m [1;30mLevel 1[0m _identify(data/20260510_192428_session/1_gui_capture/processed) by extension 'python'
[0.386s] [34mcolcon.colcon_core.package_identification[0m [1;30mLevel 1[0m _identify(data/20260510_192428_session/1_gui_capture/processed) by extensions ['python_setup_py']
[0.386s] [34mcolcon.colcon_core.package_identification[0m [1;30mLevel 1[0m _identify(data/20260510_192428_session/1_gui_capture/processed) by extension 'python_setup_py'
[0.386s] [34mcolcon.colcon_core.package_identification[0m [1;30mLevel 1[0m _identify(data/20260510_192428_session/1_gui_capture/raw) by extensions ['ignore', 'ignore_ament_install']
[0.386s] [34mcolcon.colcon_core.package_identification[0m [1;30mLevel 1[0m _identify(data/20260510_192428_session/1_gui_capture/raw) by extension 'ignore'
[0.386s] [34mcolcon.colcon_core.package_identification[0m [1;30mLevel 1[0m _identify(data/20260510_192428_session/1_gui_capture/raw) by extension 'ignore_ament_install'
[0.386s] [34mcolcon.colcon_core.package_identification[0m [1;30mLevel 1[0m _identify(data/20260510_192428_session/1_gui_capture/raw) by extensions ['colcon_pkg']
[0.386s] [34mcolcon.colcon_core.package_identification[0m [1;30mLevel 1[0m _identify(data/20260510_192428_session/1_gui_capture/raw) by extension 'colcon_pkg'
[0.386s] [34mcolcon.colcon_core.package_identification[0m [1;30mLevel 1[0m _identify(data/20260510_192428_session/1_gui_capture/raw) by extensions ['colcon_meta']
[0.386s] [34mcolcon.colcon_core.package_identification[0m [1;30mLevel 1[0m _identify(data/20260510_192428_session/1_gui_capture/raw) by extension 'colcon_meta'
[0.386s] [34mcolcon.colcon_core.package_identification[0m [1;30mLevel 1[0m _identify(data/20260510_192428_session/1_gui_capture/raw) by extensions ['ros']
[0.386s] [34mcolcon.colcon_core.package_identification[0m [1;30mLevel 1[0m _identify(data/20260510_192428_session/1_gui_capture/raw) by extension 'ros'
[0.386s] [34mcolcon.colcon_core.package_identification[0m [1;30mLevel 1[0m _identify(data/20260510_192428_session/1_gui_capture/raw) by extensions ['cmake', 'python']
[0.386s] [34mcolcon.colcon_core.package_identification[0m [1;30mLevel 1[0m _identify(data/20260510_192428_session/1_gui_capture/raw) by extension 'cmake'
[0.386s] [34mcolcon.colcon_core.package_identification[0m [1;30mLevel 1[0m _identify(data/20260510_192428_session/1_gui_capture/raw) by extension 'python'
[0.386s] [34mcolcon.colcon_core.package_identification[0m [1;30mLevel 1[0m _identify(data/20260510_192428_session/1_gui_capture/raw) by extensions ['python_setup_py']
[0.386s] [34mcolcon.colcon_core.package_identification[0m [1;30mLevel 1[0m _identify(data/20260510_192428_session/1_gui_capture/raw) by extension 'python_setup_py'
[0.386s] [34mcolcon.colcon_core.package_identification[0m [1;30mLevel 1[0m _identify(data/20260510_192428_session/2_gui_capture) by extensions ['ignore', 'ignore_ament_install']
[0.387s] [34mcolcon.colcon_core.package_identification[0m [1;30mLevel 1[0m _identify(data/20260510_192428_session/2_gui_capture) by extension 'ignore'
[0.387s] [34mcolcon.colcon_core.package_identification[0m [1;30mLevel 1[0m _identify(data/20260510_192428_session/2_gui_capture) by extension 'ignore_ament_install'
[0.387s] [34mcolcon.colcon_core.package_identification[0m [1;30mLevel 1[0m _identify(data/20260510_192428_session/2_gui_capture) by extensions ['colcon_pkg']
[0.387s] [34mcolcon.colcon_core.package_identification[0m [1;30mLevel 1[0m _identify(data/20260510_192428_session/2_gui_capture) by extension 'colcon_pkg'
[0.387s] [34mcolcon.colcon_core.package_identification[0m [1;30mLevel 1[0m _identify(data/20260510_192428_session/2_gui_capture) by extensions ['colcon_meta']
[0.387s] [34mcolcon.colcon_core.package_identification[0m [1;30mLevel 1[0m _identify(data/20260510_192428_session/2_gui_capture) by extension 'colcon_meta'
[0.387s] [34mcolcon.colcon_core.package_identification[0m [1;30mLevel 1[0m _identify(data/20260510_192428_session/2_gui_capture) by extensions ['ros']
[0.387s] [34mcolcon.colcon_core.package_identification[0m [1;30mLevel 1[0m _identify(data/20260510_192428_session/2_gui_capture) by extension 'ros'
[0.387s] [34mcolcon.colcon_core.package_identification[0m [1;30mLevel 1[0m _identify(data/20260510_192428_session/2_gui_capture) by extensions ['cmake', 'python']
[0.387s] [34mcolcon.colcon_core.package_identification[0m [1;30mLevel 1[0m _identify(data/20260510_192428_session/2_gui_capture) by extension 'cmake'
[0.387s] [34mcolcon.colcon_core.package_identification[0m [1;30mLevel 1[0m _identify(data/20260510_192428_session/2_gui_capture) by extension 'python'
[0.387s] [34mcolcon.colcon_core.package_identification[0m [1;30mLevel 1[0m _identify(data/20260510_192428_session/2_gui_capture) by extensions ['python_setup_py']
[0.387s] [34mcolcon.colcon_core.package_identification[0m [1;30mLevel 1[0m _identify(data/20260510_192428_session/2_gui_capture) by extension 'python_setup_py'
[0.387s] [34mcolcon.colcon_core.package_identification[0m [1;30mLevel 1[0m _identify(data/20260510_192428_session/2_gui_capture/intermediate) by extensions ['ignore', 'ignore_ament_install']
[0.387s] [34mcolcon.colcon_core.package_identification[0m [1;30mLevel 1[0m _identify(data/20260510_192428_session/2_gui_capture/intermediate) by extension 'ignore'
[0.387s] [34mcolcon.colcon_core.package_identification[0m [1;30mLevel 1[0m _identify(data/20260510_192428_session/2_gui_capture/intermediate) by extension 'ignore_ament_install'
[0.387s] [34mcolcon.colcon_core.package_identification[0m [1;30mLevel 1[0m _identify(data/20260510_192428_session/2_gui_capture/intermediate) by extensions ['colcon_pkg']
[0.387s] [34mcolcon.colcon_core.package_identification[0m [1;30mLevel 1[0m _identify(data/20260510_192428_session/2_gui_capture/intermediate) by extension 'colcon_pkg'
[0.387s] [34mcolcon.colcon_core.package_identification[0m [1;30mLevel 1[0m _identify(data/20260510_192428_session/2_gui_capture/intermediate) by extensions ['colcon_meta']
[0.387s] [34mcolcon.colcon_core.package_identification[0m [1;30mLevel 1[0m _identify(data/20260510_192428_session/2_gui_capture/intermediate) by extension 'colcon_meta'
[0.387s] [34mcolcon.colcon_core.package_identification[0m [1;30mLevel 1[0m _identify(data/20260510_192428_session/2_gui_capture/intermediate) by extensions ['ros']
[0.387s] [34mcolcon.colcon_core.package_identification[0m [1;30mLevel 1[0m _identify(data/20260510_192428_session/2_gui_capture/intermediate) by extension 'ros'
[0.387s] [34mcolcon.colcon_core.package_identification[0m [1;30mLevel 1[0m _identify(data/20260510_192428_session/2_gui_capture/intermediate) by extensions ['cmake', 'python']
[0.387s] [34mcolcon.colcon_core.package_identification[0m [1;30mLevel 1[0m _identify(data/20260510_192428_session/2_gui_capture/intermediate) by extension 'cmake'
[0.387s] [34mcolcon.colcon_core.package_identification[0m [1;30mLevel 1[0m _identify(data/20260510_192428_session/2_gui_capture/intermediate) by extension 'python'
[0.387s] [34mcolcon.colcon_core.package_identification[0m [1;30mLevel 1[0m _identify(data/20260510_192428_session/2_gui_capture/intermediate) by extensions ['python_setup_py']
[0.388s] [34mcolcon.colcon_core.package_identification[0m [1;30mLevel 1[0m _identify(data/20260510_192428_session/2_gui_capture/intermediate) by extension 'python_setup_py'
[0.388s] [34mcolcon.colcon_core.package_identification[0m [1;30mLevel 1[0m _identify(data/20260510_192428_session/2_gui_capture/processed) by extensions ['ignore', 'ignore_ament_install']
[0.388s] [34mcolcon.colcon_core.package_identification[0m [1;30mLevel 1[0m _identify(data/20260510_192428_session/2_gui_capture/processed) by extension 'ignore'
[0.388s] [34mcolcon.colcon_core.package_identification[0m [1;30mLevel 1[0m _identify(data/20260510_192428_session/2_gui_capture/processed) by extension 'ignore_ament_install'
[0.388s] [34mcolcon.colcon_core.package_identification[0m [1;30mLevel 1[0m _identify(data/20260510_192428_session/2_gui_capture/processed) by extensions ['colcon_pkg']
[0.388s] [34mcolcon.colcon_core.package_identification[0m [1;30mLevel 1[0m _identify(data/20260510_192428_session/2_gui_capture/processed) by extension 'colcon_pkg'
[0.388s] [34mcolcon.colcon_core.package_identification[0m [1;30mLevel 1[0m _identify(data/20260510_192428_session/2_gui_capture/processed) by extensions ['colcon_meta']
[0.388s] [34mcolcon.colcon_core.package_identification[0m [1;30mLevel 1[0m _identify(data/20260510_192428_session/2_gui_capture/processed) by extension 'colcon_meta'
[0.388s] [34mcolcon.colcon_core.package_identification[0m [1;30mLevel 1[0m _identify(data/20260510_192428_session/2_gui_capture/processed) by extensions ['ros']
[0.388s] [34mcolcon.colcon_core.package_identification[0m [1;30mLevel 1[0m _identify(data/20260510_192428_session/2_gui_capture/processed) by extension 'ros'
[0.388s] [34mcolcon.colcon_core.package_identification[0m [1;30mLevel 1[0m _identify(data/20260510_192428_session/2_gui_capture/processed) by extensions ['cmake', 'python']
[0.388s] [34mcolcon.colcon_core.package_identification[0m [1;30mLevel 1[0m _identify(data/20260510_192428_session/2_gui_capture/processed) by extension 'cmake'
[0.388s] [34mcolcon.colcon_core.package_identification[0m [1;30mLevel 1[0m _identify(data/20260510_192428_session/2_gui_capture/processed) by extension 'python'
[0.388s] [34mcolcon.colcon_core.package_identification[0m [1;30mLevel 1[0m _identify(data/20260510_192428_session/2_gui_capture/processed) by extensions ['python_setup_py']
[0.388s] [34mcolcon.colcon_core.package_identification[0m [1;30mLevel 1[0m _identify(data/20260510_192428_session/2_gui_capture/processed) by extension 'python_setup_py'
[0.388s] [34mcolcon.colcon_core.package_identification[0m [1;30mLevel 1[0m _identify(data/20260510_192428_session/2_gui_capture/raw) by extensions ['ignore', 'ignore_ament_install']
[0.388s] [34mcolcon.colcon_core.package_identification[0m [1;30mLevel 1[0m _identify(data/20260510_192428_session/2_gui_capture/raw) by extension 'ignore'
[0.388s] [34mcolcon.colcon_core.package_identification[0m [1;30mLevel 1[0m _identify(data/20260510_192428_session/2_gui_capture/raw) by extension 'ignore_ament_install'
[0.388s] [34mcolcon.colcon_core.package_identification[0m [1;30mLevel 1[0m _identify(data/20260510_192428_session/2_gui_capture/raw) by extensions ['colcon_pkg']
[0.388s] [34mcolcon.colcon_core.package_identification[0m [1;30mLevel 1[0m _identify(data/20260510_192428_session/2_gui_capture/raw) by extension 'colcon_pkg'
[0.389s] [34mcolcon.colcon_core.package_identification[0m [1;30mLevel 1[0m _identify(data/20260510_192428_session/2_gui_capture/raw) by extensions ['colcon_meta']
[0.389s] [34mcolcon.colcon_core.package_identification[0m [1;30mLevel 1[0m _identify(data/20260510_192428_session/2_gui_capture/raw) by extension 'colcon_meta'
[0.389s] [34mcolcon.colcon_core.package_identification[0m [1;30mLevel 1[0m _identify(data/20260510_192428_session/2_gui_capture/raw) by extensions ['ros']
[0.389s] [34mcolcon.colcon_core.package_identification[0m [1;30mLevel 1[0m _identify(data/20260510_192428_session/2_gui_capture/raw) by extension 'ros'
[0.389s] [34mcolcon.colcon_core.package_identification[0m [1;30mLevel 1[0m _identify(data/20260510_192428_session/2_gui_capture/raw) by extensions ['cmake', 'python']
[0.389s] [34mcolcon.colcon_core.package_identification[0m [1;30mLevel 1[0m _identify(data/20260510_192428_session/2_gui_capture/raw) by extension 'cmake'
[0.389s] [34mcolcon.colcon_core.package_identification[0m [1;30mLevel 1[0m _identify(data/20260510_192428_session/2_gui_capture/raw) by extension 'python'
[0.389s] [34mcolcon.colcon_core.package_identification[0m [1;30mLevel 1[0m _identify(data/20260510_192428_session/2_gui_capture/raw) by extensions ['python_setup_py']
[0.389s] [34mcolcon.colcon_core.package_identification[0m [1;30mLevel 1[0m _identify(data/20260510_192428_session/2_gui_capture/raw) by extension 'python_setup_py'
[0.389s] [34mcolcon.colcon_core.package_identification[0m [1;30mLevel 1[0m _identify(data/20260510_193556_session) by extensions ['ignore', 'ignore_ament_install']
[0.389s] [34mcolcon.colcon_core.package_identification[0m [1;30mLevel 1[0m _identify(data/20260510_193556_session) by extension 'ignore'
[0.389s] [34mcolcon.colcon_core.package_identification[0m [1;30mLevel 1[0m _identify(data/20260510_193556_session) by extension 'ignore_ament_install'
[0.389s] [34mcolcon.colcon_core.package_identification[0m [1;30mLevel 1[0m _identify(data/20260510_193556_session) by extensions ['colcon_pkg']
[0.389s] [34mcolcon.colcon_core.package_identification[0m [1;30mLevel 1[0m _identify(data/20260510_193556_session) by extension 'colcon_pkg'
[0.389s] [34mcolcon.colcon_core.package_identification[0m [1;30mLevel 1[0m _identify(data/20260510_193556_session) by extensions ['colcon_meta']
[0.389s] [34mcolcon.colcon_core.package_identification[0m [1;30mLevel 1[0m _identify(data/20260510_193556_session) by extension 'colcon_meta'
[0.389s] [34mcolcon.colcon_core.package_identification[0m [1;30mLevel 1[0m _identify(data/20260510_193556_session) by extensions ['ros']
[0.389s] [34mcolcon.colcon_core.package_identification[0m [1;30mLevel 1[0m _identify(data/20260510_193556_session) by extension 'ros'
[0.389s] [34mcolcon.colcon_core.package_identification[0m [1;30mLevel 1[0m _identify(data/20260510_193556_session) by extensions ['cmake', 'python']
[0.389s] [34mcolcon.colcon_core.package_identification[0m [1;30mLevel 1[0m _identify(data/20260510_193556_session) by extension 'cmake'
[0.389s] [34mcolcon.colcon_core.package_identification[0m [1;30mLevel 1[0m _identify(data/20260510_193556_session) by extension 'python'
[0.389s] [34mcolcon.colcon_core.package_identification[0m [1;30mLevel 1[0m _identify(data/20260510_193556_session) by extensions ['python_setup_py']
[0.389s] [34mcolcon.colcon_core.package_identification[0m [1;30mLevel 1[0m _identify(data/20260510_193556_session) by extension 'python_setup_py'
[0.389s] [34mcolcon.colcon_core.package_identification[0m [1;30mLevel 1[0m _identify(data/20260510_193701_session) by extensions ['ignore', 'ignore_ament_install']
[0.389s] [34mcolcon.colcon_core.package_identification[0m [1;30mLevel 1[0m _identify(data/20260510_193701_session) by extension 'ignore'
[0.390s] [34mcolcon.colcon_core.package_identification[0m [1;30mLevel 1[0m _identify(data/20260510_193701_session) by extension 'ignore_ament_install'
[0.390s] [34mcolcon.colcon_core.package_identification[0m [1;30mLevel 1[0m _identify(data/20260510_193701_session) by extensions ['colcon_pkg']
[0.390s] [34mcolcon.colcon_core.package_identification[0m [1;30mLevel 1[0m _identify(data/20260510_193701_session) by extension 'colcon_pkg'
[0.390s] [34mcolcon.colcon_core.package_identification[0m [1;30mLevel 1[0m _identify(data/20260510_193701_session) by extensions ['colcon_meta']
[0.390s] [34mcolcon.colcon_core.package_identification[0m [1;30mLevel 1[0m _identify(data/20260510_193701_session) by extension 'colcon_meta'
[0.390s] [34mcolcon.colcon_core.package_identification[0m [1;30mLevel 1[0m _identify(data/20260510_193701_session) by extensions ['ros']
[0.390s] [34mcolcon.colcon_core.package_identification[0m [1;30mLevel 1[0m _identify(data/20260510_193701_session) by extension 'ros'
[0.390s] [34mcolcon.colcon_core.package_identification[0m [1;30mLevel 1[0m _identify(data/20260510_193701_session) by extensions ['cmake', 'python']
[0.390s] [34mcolcon.colcon_core.package_identification[0m [1;30mLevel 1[0m _identify(data/20260510_193701_session) by extension 'cmake'
[0.390s] [34mcolcon.colcon_core.package_identification[0m [1;30mLevel 1[0m _identify(data/20260510_193701_session) by extension 'python'
[0.390s] [34mcolcon.colcon_core.package_identification[0m [1;30mLevel 1[0m _identify(data/20260510_193701_session) by extensions ['python_setup_py']
[0.390s] [34mcolcon.colcon_core.package_identification[0m [1;30mLevel 1[0m _identify(data/20260510_193701_session) by extension 'python_setup_py'
[0.390s] [34mcolcon.colcon_core.package_identification[0m [1;30mLevel 1[0m _identify(data/20260510_193701_session/1_gui_capture) by extensions ['ignore', 'ignore_ament_install']
[0.390s] [34mcolcon.colcon_core.package_identification[0m [1;30mLevel 1[0m _identify(data/20260510_193701_session/1_gui_capture) by extension 'ignore'
[0.390s] [34mcolcon.colcon_core.package_identification[0m [1;30mLevel 1[0m _identify(data/20260510_193701_session/1_gui_capture) by extension 'ignore_ament_install'
[0.390s] [34mcolcon.colcon_core.package_identification[0m [1;30mLevel 1[0m _identify(data/20260510_193701_session/1_gui_capture) by extensions ['colcon_pkg']
[0.390s] [34mcolcon.colcon_core.package_identification[0m [1;30mLevel 1[0m _identify(data/20260510_193701_session/1_gui_capture) by extension 'colcon_pkg'
[0.390s] [34mcolcon.colcon_core.package_identification[0m [1;30mLevel 1[0m _identify(data/20260510_193701_session/1_gui_capture) by extensions ['colcon_meta']
[0.390s] [34mcolcon.colcon_core.package_identification[0m [1;30mLevel 1[0m _identify(data/20260510_193701_session/1_gui_capture) by extension 'colcon_meta'
[0.390s] [34mcolcon.colcon_core.package_identification[0m [1;30mLevel 1[0m _identify(data/20260510_193701_session/1_gui_capture) by extensions ['ros']
[0.390s] [34mcolcon.colcon_core.package_identification[0m [1;30mLevel 1[0m _identify(data/20260510_193701_session/1_gui_capture) by extension 'ros'
[0.390s] [34mcolcon.colcon_core.package_identification[0m [1;30mLevel 1[0m _identify(data/20260510_193701_session/1_gui_capture) by extensions ['cmake', 'python']
[0.390s] [34mcolcon.colcon_core.package_identification[0m [1;30mLevel 1[0m _identify(data/20260510_193701_session/1_gui_capture) by extension 'cmake'
[0.390s] [34mcolcon.colcon_core.package_identification[0m [1;30mLevel 1[0m _identify(data/20260510_193701_session/1_gui_capture) by extension 'python'
[0.390s] [34mcolcon.colcon_core.package_identification[0m [1;30mLevel 1[0m _identify(data/20260510_193701_session/1_gui_capture) by extensions ['python_setup_py']
[0.390s] [34mcolcon.colcon_core.package_identification[0m [1;30mLevel 1[0m _identify(data/20260510_193701_session/1_gui_capture) by extension 'python_setup_py'
[0.390s] [34mcolcon.colcon_core.package_identification[0m [1;30mLevel 1[0m _identify(data/20260510_193701_session/1_gui_capture/intermediate) by extensions ['ignore', 'ignore_ament_install']
[0.391s] [34mcolcon.colcon_core.package_identification[0m [1;30mLevel 1[0m _identify(data/20260510_193701_session/1_gui_capture/intermediate) by extension 'ignore'
[0.391s] [34mcolcon.colcon_core.package_identification[0m [1;30mLevel 1[0m _identify(data/20260510_193701_session/1_gui_capture/intermediate) by extension 'ignore_ament_install'
[0.391s] [34mcolcon.colcon_core.package_identification[0m [1;30mLevel 1[0m _identify(data/20260510_193701_session/1_gui_capture/intermediate) by extensions ['colcon_pkg']
[0.391s] [34mcolcon.colcon_core.package_identification[0m [1;30mLevel 1[0m _identify(data/20260510_193701_session/1_gui_capture/intermediate) by extension 'colcon_pkg'
[0.391s] [34mcolcon.colcon_core.package_identification[0m [1;30mLevel 1[0m _identify(data/20260510_193701_session/1_gui_capture/intermediate) by extensions ['colcon_meta']
[0.391s] [34mcolcon.colcon_core.package_identification[0m [1;30mLevel 1[0m _identify(data/20260510_193701_session/1_gui_capture/intermediate) by extension 'colcon_meta'
[0.391s] [34mcolcon.colcon_core.package_identification[0m [1;30mLevel 1[0m _identify(data/20260510_193701_session/1_gui_capture/intermediate) by extensions ['ros']
[0.391s] [34mcolcon.colcon_core.package_identification[0m [1;30mLevel 1[0m _identify(data/20260510_193701_session/1_gui_capture/intermediate) by extension 'ros'
[0.391s] [34mcolcon.colcon_core.package_identification[0m [1;30mLevel 1[0m _identify(data/20260510_193701_session/1_gui_capture/intermediate) by extensions ['cmake', 'python']
[0.391s] [34mcolcon.colcon_core.package_identification[0m [1;30mLevel 1[0m _identify(data/20260510_193701_session/1_gui_capture/intermediate) by extension 'cmake'
[0.391s] [34mcolcon.colcon_core.package_identification[0m [1;30mLevel 1[0m _identify(data/20260510_193701_session/1_gui_capture/intermediate) by extension 'python'
[0.391s] [34mcolcon.colcon_core.package_identification[0m [1;30mLevel 1[0m _identify(data/20260510_193701_session/1_gui_capture/intermediate) by extensions ['python_setup_py']
[0.391s] [34mcolcon.colcon_core.package_identification[0m [1;30mLevel 1[0m _identify(data/20260510_193701_session/1_gui_capture/intermediate) by extension 'python_setup_py'
[0.391s] [34mcolcon.colcon_core.package_identification[0m [1;30mLevel 1[0m _identify(data/20260510_193701_session/1_gui_capture/processed) by extensions ['ignore', 'ignore_ament_install']
[0.391s] [34mcolcon.colcon_core.package_identification[0m [1;30mLevel 1[0m _identify(data/20260510_193701_session/1_gui_capture/processed) by extension 'ignore'
[0.391s] [34mcolcon.colcon_core.package_identification[0m [1;30mLevel 1[0m _identify(data/20260510_193701_session/1_gui_capture/processed) by extension 'ignore_ament_install'
[0.391s] [34mcolcon.colcon_core.package_identification[0m [1;30mLevel 1[0m _identify(data/20260510_193701_session/1_gui_capture/processed) by extensions ['colcon_pkg']
[0.391s] [34mcolcon.colcon_core.package_identification[0m [1;30mLevel 1[0m _identify(data/20260510_193701_session/1_gui_capture/processed) by extension 'colcon_pkg'
[0.391s] [34mcolcon.colcon_core.package_identification[0m [1;30mLevel 1[0m _identify(data/20260510_193701_session/1_gui_capture/processed) by extensions ['colcon_meta']
[0.391s] [34mcolcon.colcon_core.package_identification[0m [1;30mLevel 1[0m _identify(data/20260510_193701_session/1_gui_capture/processed) by extension 'colcon_meta'
[0.391s] [34mcolcon.colcon_core.package_identification[0m [1;30mLevel 1[0m _identify(data/20260510_193701_session/1_gui_capture/processed) by extensions ['ros']
[0.391s] [34mcolcon.colcon_core.package_identification[0m [1;30mLevel 1[0m _identify(data/20260510_193701_session/1_gui_capture/processed) by extension 'ros'
[0.391s] [34mcolcon.colcon_core.package_identification[0m [1;30mLevel 1[0m _identify(data/20260510_193701_session/1_gui_capture/processed) by extensions ['cmake', 'python']
[0.391s] [34mcolcon.colcon_core.package_identification[0m [1;30mLevel 1[0m _identify(data/20260510_193701_session/1_gui_capture/processed) by extension 'cmake'
[0.391s] [34mcolcon.colcon_core.package_identification[0m [1;30mLevel 1[0m _identify(data/20260510_193701_session/1_gui_capture/processed) by extension 'python'
[0.391s] [34mcolcon.colcon_core.package_identification[0m [1;30mLevel 1[0m _identify(data/20260510_193701_session/1_gui_capture/processed) by extensions ['python_setup_py']
[0.392s] [34mcolcon.colcon_core.package_identification[0m [1;30mLevel 1[0m _identify(data/20260510_193701_session/1_gui_capture/processed) by extension 'python_setup_py'
[0.392s] [34mcolcon.colcon_core.package_identification[0m [1;30mLevel 1[0m _identify(data/20260510_193701_session/1_gui_capture/raw) by extensions ['ignore', 'ignore_ament_install']
[0.392s] [34mcolcon.colcon_core.package_identification[0m [1;30mLevel 1[0m _identify(data/20260510_193701_session/1_gui_capture/raw) by extension 'ignore'
[0.392s] [34mcolcon.colcon_core.package_identification[0m [1;30mLevel 1[0m _identify(data/20260510_193701_session/1_gui_capture/raw) by extension 'ignore_ament_install'
[0.392s] [34mcolcon.colcon_core.package_identification[0m [1;30mLevel 1[0m _identify(data/20260510_193701_session/1_gui_capture/raw) by extensions ['colcon_pkg']
[0.392s] [34mcolcon.colcon_core.package_identification[0m [1;30mLevel 1[0m _identify(data/20260510_193701_session/1_gui_capture/raw) by extension 'colcon_pkg'
[0.392s] [34mcolcon.colcon_core.package_identification[0m [1;30mLevel 1[0m _identify(data/20260510_193701_session/1_gui_capture/raw) by extensions ['colcon_meta']
[0.392s] [34mcolcon.colcon_core.package_identification[0m [1;30mLevel 1[0m _identify(data/20260510_193701_session/1_gui_capture/raw) by extension 'colcon_meta'
[0.392s] [34mcolcon.colcon_core.package_identification[0m [1;30mLevel 1[0m _identify(data/20260510_193701_session/1_gui_capture/raw) by extensions ['ros']
[0.392s] [34mcolcon.colcon_core.package_identification[0m [1;30mLevel 1[0m _identify(data/20260510_193701_session/1_gui_capture/raw) by extension 'ros'
[0.392s] [34mcolcon.colcon_core.package_identification[0m [1;30mLevel 1[0m _identify(data/20260510_193701_session/1_gui_capture/raw) by extensions ['cmake', 'python']
[0.392s] [34mcolcon.colcon_core.package_identification[0m [1;30mLevel 1[0m _identify(data/20260510_193701_session/1_gui_capture/raw) by extension 'cmake'
[0.392s] [34mcolcon.colcon_core.package_identification[0m [1;30mLevel 1[0m _identify(data/20260510_193701_session/1_gui_capture/raw) by extension 'python'
[0.392s] [34mcolcon.colcon_core.package_identification[0m [1;30mLevel 1[0m _identify(data/20260510_193701_session/1_gui_capture/raw) by extensions ['python_setup_py']
[0.392s] [34mcolcon.colcon_core.package_identification[0m [1;30mLevel 1[0m _identify(data/20260510_193701_session/1_gui_capture/raw) by extension 'python_setup_py'
[0.392s] [34mcolcon.colcon_core.package_identification[0m [1;30mLevel 1[0m _identify(data/20260510_194048_session) by extensions ['ignore', 'ignore_ament_install']
[0.392s] [34mcolcon.colcon_core.package_identification[0m [1;30mLevel 1[0m _identify(data/20260510_194048_session) by extension 'ignore'
[0.392s] [34mcolcon.colcon_core.package_identification[0m [1;30mLevel 1[0m _identify(data/20260510_194048_session) by extension 'ignore_ament_install'
[0.392s] [34mcolcon.colcon_core.package_identification[0m [1;30mLevel 1[0m _identify(data/20260510_194048_session) by extensions ['colcon_pkg']
[0.392s] [34mcolcon.colcon_core.package_identification[0m [1;30mLevel 1[0m _identify(data/20260510_194048_session) by extension 'colcon_pkg'
[0.392s] [34mcolcon.colcon_core.package_identification[0m [1;30mLevel 1[0m _identify(data/20260510_194048_session) by extensions ['colcon_meta']
[0.392s] [34mcolcon.colcon_core.package_identification[0m [1;30mLevel 1[0m _identify(data/20260510_194048_session) by extension 'colcon_meta'
[0.392s] [34mcolcon.colcon_core.package_identification[0m [1;30mLevel 1[0m _identify(data/20260510_194048_session) by extensions ['ros']
[0.392s] [34mcolcon.colcon_core.package_identification[0m [1;30mLevel 1[0m _identify(data/20260510_194048_session) by extension 'ros'
[0.393s] [34mcolcon.colcon_core.package_identification[0m [1;30mLevel 1[0m _identify(data/20260510_194048_session) by extensions ['cmake', 'python']
[0.393s] [34mcolcon.colcon_core.package_identification[0m [1;30mLevel 1[0m _identify(data/20260510_194048_session) by extension 'cmake'
[0.393s] [34mcolcon.colcon_core.package_identification[0m [1;30mLevel 1[0m _identify(data/20260510_194048_session) by extension 'python'
[0.393s] [34mcolcon.colcon_core.package_identification[0m [1;30mLevel 1[0m _identify(data/20260510_194048_session) by extensions ['python_setup_py']
[0.393s] [34mcolcon.colcon_core.package_identification[0m [1;30mLevel 1[0m _identify(data/20260510_194048_session) by extension 'python_setup_py'
[0.393s] [34mcolcon.colcon_core.package_identification[0m [1;30mLevel 1[0m _identify(data/20260510_194048_session/1_gui_capture) by extensions ['ignore', 'ignore_ament_install']
[0.393s] [34mcolcon.colcon_core.package_identification[0m [1;30mLevel 1[0m _identify(data/20260510_194048_session/1_gui_capture) by extension 'ignore'
[0.393s] [34mcolcon.colcon_core.package_identification[0m [1;30mLevel 1[0m _identify(data/20260510_194048_session/1_gui_capture) by extension 'ignore_ament_install'
[0.393s] [34mcolcon.colcon_core.package_identification[0m [1;30mLevel 1[0m _identify(data/20260510_194048_session/1_gui_capture) by extensions ['colcon_pkg']
[0.393s] [34mcolcon.colcon_core.package_identification[0m [1;30mLevel 1[0m _identify(data/20260510_194048_session/1_gui_capture) by extension 'colcon_pkg'
[0.393s] [34mcolcon.colcon_core.package_identification[0m [1;30mLevel 1[0m _identify(data/20260510_194048_session/1_gui_capture) by extensions ['colcon_meta']
[0.393s] [34mcolcon.colcon_core.package_identification[0m [1;30mLevel 1[0m _identify(data/20260510_194048_session/1_gui_capture) by extension 'colcon_meta'
[0.393s] [34mcolcon.colcon_core.package_identification[0m [1;30mLevel 1[0m _identify(data/20260510_194048_session/1_gui_capture) by extensions ['ros']
[0.393s] [34mcolcon.colcon_core.package_identification[0m [1;30mLevel 1[0m _identify(data/20260510_194048_session/1_gui_capture) by extension 'ros'
[0.393s] [34mcolcon.colcon_core.package_identification[0m [1;30mLevel 1[0m _identify(data/20260510_194048_session/1_gui_capture) by extensions ['cmake', 'python']
[0.393s] [34mcolcon.colcon_core.package_identification[0m [1;30mLevel 1[0m _identify(data/20260510_194048_session/1_gui_capture) by extension 'cmake'
[0.393s] [34mcolcon.colcon_core.package_identification[0m [1;30mLevel 1[0m _identify(data/20260510_194048_session/1_gui_capture) by extension 'python'
[0.393s] [34mcolcon.colcon_core.package_identification[0m [1;30mLevel 1[0m _identify(data/20260510_194048_session/1_gui_capture) by extensions ['python_setup_py']
[0.393s] [34mcolcon.colcon_core.package_identification[0m [1;30mLevel 1[0m _identify(data/20260510_194048_session/1_gui_capture) by extension 'python_setup_py'
[0.393s] [34mcolcon.colcon_core.package_identification[0m [1;30mLevel 1[0m _identify(data/20260510_194048_session/1_gui_capture/intermediate) by extensions ['ignore', 'ignore_ament_install']
[0.393s] [34mcolcon.colcon_core.package_identification[0m [1;30mLevel 1[0m _identify(data/20260510_194048_session/1_gui_capture/intermediate) by extension 'ignore'
[0.393s] [34mcolcon.colcon_core.package_identification[0m [1;30mLevel 1[0m _identify(data/20260510_194048_session/1_gui_capture/intermediate) by extension 'ignore_ament_install'
[0.393s] [34mcolcon.colcon_core.package_identification[0m [1;30mLevel 1[0m _identify(data/20260510_194048_session/1_gui_capture/intermediate) by extensions ['colcon_pkg']
[0.393s] [34mcolcon.colcon_core.package_identification[0m [1;30mLevel 1[0m _identify(data/20260510_194048_session/1_gui_capture/intermediate) by extension 'colcon_pkg'
[0.393s] [34mcolcon.colcon_core.package_identification[0m [1;30mLevel 1[0m _identify(data/20260510_194048_session/1_gui_capture/intermediate) by extensions ['colcon_meta']
[0.393s] [34mcolcon.colcon_core.package_identification[0m [1;30mLevel 1[0m _identify(data/20260510_194048_session/1_gui_capture/intermediate) by extension 'colcon_meta'
[0.394s] [34mcolcon.colcon_core.package_identification[0m [1;30mLevel 1[0m _identify(data/20260510_194048_session/1_gui_capture/intermediate) by extensions ['ros']
[0.394s] [34mcolcon.colcon_core.package_identification[0m [1;30mLevel 1[0m _identify(data/20260510_194048_session/1_gui_capture/intermediate) by extension 'ros'
[0.394s] [34mcolcon.colcon_core.package_identification[0m [1;30mLevel 1[0m _identify(data/20260510_194048_session/1_gui_capture/intermediate) by extensions ['cmake', 'python']
[0.394s] [34mcolcon.colcon_core.package_identification[0m [1;30mLevel 1[0m _identify(data/20260510_194048_session/1_gui_capture/intermediate) by extension 'cmake'
[0.394s] [34mcolcon.colcon_core.package_identification[0m [1;30mLevel 1[0m _identify(data/20260510_194048_session/1_gui_capture/intermediate) by extension 'python'
[0.394s] [34mcolcon.colcon_core.package_identification[0m [1;30mLevel 1[0m _identify(data/20260510_194048_session/1_gui_capture/intermediate) by extensions ['python_setup_py']
[0.394s] [34mcolcon.colcon_core.package_identification[0m [1;30mLevel 1[0m _identify(data/20260510_194048_session/1_gui_capture/intermediate) by extension 'python_setup_py'
[0.394s] [34mcolcon.colcon_core.package_identification[0m [1;30mLevel 1[0m _identify(data/20260510_194048_session/1_gui_capture/processed) by extensions ['ignore', 'ignore_ament_install']
[0.394s] [34mcolcon.colcon_core.package_identification[0m [1;30mLevel 1[0m _identify(data/20260510_194048_session/1_gui_capture/processed) by extension 'ignore'
[0.394s] [34mcolcon.colcon_core.package_identification[0m [1;30mLevel 1[0m _identify(data/20260510_194048_session/1_gui_capture/processed) by extension 'ignore_ament_install'
[0.394s] [34mcolcon.colcon_core.package_identification[0m [1;30mLevel 1[0m _identify(data/20260510_194048_session/1_gui_capture/processed) by extensions ['colcon_pkg']
[0.394s] [34mcolcon.colcon_core.package_identification[0m [1;30mLevel 1[0m _identify(data/20260510_194048_session/1_gui_capture/processed) by extension 'colcon_pkg'
[0.394s] [34mcolcon.colcon_core.package_identification[0m [1;30mLevel 1[0m _identify(data/20260510_194048_session/1_gui_capture/processed) by extensions ['colcon_meta']
[0.394s] [34mcolcon.colcon_core.package_identification[0m [1;30mLevel 1[0m _identify(data/20260510_194048_session/1_gui_capture/processed) by extension 'colcon_meta'
[0.394s] [34mcolcon.colcon_core.package_identification[0m [1;30mLevel 1[0m _identify(data/20260510_194048_session/1_gui_capture/processed) by extensions ['ros']
[0.394s] [34mcolcon.colcon_core.package_identification[0m [1;30mLevel 1[0m _identify(data/20260510_194048_session/1_gui_capture/processed) by extension 'ros'
[0.394s] [34mcolcon.colcon_core.package_identification[0m [1;30mLevel 1[0m _identify(data/20260510_194048_session/1_gui_capture/processed) by extensions ['cmake', 'python']
[0.394s] [34mcolcon.colcon_core.package_identification[0m [1;30mLevel 1[0m _identify(data/20260510_194048_session/1_gui_capture/processed) by extension 'cmake'
[0.394s] [34mcolcon.colcon_core.package_identification[0m [1;30mLevel 1[0m _identify(data/20260510_194048_session/1_gui_capture/processed) by extension 'python'
[0.394s] [34mcolcon.colcon_core.package_identification[0m [1;30mLevel 1[0m _identify(data/20260510_194048_session/1_gui_capture/processed) by extensions ['python_setup_py']
[0.394s] [34mcolcon.colcon_core.package_identification[0m [1;30mLevel 1[0m _identify(data/20260510_194048_session/1_gui_capture/processed) by extension 'python_setup_py'
[0.394s] [34mcolcon.colcon_core.package_identification[0m [1;30mLevel 1[0m _identify(data/20260510_194048_session/1_gui_capture/raw) by extensions ['ignore', 'ignore_ament_install']
[0.394s] [34mcolcon.colcon_core.package_identification[0m [1;30mLevel 1[0m _identify(data/20260510_194048_session/1_gui_capture/raw) by extension 'ignore'
[0.394s] [34mcolcon.colcon_core.package_identification[0m [1;30mLevel 1[0m _identify(data/20260510_194048_session/1_gui_capture/raw) by extension 'ignore_ament_install'
[0.395s] [34mcolcon.colcon_core.package_identification[0m [1;30mLevel 1[0m _identify(data/20260510_194048_session/1_gui_capture/raw) by extensions ['colcon_pkg']
[0.395s] [34mcolcon.colcon_core.package_identification[0m [1;30mLevel 1[0m _identify(data/20260510_194048_session/1_gui_capture/raw) by extension 'colcon_pkg'
[0.395s] [34mcolcon.colcon_core.package_identification[0m [1;30mLevel 1[0m _identify(data/20260510_194048_session/1_gui_capture/raw) by extensions ['colcon_meta']
[0.395s] [34mcolcon.colcon_core.package_identification[0m [1;30mLevel 1[0m _identify(data/20260510_194048_session/1_gui_capture/raw) by extension 'colcon_meta'
[0.395s] [34mcolcon.colcon_core.package_identification[0m [1;30mLevel 1[0m _identify(data/20260510_194048_session/1_gui_capture/raw) by extensions ['ros']
[0.395s] [34mcolcon.colcon_core.package_identification[0m [1;30mLevel 1[0m _identify(data/20260510_194048_session/1_gui_capture/raw) by extension 'ros'
[0.395s] [34mcolcon.colcon_core.package_identification[0m [1;30mLevel 1[0m _identify(data/20260510_194048_session/1_gui_capture/raw) by extensions ['cmake', 'python']
[0.395s] [34mcolcon.colcon_core.package_identification[0m [1;30mLevel 1[0m _identify(data/20260510_194048_session/1_gui_capture/raw) by extension 'cmake'
[0.395s] [34mcolcon.colcon_core.package_identification[0m [1;30mLevel 1[0m _identify(data/20260510_194048_session/1_gui_capture/raw) by extension 'python'
[0.395s] [34mcolcon.colcon_core.package_identification[0m [1;30mLevel 1[0m _identify(data/20260510_194048_session/1_gui_capture/raw) by extensions ['python_setup_py']
[0.395s] [34mcolcon.colcon_core.package_identification[0m [1;30mLevel 1[0m _identify(data/20260510_194048_session/1_gui_capture/raw) by extension 'python_setup_py'
[0.395s] [34mcolcon.colcon_core.package_identification[0m [1;30mLevel 1[0m _identify(data/20260510_194659_session) by extensions ['ignore', 'ignore_ament_install']
[0.395s] [34mcolcon.colcon_core.package_identification[0m [1;30mLevel 1[0m _identify(data/20260510_194659_session) by extension 'ignore'
[0.395s] [34mcolcon.colcon_core.package_identification[0m [1;30mLevel 1[0m _identify(data/20260510_194659_session) by extension 'ignore_ament_install'
[0.395s] [34mcolcon.colcon_core.package_identification[0m [1;30mLevel 1[0m _identify(data/20260510_194659_session) by extensions ['colcon_pkg']
[0.395s] [34mcolcon.colcon_core.package_identification[0m [1;30mLevel 1[0m _identify(data/20260510_194659_session) by extension 'colcon_pkg'
[0.395s] [34mcolcon.colcon_core.package_identification[0m [1;30mLevel 1[0m _identify(data/20260510_194659_session) by extensions ['colcon_meta']
[0.395s] [34mcolcon.colcon_core.package_identification[0m [1;30mLevel 1[0m _identify(data/20260510_194659_session) by extension 'colcon_meta'
[0.395s] [34mcolcon.colcon_core.package_identification[0m [1;30mLevel 1[0m _identify(data/20260510_194659_session) by extensions ['ros']
[0.395s] [34mcolcon.colcon_core.package_identification[0m [1;30mLevel 1[0m _identify(data/20260510_194659_session) by extension 'ros'
[0.395s] [34mcolcon.colcon_core.package_identification[0m [1;30mLevel 1[0m _identify(data/20260510_194659_session) by extensions ['cmake', 'python']
[0.395s] [34mcolcon.colcon_core.package_identification[0m [1;30mLevel 1[0m _identify(data/20260510_194659_session) by extension 'cmake'
[0.395s] [34mcolcon.colcon_core.package_identification[0m [1;30mLevel 1[0m _identify(data/20260510_194659_session) by extension 'python'
[0.395s] [34mcolcon.colcon_core.package_identification[0m [1;30mLevel 1[0m _identify(data/20260510_194659_session) by extensions ['python_setup_py']
[0.395s] [34mcolcon.colcon_core.package_identification[0m [1;30mLevel 1[0m _identify(data/20260510_194659_session) by extension 'python_setup_py'
[0.395s] [34mcolcon.colcon_core.package_identification[0m [1;30mLevel 1[0m _identify(data/20260510_194758_session) by extensions ['ignore', 'ignore_ament_install']
[0.396s] [34mcolcon.colcon_core.package_identification[0m [1;30mLevel 1[0m _identify(data/20260510_194758_session) by extension 'ignore'
[0.396s] [34mcolcon.colcon_core.package_identification[0m [1;30mLevel 1[0m _identify(data/20260510_194758_session) by extension 'ignore_ament_install'
[0.396s] [34mcolcon.colcon_core.package_identification[0m [1;30mLevel 1[0m _identify(data/20260510_194758_session) by extensions ['colcon_pkg']
[0.396s] [34mcolcon.colcon_core.package_identification[0m [1;30mLevel 1[0m _identify(data/20260510_194758_session) by extension 'colcon_pkg'
[0.396s] [34mcolcon.colcon_core.package_identification[0m [1;30mLevel 1[0m _identify(data/20260510_194758_session) by extensions ['colcon_meta']
[0.396s] [34mcolcon.colcon_core.package_identification[0m [1;30mLevel 1[0m _identify(data/20260510_194758_session) by extension 'colcon_meta'
[0.396s] [34mcolcon.colcon_core.package_identification[0m [1;30mLevel 1[0m _identify(data/20260510_194758_session) by extensions ['ros']
[0.396s] [34mcolcon.colcon_core.package_identification[0m [1;30mLevel 1[0m _identify(data/20260510_194758_session) by extension 'ros'
[0.396s] [34mcolcon.colcon_core.package_identification[0m [1;30mLevel 1[0m _identify(data/20260510_194758_session) by extensions ['cmake', 'python']
[0.396s] [34mcolcon.colcon_core.package_identification[0m [1;30mLevel 1[0m _identify(data/20260510_194758_session) by extension 'cmake'
[0.396s] [34mcolcon.colcon_core.package_identification[0m [1;30mLevel 1[0m _identify(data/20260510_194758_session) by extension 'python'
[0.396s] [34mcolcon.colcon_core.package_identification[0m [1;30mLevel 1[0m _identify(data/20260510_194758_session) by extensions ['python_setup_py']
[0.396s] [34mcolcon.colcon_core.package_identification[0m [1;30mLevel 1[0m _identify(data/20260510_194758_session) by extension 'python_setup_py'
[0.396s] [34mcolcon.colcon_core.package_identification[0m [1;30mLevel 1[0m _identify(data/20260510_195259_session) by extensions ['ignore', 'ignore_ament_install']
[0.396s] [34mcolcon.colcon_core.package_identification[0m [1;30mLevel 1[0m _identify(data/20260510_195259_session) by extension 'ignore'
[0.396s] [34mcolcon.colcon_core.package_identification[0m [1;30mLevel 1[0m _identify(data/20260510_195259_session) by extension 'ignore_ament_install'
[0.396s] [34mcolcon.colcon_core.package_identification[0m [1;30mLevel 1[0m _identify(data/20260510_195259_session) by extensions ['colcon_pkg']
[0.396s] [34mcolcon.colcon_core.package_identification[0m [1;30mLevel 1[0m _identify(data/20260510_195259_session) by extension 'colcon_pkg'
[0.396s] [34mcolcon.colcon_core.package_identification[0m [1;30mLevel 1[0m _identify(data/20260510_195259_session) by extensions ['colcon_meta']
[0.396s] [34mcolcon.colcon_core.package_identification[0m [1;30mLevel 1[0m _identify(data/20260510_195259_session) by extension 'colcon_meta'
[0.396s] [34mcolcon.colcon_core.package_identification[0m [1;30mLevel 1[0m _identify(data/20260510_195259_session) by extensions ['ros']
[0.396s] [34mcolcon.colcon_core.package_identification[0m [1;30mLevel 1[0m _identify(data/20260510_195259_session) by extension 'ros'
[0.396s] [34mcolcon.colcon_core.package_identification[0m [1;30mLevel 1[0m _identify(data/20260510_195259_session) by extensions ['cmake', 'python']
[0.396s] [34mcolcon.colcon_core.package_identification[0m [1;30mLevel 1[0m _identify(data/20260510_195259_session) by extension 'cmake'
[0.396s] [34mcolcon.colcon_core.package_identification[0m [1;30mLevel 1[0m _identify(data/20260510_195259_session) by extension 'python'
[0.396s] [34mcolcon.colcon_core.package_identification[0m [1;30mLevel 1[0m _identify(data/20260510_195259_session) by extensions ['python_setup_py']
[0.396s] [34mcolcon.colcon_core.package_identification[0m [1;30mLevel 1[0m _identify(data/20260510_195259_session) by extension 'python_setup_py'
[0.397s] [34mcolcon.colcon_core.package_identification[0m [1;30mLevel 1[0m _identify(data/20260510_200657_session) by extensions ['ignore', 'ignore_ament_install']
[0.397s] [34mcolcon.colcon_core.package_identification[0m [1;30mLevel 1[0m _identify(data/20260510_200657_session) by extension 'ignore'
[0.397s] [34mcolcon.colcon_core.package_identification[0m [1;30mLevel 1[0m _identify(data/20260510_200657_session) by extension 'ignore_ament_install'
[0.397s] [34mcolcon.colcon_core.package_identification[0m [1;30mLevel 1[0m _identify(data/20260510_200657_session) by extensions ['colcon_pkg']
[0.397s] [34mcolcon.colcon_core.package_identification[0m [1;30mLevel 1[0m _identify(data/20260510_200657_session) by extension 'colcon_pkg'
[0.397s] [34mcolcon.colcon_core.package_identification[0m [1;30mLevel 1[0m _identify(data/20260510_200657_session) by extensions ['colcon_meta']
[0.397s] [34mcolcon.colcon_core.package_identification[0m [1;30mLevel 1[0m _identify(data/20260510_200657_session) by extension 'colcon_meta'
[0.397s] [34mcolcon.colcon_core.package_identification[0m [1;30mLevel 1[0m _identify(data/20260510_200657_session) by extensions ['ros']
[0.397s] [34mcolcon.colcon_core.package_identification[0m [1;30mLevel 1[0m _identify(data/20260510_200657_session) by extension 'ros'
[0.397s] [34mcolcon.colcon_core.package_identification[0m [1;30mLevel 1[0m _identify(data/20260510_200657_session) by extensions ['cmake', 'python']
[0.397s] [34mcolcon.colcon_core.package_identification[0m [1;30mLevel 1[0m _identify(data/20260510_200657_session) by extension 'cmake'
[0.397s] [34mcolcon.colcon_core.package_identification[0m [1;30mLevel 1[0m _identify(data/20260510_200657_session) by extension 'python'
[0.397s] [34mcolcon.colcon_core.package_identification[0m [1;30mLevel 1[0m _identify(data/20260510_200657_session) by extensions ['python_setup_py']
[0.397s] [34mcolcon.colcon_core.package_identification[0m [1;30mLevel 1[0m _identify(data/20260510_200657_session) by extension 'python_setup_py'
[0.397s] [34mcolcon.colcon_core.package_identification[0m [1;30mLevel 1[0m _identify(data/20260510_200657_session/1_gui_capture) by extensions ['ignore', 'ignore_ament_install']
[0.397s] [34mcolcon.colcon_core.package_identification[0m [1;30mLevel 1[0m _identify(data/20260510_200657_session/1_gui_capture) by extension 'ignore'
[0.397s] [34mcolcon.colcon_core.package_identification[0m [1;30mLevel 1[0m _identify(data/20260510_200657_session/1_gui_capture) by extension 'ignore_ament_install'
[0.397s] [34mcolcon.colcon_core.package_identification[0m [1;30mLevel 1[0m _identify(data/20260510_200657_session/1_gui_capture) by extensions ['colcon_pkg']
[0.397s] [34mcolcon.colcon_core.package_identification[0m [1;30mLevel 1[0m _identify(data/20260510_200657_session/1_gui_capture) by extension 'colcon_pkg'
[0.397s] [34mcolcon.colcon_core.package_identification[0m [1;30mLevel 1[0m _identify(data/20260510_200657_session/1_gui_capture) by extensions ['colcon_meta']
[0.397s] [34mcolcon.colcon_core.package_identification[0m [1;30mLevel 1[0m _identify(data/20260510_200657_session/1_gui_capture) by extension 'colcon_meta'
[0.397s] [34mcolcon.colcon_core.package_identification[0m [1;30mLevel 1[0m _identify(data/20260510_200657_session/1_gui_capture) by extensions ['ros']
[0.397s] [34mcolcon.colcon_core.package_identification[0m [1;30mLevel 1[0m _identify(data/20260510_200657_session/1_gui_capture) by extension 'ros'
[0.398s] [34mcolcon.colcon_core.package_identification[0m [1;30mLevel 1[0m _identify(data/20260510_200657_session/1_gui_capture) by extensions ['cmake', 'python']
[0.398s] [34mcolcon.colcon_core.package_identification[0m [1;30mLevel 1[0m _identify(data/20260510_200657_session/1_gui_capture) by extension 'cmake'
[0.398s] [34mcolcon.colcon_core.package_identification[0m [1;30mLevel 1[0m _identify(data/20260510_200657_session/1_gui_capture) by extension 'python'
[0.398s] [34mcolcon.colcon_core.package_identification[0m [1;30mLevel 1[0m _identify(data/20260510_200657_session/1_gui_capture) by extensions ['python_setup_py']
[0.398s] [34mcolcon.colcon_core.package_identification[0m [1;30mLevel 1[0m _identify(data/20260510_200657_session/1_gui_capture) by extension 'python_setup_py'
[0.398s] [34mcolcon.colcon_core.package_identification[0m [1;30mLevel 1[0m _identify(data/20260510_200657_session/1_gui_capture/intermediate) by extensions ['ignore', 'ignore_ament_install']
[0.398s] [34mcolcon.colcon_core.package_identification[0m [1;30mLevel 1[0m _identify(data/20260510_200657_session/1_gui_capture/intermediate) by extension 'ignore'
[0.398s] [34mcolcon.colcon_core.package_identification[0m [1;30mLevel 1[0m _identify(data/20260510_200657_session/1_gui_capture/intermediate) by extension 'ignore_ament_install'
[0.398s] [34mcolcon.colcon_core.package_identification[0m [1;30mLevel 1[0m _identify(data/20260510_200657_session/1_gui_capture/intermediate) by extensions ['colcon_pkg']
[0.398s] [34mcolcon.colcon_core.package_identification[0m [1;30mLevel 1[0m _identify(data/20260510_200657_session/1_gui_capture/intermediate) by extension 'colcon_pkg'
[0.398s] [34mcolcon.colcon_core.package_identification[0m [1;30mLevel 1[0m _identify(data/20260510_200657_session/1_gui_capture/intermediate) by extensions ['colcon_meta']
[0.398s] [34mcolcon.colcon_core.package_identification[0m [1;30mLevel 1[0m _identify(data/20260510_200657_session/1_gui_capture/intermediate) by extension 'colcon_meta'
[0.398s] [34mcolcon.colcon_core.package_identification[0m [1;30mLevel 1[0m _identify(data/20260510_200657_session/1_gui_capture/intermediate) by extensions ['ros']
[0.398s] [34mcolcon.colcon_core.package_identification[0m [1;30mLevel 1[0m _identify(data/20260510_200657_session/1_gui_capture/intermediate) by extension 'ros'
[0.398s] [34mcolcon.colcon_core.package_identification[0m [1;30mLevel 1[0m _identify(data/20260510_200657_session/1_gui_capture/intermediate) by extensions ['cmake', 'python']
[0.398s] [34mcolcon.colcon_core.package_identification[0m [1;30mLevel 1[0m _identify(data/20260510_200657_session/1_gui_capture/intermediate) by extension 'cmake'
[0.398s] [34mcolcon.colcon_core.package_identification[0m [1;30mLevel 1[0m _identify(data/20260510_200657_session/1_gui_capture/intermediate) by extension 'python'
[0.398s] [34mcolcon.colcon_core.package_identification[0m [1;30mLevel 1[0m _identify(data/20260510_200657_session/1_gui_capture/intermediate) by extensions ['python_setup_py']
[0.398s] [34mcolcon.colcon_core.package_identification[0m [1;30mLevel 1[0m _identify(data/20260510_200657_session/1_gui_capture/intermediate) by extension 'python_setup_py'
[0.398s] [34mcolcon.colcon_core.package_identification[0m [1;30mLevel 1[0m _identify(data/20260510_200657_session/1_gui_capture/processed) by extensions ['ignore', 'ignore_ament_install']
[0.398s] [34mcolcon.colcon_core.package_identification[0m [1;30mLevel 1[0m _identify(data/20260510_200657_session/1_gui_capture/processed) by extension 'ignore'
[0.399s] [34mcolcon.colcon_core.package_identification[0m [1;30mLevel 1[0m _identify(data/20260510_200657_session/1_gui_capture/processed) by extension 'ignore_ament_install'
[0.399s] [34mcolcon.colcon_core.package_identification[0m [1;30mLevel 1[0m _identify(data/20260510_200657_session/1_gui_capture/processed) by extensions ['colcon_pkg']
[0.399s] [34mcolcon.colcon_core.package_identification[0m [1;30mLevel 1[0m _identify(data/20260510_200657_session/1_gui_capture/processed) by extension 'colcon_pkg'
[0.399s] [34mcolcon.colcon_core.package_identification[0m [1;30mLevel 1[0m _identify(data/20260510_200657_session/1_gui_capture/processed) by extensions ['colcon_meta']
[0.399s] [34mcolcon.colcon_core.package_identification[0m [1;30mLevel 1[0m _identify(data/20260510_200657_session/1_gui_capture/processed) by extension 'colcon_meta'
[0.399s] [34mcolcon.colcon_core.package_identification[0m [1;30mLevel 1[0m _identify(data/20260510_200657_session/1_gui_capture/processed) by extensions ['ros']
[0.399s] [34mcolcon.colcon_core.package_identification[0m [1;30mLevel 1[0m _identify(data/20260510_200657_session/1_gui_capture/processed) by extension 'ros'
[0.399s] [34mcolcon.colcon_core.package_identification[0m [1;30mLevel 1[0m _identify(data/20260510_200657_session/1_gui_capture/processed) by extensions ['cmake', 'python']
[0.399s] [34mcolcon.colcon_core.package_identification[0m [1;30mLevel 1[0m _identify(data/20260510_200657_session/1_gui_capture/processed) by extension 'cmake'
[0.399s] [34mcolcon.colcon_core.package_identification[0m [1;30mLevel 1[0m _identify(data/20260510_200657_session/1_gui_capture/processed) by extension 'python'
[0.399s] [34mcolcon.colcon_core.package_identification[0m [1;30mLevel 1[0m _identify(data/20260510_200657_session/1_gui_capture/processed) by extensions ['python_setup_py']
[0.399s] [34mcolcon.colcon_core.package_identification[0m [1;30mLevel 1[0m _identify(data/20260510_200657_session/1_gui_capture/processed) by extension 'python_setup_py'
[0.399s] [34mcolcon.colcon_core.package_identification[0m [1;30mLevel 1[0m _identify(data/20260510_200657_session/1_gui_capture/raw) by extensions ['ignore', 'ignore_ament_install']
[0.399s] [34mcolcon.colcon_core.package_identification[0m [1;30mLevel 1[0m _identify(data/20260510_200657_session/1_gui_capture/raw) by extension 'ignore'
[0.399s] [34mcolcon.colcon_core.package_identification[0m [1;30mLevel 1[0m _identify(data/20260510_200657_session/1_gui_capture/raw) by extension 'ignore_ament_install'
[0.399s] [34mcolcon.colcon_core.package_identification[0m [1;30mLevel 1[0m _identify(data/20260510_200657_session/1_gui_capture/raw) by extensions ['colcon_pkg']
[0.399s] [34mcolcon.colcon_core.package_identification[0m [1;30mLevel 1[0m _identify(data/20260510_200657_session/1_gui_capture/raw) by extension 'colcon_pkg'
[0.399s] [34mcolcon.colcon_core.package_identification[0m [1;30mLevel 1[0m _identify(data/20260510_200657_session/1_gui_capture/raw) by extensions ['colcon_meta']
[0.399s] [34mcolcon.colcon_core.package_identification[0m [1;30mLevel 1[0m _identify(data/20260510_200657_session/1_gui_capture/raw) by extension 'colcon_meta'
[0.399s] [34mcolcon.colcon_core.package_identification[0m [1;30mLevel 1[0m _identify(data/20260510_200657_session/1_gui_capture/raw) by extensions ['ros']
[0.399s] [34mcolcon.colcon_core.package_identification[0m [1;30mLevel 1[0m _identify(data/20260510_200657_session/1_gui_capture/raw) by extension 'ros'
[0.399s] [34mcolcon.colcon_core.package_identification[0m [1;30mLevel 1[0m _identify(data/20260510_200657_session/1_gui_capture/raw) by extensions ['cmake', 'python']
[0.399s] [34mcolcon.colcon_core.package_identification[0m [1;30mLevel 1[0m _identify(data/20260510_200657_session/1_gui_capture/raw) by extension 'cmake'
[0.399s] [34mcolcon.colcon_core.package_identification[0m [1;30mLevel 1[0m _identify(data/20260510_200657_session/1_gui_capture/raw) by extension 'python'
[0.399s] [34mcolcon.colcon_core.package_identification[0m [1;30mLevel 1[0m _identify(data/20260510_200657_session/1_gui_capture/raw) by extensions ['python_setup_py']
[0.399s] [34mcolcon.colcon_core.package_identification[0m [1;30mLevel 1[0m _identify(data/20260510_200657_session/1_gui_capture/raw) by extension 'python_setup_py'
[0.399s] [34mcolcon.colcon_core.package_identification[0m [1;30mLevel 1[0m _identify(data/20260510_200929_session) by extensions ['ignore', 'ignore_ament_install']
[0.400s] [34mcolcon.colcon_core.package_identification[0m [1;30mLevel 1[0m _identify(data/20260510_200929_session) by extension 'ignore'
[0.400s] [34mcolcon.colcon_core.package_identification[0m [1;30mLevel 1[0m _identify(data/20260510_200929_session) by extension 'ignore_ament_install'
[0.400s] [34mcolcon.colcon_core.package_identification[0m [1;30mLevel 1[0m _identify(data/20260510_200929_session) by extensions ['colcon_pkg']
[0.400s] [34mcolcon.colcon_core.package_identification[0m [1;30mLevel 1[0m _identify(data/20260510_200929_session) by extension 'colcon_pkg'
[0.400s] [34mcolcon.colcon_core.package_identification[0m [1;30mLevel 1[0m _identify(data/20260510_200929_session) by extensions ['colcon_meta']
[0.400s] [34mcolcon.colcon_core.package_identification[0m [1;30mLevel 1[0m _identify(data/20260510_200929_session) by extension 'colcon_meta'
[0.400s] [34mcolcon.colcon_core.package_identification[0m [1;30mLevel 1[0m _identify(data/20260510_200929_session) by extensions ['ros']
[0.400s] [34mcolcon.colcon_core.package_identification[0m [1;30mLevel 1[0m _identify(data/20260510_200929_session) by extension 'ros'
[0.400s] [34mcolcon.colcon_core.package_identification[0m [1;30mLevel 1[0m _identify(data/20260510_200929_session) by extensions ['cmake', 'python']
[0.400s] [34mcolcon.colcon_core.package_identification[0m [1;30mLevel 1[0m _identify(data/20260510_200929_session) by extension 'cmake'
[0.400s] [34mcolcon.colcon_core.package_identification[0m [1;30mLevel 1[0m _identify(data/20260510_200929_session) by extension 'python'
[0.400s] [34mcolcon.colcon_core.package_identification[0m [1;30mLevel 1[0m _identify(data/20260510_200929_session) by extensions ['python_setup_py']
[0.400s] [34mcolcon.colcon_core.package_identification[0m [1;30mLevel 1[0m _identify(data/20260510_200929_session) by extension 'python_setup_py'
[0.400s] [34mcolcon.colcon_core.package_identification[0m [1;30mLevel 1[0m _identify(data/20260510_200952_session) by extensions ['ignore', 'ignore_ament_install']
[0.400s] [34mcolcon.colcon_core.package_identification[0m [1;30mLevel 1[0m _identify(data/20260510_200952_session) by extension 'ignore'
[0.400s] [34mcolcon.colcon_core.package_identification[0m [1;30mLevel 1[0m _identify(data/20260510_200952_session) by extension 'ignore_ament_install'
[0.400s] [34mcolcon.colcon_core.package_identification[0m [1;30mLevel 1[0m _identify(data/20260510_200952_session) by extensions ['colcon_pkg']
[0.400s] [34mcolcon.colcon_core.package_identification[0m [1;30mLevel 1[0m _identify(data/20260510_200952_session) by extension 'colcon_pkg'
[0.400s] [34mcolcon.colcon_core.package_identification[0m [1;30mLevel 1[0m _identify(data/20260510_200952_session) by extensions ['colcon_meta']
[0.400s] [34mcolcon.colcon_core.package_identification[0m [1;30mLevel 1[0m _identify(data/20260510_200952_session) by extension 'colcon_meta'
[0.400s] [34mcolcon.colcon_core.package_identification[0m [1;30mLevel 1[0m _identify(data/20260510_200952_session) by extensions ['ros']
[0.400s] [34mcolcon.colcon_core.package_identification[0m [1;30mLevel 1[0m _identify(data/20260510_200952_session) by extension 'ros'
[0.400s] [34mcolcon.colcon_core.package_identification[0m [1;30mLevel 1[0m _identify(data/20260510_200952_session) by extensions ['cmake', 'python']
[0.400s] [34mcolcon.colcon_core.package_identification[0m [1;30mLevel 1[0m _identify(data/20260510_200952_session) by extension 'cmake'
[0.400s] [34mcolcon.colcon_core.package_identification[0m [1;30mLevel 1[0m _identify(data/20260510_200952_session) by extension 'python'
[0.400s] [34mcolcon.colcon_core.package_identification[0m [1;30mLevel 1[0m _identify(data/20260510_200952_session) by extensions ['python_setup_py']
[0.400s] [34mcolcon.colcon_core.package_identification[0m [1;30mLevel 1[0m _identify(data/20260510_200952_session) by extension 'python_setup_py'
[0.401s] [34mcolcon.colcon_core.package_identification[0m [1;30mLevel 1[0m _identify(data/20260510_200952_session/1_gui_capture) by extensions ['ignore', 'ignore_ament_install']
[0.401s] [34mcolcon.colcon_core.package_identification[0m [1;30mLevel 1[0m _identify(data/20260510_200952_session/1_gui_capture) by extension 'ignore'
[0.401s] [34mcolcon.colcon_core.package_identification[0m [1;30mLevel 1[0m _identify(data/20260510_200952_session/1_gui_capture) by extension 'ignore_ament_install'
[0.401s] [34mcolcon.colcon_core.package_identification[0m [1;30mLevel 1[0m _identify(data/20260510_200952_session/1_gui_capture) by extensions ['colcon_pkg']
[0.401s] [34mcolcon.colcon_core.package_identification[0m [1;30mLevel 1[0m _identify(data/20260510_200952_session/1_gui_capture) by extension 'colcon_pkg'
[0.401s] [34mcolcon.colcon_core.package_identification[0m [1;30mLevel 1[0m _identify(data/20260510_200952_session/1_gui_capture) by extensions ['colcon_meta']
[0.401s] [34mcolcon.colcon_core.package_identification[0m [1;30mLevel 1[0m _identify(data/20260510_200952_session/1_gui_capture) by extension 'colcon_meta'
[0.401s] [34mcolcon.colcon_core.package_identification[0m [1;30mLevel 1[0m _identify(data/20260510_200952_session/1_gui_capture) by extensions ['ros']
[0.401s] [34mcolcon.colcon_core.package_identification[0m [1;30mLevel 1[0m _identify(data/20260510_200952_session/1_gui_capture) by extension 'ros'
[0.401s] [34mcolcon.colcon_core.package_identification[0m [1;30mLevel 1[0m _identify(data/20260510_200952_session/1_gui_capture) by extensions ['cmake', 'python']
[0.401s] [34mcolcon.colcon_core.package_identification[0m [1;30mLevel 1[0m _identify(data/20260510_200952_session/1_gui_capture) by extension 'cmake'
[0.401s] [34mcolcon.colcon_core.package_identification[0m [1;30mLevel 1[0m _identify(data/20260510_200952_session/1_gui_capture) by extension 'python'
[0.401s] [34mcolcon.colcon_core.package_identification[0m [1;30mLevel 1[0m _identify(data/20260510_200952_session/1_gui_capture) by extensions ['python_setup_py']
[0.401s] [34mcolcon.colcon_core.package_identification[0m [1;30mLevel 1[0m _identify(data/20260510_200952_session/1_gui_capture) by extension 'python_setup_py'
[0.401s] [34mcolcon.colcon_core.package_identification[0m [1;30mLevel 1[0m _identify(data/20260510_200952_session/1_gui_capture/intermediate) by extensions ['ignore', 'ignore_ament_install']
[0.401s] [34mcolcon.colcon_core.package_identification[0m [1;30mLevel 1[0m _identify(data/20260510_200952_session/1_gui_capture/intermediate) by extension 'ignore'
[0.401s] [34mcolcon.colcon_core.package_identification[0m [1;30mLevel 1[0m _identify(data/20260510_200952_session/1_gui_capture/intermediate) by extension 'ignore_ament_install'
[0.401s] [34mcolcon.colcon_core.package_identification[0m [1;30mLevel 1[0m _identify(data/20260510_200952_session/1_gui_capture/intermediate) by extensions ['colcon_pkg']
[0.401s] [34mcolcon.colcon_core.package_identification[0m [1;30mLevel 1[0m _identify(data/20260510_200952_session/1_gui_capture/intermediate) by extension 'colcon_pkg'
[0.401s] [34mcolcon.colcon_core.package_identification[0m [1;30mLevel 1[0m _identify(data/20260510_200952_session/1_gui_capture/intermediate) by extensions ['colcon_meta']
[0.401s] [34mcolcon.colcon_core.package_identification[0m [1;30mLevel 1[0m _identify(data/20260510_200952_session/1_gui_capture/intermediate) by extension 'colcon_meta'
[0.401s] [34mcolcon.colcon_core.package_identification[0m [1;30mLevel 1[0m _identify(data/20260510_200952_session/1_gui_capture/intermediate) by extensions ['ros']
[0.401s] [34mcolcon.colcon_core.package_identification[0m [1;30mLevel 1[0m _identify(data/20260510_200952_session/1_gui_capture/intermediate) by extension 'ros'
[0.401s] [34mcolcon.colcon_core.package_identification[0m [1;30mLevel 1[0m _identify(data/20260510_200952_session/1_gui_capture/intermediate) by extensions ['cmake', 'python']
[0.401s] [34mcolcon.colcon_core.package_identification[0m [1;30mLevel 1[0m _identify(data/20260510_200952_session/1_gui_capture/intermediate) by extension 'cmake'
[0.401s] [34mcolcon.colcon_core.package_identification[0m [1;30mLevel 1[0m _identify(data/20260510_200952_session/1_gui_capture/intermediate) by extension 'python'
[0.401s] [34mcolcon.colcon_core.package_identification[0m [1;30mLevel 1[0m _identify(data/20260510_200952_session/1_gui_capture/intermediate) by extensions ['python_setup_py']
[0.402s] [34mcolcon.colcon_core.package_identification[0m [1;30mLevel 1[0m _identify(data/20260510_200952_session/1_gui_capture/intermediate) by extension 'python_setup_py'
[0.402s] [34mcolcon.colcon_core.package_identification[0m [1;30mLevel 1[0m _identify(data/20260510_200952_session/1_gui_capture/processed) by extensions ['ignore', 'ignore_ament_install']
[0.402s] [34mcolcon.colcon_core.package_identification[0m [1;30mLevel 1[0m _identify(data/20260510_200952_session/1_gui_capture/processed) by extension 'ignore'
[0.402s] [34mcolcon.colcon_core.package_identification[0m [1;30mLevel 1[0m _identify(data/20260510_200952_session/1_gui_capture/processed) by extension 'ignore_ament_install'
[0.402s] [34mcolcon.colcon_core.package_identification[0m [1;30mLevel 1[0m _identify(data/20260510_200952_session/1_gui_capture/processed) by extensions ['colcon_pkg']
[0.402s] [34mcolcon.colcon_core.package_identification[0m [1;30mLevel 1[0m _identify(data/20260510_200952_session/1_gui_capture/processed) by extension 'colcon_pkg'
[0.402s] [34mcolcon.colcon_core.package_identification[0m [1;30mLevel 1[0m _identify(data/20260510_200952_session/1_gui_capture/processed) by extensions ['colcon_meta']
[0.402s] [34mcolcon.colcon_core.package_identification[0m [1;30mLevel 1[0m _identify(data/20260510_200952_session/1_gui_capture/processed) by extension 'colcon_meta'
[0.402s] [34mcolcon.colcon_core.package_identification[0m [1;30mLevel 1[0m _identify(data/20260510_200952_session/1_gui_capture/processed) by extensions ['ros']
[0.402s] [34mcolcon.colcon_core.package_identification[0m [1;30mLevel 1[0m _identify(data/20260510_200952_session/1_gui_capture/processed) by extension 'ros'
[0.402s] [34mcolcon.colcon_core.package_identification[0m [1;30mLevel 1[0m _identify(data/20260510_200952_session/1_gui_capture/processed) by extensions ['cmake', 'python']
[0.402s] [34mcolcon.colcon_core.package_identification[0m [1;30mLevel 1[0m _identify(data/20260510_200952_session/1_gui_capture/processed) by extension 'cmake'
[0.402s] [34mcolcon.colcon_core.package_identification[0m [1;30mLevel 1[0m _identify(data/20260510_200952_session/1_gui_capture/processed) by extension 'python'
[0.402s] [34mcolcon.colcon_core.package_identification[0m [1;30mLevel 1[0m _identify(data/20260510_200952_session/1_gui_capture/processed) by extensions ['python_setup_py']
[0.402s] [34mcolcon.colcon_core.package_identification[0m [1;30mLevel 1[0m _identify(data/20260510_200952_session/1_gui_capture/processed) by extension 'python_setup_py'
[0.402s] [34mcolcon.colcon_core.package_identification[0m [1;30mLevel 1[0m _identify(data/20260510_200952_session/1_gui_capture/raw) by extensions ['ignore', 'ignore_ament_install']
[0.402s] [34mcolcon.colcon_core.package_identification[0m [1;30mLevel 1[0m _identify(data/20260510_200952_session/1_gui_capture/raw) by extension 'ignore'
[0.402s] [34mcolcon.colcon_core.package_identification[0m [1;30mLevel 1[0m _identify(data/20260510_200952_session/1_gui_capture/raw) by extension 'ignore_ament_install'
[0.402s] [34mcolcon.colcon_core.package_identification[0m [1;30mLevel 1[0m _identify(data/20260510_200952_session/1_gui_capture/raw) by extensions ['colcon_pkg']
[0.402s] [34mcolcon.colcon_core.package_identification[0m [1;30mLevel 1[0m _identify(data/20260510_200952_session/1_gui_capture/raw) by extension 'colcon_pkg'
[0.402s] [34mcolcon.colcon_core.package_identification[0m [1;30mLevel 1[0m _identify(data/20260510_200952_session/1_gui_capture/raw) by extensions ['colcon_meta']
[0.402s] [34mcolcon.colcon_core.package_identification[0m [1;30mLevel 1[0m _identify(data/20260510_200952_session/1_gui_capture/raw) by extension 'colcon_meta'
[0.402s] [34mcolcon.colcon_core.package_identification[0m [1;30mLevel 1[0m _identify(data/20260510_200952_session/1_gui_capture/raw) by extensions ['ros']
[0.402s] [34mcolcon.colcon_core.package_identification[0m [1;30mLevel 1[0m _identify(data/20260510_200952_session/1_gui_capture/raw) by extension 'ros'
[0.402s] [34mcolcon.colcon_core.package_identification[0m [1;30mLevel 1[0m _identify(data/20260510_200952_session/1_gui_capture/raw) by extensions ['cmake', 'python']
[0.402s] [34mcolcon.colcon_core.package_identification[0m [1;30mLevel 1[0m _identify(data/20260510_200952_session/1_gui_capture/raw) by extension 'cmake'
[0.403s] [34mcolcon.colcon_core.package_identification[0m [1;30mLevel 1[0m _identify(data/20260510_200952_session/1_gui_capture/raw) by extension 'python'
[0.403s] [34mcolcon.colcon_core.package_identification[0m [1;30mLevel 1[0m _identify(data/20260510_200952_session/1_gui_capture/raw) by extensions ['python_setup_py']
[0.403s] [34mcolcon.colcon_core.package_identification[0m [1;30mLevel 1[0m _identify(data/20260510_200952_session/1_gui_capture/raw) by extension 'python_setup_py'
[0.403s] [34mcolcon.colcon_core.package_identification[0m [1;30mLevel 1[0m _identify(data/20260510_201244_session) by extensions ['ignore', 'ignore_ament_install']
[0.403s] [34mcolcon.colcon_core.package_identification[0m [1;30mLevel 1[0m _identify(data/20260510_201244_session) by extension 'ignore'
[0.403s] [34mcolcon.colcon_core.package_identification[0m [1;30mLevel 1[0m _identify(data/20260510_201244_session) by extension 'ignore_ament_install'
[0.403s] [34mcolcon.colcon_core.package_identification[0m [1;30mLevel 1[0m _identify(data/20260510_201244_session) by extensions ['colcon_pkg']
[0.403s] [34mcolcon.colcon_core.package_identification[0m [1;30mLevel 1[0m _identify(data/20260510_201244_session) by extension 'colcon_pkg'
[0.403s] [34mcolcon.colcon_core.package_identification[0m [1;30mLevel 1[0m _identify(data/20260510_201244_session) by extensions ['colcon_meta']
[0.403s] [34mcolcon.colcon_core.package_identification[0m [1;30mLevel 1[0m _identify(data/20260510_201244_session) by extension 'colcon_meta'
[0.403s] [34mcolcon.colcon_core.package_identification[0m [1;30mLevel 1[0m _identify(data/20260510_201244_session) by extensions ['ros']
[0.403s] [34mcolcon.colcon_core.package_identification[0m [1;30mLevel 1[0m _identify(data/20260510_201244_session) by extension 'ros'
[0.403s] [34mcolcon.colcon_core.package_identification[0m [1;30mLevel 1[0m _identify(data/20260510_201244_session) by extensions ['cmake', 'python']
[0.403s] [34mcolcon.colcon_core.package_identification[0m [1;30mLevel 1[0m _identify(data/20260510_201244_session) by extension 'cmake'
[0.403s] [34mcolcon.colcon_core.package_identification[0m [1;30mLevel 1[0m _identify(data/20260510_201244_session) by extension 'python'
[0.403s] [34mcolcon.colcon_core.package_identification[0m [1;30mLevel 1[0m _identify(data/20260510_201244_session) by extensions ['python_setup_py']
[0.403s] [34mcolcon.colcon_core.package_identification[0m [1;30mLevel 1[0m _identify(data/20260510_201244_session) by extension 'python_setup_py'
[0.403s] [34mcolcon.colcon_core.package_identification[0m [1;30mLevel 1[0m _identify(data/20260510_201244_session/1_gui_capture) by extensions ['ignore', 'ignore_ament_install']
[0.403s] [34mcolcon.colcon_core.package_identification[0m [1;30mLevel 1[0m _identify(data/20260510_201244_session/1_gui_capture) by extension 'ignore'
[0.403s] [34mcolcon.colcon_core.package_identification[0m [1;30mLevel 1[0m _identify(data/20260510_201244_session/1_gui_capture) by extension 'ignore_ament_install'
[0.403s] [34mcolcon.colcon_core.package_identification[0m [1;30mLevel 1[0m _identify(data/20260510_201244_session/1_gui_capture) by extensions ['colcon_pkg']
[0.403s] [34mcolcon.colcon_core.package_identification[0m [1;30mLevel 1[0m _identify(data/20260510_201244_session/1_gui_capture) by extension 'colcon_pkg'
[0.403s] [34mcolcon.colcon_core.package_identification[0m [1;30mLevel 1[0m _identify(data/20260510_201244_session/1_gui_capture) by extensions ['colcon_meta']
[0.403s] [34mcolcon.colcon_core.package_identification[0m [1;30mLevel 1[0m _identify(data/20260510_201244_session/1_gui_capture) by extension 'colcon_meta'
[0.403s] [34mcolcon.colcon_core.package_identification[0m [1;30mLevel 1[0m _identify(data/20260510_201244_session/1_gui_capture) by extensions ['ros']
[0.403s] [34mcolcon.colcon_core.package_identification[0m [1;30mLevel 1[0m _identify(data/20260510_201244_session/1_gui_capture) by extension 'ros'
[0.404s] [34mcolcon.colcon_core.package_identification[0m [1;30mLevel 1[0m _identify(data/20260510_201244_session/1_gui_capture) by extensions ['cmake', 'python']
[0.404s] [34mcolcon.colcon_core.package_identification[0m [1;30mLevel 1[0m _identify(data/20260510_201244_session/1_gui_capture) by extension 'cmake'
[0.404s] [34mcolcon.colcon_core.package_identification[0m [1;30mLevel 1[0m _identify(data/20260510_201244_session/1_gui_capture) by extension 'python'
[0.404s] [34mcolcon.colcon_core.package_identification[0m [1;30mLevel 1[0m _identify(data/20260510_201244_session/1_gui_capture) by extensions ['python_setup_py']
[0.404s] [34mcolcon.colcon_core.package_identification[0m [1;30mLevel 1[0m _identify(data/20260510_201244_session/1_gui_capture) by extension 'python_setup_py'
[0.404s] [34mcolcon.colcon_core.package_identification[0m [1;30mLevel 1[0m _identify(data/20260510_201244_session/1_gui_capture/intermediate) by extensions ['ignore', 'ignore_ament_install']
[0.404s] [34mcolcon.colcon_core.package_identification[0m [1;30mLevel 1[0m _identify(data/20260510_201244_session/1_gui_capture/intermediate) by extension 'ignore'
[0.404s] [34mcolcon.colcon_core.package_identification[0m [1;30mLevel 1[0m _identify(data/20260510_201244_session/1_gui_capture/intermediate) by extension 'ignore_ament_install'
[0.404s] [34mcolcon.colcon_core.package_identification[0m [1;30mLevel 1[0m _identify(data/20260510_201244_session/1_gui_capture/intermediate) by extensions ['colcon_pkg']
[0.404s] [34mcolcon.colcon_core.package_identification[0m [1;30mLevel 1[0m _identify(data/20260510_201244_session/1_gui_capture/intermediate) by extension 'colcon_pkg'
[0.404s] [34mcolcon.colcon_core.package_identification[0m [1;30mLevel 1[0m _identify(data/20260510_201244_session/1_gui_capture/intermediate) by extensions ['colcon_meta']
[0.404s] [34mcolcon.colcon_core.package_identification[0m [1;30mLevel 1[0m _identify(data/20260510_201244_session/1_gui_capture/intermediate) by extension 'colcon_meta'
[0.404s] [34mcolcon.colcon_core.package_identification[0m [1;30mLevel 1[0m _identify(data/20260510_201244_session/1_gui_capture/intermediate) by extensions ['ros']
[0.404s] [34mcolcon.colcon_core.package_identification[0m [1;30mLevel 1[0m _identify(data/20260510_201244_session/1_gui_capture/intermediate) by extension 'ros'
[0.404s] [34mcolcon.colcon_core.package_identification[0m [1;30mLevel 1[0m _identify(data/20260510_201244_session/1_gui_capture/intermediate) by extensions ['cmake', 'python']
[0.404s] [34mcolcon.colcon_core.package_identification[0m [1;30mLevel 1[0m _identify(data/20260510_201244_session/1_gui_capture/intermediate) by extension 'cmake'
[0.404s] [34mcolcon.colcon_core.package_identification[0m [1;30mLevel 1[0m _identify(data/20260510_201244_session/1_gui_capture/intermediate) by extension 'python'
[0.404s] [34mcolcon.colcon_core.package_identification[0m [1;30mLevel 1[0m _identify(data/20260510_201244_session/1_gui_capture/intermediate) by extensions ['python_setup_py']
[0.404s] [34mcolcon.colcon_core.package_identification[0m [1;30mLevel 1[0m _identify(data/20260510_201244_session/1_gui_capture/intermediate) by extension 'python_setup_py'
[0.404s] [34mcolcon.colcon_core.package_identification[0m [1;30mLevel 1[0m _identify(data/20260510_201244_session/1_gui_capture/processed) by extensions ['ignore', 'ignore_ament_install']
[0.404s] [34mcolcon.colcon_core.package_identification[0m [1;30mLevel 1[0m _identify(data/20260510_201244_session/1_gui_capture/processed) by extension 'ignore'
[0.404s] [34mcolcon.colcon_core.package_identification[0m [1;30mLevel 1[0m _identify(data/20260510_201244_session/1_gui_capture/processed) by extension 'ignore_ament_install'
[0.404s] [34mcolcon.colcon_core.package_identification[0m [1;30mLevel 1[0m _identify(data/20260510_201244_session/1_gui_capture/processed) by extensions ['colcon_pkg']
[0.404s] [34mcolcon.colcon_core.package_identification[0m [1;30mLevel 1[0m _identify(data/20260510_201244_session/1_gui_capture/processed) by extension 'colcon_pkg'
[0.404s] [34mcolcon.colcon_core.package_identification[0m [1;30mLevel 1[0m _identify(data/20260510_201244_session/1_gui_capture/processed) by extensions ['colcon_meta']
[0.404s] [34mcolcon.colcon_core.package_identification[0m [1;30mLevel 1[0m _identify(data/20260510_201244_session/1_gui_capture/processed) by extension 'colcon_meta'
[0.404s] [34mcolcon.colcon_core.package_identification[0m [1;30mLevel 1[0m _identify(data/20260510_201244_session/1_gui_capture/processed) by extensions ['ros']
[0.405s] [34mcolcon.colcon_core.package_identification[0m [1;30mLevel 1[0m _identify(data/20260510_201244_session/1_gui_capture/processed) by extension 'ros'
[0.405s] [34mcolcon.colcon_core.package_identification[0m [1;30mLevel 1[0m _identify(data/20260510_201244_session/1_gui_capture/processed) by extensions ['cmake', 'python']
[0.405s] [34mcolcon.colcon_core.package_identification[0m [1;30mLevel 1[0m _identify(data/20260510_201244_session/1_gui_capture/processed) by extension 'cmake'
[0.405s] [34mcolcon.colcon_core.package_identification[0m [1;30mLevel 1[0m _identify(data/20260510_201244_session/1_gui_capture/processed) by extension 'python'
[0.405s] [34mcolcon.colcon_core.package_identification[0m [1;30mLevel 1[0m _identify(data/20260510_201244_session/1_gui_capture/processed) by extensions ['python_setup_py']
[0.405s] [34mcolcon.colcon_core.package_identification[0m [1;30mLevel 1[0m _identify(data/20260510_201244_session/1_gui_capture/processed) by extension 'python_setup_py'
[0.405s] [34mcolcon.colcon_core.package_identification[0m [1;30mLevel 1[0m _identify(data/20260510_201244_session/1_gui_capture/raw) by extensions ['ignore', 'ignore_ament_install']
[0.405s] [34mcolcon.colcon_core.package_identification[0m [1;30mLevel 1[0m _identify(data/20260510_201244_session/1_gui_capture/raw) by extension 'ignore'
[0.405s] [34mcolcon.colcon_core.package_identification[0m [1;30mLevel 1[0m _identify(data/20260510_201244_session/1_gui_capture/raw) by extension 'ignore_ament_install'
[0.405s] [34mcolcon.colcon_core.package_identification[0m [1;30mLevel 1[0m _identify(data/20260510_201244_session/1_gui_capture/raw) by extensions ['colcon_pkg']
[0.405s] [34mcolcon.colcon_core.package_identification[0m [1;30mLevel 1[0m _identify(data/20260510_201244_session/1_gui_capture/raw) by extension 'colcon_pkg'
[0.405s] [34mcolcon.colcon_core.package_identification[0m [1;30mLevel 1[0m _identify(data/20260510_201244_session/1_gui_capture/raw) by extensions ['colcon_meta']
[0.405s] [34mcolcon.colcon_core.package_identification[0m [1;30mLevel 1[0m _identify(data/20260510_201244_session/1_gui_capture/raw) by extension 'colcon_meta'
[0.405s] [34mcolcon.colcon_core.package_identification[0m [1;30mLevel 1[0m _identify(data/20260510_201244_session/1_gui_capture/raw) by extensions ['ros']
[0.405s] [34mcolcon.colcon_core.package_identification[0m [1;30mLevel 1[0m _identify(data/20260510_201244_session/1_gui_capture/raw) by extension 'ros'
[0.405s] [34mcolcon.colcon_core.package_identification[0m [1;30mLevel 1[0m _identify(data/20260510_201244_session/1_gui_capture/raw) by extensions ['cmake', 'python']
[0.405s] [34mcolcon.colcon_core.package_identification[0m [1;30mLevel 1[0m _identify(data/20260510_201244_session/1_gui_capture/raw) by extension 'cmake'
[0.405s] [34mcolcon.colcon_core.package_identification[0m [1;30mLevel 1[0m _identify(data/20260510_201244_session/1_gui_capture/raw) by extension 'python'
[0.405s] [34mcolcon.colcon_core.package_identification[0m [1;30mLevel 1[0m _identify(data/20260510_201244_session/1_gui_capture/raw) by extensions ['python_setup_py']
[0.405s] [34mcolcon.colcon_core.package_identification[0m [1;30mLevel 1[0m _identify(data/20260510_201244_session/1_gui_capture/raw) by extension 'python_setup_py'
[0.405s] [34mcolcon.colcon_core.package_identification[0m [1;30mLevel 1[0m _identify(data/20260510_201548_session) by extensions ['ignore', 'ignore_ament_install']
[0.405s] [34mcolcon.colcon_core.package_identification[0m [1;30mLevel 1[0m _identify(data/20260510_201548_session) by extension 'ignore'
[0.405s] [34mcolcon.colcon_core.package_identification[0m [1;30mLevel 1[0m _identify(data/20260510_201548_session) by extension 'ignore_ament_install'
[0.405s] [34mcolcon.colcon_core.package_identification[0m [1;30mLevel 1[0m _identify(data/20260510_201548_session) by extensions ['colcon_pkg']
[0.405s] [34mcolcon.colcon_core.package_identification[0m [1;30mLevel 1[0m _identify(data/20260510_201548_session) by extension 'colcon_pkg'
[0.405s] [34mcolcon.colcon_core.package_identification[0m [1;30mLevel 1[0m _identify(data/20260510_201548_session) by extensions ['colcon_meta']
[0.405s] [34mcolcon.colcon_core.package_identification[0m [1;30mLevel 1[0m _identify(data/20260510_201548_session) by extension 'colcon_meta'
[0.406s] [34mcolcon.colcon_core.package_identification[0m [1;30mLevel 1[0m _identify(data/20260510_201548_session) by extensions ['ros']
[0.406s] [34mcolcon.colcon_core.package_identification[0m [1;30mLevel 1[0m _identify(data/20260510_201548_session) by extension 'ros'
[0.406s] [34mcolcon.colcon_core.package_identification[0m [1;30mLevel 1[0m _identify(data/20260510_201548_session) by extensions ['cmake', 'python']
[0.406s] [34mcolcon.colcon_core.package_identification[0m [1;30mLevel 1[0m _identify(data/20260510_201548_session) by extension 'cmake'
[0.406s] [34mcolcon.colcon_core.package_identification[0m [1;30mLevel 1[0m _identify(data/20260510_201548_session) by extension 'python'
[0.406s] [34mcolcon.colcon_core.package_identification[0m [1;30mLevel 1[0m _identify(data/20260510_201548_session) by extensions ['python_setup_py']
[0.406s] [34mcolcon.colcon_core.package_identification[0m [1;30mLevel 1[0m _identify(data/20260510_201548_session) by extension 'python_setup_py'
[0.406s] [34mcolcon.colcon_core.package_identification[0m [1;30mLevel 1[0m _identify(data/20260510_201548_session/1_gui_capture) by extensions ['ignore', 'ignore_ament_install']
[0.406s] [34mcolcon.colcon_core.package_identification[0m [1;30mLevel 1[0m _identify(data/20260510_201548_session/1_gui_capture) by extension 'ignore'
[0.406s] [34mcolcon.colcon_core.package_identification[0m [1;30mLevel 1[0m _identify(data/20260510_201548_session/1_gui_capture) by extension 'ignore_ament_install'
[0.406s] [34mcolcon.colcon_core.package_identification[0m [1;30mLevel 1[0m _identify(data/20260510_201548_session/1_gui_capture) by extensions ['colcon_pkg']
[0.406s] [34mcolcon.colcon_core.package_identification[0m [1;30mLevel 1[0m _identify(data/20260510_201548_session/1_gui_capture) by extension 'colcon_pkg'
[0.406s] [34mcolcon.colcon_core.package_identification[0m [1;30mLevel 1[0m _identify(data/20260510_201548_session/1_gui_capture) by extensions ['colcon_meta']
[0.406s] [34mcolcon.colcon_core.package_identification[0m [1;30mLevel 1[0m _identify(data/20260510_201548_session/1_gui_capture) by extension 'colcon_meta'
[0.406s] [34mcolcon.colcon_core.package_identification[0m [1;30mLevel 1[0m _identify(data/20260510_201548_session/1_gui_capture) by extensions ['ros']
[0.406s] [34mcolcon.colcon_core.package_identification[0m [1;30mLevel 1[0m _identify(data/20260510_201548_session/1_gui_capture) by extension 'ros'
[0.406s] [34mcolcon.colcon_core.package_identification[0m [1;30mLevel 1[0m _identify(data/20260510_201548_session/1_gui_capture) by extensions ['cmake', 'python']
[0.406s] [34mcolcon.colcon_core.package_identification[0m [1;30mLevel 1[0m _identify(data/20260510_201548_session/1_gui_capture) by extension 'cmake'
[0.406s] [34mcolcon.colcon_core.package_identification[0m [1;30mLevel 1[0m _identify(data/20260510_201548_session/1_gui_capture) by extension 'python'
[0.406s] [34mcolcon.colcon_core.package_identification[0m [1;30mLevel 1[0m _identify(data/20260510_201548_session/1_gui_capture) by extensions ['python_setup_py']
[0.406s] [34mcolcon.colcon_core.package_identification[0m [1;30mLevel 1[0m _identify(data/20260510_201548_session/1_gui_capture) by extension 'python_setup_py'
[0.406s] [34mcolcon.colcon_core.package_identification[0m [1;30mLevel 1[0m _identify(data/20260510_201548_session/1_gui_capture/intermediate) by extensions ['ignore', 'ignore_ament_install']
[0.406s] [34mcolcon.colcon_core.package_identification[0m [1;30mLevel 1[0m _identify(data/20260510_201548_session/1_gui_capture/intermediate) by extension 'ignore'
[0.406s] [34mcolcon.colcon_core.package_identification[0m [1;30mLevel 1[0m _identify(data/20260510_201548_session/1_gui_capture/intermediate) by extension 'ignore_ament_install'
[0.407s] [34mcolcon.colcon_core.package_identification[0m [1;30mLevel 1[0m _identify(data/20260510_201548_session/1_gui_capture/intermediate) by extensions ['colcon_pkg']
[0.407s] [34mcolcon.colcon_core.package_identification[0m [1;30mLevel 1[0m _identify(data/20260510_201548_session/1_gui_capture/intermediate) by extension 'colcon_pkg'
[0.407s] [34mcolcon.colcon_core.package_identification[0m [1;30mLevel 1[0m _identify(data/20260510_201548_session/1_gui_capture/intermediate) by extensions ['colcon_meta']
[0.407s] [34mcolcon.colcon_core.package_identification[0m [1;30mLevel 1[0m _identify(data/20260510_201548_session/1_gui_capture/intermediate) by extension 'colcon_meta'
[0.407s] [34mcolcon.colcon_core.package_identification[0m [1;30mLevel 1[0m _identify(data/20260510_201548_session/1_gui_capture/intermediate) by extensions ['ros']
[0.407s] [34mcolcon.colcon_core.package_identification[0m [1;30mLevel 1[0m _identify(data/20260510_201548_session/1_gui_capture/intermediate) by extension 'ros'
[0.407s] [34mcolcon.colcon_core.package_identification[0m [1;30mLevel 1[0m _identify(data/20260510_201548_session/1_gui_capture/intermediate) by extensions ['cmake', 'python']
[0.407s] [34mcolcon.colcon_core.package_identification[0m [1;30mLevel 1[0m _identify(data/20260510_201548_session/1_gui_capture/intermediate) by extension 'cmake'
[0.407s] [34mcolcon.colcon_core.package_identification[0m [1;30mLevel 1[0m _identify(data/20260510_201548_session/1_gui_capture/intermediate) by extension 'python'
[0.407s] [34mcolcon.colcon_core.package_identification[0m [1;30mLevel 1[0m _identify(data/20260510_201548_session/1_gui_capture/intermediate) by extensions ['python_setup_py']
[0.407s] [34mcolcon.colcon_core.package_identification[0m [1;30mLevel 1[0m _identify(data/20260510_201548_session/1_gui_capture/intermediate) by extension 'python_setup_py'
[0.407s] [34mcolcon.colcon_core.package_identification[0m [1;30mLevel 1[0m _identify(data/20260510_201548_session/1_gui_capture/processed) by extensions ['ignore', 'ignore_ament_install']
[0.407s] [34mcolcon.colcon_core.package_identification[0m [1;30mLevel 1[0m _identify(data/20260510_201548_session/1_gui_capture/processed) by extension 'ignore'
[0.407s] [34mcolcon.colcon_core.package_identification[0m [1;30mLevel 1[0m _identify(data/20260510_201548_session/1_gui_capture/processed) by extension 'ignore_ament_install'
[0.407s] [34mcolcon.colcon_core.package_identification[0m [1;30mLevel 1[0m _identify(data/20260510_201548_session/1_gui_capture/processed) by extensions ['colcon_pkg']
[0.407s] [34mcolcon.colcon_core.package_identification[0m [1;30mLevel 1[0m _identify(data/20260510_201548_session/1_gui_capture/processed) by extension 'colcon_pkg'
[0.407s] [34mcolcon.colcon_core.package_identification[0m [1;30mLevel 1[0m _identify(data/20260510_201548_session/1_gui_capture/processed) by extensions ['colcon_meta']
[0.407s] [34mcolcon.colcon_core.package_identification[0m [1;30mLevel 1[0m _identify(data/20260510_201548_session/1_gui_capture/processed) by extension 'colcon_meta'
[0.407s] [34mcolcon.colcon_core.package_identification[0m [1;30mLevel 1[0m _identify(data/20260510_201548_session/1_gui_capture/processed) by extensions ['ros']
[0.407s] [34mcolcon.colcon_core.package_identification[0m [1;30mLevel 1[0m _identify(data/20260510_201548_session/1_gui_capture/processed) by extension 'ros'
[0.407s] [34mcolcon.colcon_core.package_identification[0m [1;30mLevel 1[0m _identify(data/20260510_201548_session/1_gui_capture/processed) by extensions ['cmake', 'python']
[0.407s] [34mcolcon.colcon_core.package_identification[0m [1;30mLevel 1[0m _identify(data/20260510_201548_session/1_gui_capture/processed) by extension 'cmake'
[0.407s] [34mcolcon.colcon_core.package_identification[0m [1;30mLevel 1[0m _identify(data/20260510_201548_session/1_gui_capture/processed) by extension 'python'
[0.407s] [34mcolcon.colcon_core.package_identification[0m [1;30mLevel 1[0m _identify(data/20260510_201548_session/1_gui_capture/processed) by extensions ['python_setup_py']
[0.407s] [34mcolcon.colcon_core.package_identification[0m [1;30mLevel 1[0m _identify(data/20260510_201548_session/1_gui_capture/processed) by extension 'python_setup_py'
[0.408s] [34mcolcon.colcon_core.package_identification[0m [1;30mLevel 1[0m _identify(data/20260510_201548_session/1_gui_capture/raw) by extensions ['ignore', 'ignore_ament_install']
[0.408s] [34mcolcon.colcon_core.package_identification[0m [1;30mLevel 1[0m _identify(data/20260510_201548_session/1_gui_capture/raw) by extension 'ignore'
[0.408s] [34mcolcon.colcon_core.package_identification[0m [1;30mLevel 1[0m _identify(data/20260510_201548_session/1_gui_capture/raw) by extension 'ignore_ament_install'
[0.408s] [34mcolcon.colcon_core.package_identification[0m [1;30mLevel 1[0m _identify(data/20260510_201548_session/1_gui_capture/raw) by extensions ['colcon_pkg']
[0.408s] [34mcolcon.colcon_core.package_identification[0m [1;30mLevel 1[0m _identify(data/20260510_201548_session/1_gui_capture/raw) by extension 'colcon_pkg'
[0.408s] [34mcolcon.colcon_core.package_identification[0m [1;30mLevel 1[0m _identify(data/20260510_201548_session/1_gui_capture/raw) by extensions ['colcon_meta']
[0.408s] [34mcolcon.colcon_core.package_identification[0m [1;30mLevel 1[0m _identify(data/20260510_201548_session/1_gui_capture/raw) by extension 'colcon_meta'
[0.408s] [34mcolcon.colcon_core.package_identification[0m [1;30mLevel 1[0m _identify(data/20260510_201548_session/1_gui_capture/raw) by extensions ['ros']
[0.408s] [34mcolcon.colcon_core.package_identification[0m [1;30mLevel 1[0m _identify(data/20260510_201548_session/1_gui_capture/raw) by extension 'ros'
[0.408s] [34mcolcon.colcon_core.package_identification[0m [1;30mLevel 1[0m _identify(data/20260510_201548_session/1_gui_capture/raw) by extensions ['cmake', 'python']
[0.408s] [34mcolcon.colcon_core.package_identification[0m [1;30mLevel 1[0m _identify(data/20260510_201548_session/1_gui_capture/raw) by extension 'cmake'
[0.408s] [34mcolcon.colcon_core.package_identification[0m [1;30mLevel 1[0m _identify(data/20260510_201548_session/1_gui_capture/raw) by extension 'python'
[0.408s] [34mcolcon.colcon_core.package_identification[0m [1;30mLevel 1[0m _identify(data/20260510_201548_session/1_gui_capture/raw) by extensions ['python_setup_py']
[0.408s] [34mcolcon.colcon_core.package_identification[0m [1;30mLevel 1[0m _identify(data/20260510_201548_session/1_gui_capture/raw) by extension 'python_setup_py'
[0.408s] [34mcolcon.colcon_core.package_identification[0m [1;30mLevel 1[0m _identify(data/20260510_201548_session/2_gui_capture) by extensions ['ignore', 'ignore_ament_install']
[0.408s] [34mcolcon.colcon_core.package_identification[0m [1;30mLevel 1[0m _identify(data/20260510_201548_session/2_gui_capture) by extension 'ignore'
[0.408s] [34mcolcon.colcon_core.package_identification[0m [1;30mLevel 1[0m _identify(data/20260510_201548_session/2_gui_capture) by extension 'ignore_ament_install'
[0.408s] [34mcolcon.colcon_core.package_identification[0m [1;30mLevel 1[0m _identify(data/20260510_201548_session/2_gui_capture) by extensions ['colcon_pkg']
[0.408s] [34mcolcon.colcon_core.package_identification[0m [1;30mLevel 1[0m _identify(data/20260510_201548_session/2_gui_capture) by extension 'colcon_pkg'
[0.408s] [34mcolcon.colcon_core.package_identification[0m [1;30mLevel 1[0m _identify(data/20260510_201548_session/2_gui_capture) by extensions ['colcon_meta']
[0.408s] [34mcolcon.colcon_core.package_identification[0m [1;30mLevel 1[0m _identify(data/20260510_201548_session/2_gui_capture) by extension 'colcon_meta'
[0.408s] [34mcolcon.colcon_core.package_identification[0m [1;30mLevel 1[0m _identify(data/20260510_201548_session/2_gui_capture) by extensions ['ros']
[0.409s] [34mcolcon.colcon_core.package_identification[0m [1;30mLevel 1[0m _identify(data/20260510_201548_session/2_gui_capture) by extension 'ros'
[0.409s] [34mcolcon.colcon_core.package_identification[0m [1;30mLevel 1[0m _identify(data/20260510_201548_session/2_gui_capture) by extensions ['cmake', 'python']
[0.409s] [34mcolcon.colcon_core.package_identification[0m [1;30mLevel 1[0m _identify(data/20260510_201548_session/2_gui_capture) by extension 'cmake'
[0.409s] [34mcolcon.colcon_core.package_identification[0m [1;30mLevel 1[0m _identify(data/20260510_201548_session/2_gui_capture) by extension 'python'
[0.409s] [34mcolcon.colcon_core.package_identification[0m [1;30mLevel 1[0m _identify(data/20260510_201548_session/2_gui_capture) by extensions ['python_setup_py']
[0.409s] [34mcolcon.colcon_core.package_identification[0m [1;30mLevel 1[0m _identify(data/20260510_201548_session/2_gui_capture) by extension 'python_setup_py'
[0.409s] [34mcolcon.colcon_core.package_identification[0m [1;30mLevel 1[0m _identify(data/20260510_201548_session/2_gui_capture/intermediate) by extensions ['ignore', 'ignore_ament_install']
[0.409s] [34mcolcon.colcon_core.package_identification[0m [1;30mLevel 1[0m _identify(data/20260510_201548_session/2_gui_capture/intermediate) by extension 'ignore'
[0.409s] [34mcolcon.colcon_core.package_identification[0m [1;30mLevel 1[0m _identify(data/20260510_201548_session/2_gui_capture/intermediate) by extension 'ignore_ament_install'
[0.409s] [34mcolcon.colcon_core.package_identification[0m [1;30mLevel 1[0m _identify(data/20260510_201548_session/2_gui_capture/intermediate) by extensions ['colcon_pkg']
[0.409s] [34mcolcon.colcon_core.package_identification[0m [1;30mLevel 1[0m _identify(data/20260510_201548_session/2_gui_capture/intermediate) by extension 'colcon_pkg'
[0.409s] [34mcolcon.colcon_core.package_identification[0m [1;30mLevel 1[0m _identify(data/20260510_201548_session/2_gui_capture/intermediate) by extensions ['colcon_meta']
[0.409s] [34mcolcon.colcon_core.package_identification[0m [1;30mLevel 1[0m _identify(data/20260510_201548_session/2_gui_capture/intermediate) by extension 'colcon_meta'
[0.409s] [34mcolcon.colcon_core.package_identification[0m [1;30mLevel 1[0m _identify(data/20260510_201548_session/2_gui_capture/intermediate) by extensions ['ros']
[0.409s] [34mcolcon.colcon_core.package_identification[0m [1;30mLevel 1[0m _identify(data/20260510_201548_session/2_gui_capture/intermediate) by extension 'ros'
[0.409s] [34mcolcon.colcon_core.package_identification[0m [1;30mLevel 1[0m _identify(data/20260510_201548_session/2_gui_capture/intermediate) by extensions ['cmake', 'python']
[0.409s] [34mcolcon.colcon_core.package_identification[0m [1;30mLevel 1[0m _identify(data/20260510_201548_session/2_gui_capture/intermediate) by extension 'cmake'
[0.409s] [34mcolcon.colcon_core.package_identification[0m [1;30mLevel 1[0m _identify(data/20260510_201548_session/2_gui_capture/intermediate) by extension 'python'
[0.409s] [34mcolcon.colcon_core.package_identification[0m [1;30mLevel 1[0m _identify(data/20260510_201548_session/2_gui_capture/intermediate) by extensions ['python_setup_py']
[0.409s] [34mcolcon.colcon_core.package_identification[0m [1;30mLevel 1[0m _identify(data/20260510_201548_session/2_gui_capture/intermediate) by extension 'python_setup_py'
[0.409s] [34mcolcon.colcon_core.package_identification[0m [1;30mLevel 1[0m _identify(data/20260510_201548_session/2_gui_capture/processed) by extensions ['ignore', 'ignore_ament_install']
[0.409s] [34mcolcon.colcon_core.package_identification[0m [1;30mLevel 1[0m _identify(data/20260510_201548_session/2_gui_capture/processed) by extension 'ignore'
[0.409s] [34mcolcon.colcon_core.package_identification[0m [1;30mLevel 1[0m _identify(data/20260510_201548_session/2_gui_capture/processed) by extension 'ignore_ament_install'
[0.409s] [34mcolcon.colcon_core.package_identification[0m [1;30mLevel 1[0m _identify(data/20260510_201548_session/2_gui_capture/processed) by extensions ['colcon_pkg']
[0.409s] [34mcolcon.colcon_core.package_identification[0m [1;30mLevel 1[0m _identify(data/20260510_201548_session/2_gui_capture/processed) by extension 'colcon_pkg'
[0.410s] [34mcolcon.colcon_core.package_identification[0m [1;30mLevel 1[0m _identify(data/20260510_201548_session/2_gui_capture/processed) by extensions ['colcon_meta']
[0.410s] [34mcolcon.colcon_core.package_identification[0m [1;30mLevel 1[0m _identify(data/20260510_201548_session/2_gui_capture/processed) by extension 'colcon_meta'
[0.410s] [34mcolcon.colcon_core.package_identification[0m [1;30mLevel 1[0m _identify(data/20260510_201548_session/2_gui_capture/processed) by extensions ['ros']
[0.410s] [34mcolcon.colcon_core.package_identification[0m [1;30mLevel 1[0m _identify(data/20260510_201548_session/2_gui_capture/processed) by extension 'ros'
[0.410s] [34mcolcon.colcon_core.package_identification[0m [1;30mLevel 1[0m _identify(data/20260510_201548_session/2_gui_capture/processed) by extensions ['cmake', 'python']
[0.410s] [34mcolcon.colcon_core.package_identification[0m [1;30mLevel 1[0m _identify(data/20260510_201548_session/2_gui_capture/processed) by extension 'cmake'
[0.410s] [34mcolcon.colcon_core.package_identification[0m [1;30mLevel 1[0m _identify(data/20260510_201548_session/2_gui_capture/processed) by extension 'python'
[0.410s] [34mcolcon.colcon_core.package_identification[0m [1;30mLevel 1[0m _identify(data/20260510_201548_session/2_gui_capture/processed) by extensions ['python_setup_py']
[0.410s] [34mcolcon.colcon_core.package_identification[0m [1;30mLevel 1[0m _identify(data/20260510_201548_session/2_gui_capture/processed) by extension 'python_setup_py'
[0.410s] [34mcolcon.colcon_core.package_identification[0m [1;30mLevel 1[0m _identify(data/20260510_201548_session/2_gui_capture/raw) by extensions ['ignore', 'ignore_ament_install']
[0.410s] [34mcolcon.colcon_core.package_identification[0m [1;30mLevel 1[0m _identify(data/20260510_201548_session/2_gui_capture/raw) by extension 'ignore'
[0.410s] [34mcolcon.colcon_core.package_identification[0m [1;30mLevel 1[0m _identify(data/20260510_201548_session/2_gui_capture/raw) by extension 'ignore_ament_install'
[0.410s] [34mcolcon.colcon_core.package_identification[0m [1;30mLevel 1[0m _identify(data/20260510_201548_session/2_gui_capture/raw) by extensions ['colcon_pkg']
[0.410s] [34mcolcon.colcon_core.package_identification[0m [1;30mLevel 1[0m _identify(data/20260510_201548_session/2_gui_capture/raw) by extension 'colcon_pkg'
[0.410s] [34mcolcon.colcon_core.package_identification[0m [1;30mLevel 1[0m _identify(data/20260510_201548_session/2_gui_capture/raw) by extensions ['colcon_meta']
[0.410s] [34mcolcon.colcon_core.package_identification[0m [1;30mLevel 1[0m _identify(data/20260510_201548_session/2_gui_capture/raw) by extension 'colcon_meta'
[0.410s] [34mcolcon.colcon_core.package_identification[0m [1;30mLevel 1[0m _identify(data/20260510_201548_session/2_gui_capture/raw) by extensions ['ros']
[0.410s] [34mcolcon.colcon_core.package_identification[0m [1;30mLevel 1[0m _identify(data/20260510_201548_session/2_gui_capture/raw) by extension 'ros'
[0.410s] [34mcolcon.colcon_core.package_identification[0m [1;30mLevel 1[0m _identify(data/20260510_201548_session/2_gui_capture/raw) by extensions ['cmake', 'python']
[0.410s] [34mcolcon.colcon_core.package_identification[0m [1;30mLevel 1[0m _identify(data/20260510_201548_session/2_gui_capture/raw) by extension 'cmake'
[0.410s] [34mcolcon.colcon_core.package_identification[0m [1;30mLevel 1[0m _identify(data/20260510_201548_session/2_gui_capture/raw) by extension 'python'
[0.410s] [34mcolcon.colcon_core.package_identification[0m [1;30mLevel 1[0m _identify(data/20260510_201548_session/2_gui_capture/raw) by extensions ['python_setup_py']
[0.410s] [34mcolcon.colcon_core.package_identification[0m [1;30mLevel 1[0m _identify(data/20260510_201548_session/2_gui_capture/raw) by extension 'python_setup_py'
[0.410s] [34mcolcon.colcon_core.package_identification[0m [1;30mLevel 1[0m _identify(data/20260512_190628_session) by extensions ['ignore', 'ignore_ament_install']
[0.410s] [34mcolcon.colcon_core.package_identification[0m [1;30mLevel 1[0m _identify(data/20260512_190628_session) by extension 'ignore'
[0.410s] [34mcolcon.colcon_core.package_identification[0m [1;30mLevel 1[0m _identify(data/20260512_190628_session) by extension 'ignore_ament_install'
[0.411s] [34mcolcon.colcon_core.package_identification[0m [1;30mLevel 1[0m _identify(data/20260512_190628_session) by extensions ['colcon_pkg']
[0.411s] [34mcolcon.colcon_core.package_identification[0m [1;30mLevel 1[0m _identify(data/20260512_190628_session) by extension 'colcon_pkg'
[0.411s] [34mcolcon.colcon_core.package_identification[0m [1;30mLevel 1[0m _identify(data/20260512_190628_session) by extensions ['colcon_meta']
[0.411s] [34mcolcon.colcon_core.package_identification[0m [1;30mLevel 1[0m _identify(data/20260512_190628_session) by extension 'colcon_meta'
[0.411s] [34mcolcon.colcon_core.package_identification[0m [1;30mLevel 1[0m _identify(data/20260512_190628_session) by extensions ['ros']
[0.411s] [34mcolcon.colcon_core.package_identification[0m [1;30mLevel 1[0m _identify(data/20260512_190628_session) by extension 'ros'
[0.411s] [34mcolcon.colcon_core.package_identification[0m [1;30mLevel 1[0m _identify(data/20260512_190628_session) by extensions ['cmake', 'python']
[0.411s] [34mcolcon.colcon_core.package_identification[0m [1;30mLevel 1[0m _identify(data/20260512_190628_session) by extension 'cmake'
[0.411s] [34mcolcon.colcon_core.package_identification[0m [1;30mLevel 1[0m _identify(data/20260512_190628_session) by extension 'python'
[0.411s] [34mcolcon.colcon_core.package_identification[0m [1;30mLevel 1[0m _identify(data/20260512_190628_session) by extensions ['python_setup_py']
[0.411s] [34mcolcon.colcon_core.package_identification[0m [1;30mLevel 1[0m _identify(data/20260512_190628_session) by extension 'python_setup_py'
[0.411s] [34mcolcon.colcon_core.package_identification[0m [1;30mLevel 1[0m _identify(data/20260512_190812_session) by extensions ['ignore', 'ignore_ament_install']
[0.411s] [34mcolcon.colcon_core.package_identification[0m [1;30mLevel 1[0m _identify(data/20260512_190812_session) by extension 'ignore'
[0.411s] [34mcolcon.colcon_core.package_identification[0m [1;30mLevel 1[0m _identify(data/20260512_190812_session) by extension 'ignore_ament_install'
[0.411s] [34mcolcon.colcon_core.package_identification[0m [1;30mLevel 1[0m _identify(data/20260512_190812_session) by extensions ['colcon_pkg']
[0.411s] [34mcolcon.colcon_core.package_identification[0m [1;30mLevel 1[0m _identify(data/20260512_190812_session) by extension 'colcon_pkg'
[0.411s] [34mcolcon.colcon_core.package_identification[0m [1;30mLevel 1[0m _identify(data/20260512_190812_session) by extensions ['colcon_meta']
[0.411s] [34mcolcon.colcon_core.package_identification[0m [1;30mLevel 1[0m _identify(data/20260512_190812_session) by extension 'colcon_meta'
[0.411s] [34mcolcon.colcon_core.package_identification[0m [1;30mLevel 1[0m _identify(data/20260512_190812_session) by extensions ['ros']
[0.411s] [34mcolcon.colcon_core.package_identification[0m [1;30mLevel 1[0m _identify(data/20260512_190812_session) by extension 'ros'
[0.411s] [34mcolcon.colcon_core.package_identification[0m [1;30mLevel 1[0m _identify(data/20260512_190812_session) by extensions ['cmake', 'python']
[0.411s] [34mcolcon.colcon_core.package_identification[0m [1;30mLevel 1[0m _identify(data/20260512_190812_session) by extension 'cmake'
[0.411s] [34mcolcon.colcon_core.package_identification[0m [1;30mLevel 1[0m _identify(data/20260512_190812_session) by extension 'python'
[0.411s] [34mcolcon.colcon_core.package_identification[0m [1;30mLevel 1[0m _identify(data/20260512_190812_session) by extensions ['python_setup_py']
[0.411s] [34mcolcon.colcon_core.package_identification[0m [1;30mLevel 1[0m _identify(data/20260512_190812_session) by extension 'python_setup_py'
[0.411s] [34mcolcon.colcon_core.package_identification[0m [1;30mLevel 1[0m _identify(data/20260512_192335_session) by extensions ['ignore', 'ignore_ament_install']
[0.411s] [34mcolcon.colcon_core.package_identification[0m [1;30mLevel 1[0m _identify(data/20260512_192335_session) by extension 'ignore'
[0.412s] [34mcolcon.colcon_core.package_identification[0m [1;30mLevel 1[0m _identify(data/20260512_192335_session) by extension 'ignore_ament_install'
[0.412s] [34mcolcon.colcon_core.package_identification[0m [1;30mLevel 1[0m _identify(data/20260512_192335_session) by extensions ['colcon_pkg']
[0.412s] [34mcolcon.colcon_core.package_identification[0m [1;30mLevel 1[0m _identify(data/20260512_192335_session) by extension 'colcon_pkg'
[0.412s] [34mcolcon.colcon_core.package_identification[0m [1;30mLevel 1[0m _identify(data/20260512_192335_session) by extensions ['colcon_meta']
[0.412s] [34mcolcon.colcon_core.package_identification[0m [1;30mLevel 1[0m _identify(data/20260512_192335_session) by extension 'colcon_meta'
[0.412s] [34mcolcon.colcon_core.package_identification[0m [1;30mLevel 1[0m _identify(data/20260512_192335_session) by extensions ['ros']
[0.412s] [34mcolcon.colcon_core.package_identification[0m [1;30mLevel 1[0m _identify(data/20260512_192335_session) by extension 'ros'
[0.412s] [34mcolcon.colcon_core.package_identification[0m [1;30mLevel 1[0m _identify(data/20260512_192335_session) by extensions ['cmake', 'python']
[0.412s] [34mcolcon.colcon_core.package_identification[0m [1;30mLevel 1[0m _identify(data/20260512_192335_session) by extension 'cmake'
[0.412s] [34mcolcon.colcon_core.package_identification[0m [1;30mLevel 1[0m _identify(data/20260512_192335_session) by extension 'python'
[0.412s] [34mcolcon.colcon_core.package_identification[0m [1;30mLevel 1[0m _identify(data/20260512_192335_session) by extensions ['python_setup_py']
[0.412s] [34mcolcon.colcon_core.package_identification[0m [1;30mLevel 1[0m _identify(data/20260512_192335_session) by extension 'python_setup_py'
[0.412s] [34mcolcon.colcon_core.package_identification[0m [1;30mLevel 1[0m _identify(data/20260512_192956_session) by extensions ['ignore', 'ignore_ament_install']
[0.412s] [34mcolcon.colcon_core.package_identification[0m [1;30mLevel 1[0m _identify(data/20260512_192956_session) by extension 'ignore'
[0.412s] [34mcolcon.colcon_core.package_identification[0m [1;30mLevel 1[0m _identify(data/20260512_192956_session) by extension 'ignore_ament_install'
[0.412s] [34mcolcon.colcon_core.package_identification[0m [1;30mLevel 1[0m _identify(data/20260512_192956_session) by extensions ['colcon_pkg']
[0.412s] [34mcolcon.colcon_core.package_identification[0m [1;30mLevel 1[0m _identify(data/20260512_192956_session) by extension 'colcon_pkg'
[0.412s] [34mcolcon.colcon_core.package_identification[0m [1;30mLevel 1[0m _identify(data/20260512_192956_session) by extensions ['colcon_meta']
[0.412s] [34mcolcon.colcon_core.package_identification[0m [1;30mLevel 1[0m _identify(data/20260512_192956_session) by extension 'colcon_meta'
[0.412s] [34mcolcon.colcon_core.package_identification[0m [1;30mLevel 1[0m _identify(data/20260512_192956_session) by extensions ['ros']
[0.412s] [34mcolcon.colcon_core.package_identification[0m [1;30mLevel 1[0m _identify(data/20260512_192956_session) by extension 'ros'
[0.412s] [34mcolcon.colcon_core.package_identification[0m [1;30mLevel 1[0m _identify(data/20260512_192956_session) by extensions ['cmake', 'python']
[0.412s] [34mcolcon.colcon_core.package_identification[0m [1;30mLevel 1[0m _identify(data/20260512_192956_session) by extension 'cmake'
[0.412s] [34mcolcon.colcon_core.package_identification[0m [1;30mLevel 1[0m _identify(data/20260512_192956_session) by extension 'python'
[0.412s] [34mcolcon.colcon_core.package_identification[0m [1;30mLevel 1[0m _identify(data/20260512_192956_session) by extensions ['python_setup_py']
[0.412s] [34mcolcon.colcon_core.package_identification[0m [1;30mLevel 1[0m _identify(data/20260512_192956_session) by extension 'python_setup_py'
[0.412s] [34mcolcon.colcon_core.package_identification[0m [1;30mLevel 1[0m _identify(data/20260512_193311_session) by extensions ['ignore', 'ignore_ament_install']
[0.413s] [34mcolcon.colcon_core.package_identification[0m [1;30mLevel 1[0m _identify(data/20260512_193311_session) by extension 'ignore'
[0.413s] [34mcolcon.colcon_core.package_identification[0m [1;30mLevel 1[0m _identify(data/20260512_193311_session) by extension 'ignore_ament_install'
[0.413s] [34mcolcon.colcon_core.package_identification[0m [1;30mLevel 1[0m _identify(data/20260512_193311_session) by extensions ['colcon_pkg']
[0.413s] [34mcolcon.colcon_core.package_identification[0m [1;30mLevel 1[0m _identify(data/20260512_193311_session) by extension 'colcon_pkg'
[0.413s] [34mcolcon.colcon_core.package_identification[0m [1;30mLevel 1[0m _identify(data/20260512_193311_session) by extensions ['colcon_meta']
[0.413s] [34mcolcon.colcon_core.package_identification[0m [1;30mLevel 1[0m _identify(data/20260512_193311_session) by extension 'colcon_meta'
[0.413s] [34mcolcon.colcon_core.package_identification[0m [1;30mLevel 1[0m _identify(data/20260512_193311_session) by extensions ['ros']
[0.413s] [34mcolcon.colcon_core.package_identification[0m [1;30mLevel 1[0m _identify(data/20260512_193311_session) by extension 'ros'
[0.413s] [34mcolcon.colcon_core.package_identification[0m [1;30mLevel 1[0m _identify(data/20260512_193311_session) by extensions ['cmake', 'python']
[0.413s] [34mcolcon.colcon_core.package_identification[0m [1;30mLevel 1[0m _identify(data/20260512_193311_session) by extension 'cmake'
[0.413s] [34mcolcon.colcon_core.package_identification[0m [1;30mLevel 1[0m _identify(data/20260512_193311_session) by extension 'python'
[0.413s] [34mcolcon.colcon_core.package_identification[0m [1;30mLevel 1[0m _identify(data/20260512_193311_session) by extensions ['python_setup_py']
[0.413s] [34mcolcon.colcon_core.package_identification[0m [1;30mLevel 1[0m _identify(data/20260512_193311_session) by extension 'python_setup_py'
[0.413s] [34mcolcon.colcon_core.package_identification[0m [1;30mLevel 1[0m _identify(data/20260512_193522_session) by extensions ['ignore', 'ignore_ament_install']
[0.413s] [34mcolcon.colcon_core.package_identification[0m [1;30mLevel 1[0m _identify(data/20260512_193522_session) by extension 'ignore'
[0.413s] [34mcolcon.colcon_core.package_identification[0m [1;30mLevel 1[0m _identify(data/20260512_193522_session) by extension 'ignore_ament_install'
[0.413s] [34mcolcon.colcon_core.package_identification[0m [1;30mLevel 1[0m _identify(data/20260512_193522_session) by extensions ['colcon_pkg']
[0.413s] [34mcolcon.colcon_core.package_identification[0m [1;30mLevel 1[0m _identify(data/20260512_193522_session) by extension 'colcon_pkg'
[0.413s] [34mcolcon.colcon_core.package_identification[0m [1;30mLevel 1[0m _identify(data/20260512_193522_session) by extensions ['colcon_meta']
[0.413s] [34mcolcon.colcon_core.package_identification[0m [1;30mLevel 1[0m _identify(data/20260512_193522_session) by extension 'colcon_meta'
[0.413s] [34mcolcon.colcon_core.package_identification[0m [1;30mLevel 1[0m _identify(data/20260512_193522_session) by extensions ['ros']
[0.413s] [34mcolcon.colcon_core.package_identification[0m [1;30mLevel 1[0m _identify(data/20260512_193522_session) by extension 'ros'
[0.413s] [34mcolcon.colcon_core.package_identification[0m [1;30mLevel 1[0m _identify(data/20260512_193522_session) by extensions ['cmake', 'python']
[0.413s] [34mcolcon.colcon_core.package_identification[0m [1;30mLevel 1[0m _identify(data/20260512_193522_session) by extension 'cmake'
[0.413s] [34mcolcon.colcon_core.package_identification[0m [1;30mLevel 1[0m _identify(data/20260512_193522_session) by extension 'python'
[0.413s] [34mcolcon.colcon_core.package_identification[0m [1;30mLevel 1[0m _identify(data/20260512_193522_session) by extensions ['python_setup_py']
[0.413s] [34mcolcon.colcon_core.package_identification[0m [1;30mLevel 1[0m _identify(data/20260512_193522_session) by extension 'python_setup_py'
[0.413s] [34mcolcon.colcon_core.package_identification[0m [1;30mLevel 1[0m _identify(data/20260512_193912_session) by extensions ['ignore', 'ignore_ament_install']
[0.414s] [34mcolcon.colcon_core.package_identification[0m [1;30mLevel 1[0m _identify(data/20260512_193912_session) by extension 'ignore'
[0.414s] [34mcolcon.colcon_core.package_identification[0m [1;30mLevel 1[0m _identify(data/20260512_193912_session) by extension 'ignore_ament_install'
[0.414s] [34mcolcon.colcon_core.package_identification[0m [1;30mLevel 1[0m _identify(data/20260512_193912_session) by extensions ['colcon_pkg']
[0.414s] [34mcolcon.colcon_core.package_identification[0m [1;30mLevel 1[0m _identify(data/20260512_193912_session) by extension 'colcon_pkg'
[0.414s] [34mcolcon.colcon_core.package_identification[0m [1;30mLevel 1[0m _identify(data/20260512_193912_session) by extensions ['colcon_meta']
[0.414s] [34mcolcon.colcon_core.package_identification[0m [1;30mLevel 1[0m _identify(data/20260512_193912_session) by extension 'colcon_meta'
[0.414s] [34mcolcon.colcon_core.package_identification[0m [1;30mLevel 1[0m _identify(data/20260512_193912_session) by extensions ['ros']
[0.414s] [34mcolcon.colcon_core.package_identification[0m [1;30mLevel 1[0m _identify(data/20260512_193912_session) by extension 'ros'
[0.414s] [34mcolcon.colcon_core.package_identification[0m [1;30mLevel 1[0m _identify(data/20260512_193912_session) by extensions ['cmake', 'python']
[0.414s] [34mcolcon.colcon_core.package_identification[0m [1;30mLevel 1[0m _identify(data/20260512_193912_session) by extension 'cmake'
[0.414s] [34mcolcon.colcon_core.package_identification[0m [1;30mLevel 1[0m _identify(data/20260512_193912_session) by extension 'python'
[0.414s] [34mcolcon.colcon_core.package_identification[0m [1;30mLevel 1[0m _identify(data/20260512_193912_session) by extensions ['python_setup_py']
[0.414s] [34mcolcon.colcon_core.package_identification[0m [1;30mLevel 1[0m _identify(data/20260512_193912_session) by extension 'python_setup_py'
[0.414s] [34mcolcon.colcon_core.package_identification[0m [1;30mLevel 1[0m _identify(data/20260512_194315_session) by extensions ['ignore', 'ignore_ament_install']
[0.414s] [34mcolcon.colcon_core.package_identification[0m [1;30mLevel 1[0m _identify(data/20260512_194315_session) by extension 'ignore'
[0.414s] [34mcolcon.colcon_core.package_identification[0m [1;30mLevel 1[0m _identify(data/20260512_194315_session) by extension 'ignore_ament_install'
[0.414s] [34mcolcon.colcon_core.package_identification[0m [1;30mLevel 1[0m _identify(data/20260512_194315_session) by extensions ['colcon_pkg']
[0.414s] [34mcolcon.colcon_core.package_identification[0m [1;30mLevel 1[0m _identify(data/20260512_194315_session) by extension 'colcon_pkg'
[0.414s] [34mcolcon.colcon_core.package_identification[0m [1;30mLevel 1[0m _identify(data/20260512_194315_session) by extensions ['colcon_meta']
[0.414s] [34mcolcon.colcon_core.package_identification[0m [1;30mLevel 1[0m _identify(data/20260512_194315_session) by extension 'colcon_meta'
[0.414s] [34mcolcon.colcon_core.package_identification[0m [1;30mLevel 1[0m _identify(data/20260512_194315_session) by extensions ['ros']
[0.414s] [34mcolcon.colcon_core.package_identification[0m [1;30mLevel 1[0m _identify(data/20260512_194315_session) by extension 'ros'
[0.414s] [34mcolcon.colcon_core.package_identification[0m [1;30mLevel 1[0m _identify(data/20260512_194315_session) by extensions ['cmake', 'python']
[0.414s] [34mcolcon.colcon_core.package_identification[0m [1;30mLevel 1[0m _identify(data/20260512_194315_session) by extension 'cmake'
[0.414s] [34mcolcon.colcon_core.package_identification[0m [1;30mLevel 1[0m _identify(data/20260512_194315_session) by extension 'python'
[0.414s] [34mcolcon.colcon_core.package_identification[0m [1;30mLevel 1[0m _identify(data/20260512_194315_session) by extensions ['python_setup_py']
[0.414s] [34mcolcon.colcon_core.package_identification[0m [1;30mLevel 1[0m _identify(data/20260512_194315_session) by extension 'python_setup_py'
[0.415s] [34mcolcon.colcon_core.package_identification[0m [1;30mLevel 1[0m _identify(data/20260513_005348_session) by extensions ['ignore', 'ignore_ament_install']
[0.415s] [34mcolcon.colcon_core.package_identification[0m [1;30mLevel 1[0m _identify(data/20260513_005348_session) by extension 'ignore'
[0.415s] [34mcolcon.colcon_core.package_identification[0m [1;30mLevel 1[0m _identify(data/20260513_005348_session) by extension 'ignore_ament_install'
[0.415s] [34mcolcon.colcon_core.package_identification[0m [1;30mLevel 1[0m _identify(data/20260513_005348_session) by extensions ['colcon_pkg']
[0.415s] [34mcolcon.colcon_core.package_identification[0m [1;30mLevel 1[0m _identify(data/20260513_005348_session) by extension 'colcon_pkg'
[0.415s] [34mcolcon.colcon_core.package_identification[0m [1;30mLevel 1[0m _identify(data/20260513_005348_session) by extensions ['colcon_meta']
[0.415s] [34mcolcon.colcon_core.package_identification[0m [1;30mLevel 1[0m _identify(data/20260513_005348_session) by extension 'colcon_meta'
[0.415s] [34mcolcon.colcon_core.package_identification[0m [1;30mLevel 1[0m _identify(data/20260513_005348_session) by extensions ['ros']
[0.415s] [34mcolcon.colcon_core.package_identification[0m [1;30mLevel 1[0m _identify(data/20260513_005348_session) by extension 'ros'
[0.415s] [34mcolcon.colcon_core.package_identification[0m [1;30mLevel 1[0m _identify(data/20260513_005348_session) by extensions ['cmake', 'python']
[0.415s] [34mcolcon.colcon_core.package_identification[0m [1;30mLevel 1[0m _identify(data/20260513_005348_session) by extension 'cmake'
[0.415s] [34mcolcon.colcon_core.package_identification[0m [1;30mLevel 1[0m _identify(data/20260513_005348_session) by extension 'python'
[0.415s] [34mcolcon.colcon_core.package_identification[0m [1;30mLevel 1[0m _identify(data/20260513_005348_session) by extensions ['python_setup_py']
[0.415s] [34mcolcon.colcon_core.package_identification[0m [1;30mLevel 1[0m _identify(data/20260513_005348_session) by extension 'python_setup_py'
[0.415s] [34mcolcon.colcon_core.package_identification[0m [1;30mLevel 1[0m _identify(data/20260513_011124_session) by extensions ['ignore', 'ignore_ament_install']
[0.415s] [34mcolcon.colcon_core.package_identification[0m [1;30mLevel 1[0m _identify(data/20260513_011124_session) by extension 'ignore'
[0.415s] [34mcolcon.colcon_core.package_identification[0m [1;30mLevel 1[0m _identify(data/20260513_011124_session) by extension 'ignore_ament_install'
[0.415s] [34mcolcon.colcon_core.package_identification[0m [1;30mLevel 1[0m _identify(data/20260513_011124_session) by extensions ['colcon_pkg']
[0.415s] [34mcolcon.colcon_core.package_identification[0m [1;30mLevel 1[0m _identify(data/20260513_011124_session) by extension 'colcon_pkg'
[0.415s] [34mcolcon.colcon_core.package_identification[0m [1;30mLevel 1[0m _identify(data/20260513_011124_session) by extensions ['colcon_meta']
[0.415s] [34mcolcon.colcon_core.package_identification[0m [1;30mLevel 1[0m _identify(data/20260513_011124_session) by extension 'colcon_meta'
[0.415s] [34mcolcon.colcon_core.package_identification[0m [1;30mLevel 1[0m _identify(data/20260513_011124_session) by extensions ['ros']
[0.415s] [34mcolcon.colcon_core.package_identification[0m [1;30mLevel 1[0m _identify(data/20260513_011124_session) by extension 'ros'
[0.415s] [34mcolcon.colcon_core.package_identification[0m [1;30mLevel 1[0m _identify(data/20260513_011124_session) by extensions ['cmake', 'python']
[0.415s] [34mcolcon.colcon_core.package_identification[0m [1;30mLevel 1[0m _identify(data/20260513_011124_session) by extension 'cmake'
[0.415s] [34mcolcon.colcon_core.package_identification[0m [1;30mLevel 1[0m _identify(data/20260513_011124_session) by extension 'python'
[0.415s] [34mcolcon.colcon_core.package_identification[0m [1;30mLevel 1[0m _identify(data/20260513_011124_session) by extensions ['python_setup_py']
[0.416s] [34mcolcon.colcon_core.package_identification[0m [1;30mLevel 1[0m _identify(data/20260513_011124_session) by extension 'python_setup_py'
[0.416s] [34mcolcon.colcon_core.package_identification[0m [1;30mLevel 1[0m _identify(data/20260513_011824_session) by extensions ['ignore', 'ignore_ament_install']
[0.416s] [34mcolcon.colcon_core.package_identification[0m [1;30mLevel 1[0m _identify(data/20260513_011824_session) by extension 'ignore'
[0.416s] [34mcolcon.colcon_core.package_identification[0m [1;30mLevel 1[0m _identify(data/20260513_011824_session) by extension 'ignore_ament_install'
[0.416s] [34mcolcon.colcon_core.package_identification[0m [1;30mLevel 1[0m _identify(data/20260513_011824_session) by extensions ['colcon_pkg']
[0.416s] [34mcolcon.colcon_core.package_identification[0m [1;30mLevel 1[0m _identify(data/20260513_011824_session) by extension 'colcon_pkg'
[0.416s] [34mcolcon.colcon_core.package_identification[0m [1;30mLevel 1[0m _identify(data/20260513_011824_session) by extensions ['colcon_meta']
[0.416s] [34mcolcon.colcon_core.package_identification[0m [1;30mLevel 1[0m _identify(data/20260513_011824_session) by extension 'colcon_meta'
[0.416s] [34mcolcon.colcon_core.package_identification[0m [1;30mLevel 1[0m _identify(data/20260513_011824_session) by extensions ['ros']
[0.416s] [34mcolcon.colcon_core.package_identification[0m [1;30mLevel 1[0m _identify(data/20260513_011824_session) by extension 'ros'
[0.416s] [34mcolcon.colcon_core.package_identification[0m [1;30mLevel 1[0m _identify(data/20260513_011824_session) by extensions ['cmake', 'python']
[0.416s] [34mcolcon.colcon_core.package_identification[0m [1;30mLevel 1[0m _identify(data/20260513_011824_session) by extension 'cmake'
[0.416s] [34mcolcon.colcon_core.package_identification[0m [1;30mLevel 1[0m _identify(data/20260513_011824_session) by extension 'python'
[0.416s] [34mcolcon.colcon_core.package_identification[0m [1;30mLevel 1[0m _identify(data/20260513_011824_session) by extensions ['python_setup_py']
[0.416s] [34mcolcon.colcon_core.package_identification[0m [1;30mLevel 1[0m _identify(data/20260513_011824_session) by extension 'python_setup_py'
[0.416s] [34mcolcon.colcon_core.package_identification[0m [1;30mLevel 1[0m _identify(data/20260513_012111_session) by extensions ['ignore', 'ignore_ament_install']
[0.416s] [34mcolcon.colcon_core.package_identification[0m [1;30mLevel 1[0m _identify(data/20260513_012111_session) by extension 'ignore'
[0.416s] [34mcolcon.colcon_core.package_identification[0m [1;30mLevel 1[0m _identify(data/20260513_012111_session) by extension 'ignore_ament_install'
[0.416s] [34mcolcon.colcon_core.package_identification[0m [1;30mLevel 1[0m _identify(data/20260513_012111_session) by extensions ['colcon_pkg']
[0.416s] [34mcolcon.colcon_core.package_identification[0m [1;30mLevel 1[0m _identify(data/20260513_012111_session) by extension 'colcon_pkg'
[0.416s] [34mcolcon.colcon_core.package_identification[0m [1;30mLevel 1[0m _identify(data/20260513_012111_session) by extensions ['colcon_meta']
[0.416s] [34mcolcon.colcon_core.package_identification[0m [1;30mLevel 1[0m _identify(data/20260513_012111_session) by extension 'colcon_meta'
[0.416s] [34mcolcon.colcon_core.package_identification[0m [1;30mLevel 1[0m _identify(data/20260513_012111_session) by extensions ['ros']
[0.416s] [34mcolcon.colcon_core.package_identification[0m [1;30mLevel 1[0m _identify(data/20260513_012111_session) by extension 'ros'
[0.416s] [34mcolcon.colcon_core.package_identification[0m [1;30mLevel 1[0m _identify(data/20260513_012111_session) by extensions ['cmake', 'python']
[0.416s] [34mcolcon.colcon_core.package_identification[0m [1;30mLevel 1[0m _identify(data/20260513_012111_session) by extension 'cmake'
[0.416s] [34mcolcon.colcon_core.package_identification[0m [1;30mLevel 1[0m _identify(data/20260513_012111_session) by extension 'python'
[0.417s] [34mcolcon.colcon_core.package_identification[0m [1;30mLevel 1[0m _identify(data/20260513_012111_session) by extensions ['python_setup_py']
[0.417s] [34mcolcon.colcon_core.package_identification[0m [1;30mLevel 1[0m _identify(data/20260513_012111_session) by extension 'python_setup_py'
[0.417s] [34mcolcon.colcon_core.package_identification[0m [1;30mLevel 1[0m _identify(data/20260513_145948_session) by extensions ['ignore', 'ignore_ament_install']
[0.417s] [34mcolcon.colcon_core.package_identification[0m [1;30mLevel 1[0m _identify(data/20260513_145948_session) by extension 'ignore'
[0.417s] [34mcolcon.colcon_core.package_identification[0m [1;30mLevel 1[0m _identify(data/20260513_145948_session) by extension 'ignore_ament_install'
[0.417s] [34mcolcon.colcon_core.package_identification[0m [1;30mLevel 1[0m _identify(data/20260513_145948_session) by extensions ['colcon_pkg']
[0.417s] [34mcolcon.colcon_core.package_identification[0m [1;30mLevel 1[0m _identify(data/20260513_145948_session) by extension 'colcon_pkg'
[0.417s] [34mcolcon.colcon_core.package_identification[0m [1;30mLevel 1[0m _identify(data/20260513_145948_session) by extensions ['colcon_meta']
[0.417s] [34mcolcon.colcon_core.package_identification[0m [1;30mLevel 1[0m _identify(data/20260513_145948_session) by extension 'colcon_meta'
[0.417s] [34mcolcon.colcon_core.package_identification[0m [1;30mLevel 1[0m _identify(data/20260513_145948_session) by extensions ['ros']
[0.417s] [34mcolcon.colcon_core.package_identification[0m [1;30mLevel 1[0m _identify(data/20260513_145948_session) by extension 'ros'
[0.417s] [34mcolcon.colcon_core.package_identification[0m [1;30mLevel 1[0m _identify(data/20260513_145948_session) by extensions ['cmake', 'python']
[0.417s] [34mcolcon.colcon_core.package_identification[0m [1;30mLevel 1[0m _identify(data/20260513_145948_session) by extension 'cmake'
[0.417s] [34mcolcon.colcon_core.package_identification[0m [1;30mLevel 1[0m _identify(data/20260513_145948_session) by extension 'python'
[0.417s] [34mcolcon.colcon_core.package_identification[0m [1;30mLevel 1[0m _identify(data/20260513_145948_session) by extensions ['python_setup_py']
[0.417s] [34mcolcon.colcon_core.package_identification[0m [1;30mLevel 1[0m _identify(data/20260513_145948_session) by extension 'python_setup_py'
[0.417s] [34mcolcon.colcon_core.package_identification[0m [1;30mLevel 1[0m _identify(data/20260513_151700_session) by extensions ['ignore', 'ignore_ament_install']
[0.417s] [34mcolcon.colcon_core.package_identification[0m [1;30mLevel 1[0m _identify(data/20260513_151700_session) by extension 'ignore'
[0.417s] [34mcolcon.colcon_core.package_identification[0m [1;30mLevel 1[0m _identify(data/20260513_151700_session) by extension 'ignore_ament_install'
[0.417s] [34mcolcon.colcon_core.package_identification[0m [1;30mLevel 1[0m _identify(data/20260513_151700_session) by extensions ['colcon_pkg']
[0.417s] [34mcolcon.colcon_core.package_identification[0m [1;30mLevel 1[0m _identify(data/20260513_151700_session) by extension 'colcon_pkg'
[0.417s] [34mcolcon.colcon_core.package_identification[0m [1;30mLevel 1[0m _identify(data/20260513_151700_session) by extensions ['colcon_meta']
[0.417s] [34mcolcon.colcon_core.package_identification[0m [1;30mLevel 1[0m _identify(data/20260513_151700_session) by extension 'colcon_meta'
[0.417s] [34mcolcon.colcon_core.package_identification[0m [1;30mLevel 1[0m _identify(data/20260513_151700_session) by extensions ['ros']
[0.417s] [34mcolcon.colcon_core.package_identification[0m [1;30mLevel 1[0m _identify(data/20260513_151700_session) by extension 'ros'
[0.418s] [34mcolcon.colcon_core.package_identification[0m [1;30mLevel 1[0m _identify(data/20260513_151700_session) by extensions ['cmake', 'python']
[0.418s] [34mcolcon.colcon_core.package_identification[0m [1;30mLevel 1[0m _identify(data/20260513_151700_session) by extension 'cmake'
[0.418s] [34mcolcon.colcon_core.package_identification[0m [1;30mLevel 1[0m _identify(data/20260513_151700_session) by extension 'python'
[0.418s] [34mcolcon.colcon_core.package_identification[0m [1;30mLevel 1[0m _identify(data/20260513_151700_session) by extensions ['python_setup_py']
[0.418s] [34mcolcon.colcon_core.package_identification[0m [1;30mLevel 1[0m _identify(data/20260513_151700_session) by extension 'python_setup_py'
[0.418s] [34mcolcon.colcon_core.package_identification[0m [1;30mLevel 1[0m _identify(data/20260513_151906_session) by extensions ['ignore', 'ignore_ament_install']
[0.418s] [34mcolcon.colcon_core.package_identification[0m [1;30mLevel 1[0m _identify(data/20260513_151906_session) by extension 'ignore'
[0.418s] [34mcolcon.colcon_core.package_identification[0m [1;30mLevel 1[0m _identify(data/20260513_151906_session) by extension 'ignore_ament_install'
[0.418s] [34mcolcon.colcon_core.package_identification[0m [1;30mLevel 1[0m _identify(data/20260513_151906_session) by extensions ['colcon_pkg']
[0.418s] [34mcolcon.colcon_core.package_identification[0m [1;30mLevel 1[0m _identify(data/20260513_151906_session) by extension 'colcon_pkg'
[0.418s] [34mcolcon.colcon_core.package_identification[0m [1;30mLevel 1[0m _identify(data/20260513_151906_session) by extensions ['colcon_meta']
[0.418s] [34mcolcon.colcon_core.package_identification[0m [1;30mLevel 1[0m _identify(data/20260513_151906_session) by extension 'colcon_meta'
[0.418s] [34mcolcon.colcon_core.package_identification[0m [1;30mLevel 1[0m _identify(data/20260513_151906_session) by extensions ['ros']
[0.418s] [34mcolcon.colcon_core.package_identification[0m [1;30mLevel 1[0m _identify(data/20260513_151906_session) by extension 'ros'
[0.418s] [34mcolcon.colcon_core.package_identification[0m [1;30mLevel 1[0m _identify(data/20260513_151906_session) by extensions ['cmake', 'python']
[0.418s] [34mcolcon.colcon_core.package_identification[0m [1;30mLevel 1[0m _identify(data/20260513_151906_session) by extension 'cmake'
[0.418s] [34mcolcon.colcon_core.package_identification[0m [1;30mLevel 1[0m _identify(data/20260513_151906_session) by extension 'python'
[0.418s] [34mcolcon.colcon_core.package_identification[0m [1;30mLevel 1[0m _identify(data/20260513_151906_session) by extensions ['python_setup_py']
[0.418s] [34mcolcon.colcon_core.package_identification[0m [1;30mLevel 1[0m _identify(data/20260513_151906_session) by extension 'python_setup_py'
[0.419s] [34mcolcon.colcon_core.package_identification[0m [1;30mLevel 1[0m _identify(data/20260513_152330_session) by extensions ['ignore', 'ignore_ament_install']
[0.419s] [34mcolcon.colcon_core.package_identification[0m [1;30mLevel 1[0m _identify(data/20260513_152330_session) by extension 'ignore'
[0.419s] [34mcolcon.colcon_core.package_identification[0m [1;30mLevel 1[0m _identify(data/20260513_152330_session) by extension 'ignore_ament_install'
[0.419s] [34mcolcon.colcon_core.package_identification[0m [1;30mLevel 1[0m _identify(data/20260513_152330_session) by extensions ['colcon_pkg']
[0.419s] [34mcolcon.colcon_core.package_identification[0m [1;30mLevel 1[0m _identify(data/20260513_152330_session) by extension 'colcon_pkg'
[0.419s] [34mcolcon.colcon_core.package_identification[0m [1;30mLevel 1[0m _identify(data/20260513_152330_session) by extensions ['colcon_meta']
[0.419s] [34mcolcon.colcon_core.package_identification[0m [1;30mLevel 1[0m _identify(data/20260513_152330_session) by extension 'colcon_meta'
[0.419s] [34mcolcon.colcon_core.package_identification[0m [1;30mLevel 1[0m _identify(data/20260513_152330_session) by extensions ['ros']
[0.419s] [34mcolcon.colcon_core.package_identification[0m [1;30mLevel 1[0m _identify(data/20260513_152330_session) by extension 'ros'
[0.419s] [34mcolcon.colcon_core.package_identification[0m [1;30mLevel 1[0m _identify(data/20260513_152330_session) by extensions ['cmake', 'python']
[0.419s] [34mcolcon.colcon_core.package_identification[0m [1;30mLevel 1[0m _identify(data/20260513_152330_session) by extension 'cmake'
[0.419s] [34mcolcon.colcon_core.package_identification[0m [1;30mLevel 1[0m _identify(data/20260513_152330_session) by extension 'python'
[0.419s] [34mcolcon.colcon_core.package_identification[0m [1;30mLevel 1[0m _identify(data/20260513_152330_session) by extensions ['python_setup_py']
[0.419s] [34mcolcon.colcon_core.package_identification[0m [1;30mLevel 1[0m _identify(data/20260513_152330_session) by extension 'python_setup_py'
[0.419s] [34mcolcon.colcon_core.package_identification[0m [1;30mLevel 1[0m _identify(data/20260513_152652_session) by extensions ['ignore', 'ignore_ament_install']
[0.419s] [34mcolcon.colcon_core.package_identification[0m [1;30mLevel 1[0m _identify(data/20260513_152652_session) by extension 'ignore'
[0.419s] [34mcolcon.colcon_core.package_identification[0m [1;30mLevel 1[0m _identify(data/20260513_152652_session) by extension 'ignore_ament_install'
[0.419s] [34mcolcon.colcon_core.package_identification[0m [1;30mLevel 1[0m _identify(data/20260513_152652_session) by extensions ['colcon_pkg']
[0.419s] [34mcolcon.colcon_core.package_identification[0m [1;30mLevel 1[0m _identify(data/20260513_152652_session) by extension 'colcon_pkg'
[0.419s] [34mcolcon.colcon_core.package_identification[0m [1;30mLevel 1[0m _identify(data/20260513_152652_session) by extensions ['colcon_meta']
[0.419s] [34mcolcon.colcon_core.package_identification[0m [1;30mLevel 1[0m _identify(data/20260513_152652_session) by extension 'colcon_meta'
[0.419s] [34mcolcon.colcon_core.package_identification[0m [1;30mLevel 1[0m _identify(data/20260513_152652_session) by extensions ['ros']
[0.419s] [34mcolcon.colcon_core.package_identification[0m [1;30mLevel 1[0m _identify(data/20260513_152652_session) by extension 'ros'
[0.419s] [34mcolcon.colcon_core.package_identification[0m [1;30mLevel 1[0m _identify(data/20260513_152652_session) by extensions ['cmake', 'python']
[0.420s] [34mcolcon.colcon_core.package_identification[0m [1;30mLevel 1[0m _identify(data/20260513_152652_session) by extension 'cmake'
[0.420s] [34mcolcon.colcon_core.package_identification[0m [1;30mLevel 1[0m _identify(data/20260513_152652_session) by extension 'python'
[0.420s] [34mcolcon.colcon_core.package_identification[0m [1;30mLevel 1[0m _identify(data/20260513_152652_session) by extensions ['python_setup_py']
[0.420s] [34mcolcon.colcon_core.package_identification[0m [1;30mLevel 1[0m _identify(data/20260513_152652_session) by extension 'python_setup_py'
[0.420s] [34mcolcon.colcon_core.package_identification[0m [1;30mLevel 1[0m _identify(data/20260513_152812_session) by extensions ['ignore', 'ignore_ament_install']
[0.420s] [34mcolcon.colcon_core.package_identification[0m [1;30mLevel 1[0m _identify(data/20260513_152812_session) by extension 'ignore'
[0.420s] [34mcolcon.colcon_core.package_identification[0m [1;30mLevel 1[0m _identify(data/20260513_152812_session) by extension 'ignore_ament_install'
[0.420s] [34mcolcon.colcon_core.package_identification[0m [1;30mLevel 1[0m _identify(data/20260513_152812_session) by extensions ['colcon_pkg']
[0.420s] [34mcolcon.colcon_core.package_identification[0m [1;30mLevel 1[0m _identify(data/20260513_152812_session) by extension 'colcon_pkg'
[0.420s] [34mcolcon.colcon_core.package_identification[0m [1;30mLevel 1[0m _identify(data/20260513_152812_session) by extensions ['colcon_meta']
[0.420s] [34mcolcon.colcon_core.package_identification[0m [1;30mLevel 1[0m _identify(data/20260513_152812_session) by extension 'colcon_meta'
[0.420s] [34mcolcon.colcon_core.package_identification[0m [1;30mLevel 1[0m _identify(data/20260513_152812_session) by extensions ['ros']
[0.420s] [34mcolcon.colcon_core.package_identification[0m [1;30mLevel 1[0m _identify(data/20260513_152812_session) by extension 'ros'
[0.420s] [34mcolcon.colcon_core.package_identification[0m [1;30mLevel 1[0m _identify(data/20260513_152812_session) by extensions ['cmake', 'python']
[0.420s] [34mcolcon.colcon_core.package_identification[0m [1;30mLevel 1[0m _identify(data/20260513_152812_session) by extension 'cmake'
[0.420s] [34mcolcon.colcon_core.package_identification[0m [1;30mLevel 1[0m _identify(data/20260513_152812_session) by extension 'python'
[0.420s] [34mcolcon.colcon_core.package_identification[0m [1;30mLevel 1[0m _identify(data/20260513_152812_session) by extensions ['python_setup_py']
[0.420s] [34mcolcon.colcon_core.package_identification[0m [1;30mLevel 1[0m _identify(data/20260513_152812_session) by extension 'python_setup_py'
[0.420s] [34mcolcon.colcon_core.package_identification[0m [1;30mLevel 1[0m _identify(data/20260517_183306_session) by extensions ['ignore', 'ignore_ament_install']
[0.420s] [34mcolcon.colcon_core.package_identification[0m [1;30mLevel 1[0m _identify(data/20260517_183306_session) by extension 'ignore'
[0.420s] [34mcolcon.colcon_core.package_identification[0m [1;30mLevel 1[0m _identify(data/20260517_183306_session) by extension 'ignore_ament_install'
[0.420s] [34mcolcon.colcon_core.package_identification[0m [1;30mLevel 1[0m _identify(data/20260517_183306_session) by extensions ['colcon_pkg']
[0.420s] [34mcolcon.colcon_core.package_identification[0m [1;30mLevel 1[0m _identify(data/20260517_183306_session) by extension 'colcon_pkg'
[0.420s] [34mcolcon.colcon_core.package_identification[0m [1;30mLevel 1[0m _identify(data/20260517_183306_session) by extensions ['colcon_meta']
[0.420s] [34mcolcon.colcon_core.package_identification[0m [1;30mLevel 1[0m _identify(data/20260517_183306_session) by extension 'colcon_meta'
[0.421s] [34mcolcon.colcon_core.package_identification[0m [1;30mLevel 1[0m _identify(data/20260517_183306_session) by extensions ['ros']
[0.421s] [34mcolcon.colcon_core.package_identification[0m [1;30mLevel 1[0m _identify(data/20260517_183306_session) by extension 'ros'
[0.421s] [34mcolcon.colcon_core.package_identification[0m [1;30mLevel 1[0m _identify(data/20260517_183306_session) by extensions ['cmake', 'python']
[0.421s] [34mcolcon.colcon_core.package_identification[0m [1;30mLevel 1[0m _identify(data/20260517_183306_session) by extension 'cmake'
[0.421s] [34mcolcon.colcon_core.package_identification[0m [1;30mLevel 1[0m _identify(data/20260517_183306_session) by extension 'python'
[0.421s] [34mcolcon.colcon_core.package_identification[0m [1;30mLevel 1[0m _identify(data/20260517_183306_session) by extensions ['python_setup_py']
[0.421s] [34mcolcon.colcon_core.package_identification[0m [1;30mLevel 1[0m _identify(data/20260517_183306_session) by extension 'python_setup_py'
[0.421s] [34mcolcon.colcon_core.package_identification[0m [1;30mLevel 1[0m _identify(data/20260517_183306_session/1_gui_capture) by extensions ['ignore', 'ignore_ament_install']
[0.421s] [34mcolcon.colcon_core.package_identification[0m [1;30mLevel 1[0m _identify(data/20260517_183306_session/1_gui_capture) by extension 'ignore'
[0.421s] [34mcolcon.colcon_core.package_identification[0m [1;30mLevel 1[0m _identify(data/20260517_183306_session/1_gui_capture) by extension 'ignore_ament_install'
[0.421s] [34mcolcon.colcon_core.package_identification[0m [1;30mLevel 1[0m _identify(data/20260517_183306_session/1_gui_capture) by extensions ['colcon_pkg']
[0.421s] [34mcolcon.colcon_core.package_identification[0m [1;30mLevel 1[0m _identify(data/20260517_183306_session/1_gui_capture) by extension 'colcon_pkg'
[0.421s] [34mcolcon.colcon_core.package_identification[0m [1;30mLevel 1[0m _identify(data/20260517_183306_session/1_gui_capture) by extensions ['colcon_meta']
[0.421s] [34mcolcon.colcon_core.package_identification[0m [1;30mLevel 1[0m _identify(data/20260517_183306_session/1_gui_capture) by extension 'colcon_meta'
[0.421s] [34mcolcon.colcon_core.package_identification[0m [1;30mLevel 1[0m _identify(data/20260517_183306_session/1_gui_capture) by extensions ['ros']
[0.421s] [34mcolcon.colcon_core.package_identification[0m [1;30mLevel 1[0m _identify(data/20260517_183306_session/1_gui_capture) by extension 'ros'
[0.421s] [34mcolcon.colcon_core.package_identification[0m [1;30mLevel 1[0m _identify(data/20260517_183306_session/1_gui_capture) by extensions ['cmake', 'python']
[0.421s] [34mcolcon.colcon_core.package_identification[0m [1;30mLevel 1[0m _identify(data/20260517_183306_session/1_gui_capture) by extension 'cmake'
[0.421s] [34mcolcon.colcon_core.package_identification[0m [1;30mLevel 1[0m _identify(data/20260517_183306_session/1_gui_capture) by extension 'python'
[0.421s] [34mcolcon.colcon_core.package_identification[0m [1;30mLevel 1[0m _identify(data/20260517_183306_session/1_gui_capture) by extensions ['python_setup_py']
[0.421s] [34mcolcon.colcon_core.package_identification[0m [1;30mLevel 1[0m _identify(data/20260517_183306_session/1_gui_capture) by extension 'python_setup_py'
[0.421s] [34mcolcon.colcon_core.package_identification[0m [1;30mLevel 1[0m _identify(data/20260517_183306_session/1_gui_capture/intermediate) by extensions ['ignore', 'ignore_ament_install']
[0.421s] [34mcolcon.colcon_core.package_identification[0m [1;30mLevel 1[0m _identify(data/20260517_183306_session/1_gui_capture/intermediate) by extension 'ignore'
[0.421s] [34mcolcon.colcon_core.package_identification[0m [1;30mLevel 1[0m _identify(data/20260517_183306_session/1_gui_capture/intermediate) by extension 'ignore_ament_install'
[0.421s] [34mcolcon.colcon_core.package_identification[0m [1;30mLevel 1[0m _identify(data/20260517_183306_session/1_gui_capture/intermediate) by extensions ['colcon_pkg']
[0.422s] [34mcolcon.colcon_core.package_identification[0m [1;30mLevel 1[0m _identify(data/20260517_183306_session/1_gui_capture/intermediate) by extension 'colcon_pkg'
[0.422s] [34mcolcon.colcon_core.package_identification[0m [1;30mLevel 1[0m _identify(data/20260517_183306_session/1_gui_capture/intermediate) by extensions ['colcon_meta']
[0.422s] [34mcolcon.colcon_core.package_identification[0m [1;30mLevel 1[0m _identify(data/20260517_183306_session/1_gui_capture/intermediate) by extension 'colcon_meta'
[0.422s] [34mcolcon.colcon_core.package_identification[0m [1;30mLevel 1[0m _identify(data/20260517_183306_session/1_gui_capture/intermediate) by extensions ['ros']
[0.422s] [34mcolcon.colcon_core.package_identification[0m [1;30mLevel 1[0m _identify(data/20260517_183306_session/1_gui_capture/intermediate) by extension 'ros'
[0.422s] [34mcolcon.colcon_core.package_identification[0m [1;30mLevel 1[0m _identify(data/20260517_183306_session/1_gui_capture/intermediate) by extensions ['cmake', 'python']
[0.422s] [34mcolcon.colcon_core.package_identification[0m [1;30mLevel 1[0m _identify(data/20260517_183306_session/1_gui_capture/intermediate) by extension 'cmake'
[0.422s] [34mcolcon.colcon_core.package_identification[0m [1;30mLevel 1[0m _identify(data/20260517_183306_session/1_gui_capture/intermediate) by extension 'python'
[0.422s] [34mcolcon.colcon_core.package_identification[0m [1;30mLevel 1[0m _identify(data/20260517_183306_session/1_gui_capture/intermediate) by extensions ['python_setup_py']
[0.422s] [34mcolcon.colcon_core.package_identification[0m [1;30mLevel 1[0m _identify(data/20260517_183306_session/1_gui_capture/intermediate) by extension 'python_setup_py'
[0.422s] [34mcolcon.colcon_core.package_identification[0m [1;30mLevel 1[0m _identify(data/20260517_183306_session/1_gui_capture/processed) by extensions ['ignore', 'ignore_ament_install']
[0.422s] [34mcolcon.colcon_core.package_identification[0m [1;30mLevel 1[0m _identify(data/20260517_183306_session/1_gui_capture/processed) by extension 'ignore'
[0.422s] [34mcolcon.colcon_core.package_identification[0m [1;30mLevel 1[0m _identify(data/20260517_183306_session/1_gui_capture/processed) by extension 'ignore_ament_install'
[0.422s] [34mcolcon.colcon_core.package_identification[0m [1;30mLevel 1[0m _identify(data/20260517_183306_session/1_gui_capture/processed) by extensions ['colcon_pkg']
[0.422s] [34mcolcon.colcon_core.package_identification[0m [1;30mLevel 1[0m _identify(data/20260517_183306_session/1_gui_capture/processed) by extension 'colcon_pkg'
[0.422s] [34mcolcon.colcon_core.package_identification[0m [1;30mLevel 1[0m _identify(data/20260517_183306_session/1_gui_capture/processed) by extensions ['colcon_meta']
[0.422s] [34mcolcon.colcon_core.package_identification[0m [1;30mLevel 1[0m _identify(data/20260517_183306_session/1_gui_capture/processed) by extension 'colcon_meta'
[0.422s] [34mcolcon.colcon_core.package_identification[0m [1;30mLevel 1[0m _identify(data/20260517_183306_session/1_gui_capture/processed) by extensions ['ros']
[0.422s] [34mcolcon.colcon_core.package_identification[0m [1;30mLevel 1[0m _identify(data/20260517_183306_session/1_gui_capture/processed) by extension 'ros'
[0.422s] [34mcolcon.colcon_core.package_identification[0m [1;30mLevel 1[0m _identify(data/20260517_183306_session/1_gui_capture/processed) by extensions ['cmake', 'python']
[0.422s] [34mcolcon.colcon_core.package_identification[0m [1;30mLevel 1[0m _identify(data/20260517_183306_session/1_gui_capture/processed) by extension 'cmake'
[0.422s] [34mcolcon.colcon_core.package_identification[0m [1;30mLevel 1[0m _identify(data/20260517_183306_session/1_gui_capture/processed) by extension 'python'
[0.422s] [34mcolcon.colcon_core.package_identification[0m [1;30mLevel 1[0m _identify(data/20260517_183306_session/1_gui_capture/processed) by extensions ['python_setup_py']
[0.422s] [34mcolcon.colcon_core.package_identification[0m [1;30mLevel 1[0m _identify(data/20260517_183306_session/1_gui_capture/processed) by extension 'python_setup_py'
[0.422s] [34mcolcon.colcon_core.package_identification[0m [1;30mLevel 1[0m _identify(data/20260517_183306_session/1_gui_capture/raw) by extensions ['ignore', 'ignore_ament_install']
[0.422s] [34mcolcon.colcon_core.package_identification[0m [1;30mLevel 1[0m _identify(data/20260517_183306_session/1_gui_capture/raw) by extension 'ignore'
[0.423s] [34mcolcon.colcon_core.package_identification[0m [1;30mLevel 1[0m _identify(data/20260517_183306_session/1_gui_capture/raw) by extension 'ignore_ament_install'
[0.423s] [34mcolcon.colcon_core.package_identification[0m [1;30mLevel 1[0m _identify(data/20260517_183306_session/1_gui_capture/raw) by extensions ['colcon_pkg']
[0.423s] [34mcolcon.colcon_core.package_identification[0m [1;30mLevel 1[0m _identify(data/20260517_183306_session/1_gui_capture/raw) by extension 'colcon_pkg'
[0.423s] [34mcolcon.colcon_core.package_identification[0m [1;30mLevel 1[0m _identify(data/20260517_183306_session/1_gui_capture/raw) by extensions ['colcon_meta']
[0.423s] [34mcolcon.colcon_core.package_identification[0m [1;30mLevel 1[0m _identify(data/20260517_183306_session/1_gui_capture/raw) by extension 'colcon_meta'
[0.423s] [34mcolcon.colcon_core.package_identification[0m [1;30mLevel 1[0m _identify(data/20260517_183306_session/1_gui_capture/raw) by extensions ['ros']
[0.423s] [34mcolcon.colcon_core.package_identification[0m [1;30mLevel 1[0m _identify(data/20260517_183306_session/1_gui_capture/raw) by extension 'ros'
[0.423s] [34mcolcon.colcon_core.package_identification[0m [1;30mLevel 1[0m _identify(data/20260517_183306_session/1_gui_capture/raw) by extensions ['cmake', 'python']
[0.423s] [34mcolcon.colcon_core.package_identification[0m [1;30mLevel 1[0m _identify(data/20260517_183306_session/1_gui_capture/raw) by extension 'cmake'
[0.423s] [34mcolcon.colcon_core.package_identification[0m [1;30mLevel 1[0m _identify(data/20260517_183306_session/1_gui_capture/raw) by extension 'python'
[0.423s] [34mcolcon.colcon_core.package_identification[0m [1;30mLevel 1[0m _identify(data/20260517_183306_session/1_gui_capture/raw) by extensions ['python_setup_py']
[0.423s] [34mcolcon.colcon_core.package_identification[0m [1;30mLevel 1[0m _identify(data/20260517_183306_session/1_gui_capture/raw) by extension 'python_setup_py'
[0.423s] [34mcolcon.colcon_core.package_identification[0m [1;30mLevel 1[0m _identify(data/20260517_184102_session) by extensions ['ignore', 'ignore_ament_install']
[0.423s] [34mcolcon.colcon_core.package_identification[0m [1;30mLevel 1[0m _identify(data/20260517_184102_session) by extension 'ignore'
[0.423s] [34mcolcon.colcon_core.package_identification[0m [1;30mLevel 1[0m _identify(data/20260517_184102_session) by extension 'ignore_ament_install'
[0.423s] [34mcolcon.colcon_core.package_identification[0m [1;30mLevel 1[0m _identify(data/20260517_184102_session) by extensions ['colcon_pkg']
[0.423s] [34mcolcon.colcon_core.package_identification[0m [1;30mLevel 1[0m _identify(data/20260517_184102_session) by extension 'colcon_pkg'
[0.423s] [34mcolcon.colcon_core.package_identification[0m [1;30mLevel 1[0m _identify(data/20260517_184102_session) by extensions ['colcon_meta']
[0.423s] [34mcolcon.colcon_core.package_identification[0m [1;30mLevel 1[0m _identify(data/20260517_184102_session) by extension 'colcon_meta'
[0.423s] [34mcolcon.colcon_core.package_identification[0m [1;30mLevel 1[0m _identify(data/20260517_184102_session) by extensions ['ros']
[0.423s] [34mcolcon.colcon_core.package_identification[0m [1;30mLevel 1[0m _identify(data/20260517_184102_session) by extension 'ros'
[0.423s] [34mcolcon.colcon_core.package_identification[0m [1;30mLevel 1[0m _identify(data/20260517_184102_session) by extensions ['cmake', 'python']
[0.423s] [34mcolcon.colcon_core.package_identification[0m [1;30mLevel 1[0m _identify(data/20260517_184102_session) by extension 'cmake'
[0.423s] [34mcolcon.colcon_core.package_identification[0m [1;30mLevel 1[0m _identify(data/20260517_184102_session) by extension 'python'
[0.423s] [34mcolcon.colcon_core.package_identification[0m [1;30mLevel 1[0m _identify(data/20260517_184102_session) by extensions ['python_setup_py']
[0.423s] [34mcolcon.colcon_core.package_identification[0m [1;30mLevel 1[0m _identify(data/20260517_184102_session) by extension 'python_setup_py'
[0.423s] [34mcolcon.colcon_core.package_identification[0m [1;30mLevel 1[0m _identify(data/20260517_184122_session) by extensions ['ignore', 'ignore_ament_install']
[0.424s] [34mcolcon.colcon_core.package_identification[0m [1;30mLevel 1[0m _identify(data/20260517_184122_session) by extension 'ignore'
[0.424s] [34mcolcon.colcon_core.package_identification[0m [1;30mLevel 1[0m _identify(data/20260517_184122_session) by extension 'ignore_ament_install'
[0.424s] [34mcolcon.colcon_core.package_identification[0m [1;30mLevel 1[0m _identify(data/20260517_184122_session) by extensions ['colcon_pkg']
[0.424s] [34mcolcon.colcon_core.package_identification[0m [1;30mLevel 1[0m _identify(data/20260517_184122_session) by extension 'colcon_pkg'
[0.424s] [34mcolcon.colcon_core.package_identification[0m [1;30mLevel 1[0m _identify(data/20260517_184122_session) by extensions ['colcon_meta']
[0.424s] [34mcolcon.colcon_core.package_identification[0m [1;30mLevel 1[0m _identify(data/20260517_184122_session) by extension 'colcon_meta'
[0.424s] [34mcolcon.colcon_core.package_identification[0m [1;30mLevel 1[0m _identify(data/20260517_184122_session) by extensions ['ros']
[0.424s] [34mcolcon.colcon_core.package_identification[0m [1;30mLevel 1[0m _identify(data/20260517_184122_session) by extension 'ros'
[0.424s] [34mcolcon.colcon_core.package_identification[0m [1;30mLevel 1[0m _identify(data/20260517_184122_session) by extensions ['cmake', 'python']
[0.424s] [34mcolcon.colcon_core.package_identification[0m [1;30mLevel 1[0m _identify(data/20260517_184122_session) by extension 'cmake'
[0.424s] [34mcolcon.colcon_core.package_identification[0m [1;30mLevel 1[0m _identify(data/20260517_184122_session) by extension 'python'
[0.424s] [34mcolcon.colcon_core.package_identification[0m [1;30mLevel 1[0m _identify(data/20260517_184122_session) by extensions ['python_setup_py']
[0.424s] [34mcolcon.colcon_core.package_identification[0m [1;30mLevel 1[0m _identify(data/20260517_184122_session) by extension 'python_setup_py'
[0.424s] [34mcolcon.colcon_core.package_identification[0m [1;30mLevel 1[0m _identify(data/20260517_184122_session/1_gui_capture) by extensions ['ignore', 'ignore_ament_install']
[0.424s] [34mcolcon.colcon_core.package_identification[0m [1;30mLevel 1[0m _identify(data/20260517_184122_session/1_gui_capture) by extension 'ignore'
[0.424s] [34mcolcon.colcon_core.package_identification[0m [1;30mLevel 1[0m _identify(data/20260517_184122_session/1_gui_capture) by extension 'ignore_ament_install'
[0.424s] [34mcolcon.colcon_core.package_identification[0m [1;30mLevel 1[0m _identify(data/20260517_184122_session/1_gui_capture) by extensions ['colcon_pkg']
[0.424s] [34mcolcon.colcon_core.package_identification[0m [1;30mLevel 1[0m _identify(data/20260517_184122_session/1_gui_capture) by extension 'colcon_pkg'
[0.424s] [34mcolcon.colcon_core.package_identification[0m [1;30mLevel 1[0m _identify(data/20260517_184122_session/1_gui_capture) by extensions ['colcon_meta']
[0.424s] [34mcolcon.colcon_core.package_identification[0m [1;30mLevel 1[0m _identify(data/20260517_184122_session/1_gui_capture) by extension 'colcon_meta'
[0.424s] [34mcolcon.colcon_core.package_identification[0m [1;30mLevel 1[0m _identify(data/20260517_184122_session/1_gui_capture) by extensions ['ros']
[0.424s] [34mcolcon.colcon_core.package_identification[0m [1;30mLevel 1[0m _identify(data/20260517_184122_session/1_gui_capture) by extension 'ros'
[0.424s] [34mcolcon.colcon_core.package_identification[0m [1;30mLevel 1[0m _identify(data/20260517_184122_session/1_gui_capture) by extensions ['cmake', 'python']
[0.424s] [34mcolcon.colcon_core.package_identification[0m [1;30mLevel 1[0m _identify(data/20260517_184122_session/1_gui_capture) by extension 'cmake'
[0.424s] [34mcolcon.colcon_core.package_identification[0m [1;30mLevel 1[0m _identify(data/20260517_184122_session/1_gui_capture) by extension 'python'
[0.424s] [34mcolcon.colcon_core.package_identification[0m [1;30mLevel 1[0m _identify(data/20260517_184122_session/1_gui_capture) by extensions ['python_setup_py']
[0.424s] [34mcolcon.colcon_core.package_identification[0m [1;30mLevel 1[0m _identify(data/20260517_184122_session/1_gui_capture) by extension 'python_setup_py'
[0.425s] [34mcolcon.colcon_core.package_identification[0m [1;30mLevel 1[0m _identify(data/20260517_184122_session/1_gui_capture/intermediate) by extensions ['ignore', 'ignore_ament_install']
[0.425s] [34mcolcon.colcon_core.package_identification[0m [1;30mLevel 1[0m _identify(data/20260517_184122_session/1_gui_capture/intermediate) by extension 'ignore'
[0.425s] [34mcolcon.colcon_core.package_identification[0m [1;30mLevel 1[0m _identify(data/20260517_184122_session/1_gui_capture/intermediate) by extension 'ignore_ament_install'
[0.425s] [34mcolcon.colcon_core.package_identification[0m [1;30mLevel 1[0m _identify(data/20260517_184122_session/1_gui_capture/intermediate) by extensions ['colcon_pkg']
[0.425s] [34mcolcon.colcon_core.package_identification[0m [1;30mLevel 1[0m _identify(data/20260517_184122_session/1_gui_capture/intermediate) by extension 'colcon_pkg'
[0.425s] [34mcolcon.colcon_core.package_identification[0m [1;30mLevel 1[0m _identify(data/20260517_184122_session/1_gui_capture/intermediate) by extensions ['colcon_meta']
[0.425s] [34mcolcon.colcon_core.package_identification[0m [1;30mLevel 1[0m _identify(data/20260517_184122_session/1_gui_capture/intermediate) by extension 'colcon_meta'
[0.425s] [34mcolcon.colcon_core.package_identification[0m [1;30mLevel 1[0m _identify(data/20260517_184122_session/1_gui_capture/intermediate) by extensions ['ros']
[0.425s] [34mcolcon.colcon_core.package_identification[0m [1;30mLevel 1[0m _identify(data/20260517_184122_session/1_gui_capture/intermediate) by extension 'ros'
[0.425s] [34mcolcon.colcon_core.package_identification[0m [1;30mLevel 1[0m _identify(data/20260517_184122_session/1_gui_capture/intermediate) by extensions ['cmake', 'python']
[0.425s] [34mcolcon.colcon_core.package_identification[0m [1;30mLevel 1[0m _identify(data/20260517_184122_session/1_gui_capture/intermediate) by extension 'cmake'
[0.425s] [34mcolcon.colcon_core.package_identification[0m [1;30mLevel 1[0m _identify(data/20260517_184122_session/1_gui_capture/intermediate) by extension 'python'
[0.425s] [34mcolcon.colcon_core.package_identification[0m [1;30mLevel 1[0m _identify(data/20260517_184122_session/1_gui_capture/intermediate) by extensions ['python_setup_py']
[0.425s] [34mcolcon.colcon_core.package_identification[0m [1;30mLevel 1[0m _identify(data/20260517_184122_session/1_gui_capture/intermediate) by extension 'python_setup_py'
[0.425s] [34mcolcon.colcon_core.package_identification[0m [1;30mLevel 1[0m _identify(data/20260517_184122_session/1_gui_capture/processed) by extensions ['ignore', 'ignore_ament_install']
[0.425s] [34mcolcon.colcon_core.package_identification[0m [1;30mLevel 1[0m _identify(data/20260517_184122_session/1_gui_capture/processed) by extension 'ignore'
[0.425s] [34mcolcon.colcon_core.package_identification[0m [1;30mLevel 1[0m _identify(data/20260517_184122_session/1_gui_capture/processed) by extension 'ignore_ament_install'
[0.425s] [34mcolcon.colcon_core.package_identification[0m [1;30mLevel 1[0m _identify(data/20260517_184122_session/1_gui_capture/processed) by extensions ['colcon_pkg']
[0.425s] [34mcolcon.colcon_core.package_identification[0m [1;30mLevel 1[0m _identify(data/20260517_184122_session/1_gui_capture/processed) by extension 'colcon_pkg'
[0.425s] [34mcolcon.colcon_core.package_identification[0m [1;30mLevel 1[0m _identify(data/20260517_184122_session/1_gui_capture/processed) by extensions ['colcon_meta']
[0.425s] [34mcolcon.colcon_core.package_identification[0m [1;30mLevel 1[0m _identify(data/20260517_184122_session/1_gui_capture/processed) by extension 'colcon_meta'
[0.425s] [34mcolcon.colcon_core.package_identification[0m [1;30mLevel 1[0m _identify(data/20260517_184122_session/1_gui_capture/processed) by extensions ['ros']
[0.425s] [34mcolcon.colcon_core.package_identification[0m [1;30mLevel 1[0m _identify(data/20260517_184122_session/1_gui_capture/processed) by extension 'ros'
[0.425s] [34mcolcon.colcon_core.package_identification[0m [1;30mLevel 1[0m _identify(data/20260517_184122_session/1_gui_capture/processed) by extensions ['cmake', 'python']
[0.425s] [34mcolcon.colcon_core.package_identification[0m [1;30mLevel 1[0m _identify(data/20260517_184122_session/1_gui_capture/processed) by extension 'cmake'
[0.426s] [34mcolcon.colcon_core.package_identification[0m [1;30mLevel 1[0m _identify(data/20260517_184122_session/1_gui_capture/processed) by extension 'python'
[0.426s] [34mcolcon.colcon_core.package_identification[0m [1;30mLevel 1[0m _identify(data/20260517_184122_session/1_gui_capture/processed) by extensions ['python_setup_py']
[0.426s] [34mcolcon.colcon_core.package_identification[0m [1;30mLevel 1[0m _identify(data/20260517_184122_session/1_gui_capture/processed) by extension 'python_setup_py'
[0.426s] [34mcolcon.colcon_core.package_identification[0m [1;30mLevel 1[0m _identify(data/20260517_184122_session/1_gui_capture/raw) by extensions ['ignore', 'ignore_ament_install']
[0.426s] [34mcolcon.colcon_core.package_identification[0m [1;30mLevel 1[0m _identify(data/20260517_184122_session/1_gui_capture/raw) by extension 'ignore'
[0.426s] [34mcolcon.colcon_core.package_identification[0m [1;30mLevel 1[0m _identify(data/20260517_184122_session/1_gui_capture/raw) by extension 'ignore_ament_install'
[0.426s] [34mcolcon.colcon_core.package_identification[0m [1;30mLevel 1[0m _identify(data/20260517_184122_session/1_gui_capture/raw) by extensions ['colcon_pkg']
[0.426s] [34mcolcon.colcon_core.package_identification[0m [1;30mLevel 1[0m _identify(data/20260517_184122_session/1_gui_capture/raw) by extension 'colcon_pkg'
[0.426s] [34mcolcon.colcon_core.package_identification[0m [1;30mLevel 1[0m _identify(data/20260517_184122_session/1_gui_capture/raw) by extensions ['colcon_meta']
[0.426s] [34mcolcon.colcon_core.package_identification[0m [1;30mLevel 1[0m _identify(data/20260517_184122_session/1_gui_capture/raw) by extension 'colcon_meta'
[0.426s] [34mcolcon.colcon_core.package_identification[0m [1;30mLevel 1[0m _identify(data/20260517_184122_session/1_gui_capture/raw) by extensions ['ros']
[0.426s] [34mcolcon.colcon_core.package_identification[0m [1;30mLevel 1[0m _identify(data/20260517_184122_session/1_gui_capture/raw) by extension 'ros'
[0.426s] [34mcolcon.colcon_core.package_identification[0m [1;30mLevel 1[0m _identify(data/20260517_184122_session/1_gui_capture/raw) by extensions ['cmake', 'python']
[0.426s] [34mcolcon.colcon_core.package_identification[0m [1;30mLevel 1[0m _identify(data/20260517_184122_session/1_gui_capture/raw) by extension 'cmake'
[0.426s] [34mcolcon.colcon_core.package_identification[0m [1;30mLevel 1[0m _identify(data/20260517_184122_session/1_gui_capture/raw) by extension 'python'
[0.426s] [34mcolcon.colcon_core.package_identification[0m [1;30mLevel 1[0m _identify(data/20260517_184122_session/1_gui_capture/raw) by extensions ['python_setup_py']
[0.426s] [34mcolcon.colcon_core.package_identification[0m [1;30mLevel 1[0m _identify(data/20260517_184122_session/1_gui_capture/raw) by extension 'python_setup_py'
[0.426s] [34mcolcon.colcon_core.package_identification[0m [1;30mLevel 1[0m _identify(data/20260517_184933_session) by extensions ['ignore', 'ignore_ament_install']
[0.426s] [34mcolcon.colcon_core.package_identification[0m [1;30mLevel 1[0m _identify(data/20260517_184933_session) by extension 'ignore'
[0.426s] [34mcolcon.colcon_core.package_identification[0m [1;30mLevel 1[0m _identify(data/20260517_184933_session) by extension 'ignore_ament_install'
[0.426s] [34mcolcon.colcon_core.package_identification[0m [1;30mLevel 1[0m _identify(data/20260517_184933_session) by extensions ['colcon_pkg']
[0.426s] [34mcolcon.colcon_core.package_identification[0m [1;30mLevel 1[0m _identify(data/20260517_184933_session) by extension 'colcon_pkg'
[0.426s] [34mcolcon.colcon_core.package_identification[0m [1;30mLevel 1[0m _identify(data/20260517_184933_session) by extensions ['colcon_meta']
[0.426s] [34mcolcon.colcon_core.package_identification[0m [1;30mLevel 1[0m _identify(data/20260517_184933_session) by extension 'colcon_meta'
[0.426s] [34mcolcon.colcon_core.package_identification[0m [1;30mLevel 1[0m _identify(data/20260517_184933_session) by extensions ['ros']
[0.426s] [34mcolcon.colcon_core.package_identification[0m [1;30mLevel 1[0m _identify(data/20260517_184933_session) by extension 'ros'
[0.427s] [34mcolcon.colcon_core.package_identification[0m [1;30mLevel 1[0m _identify(data/20260517_184933_session) by extensions ['cmake', 'python']
[0.427s] [34mcolcon.colcon_core.package_identification[0m [1;30mLevel 1[0m _identify(data/20260517_184933_session) by extension 'cmake'
[0.427s] [34mcolcon.colcon_core.package_identification[0m [1;30mLevel 1[0m _identify(data/20260517_184933_session) by extension 'python'
[0.427s] [34mcolcon.colcon_core.package_identification[0m [1;30mLevel 1[0m _identify(data/20260517_184933_session) by extensions ['python_setup_py']
[0.427s] [34mcolcon.colcon_core.package_identification[0m [1;30mLevel 1[0m _identify(data/20260517_184933_session) by extension 'python_setup_py'
[0.427s] [34mcolcon.colcon_core.package_identification[0m [1;30mLevel 1[0m _identify(data/20260517_184933_session/1_gui_capture) by extensions ['ignore', 'ignore_ament_install']
[0.427s] [34mcolcon.colcon_core.package_identification[0m [1;30mLevel 1[0m _identify(data/20260517_184933_session/1_gui_capture) by extension 'ignore'
[0.427s] [34mcolcon.colcon_core.package_identification[0m [1;30mLevel 1[0m _identify(data/20260517_184933_session/1_gui_capture) by extension 'ignore_ament_install'
[0.427s] [34mcolcon.colcon_core.package_identification[0m [1;30mLevel 1[0m _identify(data/20260517_184933_session/1_gui_capture) by extensions ['colcon_pkg']
[0.427s] [34mcolcon.colcon_core.package_identification[0m [1;30mLevel 1[0m _identify(data/20260517_184933_session/1_gui_capture) by extension 'colcon_pkg'
[0.427s] [34mcolcon.colcon_core.package_identification[0m [1;30mLevel 1[0m _identify(data/20260517_184933_session/1_gui_capture) by extensions ['colcon_meta']
[0.427s] [34mcolcon.colcon_core.package_identification[0m [1;30mLevel 1[0m _identify(data/20260517_184933_session/1_gui_capture) by extension 'colcon_meta'
[0.427s] [34mcolcon.colcon_core.package_identification[0m [1;30mLevel 1[0m _identify(data/20260517_184933_session/1_gui_capture) by extensions ['ros']
[0.427s] [34mcolcon.colcon_core.package_identification[0m [1;30mLevel 1[0m _identify(data/20260517_184933_session/1_gui_capture) by extension 'ros'
[0.427s] [34mcolcon.colcon_core.package_identification[0m [1;30mLevel 1[0m _identify(data/20260517_184933_session/1_gui_capture) by extensions ['cmake', 'python']
[0.427s] [34mcolcon.colcon_core.package_identification[0m [1;30mLevel 1[0m _identify(data/20260517_184933_session/1_gui_capture) by extension 'cmake'
[0.427s] [34mcolcon.colcon_core.package_identification[0m [1;30mLevel 1[0m _identify(data/20260517_184933_session/1_gui_capture) by extension 'python'
[0.427s] [34mcolcon.colcon_core.package_identification[0m [1;30mLevel 1[0m _identify(data/20260517_184933_session/1_gui_capture) by extensions ['python_setup_py']
[0.427s] [34mcolcon.colcon_core.package_identification[0m [1;30mLevel 1[0m _identify(data/20260517_184933_session/1_gui_capture) by extension 'python_setup_py'
[0.427s] [34mcolcon.colcon_core.package_identification[0m [1;30mLevel 1[0m _identify(data/20260517_184933_session/1_gui_capture/intermediate) by extensions ['ignore', 'ignore_ament_install']
[0.427s] [34mcolcon.colcon_core.package_identification[0m [1;30mLevel 1[0m _identify(data/20260517_184933_session/1_gui_capture/intermediate) by extension 'ignore'
[0.427s] [34mcolcon.colcon_core.package_identification[0m [1;30mLevel 1[0m _identify(data/20260517_184933_session/1_gui_capture/intermediate) by extension 'ignore_ament_install'
[0.427s] [34mcolcon.colcon_core.package_identification[0m [1;30mLevel 1[0m _identify(data/20260517_184933_session/1_gui_capture/intermediate) by extensions ['colcon_pkg']
[0.427s] [34mcolcon.colcon_core.package_identification[0m [1;30mLevel 1[0m _identify(data/20260517_184933_session/1_gui_capture/intermediate) by extension 'colcon_pkg'
[0.427s] [34mcolcon.colcon_core.package_identification[0m [1;30mLevel 1[0m _identify(data/20260517_184933_session/1_gui_capture/intermediate) by extensions ['colcon_meta']
[0.428s] [34mcolcon.colcon_core.package_identification[0m [1;30mLevel 1[0m _identify(data/20260517_184933_session/1_gui_capture/intermediate) by extension 'colcon_meta'
[0.428s] [34mcolcon.colcon_core.package_identification[0m [1;30mLevel 1[0m _identify(data/20260517_184933_session/1_gui_capture/intermediate) by extensions ['ros']
[0.428s] [34mcolcon.colcon_core.package_identification[0m [1;30mLevel 1[0m _identify(data/20260517_184933_session/1_gui_capture/intermediate) by extension 'ros'
[0.428s] [34mcolcon.colcon_core.package_identification[0m [1;30mLevel 1[0m _identify(data/20260517_184933_session/1_gui_capture/intermediate) by extensions ['cmake', 'python']
[0.428s] [34mcolcon.colcon_core.package_identification[0m [1;30mLevel 1[0m _identify(data/20260517_184933_session/1_gui_capture/intermediate) by extension 'cmake'
[0.428s] [34mcolcon.colcon_core.package_identification[0m [1;30mLevel 1[0m _identify(data/20260517_184933_session/1_gui_capture/intermediate) by extension 'python'
[0.428s] [34mcolcon.colcon_core.package_identification[0m [1;30mLevel 1[0m _identify(data/20260517_184933_session/1_gui_capture/intermediate) by extensions ['python_setup_py']
[0.428s] [34mcolcon.colcon_core.package_identification[0m [1;30mLevel 1[0m _identify(data/20260517_184933_session/1_gui_capture/intermediate) by extension 'python_setup_py'
[0.428s] [34mcolcon.colcon_core.package_identification[0m [1;30mLevel 1[0m _identify(data/20260517_184933_session/1_gui_capture/processed) by extensions ['ignore', 'ignore_ament_install']
[0.428s] [34mcolcon.colcon_core.package_identification[0m [1;30mLevel 1[0m _identify(data/20260517_184933_session/1_gui_capture/processed) by extension 'ignore'
[0.428s] [34mcolcon.colcon_core.package_identification[0m [1;30mLevel 1[0m _identify(data/20260517_184933_session/1_gui_capture/processed) by extension 'ignore_ament_install'
[0.428s] [34mcolcon.colcon_core.package_identification[0m [1;30mLevel 1[0m _identify(data/20260517_184933_session/1_gui_capture/processed) by extensions ['colcon_pkg']
[0.428s] [34mcolcon.colcon_core.package_identification[0m [1;30mLevel 1[0m _identify(data/20260517_184933_session/1_gui_capture/processed) by extension 'colcon_pkg'
[0.428s] [34mcolcon.colcon_core.package_identification[0m [1;30mLevel 1[0m _identify(data/20260517_184933_session/1_gui_capture/processed) by extensions ['colcon_meta']
[0.428s] [34mcolcon.colcon_core.package_identification[0m [1;30mLevel 1[0m _identify(data/20260517_184933_session/1_gui_capture/processed) by extension 'colcon_meta'
[0.428s] [34mcolcon.colcon_core.package_identification[0m [1;30mLevel 1[0m _identify(data/20260517_184933_session/1_gui_capture/processed) by extensions ['ros']
[0.428s] [34mcolcon.colcon_core.package_identification[0m [1;30mLevel 1[0m _identify(data/20260517_184933_session/1_gui_capture/processed) by extension 'ros'
[0.428s] [34mcolcon.colcon_core.package_identification[0m [1;30mLevel 1[0m _identify(data/20260517_184933_session/1_gui_capture/processed) by extensions ['cmake', 'python']
[0.428s] [34mcolcon.colcon_core.package_identification[0m [1;30mLevel 1[0m _identify(data/20260517_184933_session/1_gui_capture/processed) by extension 'cmake'
[0.428s] [34mcolcon.colcon_core.package_identification[0m [1;30mLevel 1[0m _identify(data/20260517_184933_session/1_gui_capture/processed) by extension 'python'
[0.428s] [34mcolcon.colcon_core.package_identification[0m [1;30mLevel 1[0m _identify(data/20260517_184933_session/1_gui_capture/processed) by extensions ['python_setup_py']
[0.428s] [34mcolcon.colcon_core.package_identification[0m [1;30mLevel 1[0m _identify(data/20260517_184933_session/1_gui_capture/processed) by extension 'python_setup_py'
[0.429s] [34mcolcon.colcon_core.package_identification[0m [1;30mLevel 1[0m _identify(data/20260517_184933_session/1_gui_capture/raw) by extensions ['ignore', 'ignore_ament_install']
[0.429s] [34mcolcon.colcon_core.package_identification[0m [1;30mLevel 1[0m _identify(data/20260517_184933_session/1_gui_capture/raw) by extension 'ignore'
[0.429s] [34mcolcon.colcon_core.package_identification[0m [1;30mLevel 1[0m _identify(data/20260517_184933_session/1_gui_capture/raw) by extension 'ignore_ament_install'
[0.429s] [34mcolcon.colcon_core.package_identification[0m [1;30mLevel 1[0m _identify(data/20260517_184933_session/1_gui_capture/raw) by extensions ['colcon_pkg']
[0.429s] [34mcolcon.colcon_core.package_identification[0m [1;30mLevel 1[0m _identify(data/20260517_184933_session/1_gui_capture/raw) by extension 'colcon_pkg'
[0.429s] [34mcolcon.colcon_core.package_identification[0m [1;30mLevel 1[0m _identify(data/20260517_184933_session/1_gui_capture/raw) by extensions ['colcon_meta']
[0.429s] [34mcolcon.colcon_core.package_identification[0m [1;30mLevel 1[0m _identify(data/20260517_184933_session/1_gui_capture/raw) by extension 'colcon_meta'
[0.429s] [34mcolcon.colcon_core.package_identification[0m [1;30mLevel 1[0m _identify(data/20260517_184933_session/1_gui_capture/raw) by extensions ['ros']
[0.429s] [34mcolcon.colcon_core.package_identification[0m [1;30mLevel 1[0m _identify(data/20260517_184933_session/1_gui_capture/raw) by extension 'ros'
[0.429s] [34mcolcon.colcon_core.package_identification[0m [1;30mLevel 1[0m _identify(data/20260517_184933_session/1_gui_capture/raw) by extensions ['cmake', 'python']
[0.429s] [34mcolcon.colcon_core.package_identification[0m [1;30mLevel 1[0m _identify(data/20260517_184933_session/1_gui_capture/raw) by extension 'cmake'
[0.429s] [34mcolcon.colcon_core.package_identification[0m [1;30mLevel 1[0m _identify(data/20260517_184933_session/1_gui_capture/raw) by extension 'python'
[0.429s] [34mcolcon.colcon_core.package_identification[0m [1;30mLevel 1[0m _identify(data/20260517_184933_session/1_gui_capture/raw) by extensions ['python_setup_py']
[0.429s] [34mcolcon.colcon_core.package_identification[0m [1;30mLevel 1[0m _identify(data/20260517_184933_session/1_gui_capture/raw) by extension 'python_setup_py'
[0.429s] [34mcolcon.colcon_core.package_identification[0m [1;30mLevel 1[0m _identify(data/20260517_192541_session) by extensions ['ignore', 'ignore_ament_install']
[0.429s] [34mcolcon.colcon_core.package_identification[0m [1;30mLevel 1[0m _identify(data/20260517_192541_session) by extension 'ignore'
[0.429s] [34mcolcon.colcon_core.package_identification[0m [1;30mLevel 1[0m _identify(data/20260517_192541_session) by extension 'ignore_ament_install'
[0.429s] [34mcolcon.colcon_core.package_identification[0m [1;30mLevel 1[0m _identify(data/20260517_192541_session) by extensions ['colcon_pkg']
[0.429s] [34mcolcon.colcon_core.package_identification[0m [1;30mLevel 1[0m _identify(data/20260517_192541_session) by extension 'colcon_pkg'
[0.429s] [34mcolcon.colcon_core.package_identification[0m [1;30mLevel 1[0m _identify(data/20260517_192541_session) by extensions ['colcon_meta']
[0.429s] [34mcolcon.colcon_core.package_identification[0m [1;30mLevel 1[0m _identify(data/20260517_192541_session) by extension 'colcon_meta'
[0.429s] [34mcolcon.colcon_core.package_identification[0m [1;30mLevel 1[0m _identify(data/20260517_192541_session) by extensions ['ros']
[0.429s] [34mcolcon.colcon_core.package_identification[0m [1;30mLevel 1[0m _identify(data/20260517_192541_session) by extension 'ros'
[0.429s] [34mcolcon.colcon_core.package_identification[0m [1;30mLevel 1[0m _identify(data/20260517_192541_session) by extensions ['cmake', 'python']
[0.429s] [34mcolcon.colcon_core.package_identification[0m [1;30mLevel 1[0m _identify(data/20260517_192541_session) by extension 'cmake'
[0.429s] [34mcolcon.colcon_core.package_identification[0m [1;30mLevel 1[0m _identify(data/20260517_192541_session) by extension 'python'
[0.429s] [34mcolcon.colcon_core.package_identification[0m [1;30mLevel 1[0m _identify(data/20260517_192541_session) by extensions ['python_setup_py']
[0.430s] [34mcolcon.colcon_core.package_identification[0m [1;30mLevel 1[0m _identify(data/20260517_192541_session) by extension 'python_setup_py'
[0.430s] [34mcolcon.colcon_core.package_identification[0m [1;30mLevel 1[0m _identify(data/20260517_192637_session) by extensions ['ignore', 'ignore_ament_install']
[0.430s] [34mcolcon.colcon_core.package_identification[0m [1;30mLevel 1[0m _identify(data/20260517_192637_session) by extension 'ignore'
[0.430s] [34mcolcon.colcon_core.package_identification[0m [1;30mLevel 1[0m _identify(data/20260517_192637_session) by extension 'ignore_ament_install'
[0.430s] [34mcolcon.colcon_core.package_identification[0m [1;30mLevel 1[0m _identify(data/20260517_192637_session) by extensions ['colcon_pkg']
[0.430s] [34mcolcon.colcon_core.package_identification[0m [1;30mLevel 1[0m _identify(data/20260517_192637_session) by extension 'colcon_pkg'
[0.430s] [34mcolcon.colcon_core.package_identification[0m [1;30mLevel 1[0m _identify(data/20260517_192637_session) by extensions ['colcon_meta']
[0.430s] [34mcolcon.colcon_core.package_identification[0m [1;30mLevel 1[0m _identify(data/20260517_192637_session) by extension 'colcon_meta'
[0.430s] [34mcolcon.colcon_core.package_identification[0m [1;30mLevel 1[0m _identify(data/20260517_192637_session) by extensions ['ros']
[0.430s] [34mcolcon.colcon_core.package_identification[0m [1;30mLevel 1[0m _identify(data/20260517_192637_session) by extension 'ros'
[0.430s] [34mcolcon.colcon_core.package_identification[0m [1;30mLevel 1[0m _identify(data/20260517_192637_session) by extensions ['cmake', 'python']
[0.430s] [34mcolcon.colcon_core.package_identification[0m [1;30mLevel 1[0m _identify(data/20260517_192637_session) by extension 'cmake'
[0.430s] [34mcolcon.colcon_core.package_identification[0m [1;30mLevel 1[0m _identify(data/20260517_192637_session) by extension 'python'
[0.430s] [34mcolcon.colcon_core.package_identification[0m [1;30mLevel 1[0m _identify(data/20260517_192637_session) by extensions ['python_setup_py']
[0.430s] [34mcolcon.colcon_core.package_identification[0m [1;30mLevel 1[0m _identify(data/20260517_192637_session) by extension 'python_setup_py'
[0.430s] [34mcolcon.colcon_core.package_identification[0m [1;30mLevel 1[0m _identify(data/20260517_193030_session) by extensions ['ignore', 'ignore_ament_install']
[0.430s] [34mcolcon.colcon_core.package_identification[0m [1;30mLevel 1[0m _identify(data/20260517_193030_session) by extension 'ignore'
[0.430s] [34mcolcon.colcon_core.package_identification[0m [1;30mLevel 1[0m _identify(data/20260517_193030_session) by extension 'ignore_ament_install'
[0.430s] [34mcolcon.colcon_core.package_identification[0m [1;30mLevel 1[0m _identify(data/20260517_193030_session) by extensions ['colcon_pkg']
[0.430s] [34mcolcon.colcon_core.package_identification[0m [1;30mLevel 1[0m _identify(data/20260517_193030_session) by extension 'colcon_pkg'
[0.430s] [34mcolcon.colcon_core.package_identification[0m [1;30mLevel 1[0m _identify(data/20260517_193030_session) by extensions ['colcon_meta']
[0.430s] [34mcolcon.colcon_core.package_identification[0m [1;30mLevel 1[0m _identify(data/20260517_193030_session) by extension 'colcon_meta'
[0.430s] [34mcolcon.colcon_core.package_identification[0m [1;30mLevel 1[0m _identify(data/20260517_193030_session) by extensions ['ros']
[0.430s] [34mcolcon.colcon_core.package_identification[0m [1;30mLevel 1[0m _identify(data/20260517_193030_session) by extension 'ros'
[0.430s] [34mcolcon.colcon_core.package_identification[0m [1;30mLevel 1[0m _identify(data/20260517_193030_session) by extensions ['cmake', 'python']
[0.430s] [34mcolcon.colcon_core.package_identification[0m [1;30mLevel 1[0m _identify(data/20260517_193030_session) by extension 'cmake'
[0.431s] [34mcolcon.colcon_core.package_identification[0m [1;30mLevel 1[0m _identify(data/20260517_193030_session) by extension 'python'
[0.431s] [34mcolcon.colcon_core.package_identification[0m [1;30mLevel 1[0m _identify(data/20260517_193030_session) by extensions ['python_setup_py']
[0.431s] [34mcolcon.colcon_core.package_identification[0m [1;30mLevel 1[0m _identify(data/20260517_193030_session) by extension 'python_setup_py'
[0.431s] [34mcolcon.colcon_core.package_identification[0m [1;30mLevel 1[0m _identify(data/20260517_193319_session) by extensions ['ignore', 'ignore_ament_install']
[0.431s] [34mcolcon.colcon_core.package_identification[0m [1;30mLevel 1[0m _identify(data/20260517_193319_session) by extension 'ignore'
[0.431s] [34mcolcon.colcon_core.package_identification[0m [1;30mLevel 1[0m _identify(data/20260517_193319_session) by extension 'ignore_ament_install'
[0.431s] [34mcolcon.colcon_core.package_identification[0m [1;30mLevel 1[0m _identify(data/20260517_193319_session) by extensions ['colcon_pkg']
[0.431s] [34mcolcon.colcon_core.package_identification[0m [1;30mLevel 1[0m _identify(data/20260517_193319_session) by extension 'colcon_pkg'
[0.431s] [34mcolcon.colcon_core.package_identification[0m [1;30mLevel 1[0m _identify(data/20260517_193319_session) by extensions ['colcon_meta']
[0.431s] [34mcolcon.colcon_core.package_identification[0m [1;30mLevel 1[0m _identify(data/20260517_193319_session) by extension 'colcon_meta'
[0.431s] [34mcolcon.colcon_core.package_identification[0m [1;30mLevel 1[0m _identify(data/20260517_193319_session) by extensions ['ros']
[0.431s] [34mcolcon.colcon_core.package_identification[0m [1;30mLevel 1[0m _identify(data/20260517_193319_session) by extension 'ros'
[0.431s] [34mcolcon.colcon_core.package_identification[0m [1;30mLevel 1[0m _identify(data/20260517_193319_session) by extensions ['cmake', 'python']
[0.431s] [34mcolcon.colcon_core.package_identification[0m [1;30mLevel 1[0m _identify(data/20260517_193319_session) by extension 'cmake'
[0.431s] [34mcolcon.colcon_core.package_identification[0m [1;30mLevel 1[0m _identify(data/20260517_193319_session) by extension 'python'
[0.431s] [34mcolcon.colcon_core.package_identification[0m [1;30mLevel 1[0m _identify(data/20260517_193319_session) by extensions ['python_setup_py']
[0.431s] [34mcolcon.colcon_core.package_identification[0m [1;30mLevel 1[0m _identify(data/20260517_193319_session) by extension 'python_setup_py'
[0.431s] [34mcolcon.colcon_core.package_identification[0m [1;30mLevel 1[0m _identify(data/20260517_193319_session/1_gui_capture) by extensions ['ignore', 'ignore_ament_install']
[0.431s] [34mcolcon.colcon_core.package_identification[0m [1;30mLevel 1[0m _identify(data/20260517_193319_session/1_gui_capture) by extension 'ignore'
[0.431s] [34mcolcon.colcon_core.package_identification[0m [1;30mLevel 1[0m _identify(data/20260517_193319_session/1_gui_capture) by extension 'ignore_ament_install'
[0.431s] [34mcolcon.colcon_core.package_identification[0m [1;30mLevel 1[0m _identify(data/20260517_193319_session/1_gui_capture) by extensions ['colcon_pkg']
[0.431s] [34mcolcon.colcon_core.package_identification[0m [1;30mLevel 1[0m _identify(data/20260517_193319_session/1_gui_capture) by extension 'colcon_pkg'
[0.431s] [34mcolcon.colcon_core.package_identification[0m [1;30mLevel 1[0m _identify(data/20260517_193319_session/1_gui_capture) by extensions ['colcon_meta']
[0.431s] [34mcolcon.colcon_core.package_identification[0m [1;30mLevel 1[0m _identify(data/20260517_193319_session/1_gui_capture) by extension 'colcon_meta'
[0.431s] [34mcolcon.colcon_core.package_identification[0m [1;30mLevel 1[0m _identify(data/20260517_193319_session/1_gui_capture) by extensions ['ros']
[0.431s] [34mcolcon.colcon_core.package_identification[0m [1;30mLevel 1[0m _identify(data/20260517_193319_session/1_gui_capture) by extension 'ros'
[0.432s] [34mcolcon.colcon_core.package_identification[0m [1;30mLevel 1[0m _identify(data/20260517_193319_session/1_gui_capture) by extensions ['cmake', 'python']
[0.432s] [34mcolcon.colcon_core.package_identification[0m [1;30mLevel 1[0m _identify(data/20260517_193319_session/1_gui_capture) by extension 'cmake'
[0.432s] [34mcolcon.colcon_core.package_identification[0m [1;30mLevel 1[0m _identify(data/20260517_193319_session/1_gui_capture) by extension 'python'
[0.432s] [34mcolcon.colcon_core.package_identification[0m [1;30mLevel 1[0m _identify(data/20260517_193319_session/1_gui_capture) by extensions ['python_setup_py']
[0.432s] [34mcolcon.colcon_core.package_identification[0m [1;30mLevel 1[0m _identify(data/20260517_193319_session/1_gui_capture) by extension 'python_setup_py'
[0.432s] [34mcolcon.colcon_core.package_identification[0m [1;30mLevel 1[0m _identify(data/20260517_193319_session/1_gui_capture/intermediate) by extensions ['ignore', 'ignore_ament_install']
[0.432s] [34mcolcon.colcon_core.package_identification[0m [1;30mLevel 1[0m _identify(data/20260517_193319_session/1_gui_capture/intermediate) by extension 'ignore'
[0.432s] [34mcolcon.colcon_core.package_identification[0m [1;30mLevel 1[0m _identify(data/20260517_193319_session/1_gui_capture/intermediate) by extension 'ignore_ament_install'
[0.432s] [34mcolcon.colcon_core.package_identification[0m [1;30mLevel 1[0m _identify(data/20260517_193319_session/1_gui_capture/intermediate) by extensions ['colcon_pkg']
[0.432s] [34mcolcon.colcon_core.package_identification[0m [1;30mLevel 1[0m _identify(data/20260517_193319_session/1_gui_capture/intermediate) by extension 'colcon_pkg'
[0.432s] [34mcolcon.colcon_core.package_identification[0m [1;30mLevel 1[0m _identify(data/20260517_193319_session/1_gui_capture/intermediate) by extensions ['colcon_meta']
[0.432s] [34mcolcon.colcon_core.package_identification[0m [1;30mLevel 1[0m _identify(data/20260517_193319_session/1_gui_capture/intermediate) by extension 'colcon_meta'
[0.432s] [34mcolcon.colcon_core.package_identification[0m [1;30mLevel 1[0m _identify(data/20260517_193319_session/1_gui_capture/intermediate) by extensions ['ros']
[0.432s] [34mcolcon.colcon_core.package_identification[0m [1;30mLevel 1[0m _identify(data/20260517_193319_session/1_gui_capture/intermediate) by extension 'ros'
[0.432s] [34mcolcon.colcon_core.package_identification[0m [1;30mLevel 1[0m _identify(data/20260517_193319_session/1_gui_capture/intermediate) by extensions ['cmake', 'python']
[0.432s] [34mcolcon.colcon_core.package_identification[0m [1;30mLevel 1[0m _identify(data/20260517_193319_session/1_gui_capture/intermediate) by extension 'cmake'
[0.432s] [34mcolcon.colcon_core.package_identification[0m [1;30mLevel 1[0m _identify(data/20260517_193319_session/1_gui_capture/intermediate) by extension 'python'
[0.432s] [34mcolcon.colcon_core.package_identification[0m [1;30mLevel 1[0m _identify(data/20260517_193319_session/1_gui_capture/intermediate) by extensions ['python_setup_py']
[0.432s] [34mcolcon.colcon_core.package_identification[0m [1;30mLevel 1[0m _identify(data/20260517_193319_session/1_gui_capture/intermediate) by extension 'python_setup_py'
[0.432s] [34mcolcon.colcon_core.package_identification[0m [1;30mLevel 1[0m _identify(data/20260517_193319_session/1_gui_capture/processed) by extensions ['ignore', 'ignore_ament_install']
[0.432s] [34mcolcon.colcon_core.package_identification[0m [1;30mLevel 1[0m _identify(data/20260517_193319_session/1_gui_capture/processed) by extension 'ignore'
[0.432s] [34mcolcon.colcon_core.package_identification[0m [1;30mLevel 1[0m _identify(data/20260517_193319_session/1_gui_capture/processed) by extension 'ignore_ament_install'
[0.432s] [34mcolcon.colcon_core.package_identification[0m [1;30mLevel 1[0m _identify(data/20260517_193319_session/1_gui_capture/processed) by extensions ['colcon_pkg']
[0.432s] [34mcolcon.colcon_core.package_identification[0m [1;30mLevel 1[0m _identify(data/20260517_193319_session/1_gui_capture/processed) by extension 'colcon_pkg'
[0.432s] [34mcolcon.colcon_core.package_identification[0m [1;30mLevel 1[0m _identify(data/20260517_193319_session/1_gui_capture/processed) by extensions ['colcon_meta']
[0.432s] [34mcolcon.colcon_core.package_identification[0m [1;30mLevel 1[0m _identify(data/20260517_193319_session/1_gui_capture/processed) by extension 'colcon_meta'
[0.433s] [34mcolcon.colcon_core.package_identification[0m [1;30mLevel 1[0m _identify(data/20260517_193319_session/1_gui_capture/processed) by extensions ['ros']
[0.433s] [34mcolcon.colcon_core.package_identification[0m [1;30mLevel 1[0m _identify(data/20260517_193319_session/1_gui_capture/processed) by extension 'ros'
[0.433s] [34mcolcon.colcon_core.package_identification[0m [1;30mLevel 1[0m _identify(data/20260517_193319_session/1_gui_capture/processed) by extensions ['cmake', 'python']
[0.433s] [34mcolcon.colcon_core.package_identification[0m [1;30mLevel 1[0m _identify(data/20260517_193319_session/1_gui_capture/processed) by extension 'cmake'
[0.433s] [34mcolcon.colcon_core.package_identification[0m [1;30mLevel 1[0m _identify(data/20260517_193319_session/1_gui_capture/processed) by extension 'python'
[0.433s] [34mcolcon.colcon_core.package_identification[0m [1;30mLevel 1[0m _identify(data/20260517_193319_session/1_gui_capture/processed) by extensions ['python_setup_py']
[0.433s] [34mcolcon.colcon_core.package_identification[0m [1;30mLevel 1[0m _identify(data/20260517_193319_session/1_gui_capture/processed) by extension 'python_setup_py'
[0.433s] [34mcolcon.colcon_core.package_identification[0m [1;30mLevel 1[0m _identify(data/20260517_193319_session/1_gui_capture/raw) by extensions ['ignore', 'ignore_ament_install']
[0.433s] [34mcolcon.colcon_core.package_identification[0m [1;30mLevel 1[0m _identify(data/20260517_193319_session/1_gui_capture/raw) by extension 'ignore'
[0.433s] [34mcolcon.colcon_core.package_identification[0m [1;30mLevel 1[0m _identify(data/20260517_193319_session/1_gui_capture/raw) by extension 'ignore_ament_install'
[0.433s] [34mcolcon.colcon_core.package_identification[0m [1;30mLevel 1[0m _identify(data/20260517_193319_session/1_gui_capture/raw) by extensions ['colcon_pkg']
[0.433s] [34mcolcon.colcon_core.package_identification[0m [1;30mLevel 1[0m _identify(data/20260517_193319_session/1_gui_capture/raw) by extension 'colcon_pkg'
[0.433s] [34mcolcon.colcon_core.package_identification[0m [1;30mLevel 1[0m _identify(data/20260517_193319_session/1_gui_capture/raw) by extensions ['colcon_meta']
[0.433s] [34mcolcon.colcon_core.package_identification[0m [1;30mLevel 1[0m _identify(data/20260517_193319_session/1_gui_capture/raw) by extension 'colcon_meta'
[0.433s] [34mcolcon.colcon_core.package_identification[0m [1;30mLevel 1[0m _identify(data/20260517_193319_session/1_gui_capture/raw) by extensions ['ros']
[0.433s] [34mcolcon.colcon_core.package_identification[0m [1;30mLevel 1[0m _identify(data/20260517_193319_session/1_gui_capture/raw) by extension 'ros'
[0.433s] [34mcolcon.colcon_core.package_identification[0m [1;30mLevel 1[0m _identify(data/20260517_193319_session/1_gui_capture/raw) by extensions ['cmake', 'python']
[0.433s] [34mcolcon.colcon_core.package_identification[0m [1;30mLevel 1[0m _identify(data/20260517_193319_session/1_gui_capture/raw) by extension 'cmake'
[0.433s] [34mcolcon.colcon_core.package_identification[0m [1;30mLevel 1[0m _identify(data/20260517_193319_session/1_gui_capture/raw) by extension 'python'
[0.433s] [34mcolcon.colcon_core.package_identification[0m [1;30mLevel 1[0m _identify(data/20260517_193319_session/1_gui_capture/raw) by extensions ['python_setup_py']
[0.433s] [34mcolcon.colcon_core.package_identification[0m [1;30mLevel 1[0m _identify(data/20260517_193319_session/1_gui_capture/raw) by extension 'python_setup_py'
[0.433s] [34mcolcon.colcon_core.package_identification[0m [1;30mLevel 1[0m _identify(data/20260517_194530_session) by extensions ['ignore', 'ignore_ament_install']
[0.433s] [34mcolcon.colcon_core.package_identification[0m [1;30mLevel 1[0m _identify(data/20260517_194530_session) by extension 'ignore'
[0.433s] [34mcolcon.colcon_core.package_identification[0m [1;30mLevel 1[0m _identify(data/20260517_194530_session) by extension 'ignore_ament_install'
[0.433s] [34mcolcon.colcon_core.package_identification[0m [1;30mLevel 1[0m _identify(data/20260517_194530_session) by extensions ['colcon_pkg']
[0.434s] [34mcolcon.colcon_core.package_identification[0m [1;30mLevel 1[0m _identify(data/20260517_194530_session) by extension 'colcon_pkg'
[0.434s] [34mcolcon.colcon_core.package_identification[0m [1;30mLevel 1[0m _identify(data/20260517_194530_session) by extensions ['colcon_meta']
[0.434s] [34mcolcon.colcon_core.package_identification[0m [1;30mLevel 1[0m _identify(data/20260517_194530_session) by extension 'colcon_meta'
[0.434s] [34mcolcon.colcon_core.package_identification[0m [1;30mLevel 1[0m _identify(data/20260517_194530_session) by extensions ['ros']
[0.434s] [34mcolcon.colcon_core.package_identification[0m [1;30mLevel 1[0m _identify(data/20260517_194530_session) by extension 'ros'
[0.434s] [34mcolcon.colcon_core.package_identification[0m [1;30mLevel 1[0m _identify(data/20260517_194530_session) by extensions ['cmake', 'python']
[0.434s] [34mcolcon.colcon_core.package_identification[0m [1;30mLevel 1[0m _identify(data/20260517_194530_session) by extension 'cmake'
[0.434s] [34mcolcon.colcon_core.package_identification[0m [1;30mLevel 1[0m _identify(data/20260517_194530_session) by extension 'python'
[0.434s] [34mcolcon.colcon_core.package_identification[0m [1;30mLevel 1[0m _identify(data/20260517_194530_session) by extensions ['python_setup_py']
[0.434s] [34mcolcon.colcon_core.package_identification[0m [1;30mLevel 1[0m _identify(data/20260517_194530_session) by extension 'python_setup_py'
[0.434s] [34mcolcon.colcon_core.package_identification[0m [1;30mLevel 1[0m _identify(data/20260517_194530_session/1_gui_capture) by extensions ['ignore', 'ignore_ament_install']
[0.434s] [34mcolcon.colcon_core.package_identification[0m [1;30mLevel 1[0m _identify(data/20260517_194530_session/1_gui_capture) by extension 'ignore'
[0.434s] [34mcolcon.colcon_core.package_identification[0m [1;30mLevel 1[0m _identify(data/20260517_194530_session/1_gui_capture) by extension 'ignore_ament_install'
[0.434s] [34mcolcon.colcon_core.package_identification[0m [1;30mLevel 1[0m _identify(data/20260517_194530_session/1_gui_capture) by extensions ['colcon_pkg']
[0.434s] [34mcolcon.colcon_core.package_identification[0m [1;30mLevel 1[0m _identify(data/20260517_194530_session/1_gui_capture) by extension 'colcon_pkg'
[0.434s] [34mcolcon.colcon_core.package_identification[0m [1;30mLevel 1[0m _identify(data/20260517_194530_session/1_gui_capture) by extensions ['colcon_meta']
[0.434s] [34mcolcon.colcon_core.package_identification[0m [1;30mLevel 1[0m _identify(data/20260517_194530_session/1_gui_capture) by extension 'colcon_meta'
[0.434s] [34mcolcon.colcon_core.package_identification[0m [1;30mLevel 1[0m _identify(data/20260517_194530_session/1_gui_capture) by extensions ['ros']
[0.434s] [34mcolcon.colcon_core.package_identification[0m [1;30mLevel 1[0m _identify(data/20260517_194530_session/1_gui_capture) by extension 'ros'
[0.434s] [34mcolcon.colcon_core.package_identification[0m [1;30mLevel 1[0m _identify(data/20260517_194530_session/1_gui_capture) by extensions ['cmake', 'python']
[0.434s] [34mcolcon.colcon_core.package_identification[0m [1;30mLevel 1[0m _identify(data/20260517_194530_session/1_gui_capture) by extension 'cmake'
[0.434s] [34mcolcon.colcon_core.package_identification[0m [1;30mLevel 1[0m _identify(data/20260517_194530_session/1_gui_capture) by extension 'python'
[0.434s] [34mcolcon.colcon_core.package_identification[0m [1;30mLevel 1[0m _identify(data/20260517_194530_session/1_gui_capture) by extensions ['python_setup_py']
[0.434s] [34mcolcon.colcon_core.package_identification[0m [1;30mLevel 1[0m _identify(data/20260517_194530_session/1_gui_capture) by extension 'python_setup_py'
[0.434s] [34mcolcon.colcon_core.package_identification[0m [1;30mLevel 1[0m _identify(data/20260517_194530_session/1_gui_capture/intermediate) by extensions ['ignore', 'ignore_ament_install']
[0.434s] [34mcolcon.colcon_core.package_identification[0m [1;30mLevel 1[0m _identify(data/20260517_194530_session/1_gui_capture/intermediate) by extension 'ignore'
[0.435s] [34mcolcon.colcon_core.package_identification[0m [1;30mLevel 1[0m _identify(data/20260517_194530_session/1_gui_capture/intermediate) by extension 'ignore_ament_install'
[0.435s] [34mcolcon.colcon_core.package_identification[0m [1;30mLevel 1[0m _identify(data/20260517_194530_session/1_gui_capture/intermediate) by extensions ['colcon_pkg']
[0.435s] [34mcolcon.colcon_core.package_identification[0m [1;30mLevel 1[0m _identify(data/20260517_194530_session/1_gui_capture/intermediate) by extension 'colcon_pkg'
[0.435s] [34mcolcon.colcon_core.package_identification[0m [1;30mLevel 1[0m _identify(data/20260517_194530_session/1_gui_capture/intermediate) by extensions ['colcon_meta']
[0.435s] [34mcolcon.colcon_core.package_identification[0m [1;30mLevel 1[0m _identify(data/20260517_194530_session/1_gui_capture/intermediate) by extension 'colcon_meta'
[0.435s] [34mcolcon.colcon_core.package_identification[0m [1;30mLevel 1[0m _identify(data/20260517_194530_session/1_gui_capture/intermediate) by extensions ['ros']
[0.435s] [34mcolcon.colcon_core.package_identification[0m [1;30mLevel 1[0m _identify(data/20260517_194530_session/1_gui_capture/intermediate) by extension 'ros'
[0.435s] [34mcolcon.colcon_core.package_identification[0m [1;30mLevel 1[0m _identify(data/20260517_194530_session/1_gui_capture/intermediate) by extensions ['cmake', 'python']
[0.435s] [34mcolcon.colcon_core.package_identification[0m [1;30mLevel 1[0m _identify(data/20260517_194530_session/1_gui_capture/intermediate) by extension 'cmake'
[0.435s] [34mcolcon.colcon_core.package_identification[0m [1;30mLevel 1[0m _identify(data/20260517_194530_session/1_gui_capture/intermediate) by extension 'python'
[0.435s] [34mcolcon.colcon_core.package_identification[0m [1;30mLevel 1[0m _identify(data/20260517_194530_session/1_gui_capture/intermediate) by extensions ['python_setup_py']
[0.435s] [34mcolcon.colcon_core.package_identification[0m [1;30mLevel 1[0m _identify(data/20260517_194530_session/1_gui_capture/intermediate) by extension 'python_setup_py'
[0.435s] [34mcolcon.colcon_core.package_identification[0m [1;30mLevel 1[0m _identify(data/20260517_194530_session/1_gui_capture/processed) by extensions ['ignore', 'ignore_ament_install']
[0.435s] [34mcolcon.colcon_core.package_identification[0m [1;30mLevel 1[0m _identify(data/20260517_194530_session/1_gui_capture/processed) by extension 'ignore'
[0.435s] [34mcolcon.colcon_core.package_identification[0m [1;30mLevel 1[0m _identify(data/20260517_194530_session/1_gui_capture/processed) by extension 'ignore_ament_install'
[0.435s] [34mcolcon.colcon_core.package_identification[0m [1;30mLevel 1[0m _identify(data/20260517_194530_session/1_gui_capture/processed) by extensions ['colcon_pkg']
[0.435s] [34mcolcon.colcon_core.package_identification[0m [1;30mLevel 1[0m _identify(data/20260517_194530_session/1_gui_capture/processed) by extension 'colcon_pkg'
[0.435s] [34mcolcon.colcon_core.package_identification[0m [1;30mLevel 1[0m _identify(data/20260517_194530_session/1_gui_capture/processed) by extensions ['colcon_meta']
[0.435s] [34mcolcon.colcon_core.package_identification[0m [1;30mLevel 1[0m _identify(data/20260517_194530_session/1_gui_capture/processed) by extension 'colcon_meta'
[0.435s] [34mcolcon.colcon_core.package_identification[0m [1;30mLevel 1[0m _identify(data/20260517_194530_session/1_gui_capture/processed) by extensions ['ros']
[0.435s] [34mcolcon.colcon_core.package_identification[0m [1;30mLevel 1[0m _identify(data/20260517_194530_session/1_gui_capture/processed) by extension 'ros'
[0.435s] [34mcolcon.colcon_core.package_identification[0m [1;30mLevel 1[0m _identify(data/20260517_194530_session/1_gui_capture/processed) by extensions ['cmake', 'python']
[0.435s] [34mcolcon.colcon_core.package_identification[0m [1;30mLevel 1[0m _identify(data/20260517_194530_session/1_gui_capture/processed) by extension 'cmake'
[0.435s] [34mcolcon.colcon_core.package_identification[0m [1;30mLevel 1[0m _identify(data/20260517_194530_session/1_gui_capture/processed) by extension 'python'
[0.435s] [34mcolcon.colcon_core.package_identification[0m [1;30mLevel 1[0m _identify(data/20260517_194530_session/1_gui_capture/processed) by extensions ['python_setup_py']
[0.435s] [34mcolcon.colcon_core.package_identification[0m [1;30mLevel 1[0m _identify(data/20260517_194530_session/1_gui_capture/processed) by extension 'python_setup_py'
[0.435s] [34mcolcon.colcon_core.package_identification[0m [1;30mLevel 1[0m _identify(data/20260517_194530_session/1_gui_capture/raw) by extensions ['ignore', 'ignore_ament_install']
[0.436s] [34mcolcon.colcon_core.package_identification[0m [1;30mLevel 1[0m _identify(data/20260517_194530_session/1_gui_capture/raw) by extension 'ignore'
[0.436s] [34mcolcon.colcon_core.package_identification[0m [1;30mLevel 1[0m _identify(data/20260517_194530_session/1_gui_capture/raw) by extension 'ignore_ament_install'
[0.436s] [34mcolcon.colcon_core.package_identification[0m [1;30mLevel 1[0m _identify(data/20260517_194530_session/1_gui_capture/raw) by extensions ['colcon_pkg']
[0.436s] [34mcolcon.colcon_core.package_identification[0m [1;30mLevel 1[0m _identify(data/20260517_194530_session/1_gui_capture/raw) by extension 'colcon_pkg'
[0.436s] [34mcolcon.colcon_core.package_identification[0m [1;30mLevel 1[0m _identify(data/20260517_194530_session/1_gui_capture/raw) by extensions ['colcon_meta']
[0.436s] [34mcolcon.colcon_core.package_identification[0m [1;30mLevel 1[0m _identify(data/20260517_194530_session/1_gui_capture/raw) by extension 'colcon_meta'
[0.436s] [34mcolcon.colcon_core.package_identification[0m [1;30mLevel 1[0m _identify(data/20260517_194530_session/1_gui_capture/raw) by extensions ['ros']
[0.436s] [34mcolcon.colcon_core.package_identification[0m [1;30mLevel 1[0m _identify(data/20260517_194530_session/1_gui_capture/raw) by extension 'ros'
[0.436s] [34mcolcon.colcon_core.package_identification[0m [1;30mLevel 1[0m _identify(data/20260517_194530_session/1_gui_capture/raw) by extensions ['cmake', 'python']
[0.436s] [34mcolcon.colcon_core.package_identification[0m [1;30mLevel 1[0m _identify(data/20260517_194530_session/1_gui_capture/raw) by extension 'cmake'
[0.436s] [34mcolcon.colcon_core.package_identification[0m [1;30mLevel 1[0m _identify(data/20260517_194530_session/1_gui_capture/raw) by extension 'python'
[0.436s] [34mcolcon.colcon_core.package_identification[0m [1;30mLevel 1[0m _identify(data/20260517_194530_session/1_gui_capture/raw) by extensions ['python_setup_py']
[0.436s] [34mcolcon.colcon_core.package_identification[0m [1;30mLevel 1[0m _identify(data/20260517_194530_session/1_gui_capture/raw) by extension 'python_setup_py'
[0.436s] [34mcolcon.colcon_core.package_identification[0m [1;30mLevel 1[0m _identify(data/20260517_195034_session) by extensions ['ignore', 'ignore_ament_install']
[0.436s] [34mcolcon.colcon_core.package_identification[0m [1;30mLevel 1[0m _identify(data/20260517_195034_session) by extension 'ignore'
[0.436s] [34mcolcon.colcon_core.package_identification[0m [1;30mLevel 1[0m _identify(data/20260517_195034_session) by extension 'ignore_ament_install'
[0.436s] [34mcolcon.colcon_core.package_identification[0m [1;30mLevel 1[0m _identify(data/20260517_195034_session) by extensions ['colcon_pkg']
[0.436s] [34mcolcon.colcon_core.package_identification[0m [1;30mLevel 1[0m _identify(data/20260517_195034_session) by extension 'colcon_pkg'
[0.436s] [34mcolcon.colcon_core.package_identification[0m [1;30mLevel 1[0m _identify(data/20260517_195034_session) by extensions ['colcon_meta']
[0.436s] [34mcolcon.colcon_core.package_identification[0m [1;30mLevel 1[0m _identify(data/20260517_195034_session) by extension 'colcon_meta'
[0.436s] [34mcolcon.colcon_core.package_identification[0m [1;30mLevel 1[0m _identify(data/20260517_195034_session) by extensions ['ros']
[0.436s] [34mcolcon.colcon_core.package_identification[0m [1;30mLevel 1[0m _identify(data/20260517_195034_session) by extension 'ros'
[0.436s] [34mcolcon.colcon_core.package_identification[0m [1;30mLevel 1[0m _identify(data/20260517_195034_session) by extensions ['cmake', 'python']
[0.436s] [34mcolcon.colcon_core.package_identification[0m [1;30mLevel 1[0m _identify(data/20260517_195034_session) by extension 'cmake'
[0.436s] [34mcolcon.colcon_core.package_identification[0m [1;30mLevel 1[0m _identify(data/20260517_195034_session) by extension 'python'
[0.436s] [34mcolcon.colcon_core.package_identification[0m [1;30mLevel 1[0m _identify(data/20260517_195034_session) by extensions ['python_setup_py']
[0.436s] [34mcolcon.colcon_core.package_identification[0m [1;30mLevel 1[0m _identify(data/20260517_195034_session) by extension 'python_setup_py'
[0.437s] [34mcolcon.colcon_core.package_identification[0m [1;30mLevel 1[0m _identify(data/20260517_195109_session) by extensions ['ignore', 'ignore_ament_install']
[0.437s] [34mcolcon.colcon_core.package_identification[0m [1;30mLevel 1[0m _identify(data/20260517_195109_session) by extension 'ignore'
[0.437s] [34mcolcon.colcon_core.package_identification[0m [1;30mLevel 1[0m _identify(data/20260517_195109_session) by extension 'ignore_ament_install'
[0.437s] [34mcolcon.colcon_core.package_identification[0m [1;30mLevel 1[0m _identify(data/20260517_195109_session) by extensions ['colcon_pkg']
[0.437s] [34mcolcon.colcon_core.package_identification[0m [1;30mLevel 1[0m _identify(data/20260517_195109_session) by extension 'colcon_pkg'
[0.437s] [34mcolcon.colcon_core.package_identification[0m [1;30mLevel 1[0m _identify(data/20260517_195109_session) by extensions ['colcon_meta']
[0.437s] [34mcolcon.colcon_core.package_identification[0m [1;30mLevel 1[0m _identify(data/20260517_195109_session) by extension 'colcon_meta'
[0.437s] [34mcolcon.colcon_core.package_identification[0m [1;30mLevel 1[0m _identify(data/20260517_195109_session) by extensions ['ros']
[0.437s] [34mcolcon.colcon_core.package_identification[0m [1;30mLevel 1[0m _identify(data/20260517_195109_session) by extension 'ros'
[0.437s] [34mcolcon.colcon_core.package_identification[0m [1;30mLevel 1[0m _identify(data/20260517_195109_session) by extensions ['cmake', 'python']
[0.437s] [34mcolcon.colcon_core.package_identification[0m [1;30mLevel 1[0m _identify(data/20260517_195109_session) by extension 'cmake'
[0.437s] [34mcolcon.colcon_core.package_identification[0m [1;30mLevel 1[0m _identify(data/20260517_195109_session) by extension 'python'
[0.437s] [34mcolcon.colcon_core.package_identification[0m [1;30mLevel 1[0m _identify(data/20260517_195109_session) by extensions ['python_setup_py']
[0.437s] [34mcolcon.colcon_core.package_identification[0m [1;30mLevel 1[0m _identify(data/20260517_195109_session) by extension 'python_setup_py'
[0.437s] [34mcolcon.colcon_core.package_identification[0m [1;30mLevel 1[0m _identify(data/20260517_195109_session/1_gui_capture) by extensions ['ignore', 'ignore_ament_install']
[0.437s] [34mcolcon.colcon_core.package_identification[0m [1;30mLevel 1[0m _identify(data/20260517_195109_session/1_gui_capture) by extension 'ignore'
[0.437s] [34mcolcon.colcon_core.package_identification[0m [1;30mLevel 1[0m _identify(data/20260517_195109_session/1_gui_capture) by extension 'ignore_ament_install'
[0.437s] [34mcolcon.colcon_core.package_identification[0m [1;30mLevel 1[0m _identify(data/20260517_195109_session/1_gui_capture) by extensions ['colcon_pkg']
[0.437s] [34mcolcon.colcon_core.package_identification[0m [1;30mLevel 1[0m _identify(data/20260517_195109_session/1_gui_capture) by extension 'colcon_pkg'
[0.437s] [34mcolcon.colcon_core.package_identification[0m [1;30mLevel 1[0m _identify(data/20260517_195109_session/1_gui_capture) by extensions ['colcon_meta']
[0.437s] [34mcolcon.colcon_core.package_identification[0m [1;30mLevel 1[0m _identify(data/20260517_195109_session/1_gui_capture) by extension 'colcon_meta'
[0.437s] [34mcolcon.colcon_core.package_identification[0m [1;30mLevel 1[0m _identify(data/20260517_195109_session/1_gui_capture) by extensions ['ros']
[0.437s] [34mcolcon.colcon_core.package_identification[0m [1;30mLevel 1[0m _identify(data/20260517_195109_session/1_gui_capture) by extension 'ros'
[0.437s] [34mcolcon.colcon_core.package_identification[0m [1;30mLevel 1[0m _identify(data/20260517_195109_session/1_gui_capture) by extensions ['cmake', 'python']
[0.438s] [34mcolcon.colcon_core.package_identification[0m [1;30mLevel 1[0m _identify(data/20260517_195109_session/1_gui_capture) by extension 'cmake'
[0.438s] [34mcolcon.colcon_core.package_identification[0m [1;30mLevel 1[0m _identify(data/20260517_195109_session/1_gui_capture) by extension 'python'
[0.438s] [34mcolcon.colcon_core.package_identification[0m [1;30mLevel 1[0m _identify(data/20260517_195109_session/1_gui_capture) by extensions ['python_setup_py']
[0.438s] [34mcolcon.colcon_core.package_identification[0m [1;30mLevel 1[0m _identify(data/20260517_195109_session/1_gui_capture) by extension 'python_setup_py'
[0.438s] [34mcolcon.colcon_core.package_identification[0m [1;30mLevel 1[0m _identify(data/20260517_195109_session/1_gui_capture/intermediate) by extensions ['ignore', 'ignore_ament_install']
[0.438s] [34mcolcon.colcon_core.package_identification[0m [1;30mLevel 1[0m _identify(data/20260517_195109_session/1_gui_capture/intermediate) by extension 'ignore'
[0.438s] [34mcolcon.colcon_core.package_identification[0m [1;30mLevel 1[0m _identify(data/20260517_195109_session/1_gui_capture/intermediate) by extension 'ignore_ament_install'
[0.438s] [34mcolcon.colcon_core.package_identification[0m [1;30mLevel 1[0m _identify(data/20260517_195109_session/1_gui_capture/intermediate) by extensions ['colcon_pkg']
[0.438s] [34mcolcon.colcon_core.package_identification[0m [1;30mLevel 1[0m _identify(data/20260517_195109_session/1_gui_capture/intermediate) by extension 'colcon_pkg'
[0.438s] [34mcolcon.colcon_core.package_identification[0m [1;30mLevel 1[0m _identify(data/20260517_195109_session/1_gui_capture/intermediate) by extensions ['colcon_meta']
[0.438s] [34mcolcon.colcon_core.package_identification[0m [1;30mLevel 1[0m _identify(data/20260517_195109_session/1_gui_capture/intermediate) by extension 'colcon_meta'
[0.438s] [34mcolcon.colcon_core.package_identification[0m [1;30mLevel 1[0m _identify(data/20260517_195109_session/1_gui_capture/intermediate) by extensions ['ros']
[0.438s] [34mcolcon.colcon_core.package_identification[0m [1;30mLevel 1[0m _identify(data/20260517_195109_session/1_gui_capture/intermediate) by extension 'ros'
[0.438s] [34mcolcon.colcon_core.package_identification[0m [1;30mLevel 1[0m _identify(data/20260517_195109_session/1_gui_capture/intermediate) by extensions ['cmake', 'python']
[0.438s] [34mcolcon.colcon_core.package_identification[0m [1;30mLevel 1[0m _identify(data/20260517_195109_session/1_gui_capture/intermediate) by extension 'cmake'
[0.438s] [34mcolcon.colcon_core.package_identification[0m [1;30mLevel 1[0m _identify(data/20260517_195109_session/1_gui_capture/intermediate) by extension 'python'
[0.438s] [34mcolcon.colcon_core.package_identification[0m [1;30mLevel 1[0m _identify(data/20260517_195109_session/1_gui_capture/intermediate) by extensions ['python_setup_py']
[0.438s] [34mcolcon.colcon_core.package_identification[0m [1;30mLevel 1[0m _identify(data/20260517_195109_session/1_gui_capture/intermediate) by extension 'python_setup_py'
[0.438s] [34mcolcon.colcon_core.package_identification[0m [1;30mLevel 1[0m _identify(data/20260517_195109_session/1_gui_capture/processed) by extensions ['ignore', 'ignore_ament_install']
[0.438s] [34mcolcon.colcon_core.package_identification[0m [1;30mLevel 1[0m _identify(data/20260517_195109_session/1_gui_capture/processed) by extension 'ignore'
[0.438s] [34mcolcon.colcon_core.package_identification[0m [1;30mLevel 1[0m _identify(data/20260517_195109_session/1_gui_capture/processed) by extension 'ignore_ament_install'
[0.438s] [34mcolcon.colcon_core.package_identification[0m [1;30mLevel 1[0m _identify(data/20260517_195109_session/1_gui_capture/processed) by extensions ['colcon_pkg']
[0.439s] [34mcolcon.colcon_core.package_identification[0m [1;30mLevel 1[0m _identify(data/20260517_195109_session/1_gui_capture/processed) by extension 'colcon_pkg'
[0.439s] [34mcolcon.colcon_core.package_identification[0m [1;30mLevel 1[0m _identify(data/20260517_195109_session/1_gui_capture/processed) by extensions ['colcon_meta']
[0.439s] [34mcolcon.colcon_core.package_identification[0m [1;30mLevel 1[0m _identify(data/20260517_195109_session/1_gui_capture/processed) by extension 'colcon_meta'
[0.439s] [34mcolcon.colcon_core.package_identification[0m [1;30mLevel 1[0m _identify(data/20260517_195109_session/1_gui_capture/processed) by extensions ['ros']
[0.439s] [34mcolcon.colcon_core.package_identification[0m [1;30mLevel 1[0m _identify(data/20260517_195109_session/1_gui_capture/processed) by extension 'ros'
[0.439s] [34mcolcon.colcon_core.package_identification[0m [1;30mLevel 1[0m _identify(data/20260517_195109_session/1_gui_capture/processed) by extensions ['cmake', 'python']
[0.439s] [34mcolcon.colcon_core.package_identification[0m [1;30mLevel 1[0m _identify(data/20260517_195109_session/1_gui_capture/processed) by extension 'cmake'
[0.439s] [34mcolcon.colcon_core.package_identification[0m [1;30mLevel 1[0m _identify(data/20260517_195109_session/1_gui_capture/processed) by extension 'python'
[0.439s] [34mcolcon.colcon_core.package_identification[0m [1;30mLevel 1[0m _identify(data/20260517_195109_session/1_gui_capture/processed) by extensions ['python_setup_py']
[0.439s] [34mcolcon.colcon_core.package_identification[0m [1;30mLevel 1[0m _identify(data/20260517_195109_session/1_gui_capture/processed) by extension 'python_setup_py'
[0.439s] [34mcolcon.colcon_core.package_identification[0m [1;30mLevel 1[0m _identify(data/20260517_195109_session/1_gui_capture/raw) by extensions ['ignore', 'ignore_ament_install']
[0.439s] [34mcolcon.colcon_core.package_identification[0m [1;30mLevel 1[0m _identify(data/20260517_195109_session/1_gui_capture/raw) by extension 'ignore'
[0.439s] [34mcolcon.colcon_core.package_identification[0m [1;30mLevel 1[0m _identify(data/20260517_195109_session/1_gui_capture/raw) by extension 'ignore_ament_install'
[0.439s] [34mcolcon.colcon_core.package_identification[0m [1;30mLevel 1[0m _identify(data/20260517_195109_session/1_gui_capture/raw) by extensions ['colcon_pkg']
[0.439s] [34mcolcon.colcon_core.package_identification[0m [1;30mLevel 1[0m _identify(data/20260517_195109_session/1_gui_capture/raw) by extension 'colcon_pkg'
[0.439s] [34mcolcon.colcon_core.package_identification[0m [1;30mLevel 1[0m _identify(data/20260517_195109_session/1_gui_capture/raw) by extensions ['colcon_meta']
[0.439s] [34mcolcon.colcon_core.package_identification[0m [1;30mLevel 1[0m _identify(data/20260517_195109_session/1_gui_capture/raw) by extension 'colcon_meta'
[0.439s] [34mcolcon.colcon_core.package_identification[0m [1;30mLevel 1[0m _identify(data/20260517_195109_session/1_gui_capture/raw) by extensions ['ros']
[0.439s] [34mcolcon.colcon_core.package_identification[0m [1;30mLevel 1[0m _identify(data/20260517_195109_session/1_gui_capture/raw) by extension 'ros'
[0.439s] [34mcolcon.colcon_core.package_identification[0m [1;30mLevel 1[0m _identify(data/20260517_195109_session/1_gui_capture/raw) by extensions ['cmake', 'python']
[0.439s] [34mcolcon.colcon_core.package_identification[0m [1;30mLevel 1[0m _identify(data/20260517_195109_session/1_gui_capture/raw) by extension 'cmake'
[0.439s] [34mcolcon.colcon_core.package_identification[0m [1;30mLevel 1[0m _identify(data/20260517_195109_session/1_gui_capture/raw) by extension 'python'
[0.439s] [34mcolcon.colcon_core.package_identification[0m [1;30mLevel 1[0m _identify(data/20260517_195109_session/1_gui_capture/raw) by extensions ['python_setup_py']
[0.439s] [34mcolcon.colcon_core.package_identification[0m [1;30mLevel 1[0m _identify(data/20260517_195109_session/1_gui_capture/raw) by extension 'python_setup_py'
[0.439s] [34mcolcon.colcon_core.package_identification[0m [1;30mLevel 1[0m _identify(data/20260517_195504_session) by extensions ['ignore', 'ignore_ament_install']
[0.439s] [34mcolcon.colcon_core.package_identification[0m [1;30mLevel 1[0m _identify(data/20260517_195504_session) by extension 'ignore'
[0.440s] [34mcolcon.colcon_core.package_identification[0m [1;30mLevel 1[0m _identify(data/20260517_195504_session) by extension 'ignore_ament_install'
[0.440s] [34mcolcon.colcon_core.package_identification[0m [1;30mLevel 1[0m _identify(data/20260517_195504_session) by extensions ['colcon_pkg']
[0.440s] [34mcolcon.colcon_core.package_identification[0m [1;30mLevel 1[0m _identify(data/20260517_195504_session) by extension 'colcon_pkg'
[0.440s] [34mcolcon.colcon_core.package_identification[0m [1;30mLevel 1[0m _identify(data/20260517_195504_session) by extensions ['colcon_meta']
[0.440s] [34mcolcon.colcon_core.package_identification[0m [1;30mLevel 1[0m _identify(data/20260517_195504_session) by extension 'colcon_meta'
[0.440s] [34mcolcon.colcon_core.package_identification[0m [1;30mLevel 1[0m _identify(data/20260517_195504_session) by extensions ['ros']
[0.440s] [34mcolcon.colcon_core.package_identification[0m [1;30mLevel 1[0m _identify(data/20260517_195504_session) by extension 'ros'
[0.440s] [34mcolcon.colcon_core.package_identification[0m [1;30mLevel 1[0m _identify(data/20260517_195504_session) by extensions ['cmake', 'python']
[0.440s] [34mcolcon.colcon_core.package_identification[0m [1;30mLevel 1[0m _identify(data/20260517_195504_session) by extension 'cmake'
[0.440s] [34mcolcon.colcon_core.package_identification[0m [1;30mLevel 1[0m _identify(data/20260517_195504_session) by extension 'python'
[0.440s] [34mcolcon.colcon_core.package_identification[0m [1;30mLevel 1[0m _identify(data/20260517_195504_session) by extensions ['python_setup_py']
[0.440s] [34mcolcon.colcon_core.package_identification[0m [1;30mLevel 1[0m _identify(data/20260517_195504_session) by extension 'python_setup_py'
[0.440s] [34mcolcon.colcon_core.package_identification[0m [1;30mLevel 1[0m _identify(data/20260517_195504_session/1_gui_capture) by extensions ['ignore', 'ignore_ament_install']
[0.440s] [34mcolcon.colcon_core.package_identification[0m [1;30mLevel 1[0m _identify(data/20260517_195504_session/1_gui_capture) by extension 'ignore'
[0.440s] [34mcolcon.colcon_core.package_identification[0m [1;30mLevel 1[0m _identify(data/20260517_195504_session/1_gui_capture) by extension 'ignore_ament_install'
[0.440s] [34mcolcon.colcon_core.package_identification[0m [1;30mLevel 1[0m _identify(data/20260517_195504_session/1_gui_capture) by extensions ['colcon_pkg']
[0.440s] [34mcolcon.colcon_core.package_identification[0m [1;30mLevel 1[0m _identify(data/20260517_195504_session/1_gui_capture) by extension 'colcon_pkg'
[0.440s] [34mcolcon.colcon_core.package_identification[0m [1;30mLevel 1[0m _identify(data/20260517_195504_session/1_gui_capture) by extensions ['colcon_meta']
[0.440s] [34mcolcon.colcon_core.package_identification[0m [1;30mLevel 1[0m _identify(data/20260517_195504_session/1_gui_capture) by extension 'colcon_meta'
[0.440s] [34mcolcon.colcon_core.package_identification[0m [1;30mLevel 1[0m _identify(data/20260517_195504_session/1_gui_capture) by extensions ['ros']
[0.440s] [34mcolcon.colcon_core.package_identification[0m [1;30mLevel 1[0m _identify(data/20260517_195504_session/1_gui_capture) by extension 'ros'
[0.440s] [34mcolcon.colcon_core.package_identification[0m [1;30mLevel 1[0m _identify(data/20260517_195504_session/1_gui_capture) by extensions ['cmake', 'python']
[0.440s] [34mcolcon.colcon_core.package_identification[0m [1;30mLevel 1[0m _identify(data/20260517_195504_session/1_gui_capture) by extension 'cmake'
[0.440s] [34mcolcon.colcon_core.package_identification[0m [1;30mLevel 1[0m _identify(data/20260517_195504_session/1_gui_capture) by extension 'python'
[0.440s] [34mcolcon.colcon_core.package_identification[0m [1;30mLevel 1[0m _identify(data/20260517_195504_session/1_gui_capture) by extensions ['python_setup_py']
[0.440s] [34mcolcon.colcon_core.package_identification[0m [1;30mLevel 1[0m _identify(data/20260517_195504_session/1_gui_capture) by extension 'python_setup_py'
[0.440s] [34mcolcon.colcon_core.package_identification[0m [1;30mLevel 1[0m _identify(data/20260517_195504_session/1_gui_capture/intermediate) by extensions ['ignore', 'ignore_ament_install']
[0.441s] [34mcolcon.colcon_core.package_identification[0m [1;30mLevel 1[0m _identify(data/20260517_195504_session/1_gui_capture/intermediate) by extension 'ignore'
[0.441s] [34mcolcon.colcon_core.package_identification[0m [1;30mLevel 1[0m _identify(data/20260517_195504_session/1_gui_capture/intermediate) by extension 'ignore_ament_install'
[0.441s] [34mcolcon.colcon_core.package_identification[0m [1;30mLevel 1[0m _identify(data/20260517_195504_session/1_gui_capture/intermediate) by extensions ['colcon_pkg']
[0.441s] [34mcolcon.colcon_core.package_identification[0m [1;30mLevel 1[0m _identify(data/20260517_195504_session/1_gui_capture/intermediate) by extension 'colcon_pkg'
[0.441s] [34mcolcon.colcon_core.package_identification[0m [1;30mLevel 1[0m _identify(data/20260517_195504_session/1_gui_capture/intermediate) by extensions ['colcon_meta']
[0.441s] [34mcolcon.colcon_core.package_identification[0m [1;30mLevel 1[0m _identify(data/20260517_195504_session/1_gui_capture/intermediate) by extension 'colcon_meta'
[0.441s] [34mcolcon.colcon_core.package_identification[0m [1;30mLevel 1[0m _identify(data/20260517_195504_session/1_gui_capture/intermediate) by extensions ['ros']
[0.441s] [34mcolcon.colcon_core.package_identification[0m [1;30mLevel 1[0m _identify(data/20260517_195504_session/1_gui_capture/intermediate) by extension 'ros'
[0.441s] [34mcolcon.colcon_core.package_identification[0m [1;30mLevel 1[0m _identify(data/20260517_195504_session/1_gui_capture/intermediate) by extensions ['cmake', 'python']
[0.441s] [34mcolcon.colcon_core.package_identification[0m [1;30mLevel 1[0m _identify(data/20260517_195504_session/1_gui_capture/intermediate) by extension 'cmake'
[0.441s] [34mcolcon.colcon_core.package_identification[0m [1;30mLevel 1[0m _identify(data/20260517_195504_session/1_gui_capture/intermediate) by extension 'python'
[0.441s] [34mcolcon.colcon_core.package_identification[0m [1;30mLevel 1[0m _identify(data/20260517_195504_session/1_gui_capture/intermediate) by extensions ['python_setup_py']
[0.441s] [34mcolcon.colcon_core.package_identification[0m [1;30mLevel 1[0m _identify(data/20260517_195504_session/1_gui_capture/intermediate) by extension 'python_setup_py'
[0.441s] [34mcolcon.colcon_core.package_identification[0m [1;30mLevel 1[0m _identify(data/20260517_195504_session/1_gui_capture/processed) by extensions ['ignore', 'ignore_ament_install']
[0.441s] [34mcolcon.colcon_core.package_identification[0m [1;30mLevel 1[0m _identify(data/20260517_195504_session/1_gui_capture/processed) by extension 'ignore'
[0.441s] [34mcolcon.colcon_core.package_identification[0m [1;30mLevel 1[0m _identify(data/20260517_195504_session/1_gui_capture/processed) by extension 'ignore_ament_install'
[0.441s] [34mcolcon.colcon_core.package_identification[0m [1;30mLevel 1[0m _identify(data/20260517_195504_session/1_gui_capture/processed) by extensions ['colcon_pkg']
[0.441s] [34mcolcon.colcon_core.package_identification[0m [1;30mLevel 1[0m _identify(data/20260517_195504_session/1_gui_capture/processed) by extension 'colcon_pkg'
[0.441s] [34mcolcon.colcon_core.package_identification[0m [1;30mLevel 1[0m _identify(data/20260517_195504_session/1_gui_capture/processed) by extensions ['colcon_meta']
[0.441s] [34mcolcon.colcon_core.package_identification[0m [1;30mLevel 1[0m _identify(data/20260517_195504_session/1_gui_capture/processed) by extension 'colcon_meta'
[0.441s] [34mcolcon.colcon_core.package_identification[0m [1;30mLevel 1[0m _identify(data/20260517_195504_session/1_gui_capture/processed) by extensions ['ros']
[0.441s] [34mcolcon.colcon_core.package_identification[0m [1;30mLevel 1[0m _identify(data/20260517_195504_session/1_gui_capture/processed) by extension 'ros'
[0.441s] [34mcolcon.colcon_core.package_identification[0m [1;30mLevel 1[0m _identify(data/20260517_195504_session/1_gui_capture/processed) by extensions ['cmake', 'python']
[0.441s] [34mcolcon.colcon_core.package_identification[0m [1;30mLevel 1[0m _identify(data/20260517_195504_session/1_gui_capture/processed) by extension 'cmake'
[0.441s] [34mcolcon.colcon_core.package_identification[0m [1;30mLevel 1[0m _identify(data/20260517_195504_session/1_gui_capture/processed) by extension 'python'
[0.441s] [34mcolcon.colcon_core.package_identification[0m [1;30mLevel 1[0m _identify(data/20260517_195504_session/1_gui_capture/processed) by extensions ['python_setup_py']
[0.441s] [34mcolcon.colcon_core.package_identification[0m [1;30mLevel 1[0m _identify(data/20260517_195504_session/1_gui_capture/processed) by extension 'python_setup_py'
[0.442s] [34mcolcon.colcon_core.package_identification[0m [1;30mLevel 1[0m _identify(data/20260517_195504_session/1_gui_capture/raw) by extensions ['ignore', 'ignore_ament_install']
[0.442s] [34mcolcon.colcon_core.package_identification[0m [1;30mLevel 1[0m _identify(data/20260517_195504_session/1_gui_capture/raw) by extension 'ignore'
[0.442s] [34mcolcon.colcon_core.package_identification[0m [1;30mLevel 1[0m _identify(data/20260517_195504_session/1_gui_capture/raw) by extension 'ignore_ament_install'
[0.442s] [34mcolcon.colcon_core.package_identification[0m [1;30mLevel 1[0m _identify(data/20260517_195504_session/1_gui_capture/raw) by extensions ['colcon_pkg']
[0.442s] [34mcolcon.colcon_core.package_identification[0m [1;30mLevel 1[0m _identify(data/20260517_195504_session/1_gui_capture/raw) by extension 'colcon_pkg'
[0.442s] [34mcolcon.colcon_core.package_identification[0m [1;30mLevel 1[0m _identify(data/20260517_195504_session/1_gui_capture/raw) by extensions ['colcon_meta']
[0.442s] [34mcolcon.colcon_core.package_identification[0m [1;30mLevel 1[0m _identify(data/20260517_195504_session/1_gui_capture/raw) by extension 'colcon_meta'
[0.442s] [34mcolcon.colcon_core.package_identification[0m [1;30mLevel 1[0m _identify(data/20260517_195504_session/1_gui_capture/raw) by extensions ['ros']
[0.442s] [34mcolcon.colcon_core.package_identification[0m [1;30mLevel 1[0m _identify(data/20260517_195504_session/1_gui_capture/raw) by extension 'ros'
[0.442s] [34mcolcon.colcon_core.package_identification[0m [1;30mLevel 1[0m _identify(data/20260517_195504_session/1_gui_capture/raw) by extensions ['cmake', 'python']
[0.442s] [34mcolcon.colcon_core.package_identification[0m [1;30mLevel 1[0m _identify(data/20260517_195504_session/1_gui_capture/raw) by extension 'cmake'
[0.442s] [34mcolcon.colcon_core.package_identification[0m [1;30mLevel 1[0m _identify(data/20260517_195504_session/1_gui_capture/raw) by extension 'python'
[0.442s] [34mcolcon.colcon_core.package_identification[0m [1;30mLevel 1[0m _identify(data/20260517_195504_session/1_gui_capture/raw) by extensions ['python_setup_py']
[0.442s] [34mcolcon.colcon_core.package_identification[0m [1;30mLevel 1[0m _identify(data/20260517_195504_session/1_gui_capture/raw) by extension 'python_setup_py'
[0.442s] [34mcolcon.colcon_core.package_identification[0m [1;30mLevel 1[0m _identify(data/20260517_195734_session) by extensions ['ignore', 'ignore_ament_install']
[0.442s] [34mcolcon.colcon_core.package_identification[0m [1;30mLevel 1[0m _identify(data/20260517_195734_session) by extension 'ignore'
[0.442s] [34mcolcon.colcon_core.package_identification[0m [1;30mLevel 1[0m _identify(data/20260517_195734_session) by extension 'ignore_ament_install'
[0.442s] [34mcolcon.colcon_core.package_identification[0m [1;30mLevel 1[0m _identify(data/20260517_195734_session) by extensions ['colcon_pkg']
[0.442s] [34mcolcon.colcon_core.package_identification[0m [1;30mLevel 1[0m _identify(data/20260517_195734_session) by extension 'colcon_pkg'
[0.442s] [34mcolcon.colcon_core.package_identification[0m [1;30mLevel 1[0m _identify(data/20260517_195734_session) by extensions ['colcon_meta']
[0.442s] [34mcolcon.colcon_core.package_identification[0m [1;30mLevel 1[0m _identify(data/20260517_195734_session) by extension 'colcon_meta'
[0.442s] [34mcolcon.colcon_core.package_identification[0m [1;30mLevel 1[0m _identify(data/20260517_195734_session) by extensions ['ros']
[0.442s] [34mcolcon.colcon_core.package_identification[0m [1;30mLevel 1[0m _identify(data/20260517_195734_session) by extension 'ros'
[0.442s] [34mcolcon.colcon_core.package_identification[0m [1;30mLevel 1[0m _identify(data/20260517_195734_session) by extensions ['cmake', 'python']
[0.442s] [34mcolcon.colcon_core.package_identification[0m [1;30mLevel 1[0m _identify(data/20260517_195734_session) by extension 'cmake'
[0.442s] [34mcolcon.colcon_core.package_identification[0m [1;30mLevel 1[0m _identify(data/20260517_195734_session) by extension 'python'
[0.443s] [34mcolcon.colcon_core.package_identification[0m [1;30mLevel 1[0m _identify(data/20260517_195734_session) by extensions ['python_setup_py']
[0.443s] [34mcolcon.colcon_core.package_identification[0m [1;30mLevel 1[0m _identify(data/20260517_195734_session) by extension 'python_setup_py'
[0.443s] [34mcolcon.colcon_core.package_identification[0m [1;30mLevel 1[0m _identify(data/20260517_195734_session/1_gui_capture) by extensions ['ignore', 'ignore_ament_install']
[0.443s] [34mcolcon.colcon_core.package_identification[0m [1;30mLevel 1[0m _identify(data/20260517_195734_session/1_gui_capture) by extension 'ignore'
[0.443s] [34mcolcon.colcon_core.package_identification[0m [1;30mLevel 1[0m _identify(data/20260517_195734_session/1_gui_capture) by extension 'ignore_ament_install'
[0.443s] [34mcolcon.colcon_core.package_identification[0m [1;30mLevel 1[0m _identify(data/20260517_195734_session/1_gui_capture) by extensions ['colcon_pkg']
[0.443s] [34mcolcon.colcon_core.package_identification[0m [1;30mLevel 1[0m _identify(data/20260517_195734_session/1_gui_capture) by extension 'colcon_pkg'
[0.443s] [34mcolcon.colcon_core.package_identification[0m [1;30mLevel 1[0m _identify(data/20260517_195734_session/1_gui_capture) by extensions ['colcon_meta']
[0.443s] [34mcolcon.colcon_core.package_identification[0m [1;30mLevel 1[0m _identify(data/20260517_195734_session/1_gui_capture) by extension 'colcon_meta'
[0.443s] [34mcolcon.colcon_core.package_identification[0m [1;30mLevel 1[0m _identify(data/20260517_195734_session/1_gui_capture) by extensions ['ros']
[0.443s] [34mcolcon.colcon_core.package_identification[0m [1;30mLevel 1[0m _identify(data/20260517_195734_session/1_gui_capture) by extension 'ros'
[0.443s] [34mcolcon.colcon_core.package_identification[0m [1;30mLevel 1[0m _identify(data/20260517_195734_session/1_gui_capture) by extensions ['cmake', 'python']
[0.443s] [34mcolcon.colcon_core.package_identification[0m [1;30mLevel 1[0m _identify(data/20260517_195734_session/1_gui_capture) by extension 'cmake'
[0.443s] [34mcolcon.colcon_core.package_identification[0m [1;30mLevel 1[0m _identify(data/20260517_195734_session/1_gui_capture) by extension 'python'
[0.443s] [34mcolcon.colcon_core.package_identification[0m [1;30mLevel 1[0m _identify(data/20260517_195734_session/1_gui_capture) by extensions ['python_setup_py']
[0.443s] [34mcolcon.colcon_core.package_identification[0m [1;30mLevel 1[0m _identify(data/20260517_195734_session/1_gui_capture) by extension 'python_setup_py'
[0.443s] [34mcolcon.colcon_core.package_identification[0m [1;30mLevel 1[0m _identify(data/20260517_195734_session/1_gui_capture/intermediate) by extensions ['ignore', 'ignore_ament_install']
[0.443s] [34mcolcon.colcon_core.package_identification[0m [1;30mLevel 1[0m _identify(data/20260517_195734_session/1_gui_capture/intermediate) by extension 'ignore'
[0.443s] [34mcolcon.colcon_core.package_identification[0m [1;30mLevel 1[0m _identify(data/20260517_195734_session/1_gui_capture/intermediate) by extension 'ignore_ament_install'
[0.443s] [34mcolcon.colcon_core.package_identification[0m [1;30mLevel 1[0m _identify(data/20260517_195734_session/1_gui_capture/intermediate) by extensions ['colcon_pkg']
[0.443s] [34mcolcon.colcon_core.package_identification[0m [1;30mLevel 1[0m _identify(data/20260517_195734_session/1_gui_capture/intermediate) by extension 'colcon_pkg'
[0.443s] [34mcolcon.colcon_core.package_identification[0m [1;30mLevel 1[0m _identify(data/20260517_195734_session/1_gui_capture/intermediate) by extensions ['colcon_meta']
[0.443s] [34mcolcon.colcon_core.package_identification[0m [1;30mLevel 1[0m _identify(data/20260517_195734_session/1_gui_capture/intermediate) by extension 'colcon_meta'
[0.443s] [34mcolcon.colcon_core.package_identification[0m [1;30mLevel 1[0m _identify(data/20260517_195734_session/1_gui_capture/intermediate) by extensions ['ros']
[0.443s] [34mcolcon.colcon_core.package_identification[0m [1;30mLevel 1[0m _identify(data/20260517_195734_session/1_gui_capture/intermediate) by extension 'ros'
[0.444s] [34mcolcon.colcon_core.package_identification[0m [1;30mLevel 1[0m _identify(data/20260517_195734_session/1_gui_capture/intermediate) by extensions ['cmake', 'python']
[0.444s] [34mcolcon.colcon_core.package_identification[0m [1;30mLevel 1[0m _identify(data/20260517_195734_session/1_gui_capture/intermediate) by extension 'cmake'
[0.444s] [34mcolcon.colcon_core.package_identification[0m [1;30mLevel 1[0m _identify(data/20260517_195734_session/1_gui_capture/intermediate) by extension 'python'
[0.444s] [34mcolcon.colcon_core.package_identification[0m [1;30mLevel 1[0m _identify(data/20260517_195734_session/1_gui_capture/intermediate) by extensions ['python_setup_py']
[0.444s] [34mcolcon.colcon_core.package_identification[0m [1;30mLevel 1[0m _identify(data/20260517_195734_session/1_gui_capture/intermediate) by extension 'python_setup_py'
[0.444s] [34mcolcon.colcon_core.package_identification[0m [1;30mLevel 1[0m _identify(data/20260517_195734_session/1_gui_capture/processed) by extensions ['ignore', 'ignore_ament_install']
[0.444s] [34mcolcon.colcon_core.package_identification[0m [1;30mLevel 1[0m _identify(data/20260517_195734_session/1_gui_capture/processed) by extension 'ignore'
[0.444s] [34mcolcon.colcon_core.package_identification[0m [1;30mLevel 1[0m _identify(data/20260517_195734_session/1_gui_capture/processed) by extension 'ignore_ament_install'
[0.444s] [34mcolcon.colcon_core.package_identification[0m [1;30mLevel 1[0m _identify(data/20260517_195734_session/1_gui_capture/processed) by extensions ['colcon_pkg']
[0.444s] [34mcolcon.colcon_core.package_identification[0m [1;30mLevel 1[0m _identify(data/20260517_195734_session/1_gui_capture/processed) by extension 'colcon_pkg'
[0.444s] [34mcolcon.colcon_core.package_identification[0m [1;30mLevel 1[0m _identify(data/20260517_195734_session/1_gui_capture/processed) by extensions ['colcon_meta']
[0.444s] [34mcolcon.colcon_core.package_identification[0m [1;30mLevel 1[0m _identify(data/20260517_195734_session/1_gui_capture/processed) by extension 'colcon_meta'
[0.444s] [34mcolcon.colcon_core.package_identification[0m [1;30mLevel 1[0m _identify(data/20260517_195734_session/1_gui_capture/processed) by extensions ['ros']
[0.444s] [34mcolcon.colcon_core.package_identification[0m [1;30mLevel 1[0m _identify(data/20260517_195734_session/1_gui_capture/processed) by extension 'ros'
[0.444s] [34mcolcon.colcon_core.package_identification[0m [1;30mLevel 1[0m _identify(data/20260517_195734_session/1_gui_capture/processed) by extensions ['cmake', 'python']
[0.444s] [34mcolcon.colcon_core.package_identification[0m [1;30mLevel 1[0m _identify(data/20260517_195734_session/1_gui_capture/processed) by extension 'cmake'
[0.444s] [34mcolcon.colcon_core.package_identification[0m [1;30mLevel 1[0m _identify(data/20260517_195734_session/1_gui_capture/processed) by extension 'python'
[0.444s] [34mcolcon.colcon_core.package_identification[0m [1;30mLevel 1[0m _identify(data/20260517_195734_session/1_gui_capture/processed) by extensions ['python_setup_py']
[0.444s] [34mcolcon.colcon_core.package_identification[0m [1;30mLevel 1[0m _identify(data/20260517_195734_session/1_gui_capture/processed) by extension 'python_setup_py'
[0.444s] [34mcolcon.colcon_core.package_identification[0m [1;30mLevel 1[0m _identify(data/20260517_195734_session/1_gui_capture/raw) by extensions ['ignore', 'ignore_ament_install']
[0.444s] [34mcolcon.colcon_core.package_identification[0m [1;30mLevel 1[0m _identify(data/20260517_195734_session/1_gui_capture/raw) by extension 'ignore'
[0.444s] [34mcolcon.colcon_core.package_identification[0m [1;30mLevel 1[0m _identify(data/20260517_195734_session/1_gui_capture/raw) by extension 'ignore_ament_install'
[0.444s] [34mcolcon.colcon_core.package_identification[0m [1;30mLevel 1[0m _identify(data/20260517_195734_session/1_gui_capture/raw) by extensions ['colcon_pkg']
[0.444s] [34mcolcon.colcon_core.package_identification[0m [1;30mLevel 1[0m _identify(data/20260517_195734_session/1_gui_capture/raw) by extension 'colcon_pkg'
[0.444s] [34mcolcon.colcon_core.package_identification[0m [1;30mLevel 1[0m _identify(data/20260517_195734_session/1_gui_capture/raw) by extensions ['colcon_meta']
[0.444s] [34mcolcon.colcon_core.package_identification[0m [1;30mLevel 1[0m _identify(data/20260517_195734_session/1_gui_capture/raw) by extension 'colcon_meta'
[0.444s] [34mcolcon.colcon_core.package_identification[0m [1;30mLevel 1[0m _identify(data/20260517_195734_session/1_gui_capture/raw) by extensions ['ros']
[0.445s] [34mcolcon.colcon_core.package_identification[0m [1;30mLevel 1[0m _identify(data/20260517_195734_session/1_gui_capture/raw) by extension 'ros'
[0.445s] [34mcolcon.colcon_core.package_identification[0m [1;30mLevel 1[0m _identify(data/20260517_195734_session/1_gui_capture/raw) by extensions ['cmake', 'python']
[0.445s] [34mcolcon.colcon_core.package_identification[0m [1;30mLevel 1[0m _identify(data/20260517_195734_session/1_gui_capture/raw) by extension 'cmake'
[0.445s] [34mcolcon.colcon_core.package_identification[0m [1;30mLevel 1[0m _identify(data/20260517_195734_session/1_gui_capture/raw) by extension 'python'
[0.445s] [34mcolcon.colcon_core.package_identification[0m [1;30mLevel 1[0m _identify(data/20260517_195734_session/1_gui_capture/raw) by extensions ['python_setup_py']
[0.445s] [34mcolcon.colcon_core.package_identification[0m [1;30mLevel 1[0m _identify(data/20260517_195734_session/1_gui_capture/raw) by extension 'python_setup_py'
[0.445s] [34mcolcon.colcon_core.package_identification[0m [1;30mLevel 1[0m _identify(data/20260517_195837_session) by extensions ['ignore', 'ignore_ament_install']
[0.445s] [34mcolcon.colcon_core.package_identification[0m [1;30mLevel 1[0m _identify(data/20260517_195837_session) by extension 'ignore'
[0.445s] [34mcolcon.colcon_core.package_identification[0m [1;30mLevel 1[0m _identify(data/20260517_195837_session) by extension 'ignore_ament_install'
[0.445s] [34mcolcon.colcon_core.package_identification[0m [1;30mLevel 1[0m _identify(data/20260517_195837_session) by extensions ['colcon_pkg']
[0.445s] [34mcolcon.colcon_core.package_identification[0m [1;30mLevel 1[0m _identify(data/20260517_195837_session) by extension 'colcon_pkg'
[0.445s] [34mcolcon.colcon_core.package_identification[0m [1;30mLevel 1[0m _identify(data/20260517_195837_session) by extensions ['colcon_meta']
[0.445s] [34mcolcon.colcon_core.package_identification[0m [1;30mLevel 1[0m _identify(data/20260517_195837_session) by extension 'colcon_meta'
[0.445s] [34mcolcon.colcon_core.package_identification[0m [1;30mLevel 1[0m _identify(data/20260517_195837_session) by extensions ['ros']
[0.445s] [34mcolcon.colcon_core.package_identification[0m [1;30mLevel 1[0m _identify(data/20260517_195837_session) by extension 'ros'
[0.445s] [34mcolcon.colcon_core.package_identification[0m [1;30mLevel 1[0m _identify(data/20260517_195837_session) by extensions ['cmake', 'python']
[0.445s] [34mcolcon.colcon_core.package_identification[0m [1;30mLevel 1[0m _identify(data/20260517_195837_session) by extension 'cmake'
[0.445s] [34mcolcon.colcon_core.package_identification[0m [1;30mLevel 1[0m _identify(data/20260517_195837_session) by extension 'python'
[0.445s] [34mcolcon.colcon_core.package_identification[0m [1;30mLevel 1[0m _identify(data/20260517_195837_session) by extensions ['python_setup_py']
[0.445s] [34mcolcon.colcon_core.package_identification[0m [1;30mLevel 1[0m _identify(data/20260517_195837_session) by extension 'python_setup_py'
[0.445s] [34mcolcon.colcon_core.package_identification[0m [1;30mLevel 1[0m _identify(data/20260517_195837_session/1_gui_capture) by extensions ['ignore', 'ignore_ament_install']
[0.445s] [34mcolcon.colcon_core.package_identification[0m [1;30mLevel 1[0m _identify(data/20260517_195837_session/1_gui_capture) by extension 'ignore'
[0.445s] [34mcolcon.colcon_core.package_identification[0m [1;30mLevel 1[0m _identify(data/20260517_195837_session/1_gui_capture) by extension 'ignore_ament_install'
[0.445s] [34mcolcon.colcon_core.package_identification[0m [1;30mLevel 1[0m _identify(data/20260517_195837_session/1_gui_capture) by extensions ['colcon_pkg']
[0.445s] [34mcolcon.colcon_core.package_identification[0m [1;30mLevel 1[0m _identify(data/20260517_195837_session/1_gui_capture) by extension 'colcon_pkg'
[0.445s] [34mcolcon.colcon_core.package_identification[0m [1;30mLevel 1[0m _identify(data/20260517_195837_session/1_gui_capture) by extensions ['colcon_meta']
[0.446s] [34mcolcon.colcon_core.package_identification[0m [1;30mLevel 1[0m _identify(data/20260517_195837_session/1_gui_capture) by extension 'colcon_meta'
[0.446s] [34mcolcon.colcon_core.package_identification[0m [1;30mLevel 1[0m _identify(data/20260517_195837_session/1_gui_capture) by extensions ['ros']
[0.446s] [34mcolcon.colcon_core.package_identification[0m [1;30mLevel 1[0m _identify(data/20260517_195837_session/1_gui_capture) by extension 'ros'
[0.446s] [34mcolcon.colcon_core.package_identification[0m [1;30mLevel 1[0m _identify(data/20260517_195837_session/1_gui_capture) by extensions ['cmake', 'python']
[0.446s] [34mcolcon.colcon_core.package_identification[0m [1;30mLevel 1[0m _identify(data/20260517_195837_session/1_gui_capture) by extension 'cmake'
[0.446s] [34mcolcon.colcon_core.package_identification[0m [1;30mLevel 1[0m _identify(data/20260517_195837_session/1_gui_capture) by extension 'python'
[0.446s] [34mcolcon.colcon_core.package_identification[0m [1;30mLevel 1[0m _identify(data/20260517_195837_session/1_gui_capture) by extensions ['python_setup_py']
[0.446s] [34mcolcon.colcon_core.package_identification[0m [1;30mLevel 1[0m _identify(data/20260517_195837_session/1_gui_capture) by extension 'python_setup_py'
[0.446s] [34mcolcon.colcon_core.package_identification[0m [1;30mLevel 1[0m _identify(data/20260517_195837_session/1_gui_capture/intermediate) by extensions ['ignore', 'ignore_ament_install']
[0.446s] [34mcolcon.colcon_core.package_identification[0m [1;30mLevel 1[0m _identify(data/20260517_195837_session/1_gui_capture/intermediate) by extension 'ignore'
[0.446s] [34mcolcon.colcon_core.package_identification[0m [1;30mLevel 1[0m _identify(data/20260517_195837_session/1_gui_capture/intermediate) by extension 'ignore_ament_install'
[0.446s] [34mcolcon.colcon_core.package_identification[0m [1;30mLevel 1[0m _identify(data/20260517_195837_session/1_gui_capture/intermediate) by extensions ['colcon_pkg']
[0.446s] [34mcolcon.colcon_core.package_identification[0m [1;30mLevel 1[0m _identify(data/20260517_195837_session/1_gui_capture/intermediate) by extension 'colcon_pkg'
[0.446s] [34mcolcon.colcon_core.package_identification[0m [1;30mLevel 1[0m _identify(data/20260517_195837_session/1_gui_capture/intermediate) by extensions ['colcon_meta']
[0.446s] [34mcolcon.colcon_core.package_identification[0m [1;30mLevel 1[0m _identify(data/20260517_195837_session/1_gui_capture/intermediate) by extension 'colcon_meta'
[0.446s] [34mcolcon.colcon_core.package_identification[0m [1;30mLevel 1[0m _identify(data/20260517_195837_session/1_gui_capture/intermediate) by extensions ['ros']
[0.446s] [34mcolcon.colcon_core.package_identification[0m [1;30mLevel 1[0m _identify(data/20260517_195837_session/1_gui_capture/intermediate) by extension 'ros'
[0.446s] [34mcolcon.colcon_core.package_identification[0m [1;30mLevel 1[0m _identify(data/20260517_195837_session/1_gui_capture/intermediate) by extensions ['cmake', 'python']
[0.446s] [34mcolcon.colcon_core.package_identification[0m [1;30mLevel 1[0m _identify(data/20260517_195837_session/1_gui_capture/intermediate) by extension 'cmake'
[0.446s] [34mcolcon.colcon_core.package_identification[0m [1;30mLevel 1[0m _identify(data/20260517_195837_session/1_gui_capture/intermediate) by extension 'python'
[0.446s] [34mcolcon.colcon_core.package_identification[0m [1;30mLevel 1[0m _identify(data/20260517_195837_session/1_gui_capture/intermediate) by extensions ['python_setup_py']
[0.446s] [34mcolcon.colcon_core.package_identification[0m [1;30mLevel 1[0m _identify(data/20260517_195837_session/1_gui_capture/intermediate) by extension 'python_setup_py'
[0.446s] [34mcolcon.colcon_core.package_identification[0m [1;30mLevel 1[0m _identify(data/20260517_195837_session/1_gui_capture/processed) by extensions ['ignore', 'ignore_ament_install']
[0.446s] [34mcolcon.colcon_core.package_identification[0m [1;30mLevel 1[0m _identify(data/20260517_195837_session/1_gui_capture/processed) by extension 'ignore'
[0.446s] [34mcolcon.colcon_core.package_identification[0m [1;30mLevel 1[0m _identify(data/20260517_195837_session/1_gui_capture/processed) by extension 'ignore_ament_install'
[0.447s] [34mcolcon.colcon_core.package_identification[0m [1;30mLevel 1[0m _identify(data/20260517_195837_session/1_gui_capture/processed) by extensions ['colcon_pkg']
[0.447s] [34mcolcon.colcon_core.package_identification[0m [1;30mLevel 1[0m _identify(data/20260517_195837_session/1_gui_capture/processed) by extension 'colcon_pkg'
[0.447s] [34mcolcon.colcon_core.package_identification[0m [1;30mLevel 1[0m _identify(data/20260517_195837_session/1_gui_capture/processed) by extensions ['colcon_meta']
[0.447s] [34mcolcon.colcon_core.package_identification[0m [1;30mLevel 1[0m _identify(data/20260517_195837_session/1_gui_capture/processed) by extension 'colcon_meta'
[0.447s] [34mcolcon.colcon_core.package_identification[0m [1;30mLevel 1[0m _identify(data/20260517_195837_session/1_gui_capture/processed) by extensions ['ros']
[0.447s] [34mcolcon.colcon_core.package_identification[0m [1;30mLevel 1[0m _identify(data/20260517_195837_session/1_gui_capture/processed) by extension 'ros'
[0.447s] [34mcolcon.colcon_core.package_identification[0m [1;30mLevel 1[0m _identify(data/20260517_195837_session/1_gui_capture/processed) by extensions ['cmake', 'python']
[0.447s] [34mcolcon.colcon_core.package_identification[0m [1;30mLevel 1[0m _identify(data/20260517_195837_session/1_gui_capture/processed) by extension 'cmake'
[0.447s] [34mcolcon.colcon_core.package_identification[0m [1;30mLevel 1[0m _identify(data/20260517_195837_session/1_gui_capture/processed) by extension 'python'
[0.447s] [34mcolcon.colcon_core.package_identification[0m [1;30mLevel 1[0m _identify(data/20260517_195837_session/1_gui_capture/processed) by extensions ['python_setup_py']
[0.447s] [34mcolcon.colcon_core.package_identification[0m [1;30mLevel 1[0m _identify(data/20260517_195837_session/1_gui_capture/processed) by extension 'python_setup_py'
[0.447s] [34mcolcon.colcon_core.package_identification[0m [1;30mLevel 1[0m _identify(data/20260517_195837_session/1_gui_capture/raw) by extensions ['ignore', 'ignore_ament_install']
[0.447s] [34mcolcon.colcon_core.package_identification[0m [1;30mLevel 1[0m _identify(data/20260517_195837_session/1_gui_capture/raw) by extension 'ignore'
[0.447s] [34mcolcon.colcon_core.package_identification[0m [1;30mLevel 1[0m _identify(data/20260517_195837_session/1_gui_capture/raw) by extension 'ignore_ament_install'
[0.447s] [34mcolcon.colcon_core.package_identification[0m [1;30mLevel 1[0m _identify(data/20260517_195837_session/1_gui_capture/raw) by extensions ['colcon_pkg']
[0.447s] [34mcolcon.colcon_core.package_identification[0m [1;30mLevel 1[0m _identify(data/20260517_195837_session/1_gui_capture/raw) by extension 'colcon_pkg'
[0.447s] [34mcolcon.colcon_core.package_identification[0m [1;30mLevel 1[0m _identify(data/20260517_195837_session/1_gui_capture/raw) by extensions ['colcon_meta']
[0.447s] [34mcolcon.colcon_core.package_identification[0m [1;30mLevel 1[0m _identify(data/20260517_195837_session/1_gui_capture/raw) by extension 'colcon_meta'
[0.447s] [34mcolcon.colcon_core.package_identification[0m [1;30mLevel 1[0m _identify(data/20260517_195837_session/1_gui_capture/raw) by extensions ['ros']
[0.447s] [34mcolcon.colcon_core.package_identification[0m [1;30mLevel 1[0m _identify(data/20260517_195837_session/1_gui_capture/raw) by extension 'ros'
[0.447s] [34mcolcon.colcon_core.package_identification[0m [1;30mLevel 1[0m _identify(data/20260517_195837_session/1_gui_capture/raw) by extensions ['cmake', 'python']
[0.447s] [34mcolcon.colcon_core.package_identification[0m [1;30mLevel 1[0m _identify(data/20260517_195837_session/1_gui_capture/raw) by extension 'cmake'
[0.447s] [34mcolcon.colcon_core.package_identification[0m [1;30mLevel 1[0m _identify(data/20260517_195837_session/1_gui_capture/raw) by extension 'python'
[0.447s] [34mcolcon.colcon_core.package_identification[0m [1;30mLevel 1[0m _identify(data/20260517_195837_session/1_gui_capture/raw) by extensions ['python_setup_py']
[0.447s] [34mcolcon.colcon_core.package_identification[0m [1;30mLevel 1[0m _identify(data/20260517_195837_session/1_gui_capture/raw) by extension 'python_setup_py'
[0.447s] [34mcolcon.colcon_core.package_identification[0m [1;30mLevel 1[0m _identify(data/20260517_200712_session) by extensions ['ignore', 'ignore_ament_install']
[0.448s] [34mcolcon.colcon_core.package_identification[0m [1;30mLevel 1[0m _identify(data/20260517_200712_session) by extension 'ignore'
[0.448s] [34mcolcon.colcon_core.package_identification[0m [1;30mLevel 1[0m _identify(data/20260517_200712_session) by extension 'ignore_ament_install'
[0.448s] [34mcolcon.colcon_core.package_identification[0m [1;30mLevel 1[0m _identify(data/20260517_200712_session) by extensions ['colcon_pkg']
[0.448s] [34mcolcon.colcon_core.package_identification[0m [1;30mLevel 1[0m _identify(data/20260517_200712_session) by extension 'colcon_pkg'
[0.448s] [34mcolcon.colcon_core.package_identification[0m [1;30mLevel 1[0m _identify(data/20260517_200712_session) by extensions ['colcon_meta']
[0.448s] [34mcolcon.colcon_core.package_identification[0m [1;30mLevel 1[0m _identify(data/20260517_200712_session) by extension 'colcon_meta'
[0.448s] [34mcolcon.colcon_core.package_identification[0m [1;30mLevel 1[0m _identify(data/20260517_200712_session) by extensions ['ros']
[0.448s] [34mcolcon.colcon_core.package_identification[0m [1;30mLevel 1[0m _identify(data/20260517_200712_session) by extension 'ros'
[0.448s] [34mcolcon.colcon_core.package_identification[0m [1;30mLevel 1[0m _identify(data/20260517_200712_session) by extensions ['cmake', 'python']
[0.448s] [34mcolcon.colcon_core.package_identification[0m [1;30mLevel 1[0m _identify(data/20260517_200712_session) by extension 'cmake'
[0.448s] [34mcolcon.colcon_core.package_identification[0m [1;30mLevel 1[0m _identify(data/20260517_200712_session) by extension 'python'
[0.448s] [34mcolcon.colcon_core.package_identification[0m [1;30mLevel 1[0m _identify(data/20260517_200712_session) by extensions ['python_setup_py']
[0.448s] [34mcolcon.colcon_core.package_identification[0m [1;30mLevel 1[0m _identify(data/20260517_200712_session) by extension 'python_setup_py'
[0.448s] [34mcolcon.colcon_core.package_identification[0m [1;30mLevel 1[0m _identify(data/20260517_200712_session/1_gui_capture) by extensions ['ignore', 'ignore_ament_install']
[0.448s] [34mcolcon.colcon_core.package_identification[0m [1;30mLevel 1[0m _identify(data/20260517_200712_session/1_gui_capture) by extension 'ignore'
[0.448s] [34mcolcon.colcon_core.package_identification[0m [1;30mLevel 1[0m _identify(data/20260517_200712_session/1_gui_capture) by extension 'ignore_ament_install'
[0.448s] [34mcolcon.colcon_core.package_identification[0m [1;30mLevel 1[0m _identify(data/20260517_200712_session/1_gui_capture) by extensions ['colcon_pkg']
[0.448s] [34mcolcon.colcon_core.package_identification[0m [1;30mLevel 1[0m _identify(data/20260517_200712_session/1_gui_capture) by extension 'colcon_pkg'
[0.448s] [34mcolcon.colcon_core.package_identification[0m [1;30mLevel 1[0m _identify(data/20260517_200712_session/1_gui_capture) by extensions ['colcon_meta']
[0.448s] [34mcolcon.colcon_core.package_identification[0m [1;30mLevel 1[0m _identify(data/20260517_200712_session/1_gui_capture) by extension 'colcon_meta'
[0.448s] [34mcolcon.colcon_core.package_identification[0m [1;30mLevel 1[0m _identify(data/20260517_200712_session/1_gui_capture) by extensions ['ros']
[0.448s] [34mcolcon.colcon_core.package_identification[0m [1;30mLevel 1[0m _identify(data/20260517_200712_session/1_gui_capture) by extension 'ros'
[0.448s] [34mcolcon.colcon_core.package_identification[0m [1;30mLevel 1[0m _identify(data/20260517_200712_session/1_gui_capture) by extensions ['cmake', 'python']
[0.449s] [34mcolcon.colcon_core.package_identification[0m [1;30mLevel 1[0m _identify(data/20260517_200712_session/1_gui_capture) by extension 'cmake'
[0.449s] [34mcolcon.colcon_core.package_identification[0m [1;30mLevel 1[0m _identify(data/20260517_200712_session/1_gui_capture) by extension 'python'
[0.449s] [34mcolcon.colcon_core.package_identification[0m [1;30mLevel 1[0m _identify(data/20260517_200712_session/1_gui_capture) by extensions ['python_setup_py']
[0.449s] [34mcolcon.colcon_core.package_identification[0m [1;30mLevel 1[0m _identify(data/20260517_200712_session/1_gui_capture) by extension 'python_setup_py'
[0.449s] [34mcolcon.colcon_core.package_identification[0m [1;30mLevel 1[0m _identify(data/20260517_200712_session/1_gui_capture/intermediate) by extensions ['ignore', 'ignore_ament_install']
[0.449s] [34mcolcon.colcon_core.package_identification[0m [1;30mLevel 1[0m _identify(data/20260517_200712_session/1_gui_capture/intermediate) by extension 'ignore'
[0.449s] [34mcolcon.colcon_core.package_identification[0m [1;30mLevel 1[0m _identify(data/20260517_200712_session/1_gui_capture/intermediate) by extension 'ignore_ament_install'
[0.449s] [34mcolcon.colcon_core.package_identification[0m [1;30mLevel 1[0m _identify(data/20260517_200712_session/1_gui_capture/intermediate) by extensions ['colcon_pkg']
[0.449s] [34mcolcon.colcon_core.package_identification[0m [1;30mLevel 1[0m _identify(data/20260517_200712_session/1_gui_capture/intermediate) by extension 'colcon_pkg'
[0.449s] [34mcolcon.colcon_core.package_identification[0m [1;30mLevel 1[0m _identify(data/20260517_200712_session/1_gui_capture/intermediate) by extensions ['colcon_meta']
[0.449s] [34mcolcon.colcon_core.package_identification[0m [1;30mLevel 1[0m _identify(data/20260517_200712_session/1_gui_capture/intermediate) by extension 'colcon_meta'
[0.449s] [34mcolcon.colcon_core.package_identification[0m [1;30mLevel 1[0m _identify(data/20260517_200712_session/1_gui_capture/intermediate) by extensions ['ros']
[0.449s] [34mcolcon.colcon_core.package_identification[0m [1;30mLevel 1[0m _identify(data/20260517_200712_session/1_gui_capture/intermediate) by extension 'ros'
[0.449s] [34mcolcon.colcon_core.package_identification[0m [1;30mLevel 1[0m _identify(data/20260517_200712_session/1_gui_capture/intermediate) by extensions ['cmake', 'python']
[0.449s] [34mcolcon.colcon_core.package_identification[0m [1;30mLevel 1[0m _identify(data/20260517_200712_session/1_gui_capture/intermediate) by extension 'cmake'
[0.449s] [34mcolcon.colcon_core.package_identification[0m [1;30mLevel 1[0m _identify(data/20260517_200712_session/1_gui_capture/intermediate) by extension 'python'
[0.449s] [34mcolcon.colcon_core.package_identification[0m [1;30mLevel 1[0m _identify(data/20260517_200712_session/1_gui_capture/intermediate) by extensions ['python_setup_py']
[0.449s] [34mcolcon.colcon_core.package_identification[0m [1;30mLevel 1[0m _identify(data/20260517_200712_session/1_gui_capture/intermediate) by extension 'python_setup_py'
[0.449s] [34mcolcon.colcon_core.package_identification[0m [1;30mLevel 1[0m _identify(data/20260517_200712_session/1_gui_capture/processed) by extensions ['ignore', 'ignore_ament_install']
[0.449s] [34mcolcon.colcon_core.package_identification[0m [1;30mLevel 1[0m _identify(data/20260517_200712_session/1_gui_capture/processed) by extension 'ignore'
[0.449s] [34mcolcon.colcon_core.package_identification[0m [1;30mLevel 1[0m _identify(data/20260517_200712_session/1_gui_capture/processed) by extension 'ignore_ament_install'
[0.449s] [34mcolcon.colcon_core.package_identification[0m [1;30mLevel 1[0m _identify(data/20260517_200712_session/1_gui_capture/processed) by extensions ['colcon_pkg']
[0.449s] [34mcolcon.colcon_core.package_identification[0m [1;30mLevel 1[0m _identify(data/20260517_200712_session/1_gui_capture/processed) by extension 'colcon_pkg'
[0.449s] [34mcolcon.colcon_core.package_identification[0m [1;30mLevel 1[0m _identify(data/20260517_200712_session/1_gui_capture/processed) by extensions ['colcon_meta']
[0.449s] [34mcolcon.colcon_core.package_identification[0m [1;30mLevel 1[0m _identify(data/20260517_200712_session/1_gui_capture/processed) by extension 'colcon_meta'
[0.449s] [34mcolcon.colcon_core.package_identification[0m [1;30mLevel 1[0m _identify(data/20260517_200712_session/1_gui_capture/processed) by extensions ['ros']
[0.450s] [34mcolcon.colcon_core.package_identification[0m [1;30mLevel 1[0m _identify(data/20260517_200712_session/1_gui_capture/processed) by extension 'ros'
[0.450s] [34mcolcon.colcon_core.package_identification[0m [1;30mLevel 1[0m _identify(data/20260517_200712_session/1_gui_capture/processed) by extensions ['cmake', 'python']
[0.450s] [34mcolcon.colcon_core.package_identification[0m [1;30mLevel 1[0m _identify(data/20260517_200712_session/1_gui_capture/processed) by extension 'cmake'
[0.450s] [34mcolcon.colcon_core.package_identification[0m [1;30mLevel 1[0m _identify(data/20260517_200712_session/1_gui_capture/processed) by extension 'python'
[0.450s] [34mcolcon.colcon_core.package_identification[0m [1;30mLevel 1[0m _identify(data/20260517_200712_session/1_gui_capture/processed) by extensions ['python_setup_py']
[0.450s] [34mcolcon.colcon_core.package_identification[0m [1;30mLevel 1[0m _identify(data/20260517_200712_session/1_gui_capture/processed) by extension 'python_setup_py'
[0.450s] [34mcolcon.colcon_core.package_identification[0m [1;30mLevel 1[0m _identify(data/20260517_200712_session/1_gui_capture/raw) by extensions ['ignore', 'ignore_ament_install']
[0.450s] [34mcolcon.colcon_core.package_identification[0m [1;30mLevel 1[0m _identify(data/20260517_200712_session/1_gui_capture/raw) by extension 'ignore'
[0.450s] [34mcolcon.colcon_core.package_identification[0m [1;30mLevel 1[0m _identify(data/20260517_200712_session/1_gui_capture/raw) by extension 'ignore_ament_install'
[0.450s] [34mcolcon.colcon_core.package_identification[0m [1;30mLevel 1[0m _identify(data/20260517_200712_session/1_gui_capture/raw) by extensions ['colcon_pkg']
[0.450s] [34mcolcon.colcon_core.package_identification[0m [1;30mLevel 1[0m _identify(data/20260517_200712_session/1_gui_capture/raw) by extension 'colcon_pkg'
[0.450s] [34mcolcon.colcon_core.package_identification[0m [1;30mLevel 1[0m _identify(data/20260517_200712_session/1_gui_capture/raw) by extensions ['colcon_meta']
[0.450s] [34mcolcon.colcon_core.package_identification[0m [1;30mLevel 1[0m _identify(data/20260517_200712_session/1_gui_capture/raw) by extension 'colcon_meta'
[0.450s] [34mcolcon.colcon_core.package_identification[0m [1;30mLevel 1[0m _identify(data/20260517_200712_session/1_gui_capture/raw) by extensions ['ros']
[0.450s] [34mcolcon.colcon_core.package_identification[0m [1;30mLevel 1[0m _identify(data/20260517_200712_session/1_gui_capture/raw) by extension 'ros'
[0.450s] [34mcolcon.colcon_core.package_identification[0m [1;30mLevel 1[0m _identify(data/20260517_200712_session/1_gui_capture/raw) by extensions ['cmake', 'python']
[0.450s] [34mcolcon.colcon_core.package_identification[0m [1;30mLevel 1[0m _identify(data/20260517_200712_session/1_gui_capture/raw) by extension 'cmake'
[0.450s] [34mcolcon.colcon_core.package_identification[0m [1;30mLevel 1[0m _identify(data/20260517_200712_session/1_gui_capture/raw) by extension 'python'
[0.450s] [34mcolcon.colcon_core.package_identification[0m [1;30mLevel 1[0m _identify(data/20260517_200712_session/1_gui_capture/raw) by extensions ['python_setup_py']
[0.450s] [34mcolcon.colcon_core.package_identification[0m [1;30mLevel 1[0m _identify(data/20260517_200712_session/1_gui_capture/raw) by extension 'python_setup_py'
[0.450s] [34mcolcon.colcon_core.package_identification[0m [1;30mLevel 1[0m _identify(data/20260517_200955_session) by extensions ['ignore', 'ignore_ament_install']
[0.450s] [34mcolcon.colcon_core.package_identification[0m [1;30mLevel 1[0m _identify(data/20260517_200955_session) by extension 'ignore'
[0.450s] [34mcolcon.colcon_core.package_identification[0m [1;30mLevel 1[0m _identify(data/20260517_200955_session) by extension 'ignore_ament_install'
[0.450s] [34mcolcon.colcon_core.package_identification[0m [1;30mLevel 1[0m _identify(data/20260517_200955_session) by extensions ['colcon_pkg']
[0.450s] [34mcolcon.colcon_core.package_identification[0m [1;30mLevel 1[0m _identify(data/20260517_200955_session) by extension 'colcon_pkg'
[0.450s] [34mcolcon.colcon_core.package_identification[0m [1;30mLevel 1[0m _identify(data/20260517_200955_session) by extensions ['colcon_meta']
[0.451s] [34mcolcon.colcon_core.package_identification[0m [1;30mLevel 1[0m _identify(data/20260517_200955_session) by extension 'colcon_meta'
[0.451s] [34mcolcon.colcon_core.package_identification[0m [1;30mLevel 1[0m _identify(data/20260517_200955_session) by extensions ['ros']
[0.451s] [34mcolcon.colcon_core.package_identification[0m [1;30mLevel 1[0m _identify(data/20260517_200955_session) by extension 'ros'
[0.451s] [34mcolcon.colcon_core.package_identification[0m [1;30mLevel 1[0m _identify(data/20260517_200955_session) by extensions ['cmake', 'python']
[0.451s] [34mcolcon.colcon_core.package_identification[0m [1;30mLevel 1[0m _identify(data/20260517_200955_session) by extension 'cmake'
[0.451s] [34mcolcon.colcon_core.package_identification[0m [1;30mLevel 1[0m _identify(data/20260517_200955_session) by extension 'python'
[0.451s] [34mcolcon.colcon_core.package_identification[0m [1;30mLevel 1[0m _identify(data/20260517_200955_session) by extensions ['python_setup_py']
[0.451s] [34mcolcon.colcon_core.package_identification[0m [1;30mLevel 1[0m _identify(data/20260517_200955_session) by extension 'python_setup_py'
[0.451s] [34mcolcon.colcon_core.package_identification[0m [1;30mLevel 1[0m _identify(data/20260517_201209_session) by extensions ['ignore', 'ignore_ament_install']
[0.451s] [34mcolcon.colcon_core.package_identification[0m [1;30mLevel 1[0m _identify(data/20260517_201209_session) by extension 'ignore'
[0.451s] [34mcolcon.colcon_core.package_identification[0m [1;30mLevel 1[0m _identify(data/20260517_201209_session) by extension 'ignore_ament_install'
[0.451s] [34mcolcon.colcon_core.package_identification[0m [1;30mLevel 1[0m _identify(data/20260517_201209_session) by extensions ['colcon_pkg']
[0.451s] [34mcolcon.colcon_core.package_identification[0m [1;30mLevel 1[0m _identify(data/20260517_201209_session) by extension 'colcon_pkg'
[0.451s] [34mcolcon.colcon_core.package_identification[0m [1;30mLevel 1[0m _identify(data/20260517_201209_session) by extensions ['colcon_meta']
[0.451s] [34mcolcon.colcon_core.package_identification[0m [1;30mLevel 1[0m _identify(data/20260517_201209_session) by extension 'colcon_meta'
[0.451s] [34mcolcon.colcon_core.package_identification[0m [1;30mLevel 1[0m _identify(data/20260517_201209_session) by extensions ['ros']
[0.451s] [34mcolcon.colcon_core.package_identification[0m [1;30mLevel 1[0m _identify(data/20260517_201209_session) by extension 'ros'
[0.451s] [34mcolcon.colcon_core.package_identification[0m [1;30mLevel 1[0m _identify(data/20260517_201209_session) by extensions ['cmake', 'python']
[0.451s] [34mcolcon.colcon_core.package_identification[0m [1;30mLevel 1[0m _identify(data/20260517_201209_session) by extension 'cmake'
[0.451s] [34mcolcon.colcon_core.package_identification[0m [1;30mLevel 1[0m _identify(data/20260517_201209_session) by extension 'python'
[0.451s] [34mcolcon.colcon_core.package_identification[0m [1;30mLevel 1[0m _identify(data/20260517_201209_session) by extensions ['python_setup_py']
[0.451s] [34mcolcon.colcon_core.package_identification[0m [1;30mLevel 1[0m _identify(data/20260517_201209_session) by extension 'python_setup_py'
[0.451s] [34mcolcon.colcon_core.package_identification[0m [1;30mLevel 1[0m _identify(data/20260517_201209_session/1_gui_capture) by extensions ['ignore', 'ignore_ament_install']
[0.451s] [34mcolcon.colcon_core.package_identification[0m [1;30mLevel 1[0m _identify(data/20260517_201209_session/1_gui_capture) by extension 'ignore'
[0.451s] [34mcolcon.colcon_core.package_identification[0m [1;30mLevel 1[0m _identify(data/20260517_201209_session/1_gui_capture) by extension 'ignore_ament_install'
[0.452s] [34mcolcon.colcon_core.package_identification[0m [1;30mLevel 1[0m _identify(data/20260517_201209_session/1_gui_capture) by extensions ['colcon_pkg']
[0.452s] [34mcolcon.colcon_core.package_identification[0m [1;30mLevel 1[0m _identify(data/20260517_201209_session/1_gui_capture) by extension 'colcon_pkg'
[0.452s] [34mcolcon.colcon_core.package_identification[0m [1;30mLevel 1[0m _identify(data/20260517_201209_session/1_gui_capture) by extensions ['colcon_meta']
[0.452s] [34mcolcon.colcon_core.package_identification[0m [1;30mLevel 1[0m _identify(data/20260517_201209_session/1_gui_capture) by extension 'colcon_meta'
[0.452s] [34mcolcon.colcon_core.package_identification[0m [1;30mLevel 1[0m _identify(data/20260517_201209_session/1_gui_capture) by extensions ['ros']
[0.452s] [34mcolcon.colcon_core.package_identification[0m [1;30mLevel 1[0m _identify(data/20260517_201209_session/1_gui_capture) by extension 'ros'
[0.452s] [34mcolcon.colcon_core.package_identification[0m [1;30mLevel 1[0m _identify(data/20260517_201209_session/1_gui_capture) by extensions ['cmake', 'python']
[0.452s] [34mcolcon.colcon_core.package_identification[0m [1;30mLevel 1[0m _identify(data/20260517_201209_session/1_gui_capture) by extension 'cmake'
[0.452s] [34mcolcon.colcon_core.package_identification[0m [1;30mLevel 1[0m _identify(data/20260517_201209_session/1_gui_capture) by extension 'python'
[0.452s] [34mcolcon.colcon_core.package_identification[0m [1;30mLevel 1[0m _identify(data/20260517_201209_session/1_gui_capture) by extensions ['python_setup_py']
[0.452s] [34mcolcon.colcon_core.package_identification[0m [1;30mLevel 1[0m _identify(data/20260517_201209_session/1_gui_capture) by extension 'python_setup_py'
[0.452s] [34mcolcon.colcon_core.package_identification[0m [1;30mLevel 1[0m _identify(data/20260517_201209_session/1_gui_capture/intermediate) by extensions ['ignore', 'ignore_ament_install']
[0.452s] [34mcolcon.colcon_core.package_identification[0m [1;30mLevel 1[0m _identify(data/20260517_201209_session/1_gui_capture/intermediate) by extension 'ignore'
[0.452s] [34mcolcon.colcon_core.package_identification[0m [1;30mLevel 1[0m _identify(data/20260517_201209_session/1_gui_capture/intermediate) by extension 'ignore_ament_install'
[0.452s] [34mcolcon.colcon_core.package_identification[0m [1;30mLevel 1[0m _identify(data/20260517_201209_session/1_gui_capture/intermediate) by extensions ['colcon_pkg']
[0.452s] [34mcolcon.colcon_core.package_identification[0m [1;30mLevel 1[0m _identify(data/20260517_201209_session/1_gui_capture/intermediate) by extension 'colcon_pkg'
[0.452s] [34mcolcon.colcon_core.package_identification[0m [1;30mLevel 1[0m _identify(data/20260517_201209_session/1_gui_capture/intermediate) by extensions ['colcon_meta']
[0.452s] [34mcolcon.colcon_core.package_identification[0m [1;30mLevel 1[0m _identify(data/20260517_201209_session/1_gui_capture/intermediate) by extension 'colcon_meta'
[0.452s] [34mcolcon.colcon_core.package_identification[0m [1;30mLevel 1[0m _identify(data/20260517_201209_session/1_gui_capture/intermediate) by extensions ['ros']
[0.452s] [34mcolcon.colcon_core.package_identification[0m [1;30mLevel 1[0m _identify(data/20260517_201209_session/1_gui_capture/intermediate) by extension 'ros'
[0.452s] [34mcolcon.colcon_core.package_identification[0m [1;30mLevel 1[0m _identify(data/20260517_201209_session/1_gui_capture/intermediate) by extensions ['cmake', 'python']
[0.452s] [34mcolcon.colcon_core.package_identification[0m [1;30mLevel 1[0m _identify(data/20260517_201209_session/1_gui_capture/intermediate) by extension 'cmake'
[0.452s] [34mcolcon.colcon_core.package_identification[0m [1;30mLevel 1[0m _identify(data/20260517_201209_session/1_gui_capture/intermediate) by extension 'python'
[0.452s] [34mcolcon.colcon_core.package_identification[0m [1;30mLevel 1[0m _identify(data/20260517_201209_session/1_gui_capture/intermediate) by extensions ['python_setup_py']
[0.452s] [34mcolcon.colcon_core.package_identification[0m [1;30mLevel 1[0m _identify(data/20260517_201209_session/1_gui_capture/intermediate) by extension 'python_setup_py'
[0.452s] [34mcolcon.colcon_core.package_identification[0m [1;30mLevel 1[0m _identify(data/20260517_201209_session/1_gui_capture/processed) by extensions ['ignore', 'ignore_ament_install']
[0.453s] [34mcolcon.colcon_core.package_identification[0m [1;30mLevel 1[0m _identify(data/20260517_201209_session/1_gui_capture/processed) by extension 'ignore'
[0.453s] [34mcolcon.colcon_core.package_identification[0m [1;30mLevel 1[0m _identify(data/20260517_201209_session/1_gui_capture/processed) by extension 'ignore_ament_install'
[0.453s] [34mcolcon.colcon_core.package_identification[0m [1;30mLevel 1[0m _identify(data/20260517_201209_session/1_gui_capture/processed) by extensions ['colcon_pkg']
[0.453s] [34mcolcon.colcon_core.package_identification[0m [1;30mLevel 1[0m _identify(data/20260517_201209_session/1_gui_capture/processed) by extension 'colcon_pkg'
[0.453s] [34mcolcon.colcon_core.package_identification[0m [1;30mLevel 1[0m _identify(data/20260517_201209_session/1_gui_capture/processed) by extensions ['colcon_meta']
[0.453s] [34mcolcon.colcon_core.package_identification[0m [1;30mLevel 1[0m _identify(data/20260517_201209_session/1_gui_capture/processed) by extension 'colcon_meta'
[0.453s] [34mcolcon.colcon_core.package_identification[0m [1;30mLevel 1[0m _identify(data/20260517_201209_session/1_gui_capture/processed) by extensions ['ros']
[0.453s] [34mcolcon.colcon_core.package_identification[0m [1;30mLevel 1[0m _identify(data/20260517_201209_session/1_gui_capture/processed) by extension 'ros'
[0.453s] [34mcolcon.colcon_core.package_identification[0m [1;30mLevel 1[0m _identify(data/20260517_201209_session/1_gui_capture/processed) by extensions ['cmake', 'python']
[0.453s] [34mcolcon.colcon_core.package_identification[0m [1;30mLevel 1[0m _identify(data/20260517_201209_session/1_gui_capture/processed) by extension 'cmake'
[0.453s] [34mcolcon.colcon_core.package_identification[0m [1;30mLevel 1[0m _identify(data/20260517_201209_session/1_gui_capture/processed) by extension 'python'
[0.453s] [34mcolcon.colcon_core.package_identification[0m [1;30mLevel 1[0m _identify(data/20260517_201209_session/1_gui_capture/processed) by extensions ['python_setup_py']
[0.453s] [34mcolcon.colcon_core.package_identification[0m [1;30mLevel 1[0m _identify(data/20260517_201209_session/1_gui_capture/processed) by extension 'python_setup_py'
[0.453s] [34mcolcon.colcon_core.package_identification[0m [1;30mLevel 1[0m _identify(data/20260517_201209_session/1_gui_capture/raw) by extensions ['ignore', 'ignore_ament_install']
[0.453s] [34mcolcon.colcon_core.package_identification[0m [1;30mLevel 1[0m _identify(data/20260517_201209_session/1_gui_capture/raw) by extension 'ignore'
[0.453s] [34mcolcon.colcon_core.package_identification[0m [1;30mLevel 1[0m _identify(data/20260517_201209_session/1_gui_capture/raw) by extension 'ignore_ament_install'
[0.453s] [34mcolcon.colcon_core.package_identification[0m [1;30mLevel 1[0m _identify(data/20260517_201209_session/1_gui_capture/raw) by extensions ['colcon_pkg']
[0.453s] [34mcolcon.colcon_core.package_identification[0m [1;30mLevel 1[0m _identify(data/20260517_201209_session/1_gui_capture/raw) by extension 'colcon_pkg'
[0.453s] [34mcolcon.colcon_core.package_identification[0m [1;30mLevel 1[0m _identify(data/20260517_201209_session/1_gui_capture/raw) by extensions ['colcon_meta']
[0.453s] [34mcolcon.colcon_core.package_identification[0m [1;30mLevel 1[0m _identify(data/20260517_201209_session/1_gui_capture/raw) by extension 'colcon_meta'
[0.453s] [34mcolcon.colcon_core.package_identification[0m [1;30mLevel 1[0m _identify(data/20260517_201209_session/1_gui_capture/raw) by extensions ['ros']
[0.453s] [34mcolcon.colcon_core.package_identification[0m [1;30mLevel 1[0m _identify(data/20260517_201209_session/1_gui_capture/raw) by extension 'ros'
[0.453s] [34mcolcon.colcon_core.package_identification[0m [1;30mLevel 1[0m _identify(data/20260517_201209_session/1_gui_capture/raw) by extensions ['cmake', 'python']
[0.453s] [34mcolcon.colcon_core.package_identification[0m [1;30mLevel 1[0m _identify(data/20260517_201209_session/1_gui_capture/raw) by extension 'cmake'
[0.453s] [34mcolcon.colcon_core.package_identification[0m [1;30mLevel 1[0m _identify(data/20260517_201209_session/1_gui_capture/raw) by extension 'python'
[0.453s] [34mcolcon.colcon_core.package_identification[0m [1;30mLevel 1[0m _identify(data/20260517_201209_session/1_gui_capture/raw) by extensions ['python_setup_py']
[0.453s] [34mcolcon.colcon_core.package_identification[0m [1;30mLevel 1[0m _identify(data/20260517_201209_session/1_gui_capture/raw) by extension 'python_setup_py'
[0.454s] [34mcolcon.colcon_core.package_identification[0m [1;30mLevel 1[0m _identify(data/20260517_202028_session) by extensions ['ignore', 'ignore_ament_install']
[0.454s] [34mcolcon.colcon_core.package_identification[0m [1;30mLevel 1[0m _identify(data/20260517_202028_session) by extension 'ignore'
[0.454s] [34mcolcon.colcon_core.package_identification[0m [1;30mLevel 1[0m _identify(data/20260517_202028_session) by extension 'ignore_ament_install'
[0.454s] [34mcolcon.colcon_core.package_identification[0m [1;30mLevel 1[0m _identify(data/20260517_202028_session) by extensions ['colcon_pkg']
[0.454s] [34mcolcon.colcon_core.package_identification[0m [1;30mLevel 1[0m _identify(data/20260517_202028_session) by extension 'colcon_pkg'
[0.454s] [34mcolcon.colcon_core.package_identification[0m [1;30mLevel 1[0m _identify(data/20260517_202028_session) by extensions ['colcon_meta']
[0.454s] [34mcolcon.colcon_core.package_identification[0m [1;30mLevel 1[0m _identify(data/20260517_202028_session) by extension 'colcon_meta'
[0.454s] [34mcolcon.colcon_core.package_identification[0m [1;30mLevel 1[0m _identify(data/20260517_202028_session) by extensions ['ros']
[0.454s] [34mcolcon.colcon_core.package_identification[0m [1;30mLevel 1[0m _identify(data/20260517_202028_session) by extension 'ros'
[0.454s] [34mcolcon.colcon_core.package_identification[0m [1;30mLevel 1[0m _identify(data/20260517_202028_session) by extensions ['cmake', 'python']
[0.454s] [34mcolcon.colcon_core.package_identification[0m [1;30mLevel 1[0m _identify(data/20260517_202028_session) by extension 'cmake'
[0.454s] [34mcolcon.colcon_core.package_identification[0m [1;30mLevel 1[0m _identify(data/20260517_202028_session) by extension 'python'
[0.454s] [34mcolcon.colcon_core.package_identification[0m [1;30mLevel 1[0m _identify(data/20260517_202028_session) by extensions ['python_setup_py']
[0.454s] [34mcolcon.colcon_core.package_identification[0m [1;30mLevel 1[0m _identify(data/20260517_202028_session) by extension 'python_setup_py'
[0.454s] [34mcolcon.colcon_core.package_identification[0m [1;30mLevel 1[0m _identify(data/20260517_202131_session) by extensions ['ignore', 'ignore_ament_install']
[0.454s] [34mcolcon.colcon_core.package_identification[0m [1;30mLevel 1[0m _identify(data/20260517_202131_session) by extension 'ignore'
[0.454s] [34mcolcon.colcon_core.package_identification[0m [1;30mLevel 1[0m _identify(data/20260517_202131_session) by extension 'ignore_ament_install'
[0.454s] [34mcolcon.colcon_core.package_identification[0m [1;30mLevel 1[0m _identify(data/20260517_202131_session) by extensions ['colcon_pkg']
[0.454s] [34mcolcon.colcon_core.package_identification[0m [1;30mLevel 1[0m _identify(data/20260517_202131_session) by extension 'colcon_pkg'
[0.454s] [34mcolcon.colcon_core.package_identification[0m [1;30mLevel 1[0m _identify(data/20260517_202131_session) by extensions ['colcon_meta']
[0.454s] [34mcolcon.colcon_core.package_identification[0m [1;30mLevel 1[0m _identify(data/20260517_202131_session) by extension 'colcon_meta'
[0.454s] [34mcolcon.colcon_core.package_identification[0m [1;30mLevel 1[0m _identify(data/20260517_202131_session) by extensions ['ros']
[0.454s] [34mcolcon.colcon_core.package_identification[0m [1;30mLevel 1[0m _identify(data/20260517_202131_session) by extension 'ros'
[0.454s] [34mcolcon.colcon_core.package_identification[0m [1;30mLevel 1[0m _identify(data/20260517_202131_session) by extensions ['cmake', 'python']
[0.454s] [34mcolcon.colcon_core.package_identification[0m [1;30mLevel 1[0m _identify(data/20260517_202131_session) by extension 'cmake'
[0.454s] [34mcolcon.colcon_core.package_identification[0m [1;30mLevel 1[0m _identify(data/20260517_202131_session) by extension 'python'
[0.454s] [34mcolcon.colcon_core.package_identification[0m [1;30mLevel 1[0m _identify(data/20260517_202131_session) by extensions ['python_setup_py']
[0.454s] [34mcolcon.colcon_core.package_identification[0m [1;30mLevel 1[0m _identify(data/20260517_202131_session) by extension 'python_setup_py'
[0.455s] [34mcolcon.colcon_core.package_identification[0m [1;30mLevel 1[0m _identify(data/20260517_202131_session/1_gui_capture) by extensions ['ignore', 'ignore_ament_install']
[0.455s] [34mcolcon.colcon_core.package_identification[0m [1;30mLevel 1[0m _identify(data/20260517_202131_session/1_gui_capture) by extension 'ignore'
[0.455s] [34mcolcon.colcon_core.package_identification[0m [1;30mLevel 1[0m _identify(data/20260517_202131_session/1_gui_capture) by extension 'ignore_ament_install'
[0.455s] [34mcolcon.colcon_core.package_identification[0m [1;30mLevel 1[0m _identify(data/20260517_202131_session/1_gui_capture) by extensions ['colcon_pkg']
[0.455s] [34mcolcon.colcon_core.package_identification[0m [1;30mLevel 1[0m _identify(data/20260517_202131_session/1_gui_capture) by extension 'colcon_pkg'
[0.455s] [34mcolcon.colcon_core.package_identification[0m [1;30mLevel 1[0m _identify(data/20260517_202131_session/1_gui_capture) by extensions ['colcon_meta']
[0.455s] [34mcolcon.colcon_core.package_identification[0m [1;30mLevel 1[0m _identify(data/20260517_202131_session/1_gui_capture) by extension 'colcon_meta'
[0.455s] [34mcolcon.colcon_core.package_identification[0m [1;30mLevel 1[0m _identify(data/20260517_202131_session/1_gui_capture) by extensions ['ros']
[0.455s] [34mcolcon.colcon_core.package_identification[0m [1;30mLevel 1[0m _identify(data/20260517_202131_session/1_gui_capture) by extension 'ros'
[0.455s] [34mcolcon.colcon_core.package_identification[0m [1;30mLevel 1[0m _identify(data/20260517_202131_session/1_gui_capture) by extensions ['cmake', 'python']
[0.455s] [34mcolcon.colcon_core.package_identification[0m [1;30mLevel 1[0m _identify(data/20260517_202131_session/1_gui_capture) by extension 'cmake'
[0.455s] [34mcolcon.colcon_core.package_identification[0m [1;30mLevel 1[0m _identify(data/20260517_202131_session/1_gui_capture) by extension 'python'
[0.455s] [34mcolcon.colcon_core.package_identification[0m [1;30mLevel 1[0m _identify(data/20260517_202131_session/1_gui_capture) by extensions ['python_setup_py']
[0.455s] [34mcolcon.colcon_core.package_identification[0m [1;30mLevel 1[0m _identify(data/20260517_202131_session/1_gui_capture) by extension 'python_setup_py'
[0.455s] [34mcolcon.colcon_core.package_identification[0m [1;30mLevel 1[0m _identify(data/20260517_202131_session/1_gui_capture/intermediate) by extensions ['ignore', 'ignore_ament_install']
[0.455s] [34mcolcon.colcon_core.package_identification[0m [1;30mLevel 1[0m _identify(data/20260517_202131_session/1_gui_capture/intermediate) by extension 'ignore'
[0.455s] [34mcolcon.colcon_core.package_identification[0m [1;30mLevel 1[0m _identify(data/20260517_202131_session/1_gui_capture/intermediate) by extension 'ignore_ament_install'
[0.455s] [34mcolcon.colcon_core.package_identification[0m [1;30mLevel 1[0m _identify(data/20260517_202131_session/1_gui_capture/intermediate) by extensions ['colcon_pkg']
[0.455s] [34mcolcon.colcon_core.package_identification[0m [1;30mLevel 1[0m _identify(data/20260517_202131_session/1_gui_capture/intermediate) by extension 'colcon_pkg'
[0.455s] [34mcolcon.colcon_core.package_identification[0m [1;30mLevel 1[0m _identify(data/20260517_202131_session/1_gui_capture/intermediate) by extensions ['colcon_meta']
[0.455s] [34mcolcon.colcon_core.package_identification[0m [1;30mLevel 1[0m _identify(data/20260517_202131_session/1_gui_capture/intermediate) by extension 'colcon_meta'
[0.456s] [34mcolcon.colcon_core.package_identification[0m [1;30mLevel 1[0m _identify(data/20260517_202131_session/1_gui_capture/intermediate) by extensions ['ros']
[0.456s] [34mcolcon.colcon_core.package_identification[0m [1;30mLevel 1[0m _identify(data/20260517_202131_session/1_gui_capture/intermediate) by extension 'ros'
[0.456s] [34mcolcon.colcon_core.package_identification[0m [1;30mLevel 1[0m _identify(data/20260517_202131_session/1_gui_capture/intermediate) by extensions ['cmake', 'python']
[0.456s] [34mcolcon.colcon_core.package_identification[0m [1;30mLevel 1[0m _identify(data/20260517_202131_session/1_gui_capture/intermediate) by extension 'cmake'
[0.456s] [34mcolcon.colcon_core.package_identification[0m [1;30mLevel 1[0m _identify(data/20260517_202131_session/1_gui_capture/intermediate) by extension 'python'
[0.456s] [34mcolcon.colcon_core.package_identification[0m [1;30mLevel 1[0m _identify(data/20260517_202131_session/1_gui_capture/intermediate) by extensions ['python_setup_py']
[0.456s] [34mcolcon.colcon_core.package_identification[0m [1;30mLevel 1[0m _identify(data/20260517_202131_session/1_gui_capture/intermediate) by extension 'python_setup_py'
[0.456s] [34mcolcon.colcon_core.package_identification[0m [1;30mLevel 1[0m _identify(data/20260517_202131_session/1_gui_capture/processed) by extensions ['ignore', 'ignore_ament_install']
[0.456s] [34mcolcon.colcon_core.package_identification[0m [1;30mLevel 1[0m _identify(data/20260517_202131_session/1_gui_capture/processed) by extension 'ignore'
[0.456s] [34mcolcon.colcon_core.package_identification[0m [1;30mLevel 1[0m _identify(data/20260517_202131_session/1_gui_capture/processed) by extension 'ignore_ament_install'
[0.456s] [34mcolcon.colcon_core.package_identification[0m [1;30mLevel 1[0m _identify(data/20260517_202131_session/1_gui_capture/processed) by extensions ['colcon_pkg']
[0.456s] [34mcolcon.colcon_core.package_identification[0m [1;30mLevel 1[0m _identify(data/20260517_202131_session/1_gui_capture/processed) by extension 'colcon_pkg'
[0.456s] [34mcolcon.colcon_core.package_identification[0m [1;30mLevel 1[0m _identify(data/20260517_202131_session/1_gui_capture/processed) by extensions ['colcon_meta']
[0.456s] [34mcolcon.colcon_core.package_identification[0m [1;30mLevel 1[0m _identify(data/20260517_202131_session/1_gui_capture/processed) by extension 'colcon_meta'
[0.456s] [34mcolcon.colcon_core.package_identification[0m [1;30mLevel 1[0m _identify(data/20260517_202131_session/1_gui_capture/processed) by extensions ['ros']
[0.456s] [34mcolcon.colcon_core.package_identification[0m [1;30mLevel 1[0m _identify(data/20260517_202131_session/1_gui_capture/processed) by extension 'ros'
[0.457s] [34mcolcon.colcon_core.package_identification[0m [1;30mLevel 1[0m _identify(data/20260517_202131_session/1_gui_capture/processed) by extensions ['cmake', 'python']
[0.457s] [34mcolcon.colcon_core.package_identification[0m [1;30mLevel 1[0m _identify(data/20260517_202131_session/1_gui_capture/processed) by extension 'cmake'
[0.457s] [34mcolcon.colcon_core.package_identification[0m [1;30mLevel 1[0m _identify(data/20260517_202131_session/1_gui_capture/processed) by extension 'python'
[0.457s] [34mcolcon.colcon_core.package_identification[0m [1;30mLevel 1[0m _identify(data/20260517_202131_session/1_gui_capture/processed) by extensions ['python_setup_py']
[0.457s] [34mcolcon.colcon_core.package_identification[0m [1;30mLevel 1[0m _identify(data/20260517_202131_session/1_gui_capture/processed) by extension 'python_setup_py'
[0.457s] [34mcolcon.colcon_core.package_identification[0m [1;30mLevel 1[0m _identify(data/20260517_202131_session/1_gui_capture/raw) by extensions ['ignore', 'ignore_ament_install']
[0.457s] [34mcolcon.colcon_core.package_identification[0m [1;30mLevel 1[0m _identify(data/20260517_202131_session/1_gui_capture/raw) by extension 'ignore'
[0.457s] [34mcolcon.colcon_core.package_identification[0m [1;30mLevel 1[0m _identify(data/20260517_202131_session/1_gui_capture/raw) by extension 'ignore_ament_install'
[0.457s] [34mcolcon.colcon_core.package_identification[0m [1;30mLevel 1[0m _identify(data/20260517_202131_session/1_gui_capture/raw) by extensions ['colcon_pkg']
[0.457s] [34mcolcon.colcon_core.package_identification[0m [1;30mLevel 1[0m _identify(data/20260517_202131_session/1_gui_capture/raw) by extension 'colcon_pkg'
[0.457s] [34mcolcon.colcon_core.package_identification[0m [1;30mLevel 1[0m _identify(data/20260517_202131_session/1_gui_capture/raw) by extensions ['colcon_meta']
[0.457s] [34mcolcon.colcon_core.package_identification[0m [1;30mLevel 1[0m _identify(data/20260517_202131_session/1_gui_capture/raw) by extension 'colcon_meta'
[0.457s] [34mcolcon.colcon_core.package_identification[0m [1;30mLevel 1[0m _identify(data/20260517_202131_session/1_gui_capture/raw) by extensions ['ros']
[0.457s] [34mcolcon.colcon_core.package_identification[0m [1;30mLevel 1[0m _identify(data/20260517_202131_session/1_gui_capture/raw) by extension 'ros'
[0.457s] [34mcolcon.colcon_core.package_identification[0m [1;30mLevel 1[0m _identify(data/20260517_202131_session/1_gui_capture/raw) by extensions ['cmake', 'python']
[0.457s] [34mcolcon.colcon_core.package_identification[0m [1;30mLevel 1[0m _identify(data/20260517_202131_session/1_gui_capture/raw) by extension 'cmake'
[0.458s] [34mcolcon.colcon_core.package_identification[0m [1;30mLevel 1[0m _identify(data/20260517_202131_session/1_gui_capture/raw) by extension 'python'
[0.458s] [34mcolcon.colcon_core.package_identification[0m [1;30mLevel 1[0m _identify(data/20260517_202131_session/1_gui_capture/raw) by extensions ['python_setup_py']
[0.458s] [34mcolcon.colcon_core.package_identification[0m [1;30mLevel 1[0m _identify(data/20260517_202131_session/1_gui_capture/raw) by extension 'python_setup_py'
[0.458s] [34mcolcon.colcon_core.package_identification[0m [1;30mLevel 1[0m _identify(data/20260518_125942_session) by extensions ['ignore', 'ignore_ament_install']
[0.458s] [34mcolcon.colcon_core.package_identification[0m [1;30mLevel 1[0m _identify(data/20260518_125942_session) by extension 'ignore'
[0.458s] [34mcolcon.colcon_core.package_identification[0m [1;30mLevel 1[0m _identify(data/20260518_125942_session) by extension 'ignore_ament_install'
[0.458s] [34mcolcon.colcon_core.package_identification[0m [1;30mLevel 1[0m _identify(data/20260518_125942_session) by extensions ['colcon_pkg']
[0.458s] [34mcolcon.colcon_core.package_identification[0m [1;30mLevel 1[0m _identify(data/20260518_125942_session) by extension 'colcon_pkg'
[0.458s] [34mcolcon.colcon_core.package_identification[0m [1;30mLevel 1[0m _identify(data/20260518_125942_session) by extensions ['colcon_meta']
[0.458s] [34mcolcon.colcon_core.package_identification[0m [1;30mLevel 1[0m _identify(data/20260518_125942_session) by extension 'colcon_meta'
[0.458s] [34mcolcon.colcon_core.package_identification[0m [1;30mLevel 1[0m _identify(data/20260518_125942_session) by extensions ['ros']
[0.458s] [34mcolcon.colcon_core.package_identification[0m [1;30mLevel 1[0m _identify(data/20260518_125942_session) by extension 'ros'
[0.458s] [34mcolcon.colcon_core.package_identification[0m [1;30mLevel 1[0m _identify(data/20260518_125942_session) by extensions ['cmake', 'python']
[0.458s] [34mcolcon.colcon_core.package_identification[0m [1;30mLevel 1[0m _identify(data/20260518_125942_session) by extension 'cmake'
[0.458s] [34mcolcon.colcon_core.package_identification[0m [1;30mLevel 1[0m _identify(data/20260518_125942_session) by extension 'python'
[0.458s] [34mcolcon.colcon_core.package_identification[0m [1;30mLevel 1[0m _identify(data/20260518_125942_session) by extensions ['python_setup_py']
[0.458s] [34mcolcon.colcon_core.package_identification[0m [1;30mLevel 1[0m _identify(data/20260518_125942_session) by extension 'python_setup_py'
[0.459s] [34mcolcon.colcon_core.package_identification[0m [1;30mLevel 1[0m _identify(data/20260518_125942_session/1_gui_capture) by extensions ['ignore', 'ignore_ament_install']
[0.459s] [34mcolcon.colcon_core.package_identification[0m [1;30mLevel 1[0m _identify(data/20260518_125942_session/1_gui_capture) by extension 'ignore'
[0.459s] [34mcolcon.colcon_core.package_identification[0m [1;30mLevel 1[0m _identify(data/20260518_125942_session/1_gui_capture) by extension 'ignore_ament_install'
[0.459s] [34mcolcon.colcon_core.package_identification[0m [1;30mLevel 1[0m _identify(data/20260518_125942_session/1_gui_capture) by extensions ['colcon_pkg']
[0.459s] [34mcolcon.colcon_core.package_identification[0m [1;30mLevel 1[0m _identify(data/20260518_125942_session/1_gui_capture) by extension 'colcon_pkg'
[0.459s] [34mcolcon.colcon_core.package_identification[0m [1;30mLevel 1[0m _identify(data/20260518_125942_session/1_gui_capture) by extensions ['colcon_meta']
[0.459s] [34mcolcon.colcon_core.package_identification[0m [1;30mLevel 1[0m _identify(data/20260518_125942_session/1_gui_capture) by extension 'colcon_meta'
[0.459s] [34mcolcon.colcon_core.package_identification[0m [1;30mLevel 1[0m _identify(data/20260518_125942_session/1_gui_capture) by extensions ['ros']
[0.459s] [34mcolcon.colcon_core.package_identification[0m [1;30mLevel 1[0m _identify(data/20260518_125942_session/1_gui_capture) by extension 'ros'
[0.459s] [34mcolcon.colcon_core.package_identification[0m [1;30mLevel 1[0m _identify(data/20260518_125942_session/1_gui_capture) by extensions ['cmake', 'python']
[0.459s] [34mcolcon.colcon_core.package_identification[0m [1;30mLevel 1[0m _identify(data/20260518_125942_session/1_gui_capture) by extension 'cmake'
[0.459s] [34mcolcon.colcon_core.package_identification[0m [1;30mLevel 1[0m _identify(data/20260518_125942_session/1_gui_capture) by extension 'python'
[0.459s] [34mcolcon.colcon_core.package_identification[0m [1;30mLevel 1[0m _identify(data/20260518_125942_session/1_gui_capture) by extensions ['python_setup_py']
[0.459s] [34mcolcon.colcon_core.package_identification[0m [1;30mLevel 1[0m _identify(data/20260518_125942_session/1_gui_capture) by extension 'python_setup_py'
[0.459s] [34mcolcon.colcon_core.package_identification[0m [1;30mLevel 1[0m _identify(data/20260518_125942_session/1_gui_capture/intermediate) by extensions ['ignore', 'ignore_ament_install']
[0.460s] [34mcolcon.colcon_core.package_identification[0m [1;30mLevel 1[0m _identify(data/20260518_125942_session/1_gui_capture/intermediate) by extension 'ignore'
[0.460s] [34mcolcon.colcon_core.package_identification[0m [1;30mLevel 1[0m _identify(data/20260518_125942_session/1_gui_capture/intermediate) by extension 'ignore_ament_install'
[0.460s] [34mcolcon.colcon_core.package_identification[0m [1;30mLevel 1[0m _identify(data/20260518_125942_session/1_gui_capture/intermediate) by extensions ['colcon_pkg']
[0.460s] [34mcolcon.colcon_core.package_identification[0m [1;30mLevel 1[0m _identify(data/20260518_125942_session/1_gui_capture/intermediate) by extension 'colcon_pkg'
[0.460s] [34mcolcon.colcon_core.package_identification[0m [1;30mLevel 1[0m _identify(data/20260518_125942_session/1_gui_capture/intermediate) by extensions ['colcon_meta']
[0.460s] [34mcolcon.colcon_core.package_identification[0m [1;30mLevel 1[0m _identify(data/20260518_125942_session/1_gui_capture/intermediate) by extension 'colcon_meta'
[0.460s] [34mcolcon.colcon_core.package_identification[0m [1;30mLevel 1[0m _identify(data/20260518_125942_session/1_gui_capture/intermediate) by extensions ['ros']
[0.460s] [34mcolcon.colcon_core.package_identification[0m [1;30mLevel 1[0m _identify(data/20260518_125942_session/1_gui_capture/intermediate) by extension 'ros'
[0.460s] [34mcolcon.colcon_core.package_identification[0m [1;30mLevel 1[0m _identify(data/20260518_125942_session/1_gui_capture/intermediate) by extensions ['cmake', 'python']
[0.460s] [34mcolcon.colcon_core.package_identification[0m [1;30mLevel 1[0m _identify(data/20260518_125942_session/1_gui_capture/intermediate) by extension 'cmake'
[0.460s] [34mcolcon.colcon_core.package_identification[0m [1;30mLevel 1[0m _identify(data/20260518_125942_session/1_gui_capture/intermediate) by extension 'python'
[0.460s] [34mcolcon.colcon_core.package_identification[0m [1;30mLevel 1[0m _identify(data/20260518_125942_session/1_gui_capture/intermediate) by extensions ['python_setup_py']
[0.460s] [34mcolcon.colcon_core.package_identification[0m [1;30mLevel 1[0m _identify(data/20260518_125942_session/1_gui_capture/intermediate) by extension 'python_setup_py'
[0.460s] [34mcolcon.colcon_core.package_identification[0m [1;30mLevel 1[0m _identify(data/20260518_125942_session/1_gui_capture/processed) by extensions ['ignore', 'ignore_ament_install']
[0.460s] [34mcolcon.colcon_core.package_identification[0m [1;30mLevel 1[0m _identify(data/20260518_125942_session/1_gui_capture/processed) by extension 'ignore'
[0.460s] [34mcolcon.colcon_core.package_identification[0m [1;30mLevel 1[0m _identify(data/20260518_125942_session/1_gui_capture/processed) by extension 'ignore_ament_install'
[0.460s] [34mcolcon.colcon_core.package_identification[0m [1;30mLevel 1[0m _identify(data/20260518_125942_session/1_gui_capture/processed) by extensions ['colcon_pkg']
[0.461s] [34mcolcon.colcon_core.package_identification[0m [1;30mLevel 1[0m _identify(data/20260518_125942_session/1_gui_capture/processed) by extension 'colcon_pkg'
[0.461s] [34mcolcon.colcon_core.package_identification[0m [1;30mLevel 1[0m _identify(data/20260518_125942_session/1_gui_capture/processed) by extensions ['colcon_meta']
[0.461s] [34mcolcon.colcon_core.package_identification[0m [1;30mLevel 1[0m _identify(data/20260518_125942_session/1_gui_capture/processed) by extension 'colcon_meta'
[0.461s] [34mcolcon.colcon_core.package_identification[0m [1;30mLevel 1[0m _identify(data/20260518_125942_session/1_gui_capture/processed) by extensions ['ros']
[0.461s] [34mcolcon.colcon_core.package_identification[0m [1;30mLevel 1[0m _identify(data/20260518_125942_session/1_gui_capture/processed) by extension 'ros'
[0.461s] [34mcolcon.colcon_core.package_identification[0m [1;30mLevel 1[0m _identify(data/20260518_125942_session/1_gui_capture/processed) by extensions ['cmake', 'python']
[0.461s] [34mcolcon.colcon_core.package_identification[0m [1;30mLevel 1[0m _identify(data/20260518_125942_session/1_gui_capture/processed) by extension 'cmake'
[0.461s] [34mcolcon.colcon_core.package_identification[0m [1;30mLevel 1[0m _identify(data/20260518_125942_session/1_gui_capture/processed) by extension 'python'
[0.461s] [34mcolcon.colcon_core.package_identification[0m [1;30mLevel 1[0m _identify(data/20260518_125942_session/1_gui_capture/processed) by extensions ['python_setup_py']
[0.461s] [34mcolcon.colcon_core.package_identification[0m [1;30mLevel 1[0m _identify(data/20260518_125942_session/1_gui_capture/processed) by extension 'python_setup_py'
[0.461s] [34mcolcon.colcon_core.package_identification[0m [1;30mLevel 1[0m _identify(data/20260518_125942_session/1_gui_capture/raw) by extensions ['ignore', 'ignore_ament_install']
[0.461s] [34mcolcon.colcon_core.package_identification[0m [1;30mLevel 1[0m _identify(data/20260518_125942_session/1_gui_capture/raw) by extension 'ignore'
[0.461s] [34mcolcon.colcon_core.package_identification[0m [1;30mLevel 1[0m _identify(data/20260518_125942_session/1_gui_capture/raw) by extension 'ignore_ament_install'
[0.461s] [34mcolcon.colcon_core.package_identification[0m [1;30mLevel 1[0m _identify(data/20260518_125942_session/1_gui_capture/raw) by extensions ['colcon_pkg']
[0.461s] [34mcolcon.colcon_core.package_identification[0m [1;30mLevel 1[0m _identify(data/20260518_125942_session/1_gui_capture/raw) by extension 'colcon_pkg'
[0.461s] [34mcolcon.colcon_core.package_identification[0m [1;30mLevel 1[0m _identify(data/20260518_125942_session/1_gui_capture/raw) by extensions ['colcon_meta']
[0.461s] [34mcolcon.colcon_core.package_identification[0m [1;30mLevel 1[0m _identify(data/20260518_125942_session/1_gui_capture/raw) by extension 'colcon_meta'
[0.462s] [34mcolcon.colcon_core.package_identification[0m [1;30mLevel 1[0m _identify(data/20260518_125942_session/1_gui_capture/raw) by extensions ['ros']
[0.462s] [34mcolcon.colcon_core.package_identification[0m [1;30mLevel 1[0m _identify(data/20260518_125942_session/1_gui_capture/raw) by extension 'ros'
[0.462s] [34mcolcon.colcon_core.package_identification[0m [1;30mLevel 1[0m _identify(data/20260518_125942_session/1_gui_capture/raw) by extensions ['cmake', 'python']
[0.462s] [34mcolcon.colcon_core.package_identification[0m [1;30mLevel 1[0m _identify(data/20260518_125942_session/1_gui_capture/raw) by extension 'cmake'
[0.462s] [34mcolcon.colcon_core.package_identification[0m [1;30mLevel 1[0m _identify(data/20260518_125942_session/1_gui_capture/raw) by extension 'python'
[0.462s] [34mcolcon.colcon_core.package_identification[0m [1;30mLevel 1[0m _identify(data/20260518_125942_session/1_gui_capture/raw) by extensions ['python_setup_py']
[0.462s] [34mcolcon.colcon_core.package_identification[0m [1;30mLevel 1[0m _identify(data/20260518_125942_session/1_gui_capture/raw) by extension 'python_setup_py'
[0.462s] [34mcolcon.colcon_core.package_identification[0m [1;30mLevel 1[0m _identify(data/20260518_185432_session) by extensions ['ignore', 'ignore_ament_install']
[0.462s] [34mcolcon.colcon_core.package_identification[0m [1;30mLevel 1[0m _identify(data/20260518_185432_session) by extension 'ignore'
[0.462s] [34mcolcon.colcon_core.package_identification[0m [1;30mLevel 1[0m _identify(data/20260518_185432_session) by extension 'ignore_ament_install'
[0.462s] [34mcolcon.colcon_core.package_identification[0m [1;30mLevel 1[0m _identify(data/20260518_185432_session) by extensions ['colcon_pkg']
[0.462s] [34mcolcon.colcon_core.package_identification[0m [1;30mLevel 1[0m _identify(data/20260518_185432_session) by extension 'colcon_pkg'
[0.462s] [34mcolcon.colcon_core.package_identification[0m [1;30mLevel 1[0m _identify(data/20260518_185432_session) by extensions ['colcon_meta']
[0.462s] [34mcolcon.colcon_core.package_identification[0m [1;30mLevel 1[0m _identify(data/20260518_185432_session) by extension 'colcon_meta'
[0.462s] [34mcolcon.colcon_core.package_identification[0m [1;30mLevel 1[0m _identify(data/20260518_185432_session) by extensions ['ros']
[0.462s] [34mcolcon.colcon_core.package_identification[0m [1;30mLevel 1[0m _identify(data/20260518_185432_session) by extension 'ros'
[0.463s] [34mcolcon.colcon_core.package_identification[0m [1;30mLevel 1[0m _identify(data/20260518_185432_session) by extensions ['cmake', 'python']
[0.463s] [34mcolcon.colcon_core.package_identification[0m [1;30mLevel 1[0m _identify(data/20260518_185432_session) by extension 'cmake'
[0.463s] [34mcolcon.colcon_core.package_identification[0m [1;30mLevel 1[0m _identify(data/20260518_185432_session) by extension 'python'
[0.463s] [34mcolcon.colcon_core.package_identification[0m [1;30mLevel 1[0m _identify(data/20260518_185432_session) by extensions ['python_setup_py']
[0.463s] [34mcolcon.colcon_core.package_identification[0m [1;30mLevel 1[0m _identify(data/20260518_185432_session) by extension 'python_setup_py'
[0.463s] [34mcolcon.colcon_core.package_identification[0m [1;30mLevel 1[0m _identify(data/20260518_185829_session) by extensions ['ignore', 'ignore_ament_install']
[0.463s] [34mcolcon.colcon_core.package_identification[0m [1;30mLevel 1[0m _identify(data/20260518_185829_session) by extension 'ignore'
[0.463s] [34mcolcon.colcon_core.package_identification[0m [1;30mLevel 1[0m _identify(data/20260518_185829_session) by extension 'ignore_ament_install'
[0.463s] [34mcolcon.colcon_core.package_identification[0m [1;30mLevel 1[0m _identify(data/20260518_185829_session) by extensions ['colcon_pkg']
[0.463s] [34mcolcon.colcon_core.package_identification[0m [1;30mLevel 1[0m _identify(data/20260518_185829_session) by extension 'colcon_pkg'
[0.463s] [34mcolcon.colcon_core.package_identification[0m [1;30mLevel 1[0m _identify(data/20260518_185829_session) by extensions ['colcon_meta']
[0.463s] [34mcolcon.colcon_core.package_identification[0m [1;30mLevel 1[0m _identify(data/20260518_185829_session) by extension 'colcon_meta'
[0.463s] [34mcolcon.colcon_core.package_identification[0m [1;30mLevel 1[0m _identify(data/20260518_185829_session) by extensions ['ros']
[0.463s] [34mcolcon.colcon_core.package_identification[0m [1;30mLevel 1[0m _identify(data/20260518_185829_session) by extension 'ros'
[0.463s] [34mcolcon.colcon_core.package_identification[0m [1;30mLevel 1[0m _identify(data/20260518_185829_session) by extensions ['cmake', 'python']
[0.463s] [34mcolcon.colcon_core.package_identification[0m [1;30mLevel 1[0m _identify(data/20260518_185829_session) by extension 'cmake'
[0.463s] [34mcolcon.colcon_core.package_identification[0m [1;30mLevel 1[0m _identify(data/20260518_185829_session) by extension 'python'
[0.463s] [34mcolcon.colcon_core.package_identification[0m [1;30mLevel 1[0m _identify(data/20260518_185829_session) by extensions ['python_setup_py']
[0.464s] [34mcolcon.colcon_core.package_identification[0m [1;30mLevel 1[0m _identify(data/20260518_185829_session) by extension 'python_setup_py'
[0.464s] [34mcolcon.colcon_core.package_identification[0m [1;30mLevel 1[0m _identify(data/20260518_190021_session) by extensions ['ignore', 'ignore_ament_install']
[0.464s] [34mcolcon.colcon_core.package_identification[0m [1;30mLevel 1[0m _identify(data/20260518_190021_session) by extension 'ignore'
[0.464s] [34mcolcon.colcon_core.package_identification[0m [1;30mLevel 1[0m _identify(data/20260518_190021_session) by extension 'ignore_ament_install'
[0.464s] [34mcolcon.colcon_core.package_identification[0m [1;30mLevel 1[0m _identify(data/20260518_190021_session) by extensions ['colcon_pkg']
[0.464s] [34mcolcon.colcon_core.package_identification[0m [1;30mLevel 1[0m _identify(data/20260518_190021_session) by extension 'colcon_pkg'
[0.464s] [34mcolcon.colcon_core.package_identification[0m [1;30mLevel 1[0m _identify(data/20260518_190021_session) by extensions ['colcon_meta']
[0.464s] [34mcolcon.colcon_core.package_identification[0m [1;30mLevel 1[0m _identify(data/20260518_190021_session) by extension 'colcon_meta'
[0.464s] [34mcolcon.colcon_core.package_identification[0m [1;30mLevel 1[0m _identify(data/20260518_190021_session) by extensions ['ros']
[0.464s] [34mcolcon.colcon_core.package_identification[0m [1;30mLevel 1[0m _identify(data/20260518_190021_session) by extension 'ros'
[0.464s] [34mcolcon.colcon_core.package_identification[0m [1;30mLevel 1[0m _identify(data/20260518_190021_session) by extensions ['cmake', 'python']
[0.464s] [34mcolcon.colcon_core.package_identification[0m [1;30mLevel 1[0m _identify(data/20260518_190021_session) by extension 'cmake'
[0.464s] [34mcolcon.colcon_core.package_identification[0m [1;30mLevel 1[0m _identify(data/20260518_190021_session) by extension 'python'
[0.464s] [34mcolcon.colcon_core.package_identification[0m [1;30mLevel 1[0m _identify(data/20260518_190021_session) by extensions ['python_setup_py']
[0.464s] [34mcolcon.colcon_core.package_identification[0m [1;30mLevel 1[0m _identify(data/20260518_190021_session) by extension 'python_setup_py'
[0.464s] [34mcolcon.colcon_core.package_identification[0m [1;30mLevel 1[0m _identify(data/20260518_190039_session) by extensions ['ignore', 'ignore_ament_install']
[0.465s] [34mcolcon.colcon_core.package_identification[0m [1;30mLevel 1[0m _identify(data/20260518_190039_session) by extension 'ignore'
[0.465s] [34mcolcon.colcon_core.package_identification[0m [1;30mLevel 1[0m _identify(data/20260518_190039_session) by extension 'ignore_ament_install'
[0.465s] [34mcolcon.colcon_core.package_identification[0m [1;30mLevel 1[0m _identify(data/20260518_190039_session) by extensions ['colcon_pkg']
[0.465s] [34mcolcon.colcon_core.package_identification[0m [1;30mLevel 1[0m _identify(data/20260518_190039_session) by extension 'colcon_pkg'
[0.465s] [34mcolcon.colcon_core.package_identification[0m [1;30mLevel 1[0m _identify(data/20260518_190039_session) by extensions ['colcon_meta']
[0.465s] [34mcolcon.colcon_core.package_identification[0m [1;30mLevel 1[0m _identify(data/20260518_190039_session) by extension 'colcon_meta'
[0.465s] [34mcolcon.colcon_core.package_identification[0m [1;30mLevel 1[0m _identify(data/20260518_190039_session) by extensions ['ros']
[0.465s] [34mcolcon.colcon_core.package_identification[0m [1;30mLevel 1[0m _identify(data/20260518_190039_session) by extension 'ros'
[0.465s] [34mcolcon.colcon_core.package_identification[0m [1;30mLevel 1[0m _identify(data/20260518_190039_session) by extensions ['cmake', 'python']
[0.465s] [34mcolcon.colcon_core.package_identification[0m [1;30mLevel 1[0m _identify(data/20260518_190039_session) by extension 'cmake'
[0.465s] [34mcolcon.colcon_core.package_identification[0m [1;30mLevel 1[0m _identify(data/20260518_190039_session) by extension 'python'
[0.465s] [34mcolcon.colcon_core.package_identification[0m [1;30mLevel 1[0m _identify(data/20260518_190039_session) by extensions ['python_setup_py']
[0.465s] [34mcolcon.colcon_core.package_identification[0m [1;30mLevel 1[0m _identify(data/20260518_190039_session) by extension 'python_setup_py'
[0.465s] [34mcolcon.colcon_core.package_identification[0m [1;30mLevel 1[0m _identify(data/20260518_190257_session) by extensions ['ignore', 'ignore_ament_install']
[0.465s] [34mcolcon.colcon_core.package_identification[0m [1;30mLevel 1[0m _identify(data/20260518_190257_session) by extension 'ignore'
[0.465s] [34mcolcon.colcon_core.package_identification[0m [1;30mLevel 1[0m _identify(data/20260518_190257_session) by extension 'ignore_ament_install'
[0.465s] [34mcolcon.colcon_core.package_identification[0m [1;30mLevel 1[0m _identify(data/20260518_190257_session) by extensions ['colcon_pkg']
[0.466s] [34mcolcon.colcon_core.package_identification[0m [1;30mLevel 1[0m _identify(data/20260518_190257_session) by extension 'colcon_pkg'
[0.466s] [34mcolcon.colcon_core.package_identification[0m [1;30mLevel 1[0m _identify(data/20260518_190257_session) by extensions ['colcon_meta']
[0.466s] [34mcolcon.colcon_core.package_identification[0m [1;30mLevel 1[0m _identify(data/20260518_190257_session) by extension 'colcon_meta'
[0.466s] [34mcolcon.colcon_core.package_identification[0m [1;30mLevel 1[0m _identify(data/20260518_190257_session) by extensions ['ros']
[0.466s] [34mcolcon.colcon_core.package_identification[0m [1;30mLevel 1[0m _identify(data/20260518_190257_session) by extension 'ros'
[0.466s] [34mcolcon.colcon_core.package_identification[0m [1;30mLevel 1[0m _identify(data/20260518_190257_session) by extensions ['cmake', 'python']
[0.466s] [34mcolcon.colcon_core.package_identification[0m [1;30mLevel 1[0m _identify(data/20260518_190257_session) by extension 'cmake'
[0.466s] [34mcolcon.colcon_core.package_identification[0m [1;30mLevel 1[0m _identify(data/20260518_190257_session) by extension 'python'
[0.466s] [34mcolcon.colcon_core.package_identification[0m [1;30mLevel 1[0m _identify(data/20260518_190257_session) by extensions ['python_setup_py']
[0.466s] [34mcolcon.colcon_core.package_identification[0m [1;30mLevel 1[0m _identify(data/20260518_190257_session) by extension 'python_setup_py'
[0.466s] [34mcolcon.colcon_core.package_identification[0m [1;30mLevel 1[0m _identify(data/20260518_190438_session) by extensions ['ignore', 'ignore_ament_install']
[0.466s] [34mcolcon.colcon_core.package_identification[0m [1;30mLevel 1[0m _identify(data/20260518_190438_session) by extension 'ignore'
[0.466s] [34mcolcon.colcon_core.package_identification[0m [1;30mLevel 1[0m _identify(data/20260518_190438_session) by extension 'ignore_ament_install'
[0.466s] [34mcolcon.colcon_core.package_identification[0m [1;30mLevel 1[0m _identify(data/20260518_190438_session) by extensions ['colcon_pkg']
[0.466s] [34mcolcon.colcon_core.package_identification[0m [1;30mLevel 1[0m _identify(data/20260518_190438_session) by extension 'colcon_pkg'
[0.466s] [34mcolcon.colcon_core.package_identification[0m [1;30mLevel 1[0m _identify(data/20260518_190438_session) by extensions ['colcon_meta']
[0.466s] [34mcolcon.colcon_core.package_identification[0m [1;30mLevel 1[0m _identify(data/20260518_190438_session) by extension 'colcon_meta'
[0.466s] [34mcolcon.colcon_core.package_identification[0m [1;30mLevel 1[0m _identify(data/20260518_190438_session) by extensions ['ros']
[0.467s] [34mcolcon.colcon_core.package_identification[0m [1;30mLevel 1[0m _identify(data/20260518_190438_session) by extension 'ros'
[0.467s] [34mcolcon.colcon_core.package_identification[0m [1;30mLevel 1[0m _identify(data/20260518_190438_session) by extensions ['cmake', 'python']
[0.467s] [34mcolcon.colcon_core.package_identification[0m [1;30mLevel 1[0m _identify(data/20260518_190438_session) by extension 'cmake'
[0.467s] [34mcolcon.colcon_core.package_identification[0m [1;30mLevel 1[0m _identify(data/20260518_190438_session) by extension 'python'
[0.467s] [34mcolcon.colcon_core.package_identification[0m [1;30mLevel 1[0m _identify(data/20260518_190438_session) by extensions ['python_setup_py']
[0.467s] [34mcolcon.colcon_core.package_identification[0m [1;30mLevel 1[0m _identify(data/20260518_190438_session) by extension 'python_setup_py'
[0.467s] [34mcolcon.colcon_core.package_identification[0m [1;30mLevel 1[0m _identify(data/20260518_191148_session) by extensions ['ignore', 'ignore_ament_install']
[0.467s] [34mcolcon.colcon_core.package_identification[0m [1;30mLevel 1[0m _identify(data/20260518_191148_session) by extension 'ignore'
[0.467s] [34mcolcon.colcon_core.package_identification[0m [1;30mLevel 1[0m _identify(data/20260518_191148_session) by extension 'ignore_ament_install'
[0.467s] [34mcolcon.colcon_core.package_identification[0m [1;30mLevel 1[0m _identify(data/20260518_191148_session) by extensions ['colcon_pkg']
[0.467s] [34mcolcon.colcon_core.package_identification[0m [1;30mLevel 1[0m _identify(data/20260518_191148_session) by extension 'colcon_pkg'
[0.467s] [34mcolcon.colcon_core.package_identification[0m [1;30mLevel 1[0m _identify(data/20260518_191148_session) by extensions ['colcon_meta']
[0.467s] [34mcolcon.colcon_core.package_identification[0m [1;30mLevel 1[0m _identify(data/20260518_191148_session) by extension 'colcon_meta'
[0.467s] [34mcolcon.colcon_core.package_identification[0m [1;30mLevel 1[0m _identify(data/20260518_191148_session) by extensions ['ros']
[0.467s] [34mcolcon.colcon_core.package_identification[0m [1;30mLevel 1[0m _identify(data/20260518_191148_session) by extension 'ros'
[0.467s] [34mcolcon.colcon_core.package_identification[0m [1;30mLevel 1[0m _identify(data/20260518_191148_session) by extensions ['cmake', 'python']
[0.467s] [34mcolcon.colcon_core.package_identification[0m [1;30mLevel 1[0m _identify(data/20260518_191148_session) by extension 'cmake'
[0.468s] [34mcolcon.colcon_core.package_identification[0m [1;30mLevel 1[0m _identify(data/20260518_191148_session) by extension 'python'
[0.468s] [34mcolcon.colcon_core.package_identification[0m [1;30mLevel 1[0m _identify(data/20260518_191148_session) by extensions ['python_setup_py']
[0.468s] [34mcolcon.colcon_core.package_identification[0m [1;30mLevel 1[0m _identify(data/20260518_191148_session) by extension 'python_setup_py'
[0.468s] [34mcolcon.colcon_core.package_identification[0m [1;30mLevel 1[0m _identify(data/20260518_191634_session) by extensions ['ignore', 'ignore_ament_install']
[0.468s] [34mcolcon.colcon_core.package_identification[0m [1;30mLevel 1[0m _identify(data/20260518_191634_session) by extension 'ignore'
[0.468s] [34mcolcon.colcon_core.package_identification[0m [1;30mLevel 1[0m _identify(data/20260518_191634_session) by extension 'ignore_ament_install'
[0.468s] [34mcolcon.colcon_core.package_identification[0m [1;30mLevel 1[0m _identify(data/20260518_191634_session) by extensions ['colcon_pkg']
[0.468s] [34mcolcon.colcon_core.package_identification[0m [1;30mLevel 1[0m _identify(data/20260518_191634_session) by extension 'colcon_pkg'
[0.468s] [34mcolcon.colcon_core.package_identification[0m [1;30mLevel 1[0m _identify(data/20260518_191634_session) by extensions ['colcon_meta']
[0.468s] [34mcolcon.colcon_core.package_identification[0m [1;30mLevel 1[0m _identify(data/20260518_191634_session) by extension 'colcon_meta'
[0.468s] [34mcolcon.colcon_core.package_identification[0m [1;30mLevel 1[0m _identify(data/20260518_191634_session) by extensions ['ros']
[0.468s] [34mcolcon.colcon_core.package_identification[0m [1;30mLevel 1[0m _identify(data/20260518_191634_session) by extension 'ros'
[0.468s] [34mcolcon.colcon_core.package_identification[0m [1;30mLevel 1[0m _identify(data/20260518_191634_session) by extensions ['cmake', 'python']
[0.468s] [34mcolcon.colcon_core.package_identification[0m [1;30mLevel 1[0m _identify(data/20260518_191634_session) by extension 'cmake'
[0.468s] [34mcolcon.colcon_core.package_identification[0m [1;30mLevel 1[0m _identify(data/20260518_191634_session) by extension 'python'
[0.468s] [34mcolcon.colcon_core.package_identification[0m [1;30mLevel 1[0m _identify(data/20260518_191634_session) by extensions ['python_setup_py']
[0.468s] [34mcolcon.colcon_core.package_identification[0m [1;30mLevel 1[0m _identify(data/20260518_191634_session) by extension 'python_setup_py'
[0.469s] [34mcolcon.colcon_core.package_identification[0m [1;30mLevel 1[0m _identify(data/20260518_192501_session) by extensions ['ignore', 'ignore_ament_install']
[0.469s] [34mcolcon.colcon_core.package_identification[0m [1;30mLevel 1[0m _identify(data/20260518_192501_session) by extension 'ignore'
[0.469s] [34mcolcon.colcon_core.package_identification[0m [1;30mLevel 1[0m _identify(data/20260518_192501_session) by extension 'ignore_ament_install'
[0.469s] [34mcolcon.colcon_core.package_identification[0m [1;30mLevel 1[0m _identify(data/20260518_192501_session) by extensions ['colcon_pkg']
[0.469s] [34mcolcon.colcon_core.package_identification[0m [1;30mLevel 1[0m _identify(data/20260518_192501_session) by extension 'colcon_pkg'
[0.469s] [34mcolcon.colcon_core.package_identification[0m [1;30mLevel 1[0m _identify(data/20260518_192501_session) by extensions ['colcon_meta']
[0.469s] [34mcolcon.colcon_core.package_identification[0m [1;30mLevel 1[0m _identify(data/20260518_192501_session) by extension 'colcon_meta'
[0.469s] [34mcolcon.colcon_core.package_identification[0m [1;30mLevel 1[0m _identify(data/20260518_192501_session) by extensions ['ros']
[0.469s] [34mcolcon.colcon_core.package_identification[0m [1;30mLevel 1[0m _identify(data/20260518_192501_session) by extension 'ros'
[0.469s] [34mcolcon.colcon_core.package_identification[0m [1;30mLevel 1[0m _identify(data/20260518_192501_session) by extensions ['cmake', 'python']
[0.469s] [34mcolcon.colcon_core.package_identification[0m [1;30mLevel 1[0m _identify(data/20260518_192501_session) by extension 'cmake'
[0.469s] [34mcolcon.colcon_core.package_identification[0m [1;30mLevel 1[0m _identify(data/20260518_192501_session) by extension 'python'
[0.469s] [34mcolcon.colcon_core.package_identification[0m [1;30mLevel 1[0m _identify(data/20260518_192501_session) by extensions ['python_setup_py']
[0.469s] [34mcolcon.colcon_core.package_identification[0m [1;30mLevel 1[0m _identify(data/20260518_192501_session) by extension 'python_setup_py'
[0.469s] [34mcolcon.colcon_core.package_identification[0m [1;30mLevel 1[0m _identify(data/20260518_193117_session) by extensions ['ignore', 'ignore_ament_install']
[0.469s] [34mcolcon.colcon_core.package_identification[0m [1;30mLevel 1[0m _identify(data/20260518_193117_session) by extension 'ignore'
[0.469s] [34mcolcon.colcon_core.package_identification[0m [1;30mLevel 1[0m _identify(data/20260518_193117_session) by extension 'ignore_ament_install'
[0.470s] [34mcolcon.colcon_core.package_identification[0m [1;30mLevel 1[0m _identify(data/20260518_193117_session) by extensions ['colcon_pkg']
[0.470s] [34mcolcon.colcon_core.package_identification[0m [1;30mLevel 1[0m _identify(data/20260518_193117_session) by extension 'colcon_pkg'
[0.470s] [34mcolcon.colcon_core.package_identification[0m [1;30mLevel 1[0m _identify(data/20260518_193117_session) by extensions ['colcon_meta']
[0.470s] [34mcolcon.colcon_core.package_identification[0m [1;30mLevel 1[0m _identify(data/20260518_193117_session) by extension 'colcon_meta'
[0.470s] [34mcolcon.colcon_core.package_identification[0m [1;30mLevel 1[0m _identify(data/20260518_193117_session) by extensions ['ros']
[0.470s] [34mcolcon.colcon_core.package_identification[0m [1;30mLevel 1[0m _identify(data/20260518_193117_session) by extension 'ros'
[0.470s] [34mcolcon.colcon_core.package_identification[0m [1;30mLevel 1[0m _identify(data/20260518_193117_session) by extensions ['cmake', 'python']
[0.470s] [34mcolcon.colcon_core.package_identification[0m [1;30mLevel 1[0m _identify(data/20260518_193117_session) by extension 'cmake'
[0.470s] [34mcolcon.colcon_core.package_identification[0m [1;30mLevel 1[0m _identify(data/20260518_193117_session) by extension 'python'
[0.470s] [34mcolcon.colcon_core.package_identification[0m [1;30mLevel 1[0m _identify(data/20260518_193117_session) by extensions ['python_setup_py']
[0.470s] [34mcolcon.colcon_core.package_identification[0m [1;30mLevel 1[0m _identify(data/20260518_193117_session) by extension 'python_setup_py'
[0.470s] [34mcolcon.colcon_core.package_identification[0m [1;30mLevel 1[0m _identify(data/20260518_194817_session) by extensions ['ignore', 'ignore_ament_install']
[0.470s] [34mcolcon.colcon_core.package_identification[0m [1;30mLevel 1[0m _identify(data/20260518_194817_session) by extension 'ignore'
[0.470s] [34mcolcon.colcon_core.package_identification[0m [1;30mLevel 1[0m _identify(data/20260518_194817_session) by extension 'ignore_ament_install'
[0.470s] [34mcolcon.colcon_core.package_identification[0m [1;30mLevel 1[0m _identify(data/20260518_194817_session) by extensions ['colcon_pkg']
[0.470s] [34mcolcon.colcon_core.package_identification[0m [1;30mLevel 1[0m _identify(data/20260518_194817_session) by extension 'colcon_pkg'
[0.470s] [34mcolcon.colcon_core.package_identification[0m [1;30mLevel 1[0m _identify(data/20260518_194817_session) by extensions ['colcon_meta']
[0.470s] [34mcolcon.colcon_core.package_identification[0m [1;30mLevel 1[0m _identify(data/20260518_194817_session) by extension 'colcon_meta'
[0.471s] [34mcolcon.colcon_core.package_identification[0m [1;30mLevel 1[0m _identify(data/20260518_194817_session) by extensions ['ros']
[0.471s] [34mcolcon.colcon_core.package_identification[0m [1;30mLevel 1[0m _identify(data/20260518_194817_session) by extension 'ros'
[0.471s] [34mcolcon.colcon_core.package_identification[0m [1;30mLevel 1[0m _identify(data/20260518_194817_session) by extensions ['cmake', 'python']
[0.471s] [34mcolcon.colcon_core.package_identification[0m [1;30mLevel 1[0m _identify(data/20260518_194817_session) by extension 'cmake'
[0.471s] [34mcolcon.colcon_core.package_identification[0m [1;30mLevel 1[0m _identify(data/20260518_194817_session) by extension 'python'
[0.471s] [34mcolcon.colcon_core.package_identification[0m [1;30mLevel 1[0m _identify(data/20260518_194817_session) by extensions ['python_setup_py']
[0.471s] [34mcolcon.colcon_core.package_identification[0m [1;30mLevel 1[0m _identify(data/20260518_194817_session) by extension 'python_setup_py'
[0.471s] [34mcolcon.colcon_core.package_identification[0m [1;30mLevel 1[0m _identify(data/20260518_195332_session) by extensions ['ignore', 'ignore_ament_install']
[0.471s] [34mcolcon.colcon_core.package_identification[0m [1;30mLevel 1[0m _identify(data/20260518_195332_session) by extension 'ignore'
[0.471s] [34mcolcon.colcon_core.package_identification[0m [1;30mLevel 1[0m _identify(data/20260518_195332_session) by extension 'ignore_ament_install'
[0.471s] [34mcolcon.colcon_core.package_identification[0m [1;30mLevel 1[0m _identify(data/20260518_195332_session) by extensions ['colcon_pkg']
[0.471s] [34mcolcon.colcon_core.package_identification[0m [1;30mLevel 1[0m _identify(data/20260518_195332_session) by extension 'colcon_pkg'
[0.471s] [34mcolcon.colcon_core.package_identification[0m [1;30mLevel 1[0m _identify(data/20260518_195332_session) by extensions ['colcon_meta']
[0.471s] [34mcolcon.colcon_core.package_identification[0m [1;30mLevel 1[0m _identify(data/20260518_195332_session) by extension 'colcon_meta'
[0.471s] [34mcolcon.colcon_core.package_identification[0m [1;30mLevel 1[0m _identify(data/20260518_195332_session) by extensions ['ros']
[0.471s] [34mcolcon.colcon_core.package_identification[0m [1;30mLevel 1[0m _identify(data/20260518_195332_session) by extension 'ros'
[0.472s] [34mcolcon.colcon_core.package_identification[0m [1;30mLevel 1[0m _identify(data/20260518_195332_session) by extensions ['cmake', 'python']
[0.472s] [34mcolcon.colcon_core.package_identification[0m [1;30mLevel 1[0m _identify(data/20260518_195332_session) by extension 'cmake'
[0.472s] [34mcolcon.colcon_core.package_identification[0m [1;30mLevel 1[0m _identify(data/20260518_195332_session) by extension 'python'
[0.472s] [34mcolcon.colcon_core.package_identification[0m [1;30mLevel 1[0m _identify(data/20260518_195332_session) by extensions ['python_setup_py']
[0.472s] [34mcolcon.colcon_core.package_identification[0m [1;30mLevel 1[0m _identify(data/20260518_195332_session) by extension 'python_setup_py'
[0.472s] [34mcolcon.colcon_core.package_identification[0m [1;30mLevel 1[0m _identify(data/20260518_195912_session) by extensions ['ignore', 'ignore_ament_install']
[0.472s] [34mcolcon.colcon_core.package_identification[0m [1;30mLevel 1[0m _identify(data/20260518_195912_session) by extension 'ignore'
[0.472s] [34mcolcon.colcon_core.package_identification[0m [1;30mLevel 1[0m _identify(data/20260518_195912_session) by extension 'ignore_ament_install'
[0.472s] [34mcolcon.colcon_core.package_identification[0m [1;30mLevel 1[0m _identify(data/20260518_195912_session) by extensions ['colcon_pkg']
[0.472s] [34mcolcon.colcon_core.package_identification[0m [1;30mLevel 1[0m _identify(data/20260518_195912_session) by extension 'colcon_pkg'
[0.472s] [34mcolcon.colcon_core.package_identification[0m [1;30mLevel 1[0m _identify(data/20260518_195912_session) by extensions ['colcon_meta']
[0.472s] [34mcolcon.colcon_core.package_identification[0m [1;30mLevel 1[0m _identify(data/20260518_195912_session) by extension 'colcon_meta'
[0.472s] [34mcolcon.colcon_core.package_identification[0m [1;30mLevel 1[0m _identify(data/20260518_195912_session) by extensions ['ros']
[0.472s] [34mcolcon.colcon_core.package_identification[0m [1;30mLevel 1[0m _identify(data/20260518_195912_session) by extension 'ros'
[0.472s] [34mcolcon.colcon_core.package_identification[0m [1;30mLevel 1[0m _identify(data/20260518_195912_session) by extensions ['cmake', 'python']
[0.472s] [34mcolcon.colcon_core.package_identification[0m [1;30mLevel 1[0m _identify(data/20260518_195912_session) by extension 'cmake'
[0.472s] [34mcolcon.colcon_core.package_identification[0m [1;30mLevel 1[0m _identify(data/20260518_195912_session) by extension 'python'
[0.472s] [34mcolcon.colcon_core.package_identification[0m [1;30mLevel 1[0m _identify(data/20260518_195912_session) by extensions ['python_setup_py']
[0.473s] [34mcolcon.colcon_core.package_identification[0m [1;30mLevel 1[0m _identify(data/20260518_195912_session) by extension 'python_setup_py'
[0.473s] [34mcolcon.colcon_core.package_identification[0m [1;30mLevel 1[0m _identify(data/20260518_200015_session) by extensions ['ignore', 'ignore_ament_install']
[0.473s] [34mcolcon.colcon_core.package_identification[0m [1;30mLevel 1[0m _identify(data/20260518_200015_session) by extension 'ignore'
[0.473s] [34mcolcon.colcon_core.package_identification[0m [1;30mLevel 1[0m _identify(data/20260518_200015_session) by extension 'ignore_ament_install'
[0.473s] [34mcolcon.colcon_core.package_identification[0m [1;30mLevel 1[0m _identify(data/20260518_200015_session) by extensions ['colcon_pkg']
[0.473s] [34mcolcon.colcon_core.package_identification[0m [1;30mLevel 1[0m _identify(data/20260518_200015_session) by extension 'colcon_pkg'
[0.473s] [34mcolcon.colcon_core.package_identification[0m [1;30mLevel 1[0m _identify(data/20260518_200015_session) by extensions ['colcon_meta']
[0.473s] [34mcolcon.colcon_core.package_identification[0m [1;30mLevel 1[0m _identify(data/20260518_200015_session) by extension 'colcon_meta'
[0.473s] [34mcolcon.colcon_core.package_identification[0m [1;30mLevel 1[0m _identify(data/20260518_200015_session) by extensions ['ros']
[0.473s] [34mcolcon.colcon_core.package_identification[0m [1;30mLevel 1[0m _identify(data/20260518_200015_session) by extension 'ros'
[0.473s] [34mcolcon.colcon_core.package_identification[0m [1;30mLevel 1[0m _identify(data/20260518_200015_session) by extensions ['cmake', 'python']
[0.473s] [34mcolcon.colcon_core.package_identification[0m [1;30mLevel 1[0m _identify(data/20260518_200015_session) by extension 'cmake'
[0.473s] [34mcolcon.colcon_core.package_identification[0m [1;30mLevel 1[0m _identify(data/20260518_200015_session) by extension 'python'
[0.473s] [34mcolcon.colcon_core.package_identification[0m [1;30mLevel 1[0m _identify(data/20260518_200015_session) by extensions ['python_setup_py']
[0.473s] [34mcolcon.colcon_core.package_identification[0m [1;30mLevel 1[0m _identify(data/20260518_200015_session) by extension 'python_setup_py'
[0.473s] [34mcolcon.colcon_core.package_identification[0m [1;30mLevel 1[0m _identify(data/20260518_200502_session) by extensions ['ignore', 'ignore_ament_install']
[0.474s] [34mcolcon.colcon_core.package_identification[0m [1;30mLevel 1[0m _identify(data/20260518_200502_session) by extension 'ignore'
[0.474s] [34mcolcon.colcon_core.package_identification[0m [1;30mLevel 1[0m _identify(data/20260518_200502_session) by extension 'ignore_ament_install'
[0.474s] [34mcolcon.colcon_core.package_identification[0m [1;30mLevel 1[0m _identify(data/20260518_200502_session) by extensions ['colcon_pkg']
[0.474s] [34mcolcon.colcon_core.package_identification[0m [1;30mLevel 1[0m _identify(data/20260518_200502_session) by extension 'colcon_pkg'
[0.474s] [34mcolcon.colcon_core.package_identification[0m [1;30mLevel 1[0m _identify(data/20260518_200502_session) by extensions ['colcon_meta']
[0.474s] [34mcolcon.colcon_core.package_identification[0m [1;30mLevel 1[0m _identify(data/20260518_200502_session) by extension 'colcon_meta'
[0.474s] [34mcolcon.colcon_core.package_identification[0m [1;30mLevel 1[0m _identify(data/20260518_200502_session) by extensions ['ros']
[0.474s] [34mcolcon.colcon_core.package_identification[0m [1;30mLevel 1[0m _identify(data/20260518_200502_session) by extension 'ros'
[0.474s] [34mcolcon.colcon_core.package_identification[0m [1;30mLevel 1[0m _identify(data/20260518_200502_session) by extensions ['cmake', 'python']
[0.474s] [34mcolcon.colcon_core.package_identification[0m [1;30mLevel 1[0m _identify(data/20260518_200502_session) by extension 'cmake'
[0.474s] [34mcolcon.colcon_core.package_identification[0m [1;30mLevel 1[0m _identify(data/20260518_200502_session) by extension 'python'
[0.474s] [34mcolcon.colcon_core.package_identification[0m [1;30mLevel 1[0m _identify(data/20260518_200502_session) by extensions ['python_setup_py']
[0.474s] [34mcolcon.colcon_core.package_identification[0m [1;30mLevel 1[0m _identify(data/20260518_200502_session) by extension 'python_setup_py'
[0.474s] [34mcolcon.colcon_core.package_identification[0m [1;30mLevel 1[0m _identify(data/20260518_201001_session) by extensions ['ignore', 'ignore_ament_install']
[0.474s] [34mcolcon.colcon_core.package_identification[0m [1;30mLevel 1[0m _identify(data/20260518_201001_session) by extension 'ignore'
[0.474s] [34mcolcon.colcon_core.package_identification[0m [1;30mLevel 1[0m _identify(data/20260518_201001_session) by extension 'ignore_ament_install'
[0.475s] [34mcolcon.colcon_core.package_identification[0m [1;30mLevel 1[0m _identify(data/20260518_201001_session) by extensions ['colcon_pkg']
[0.475s] [34mcolcon.colcon_core.package_identification[0m [1;30mLevel 1[0m _identify(data/20260518_201001_session) by extension 'colcon_pkg'
[0.475s] [34mcolcon.colcon_core.package_identification[0m [1;30mLevel 1[0m _identify(data/20260518_201001_session) by extensions ['colcon_meta']
[0.475s] [34mcolcon.colcon_core.package_identification[0m [1;30mLevel 1[0m _identify(data/20260518_201001_session) by extension 'colcon_meta'
[0.475s] [34mcolcon.colcon_core.package_identification[0m [1;30mLevel 1[0m _identify(data/20260518_201001_session) by extensions ['ros']
[0.475s] [34mcolcon.colcon_core.package_identification[0m [1;30mLevel 1[0m _identify(data/20260518_201001_session) by extension 'ros'
[0.475s] [34mcolcon.colcon_core.package_identification[0m [1;30mLevel 1[0m _identify(data/20260518_201001_session) by extensions ['cmake', 'python']
[0.475s] [34mcolcon.colcon_core.package_identification[0m [1;30mLevel 1[0m _identify(data/20260518_201001_session) by extension 'cmake'
[0.475s] [34mcolcon.colcon_core.package_identification[0m [1;30mLevel 1[0m _identify(data/20260518_201001_session) by extension 'python'
[0.475s] [34mcolcon.colcon_core.package_identification[0m [1;30mLevel 1[0m _identify(data/20260518_201001_session) by extensions ['python_setup_py']
[0.475s] [34mcolcon.colcon_core.package_identification[0m [1;30mLevel 1[0m _identify(data/20260518_201001_session) by extension 'python_setup_py'
[0.475s] [34mcolcon.colcon_core.package_identification[0m [1;30mLevel 1[0m _identify(data/20260518_201517_session) by extensions ['ignore', 'ignore_ament_install']
[0.475s] [34mcolcon.colcon_core.package_identification[0m [1;30mLevel 1[0m _identify(data/20260518_201517_session) by extension 'ignore'
[0.475s] [34mcolcon.colcon_core.package_identification[0m [1;30mLevel 1[0m _identify(data/20260518_201517_session) by extension 'ignore_ament_install'
[0.475s] [34mcolcon.colcon_core.package_identification[0m [1;30mLevel 1[0m _identify(data/20260518_201517_session) by extensions ['colcon_pkg']
[0.475s] [34mcolcon.colcon_core.package_identification[0m [1;30mLevel 1[0m _identify(data/20260518_201517_session) by extension 'colcon_pkg'
[0.475s] [34mcolcon.colcon_core.package_identification[0m [1;30mLevel 1[0m _identify(data/20260518_201517_session) by extensions ['colcon_meta']
[0.475s] [34mcolcon.colcon_core.package_identification[0m [1;30mLevel 1[0m _identify(data/20260518_201517_session) by extension 'colcon_meta'
[0.476s] [34mcolcon.colcon_core.package_identification[0m [1;30mLevel 1[0m _identify(data/20260518_201517_session) by extensions ['ros']
[0.476s] [34mcolcon.colcon_core.package_identification[0m [1;30mLevel 1[0m _identify(data/20260518_201517_session) by extension 'ros'
[0.476s] [34mcolcon.colcon_core.package_identification[0m [1;30mLevel 1[0m _identify(data/20260518_201517_session) by extensions ['cmake', 'python']
[0.476s] [34mcolcon.colcon_core.package_identification[0m [1;30mLevel 1[0m _identify(data/20260518_201517_session) by extension 'cmake'
[0.476s] [34mcolcon.colcon_core.package_identification[0m [1;30mLevel 1[0m _identify(data/20260518_201517_session) by extension 'python'
[0.476s] [34mcolcon.colcon_core.package_identification[0m [1;30mLevel 1[0m _identify(data/20260518_201517_session) by extensions ['python_setup_py']
[0.476s] [34mcolcon.colcon_core.package_identification[0m [1;30mLevel 1[0m _identify(data/20260518_201517_session) by extension 'python_setup_py'
[0.476s] [34mcolcon.colcon_core.package_identification[0m [1;30mLevel 1[0m _identify(data/20260518_201927_session) by extensions ['ignore', 'ignore_ament_install']
[0.476s] [34mcolcon.colcon_core.package_identification[0m [1;30mLevel 1[0m _identify(data/20260518_201927_session) by extension 'ignore'
[0.476s] [34mcolcon.colcon_core.package_identification[0m [1;30mLevel 1[0m _identify(data/20260518_201927_session) by extension 'ignore_ament_install'
[0.476s] [34mcolcon.colcon_core.package_identification[0m [1;30mLevel 1[0m _identify(data/20260518_201927_session) by extensions ['colcon_pkg']
[0.476s] [34mcolcon.colcon_core.package_identification[0m [1;30mLevel 1[0m _identify(data/20260518_201927_session) by extension 'colcon_pkg'
[0.476s] [34mcolcon.colcon_core.package_identification[0m [1;30mLevel 1[0m _identify(data/20260518_201927_session) by extensions ['colcon_meta']
[0.476s] [34mcolcon.colcon_core.package_identification[0m [1;30mLevel 1[0m _identify(data/20260518_201927_session) by extension 'colcon_meta'
[0.476s] [34mcolcon.colcon_core.package_identification[0m [1;30mLevel 1[0m _identify(data/20260518_201927_session) by extensions ['ros']
[0.476s] [34mcolcon.colcon_core.package_identification[0m [1;30mLevel 1[0m _identify(data/20260518_201927_session) by extension 'ros'
[0.476s] [34mcolcon.colcon_core.package_identification[0m [1;30mLevel 1[0m _identify(data/20260518_201927_session) by extensions ['cmake', 'python']
[0.477s] [34mcolcon.colcon_core.package_identification[0m [1;30mLevel 1[0m _identify(data/20260518_201927_session) by extension 'cmake'
[0.477s] [34mcolcon.colcon_core.package_identification[0m [1;30mLevel 1[0m _identify(data/20260518_201927_session) by extension 'python'
[0.477s] [34mcolcon.colcon_core.package_identification[0m [1;30mLevel 1[0m _identify(data/20260518_201927_session) by extensions ['python_setup_py']
[0.477s] [34mcolcon.colcon_core.package_identification[0m [1;30mLevel 1[0m _identify(data/20260518_201927_session) by extension 'python_setup_py'
[0.477s] [34mcolcon.colcon_core.package_identification[0m [1;30mLevel 1[0m _identify(data/20260518_204859_session) by extensions ['ignore', 'ignore_ament_install']
[0.477s] [34mcolcon.colcon_core.package_identification[0m [1;30mLevel 1[0m _identify(data/20260518_204859_session) by extension 'ignore'
[0.477s] [34mcolcon.colcon_core.package_identification[0m [1;30mLevel 1[0m _identify(data/20260518_204859_session) by extension 'ignore_ament_install'
[0.477s] [34mcolcon.colcon_core.package_identification[0m [1;30mLevel 1[0m _identify(data/20260518_204859_session) by extensions ['colcon_pkg']
[0.477s] [34mcolcon.colcon_core.package_identification[0m [1;30mLevel 1[0m _identify(data/20260518_204859_session) by extension 'colcon_pkg'
[0.477s] [34mcolcon.colcon_core.package_identification[0m [1;30mLevel 1[0m _identify(data/20260518_204859_session) by extensions ['colcon_meta']
[0.477s] [34mcolcon.colcon_core.package_identification[0m [1;30mLevel 1[0m _identify(data/20260518_204859_session) by extension 'colcon_meta'
[0.477s] [34mcolcon.colcon_core.package_identification[0m [1;30mLevel 1[0m _identify(data/20260518_204859_session) by extensions ['ros']
[0.477s] [34mcolcon.colcon_core.package_identification[0m [1;30mLevel 1[0m _identify(data/20260518_204859_session) by extension 'ros'
[0.477s] [34mcolcon.colcon_core.package_identification[0m [1;30mLevel 1[0m _identify(data/20260518_204859_session) by extensions ['cmake', 'python']
[0.477s] [34mcolcon.colcon_core.package_identification[0m [1;30mLevel 1[0m _identify(data/20260518_204859_session) by extension 'cmake'
[0.477s] [34mcolcon.colcon_core.package_identification[0m [1;30mLevel 1[0m _identify(data/20260518_204859_session) by extension 'python'
[0.477s] [34mcolcon.colcon_core.package_identification[0m [1;30mLevel 1[0m _identify(data/20260518_204859_session) by extensions ['python_setup_py']
[0.478s] [34mcolcon.colcon_core.package_identification[0m [1;30mLevel 1[0m _identify(data/20260518_204859_session) by extension 'python_setup_py'
[0.478s] [34mcolcon.colcon_core.package_identification[0m [1;30mLevel 1[0m _identify(data/20260518_204959_session) by extensions ['ignore', 'ignore_ament_install']
[0.478s] [34mcolcon.colcon_core.package_identification[0m [1;30mLevel 1[0m _identify(data/20260518_204959_session) by extension 'ignore'
[0.478s] [34mcolcon.colcon_core.package_identification[0m [1;30mLevel 1[0m _identify(data/20260518_204959_session) by extension 'ignore_ament_install'
[0.478s] [34mcolcon.colcon_core.package_identification[0m [1;30mLevel 1[0m _identify(data/20260518_204959_session) by extensions ['colcon_pkg']
[0.478s] [34mcolcon.colcon_core.package_identification[0m [1;30mLevel 1[0m _identify(data/20260518_204959_session) by extension 'colcon_pkg'
[0.478s] [34mcolcon.colcon_core.package_identification[0m [1;30mLevel 1[0m _identify(data/20260518_204959_session) by extensions ['colcon_meta']
[0.478s] [34mcolcon.colcon_core.package_identification[0m [1;30mLevel 1[0m _identify(data/20260518_204959_session) by extension 'colcon_meta'
[0.478s] [34mcolcon.colcon_core.package_identification[0m [1;30mLevel 1[0m _identify(data/20260518_204959_session) by extensions ['ros']
[0.478s] [34mcolcon.colcon_core.package_identification[0m [1;30mLevel 1[0m _identify(data/20260518_204959_session) by extension 'ros'
[0.478s] [34mcolcon.colcon_core.package_identification[0m [1;30mLevel 1[0m _identify(data/20260518_204959_session) by extensions ['cmake', 'python']
[0.478s] [34mcolcon.colcon_core.package_identification[0m [1;30mLevel 1[0m _identify(data/20260518_204959_session) by extension 'cmake'
[0.478s] [34mcolcon.colcon_core.package_identification[0m [1;30mLevel 1[0m _identify(data/20260518_204959_session) by extension 'python'
[0.478s] [34mcolcon.colcon_core.package_identification[0m [1;30mLevel 1[0m _identify(data/20260518_204959_session) by extensions ['python_setup_py']
[0.478s] [34mcolcon.colcon_core.package_identification[0m [1;30mLevel 1[0m _identify(data/20260518_204959_session) by extension 'python_setup_py'
[0.478s] [34mcolcon.colcon_core.package_identification[0m [1;30mLevel 1[0m _identify(data/20260518_205112_session) by extensions ['ignore', 'ignore_ament_install']
[0.479s] [34mcolcon.colcon_core.package_identification[0m [1;30mLevel 1[0m _identify(data/20260518_205112_session) by extension 'ignore'
[0.479s] [34mcolcon.colcon_core.package_identification[0m [1;30mLevel 1[0m _identify(data/20260518_205112_session) by extension 'ignore_ament_install'
[0.479s] [34mcolcon.colcon_core.package_identification[0m [1;30mLevel 1[0m _identify(data/20260518_205112_session) by extensions ['colcon_pkg']
[0.479s] [34mcolcon.colcon_core.package_identification[0m [1;30mLevel 1[0m _identify(data/20260518_205112_session) by extension 'colcon_pkg'
[0.479s] [34mcolcon.colcon_core.package_identification[0m [1;30mLevel 1[0m _identify(data/20260518_205112_session) by extensions ['colcon_meta']
[0.479s] [34mcolcon.colcon_core.package_identification[0m [1;30mLevel 1[0m _identify(data/20260518_205112_session) by extension 'colcon_meta'
[0.479s] [34mcolcon.colcon_core.package_identification[0m [1;30mLevel 1[0m _identify(data/20260518_205112_session) by extensions ['ros']
[0.479s] [34mcolcon.colcon_core.package_identification[0m [1;30mLevel 1[0m _identify(data/20260518_205112_session) by extension 'ros'
[0.479s] [34mcolcon.colcon_core.package_identification[0m [1;30mLevel 1[0m _identify(data/20260518_205112_session) by extensions ['cmake', 'python']
[0.479s] [34mcolcon.colcon_core.package_identification[0m [1;30mLevel 1[0m _identify(data/20260518_205112_session) by extension 'cmake'
[0.479s] [34mcolcon.colcon_core.package_identification[0m [1;30mLevel 1[0m _identify(data/20260518_205112_session) by extension 'python'
[0.479s] [34mcolcon.colcon_core.package_identification[0m [1;30mLevel 1[0m _identify(data/20260518_205112_session) by extensions ['python_setup_py']
[0.479s] [34mcolcon.colcon_core.package_identification[0m [1;30mLevel 1[0m _identify(data/20260518_205112_session) by extension 'python_setup_py'
[0.479s] [34mcolcon.colcon_core.package_identification[0m [1;30mLevel 1[0m _identify(data/20260518_205142_session) by extensions ['ignore', 'ignore_ament_install']
[0.479s] [34mcolcon.colcon_core.package_identification[0m [1;30mLevel 1[0m _identify(data/20260518_205142_session) by extension 'ignore'
[0.479s] [34mcolcon.colcon_core.package_identification[0m [1;30mLevel 1[0m _identify(data/20260518_205142_session) by extension 'ignore_ament_install'
[0.479s] [34mcolcon.colcon_core.package_identification[0m [1;30mLevel 1[0m _identify(data/20260518_205142_session) by extensions ['colcon_pkg']
[0.480s] [34mcolcon.colcon_core.package_identification[0m [1;30mLevel 1[0m _identify(data/20260518_205142_session) by extension 'colcon_pkg'
[0.480s] [34mcolcon.colcon_core.package_identification[0m [1;30mLevel 1[0m _identify(data/20260518_205142_session) by extensions ['colcon_meta']
[0.480s] [34mcolcon.colcon_core.package_identification[0m [1;30mLevel 1[0m _identify(data/20260518_205142_session) by extension 'colcon_meta'
[0.480s] [34mcolcon.colcon_core.package_identification[0m [1;30mLevel 1[0m _identify(data/20260518_205142_session) by extensions ['ros']
[0.480s] [34mcolcon.colcon_core.package_identification[0m [1;30mLevel 1[0m _identify(data/20260518_205142_session) by extension 'ros'
[0.480s] [34mcolcon.colcon_core.package_identification[0m [1;30mLevel 1[0m _identify(data/20260518_205142_session) by extensions ['cmake', 'python']
[0.480s] [34mcolcon.colcon_core.package_identification[0m [1;30mLevel 1[0m _identify(data/20260518_205142_session) by extension 'cmake'
[0.480s] [34mcolcon.colcon_core.package_identification[0m [1;30mLevel 1[0m _identify(data/20260518_205142_session) by extension 'python'
[0.480s] [34mcolcon.colcon_core.package_identification[0m [1;30mLevel 1[0m _identify(data/20260518_205142_session) by extensions ['python_setup_py']
[0.480s] [34mcolcon.colcon_core.package_identification[0m [1;30mLevel 1[0m _identify(data/20260518_205142_session) by extension 'python_setup_py'
[0.480s] [34mcolcon.colcon_core.package_identification[0m [1;30mLevel 1[0m _identify(data/20260518_213627_session) by extensions ['ignore', 'ignore_ament_install']
[0.480s] [34mcolcon.colcon_core.package_identification[0m [1;30mLevel 1[0m _identify(data/20260518_213627_session) by extension 'ignore'
[0.480s] [34mcolcon.colcon_core.package_identification[0m [1;30mLevel 1[0m _identify(data/20260518_213627_session) by extension 'ignore_ament_install'
[0.480s] [34mcolcon.colcon_core.package_identification[0m [1;30mLevel 1[0m _identify(data/20260518_213627_session) by extensions ['colcon_pkg']
[0.480s] [34mcolcon.colcon_core.package_identification[0m [1;30mLevel 1[0m _identify(data/20260518_213627_session) by extension 'colcon_pkg'
[0.480s] [34mcolcon.colcon_core.package_identification[0m [1;30mLevel 1[0m _identify(data/20260518_213627_session) by extensions ['colcon_meta']
[0.480s] [34mcolcon.colcon_core.package_identification[0m [1;30mLevel 1[0m _identify(data/20260518_213627_session) by extension 'colcon_meta'
[0.480s] [34mcolcon.colcon_core.package_identification[0m [1;30mLevel 1[0m _identify(data/20260518_213627_session) by extensions ['ros']
[0.481s] [34mcolcon.colcon_core.package_identification[0m [1;30mLevel 1[0m _identify(data/20260518_213627_session) by extension 'ros'
[0.481s] [34mcolcon.colcon_core.package_identification[0m [1;30mLevel 1[0m _identify(data/20260518_213627_session) by extensions ['cmake', 'python']
[0.481s] [34mcolcon.colcon_core.package_identification[0m [1;30mLevel 1[0m _identify(data/20260518_213627_session) by extension 'cmake'
[0.481s] [34mcolcon.colcon_core.package_identification[0m [1;30mLevel 1[0m _identify(data/20260518_213627_session) by extension 'python'
[0.481s] [34mcolcon.colcon_core.package_identification[0m [1;30mLevel 1[0m _identify(data/20260518_213627_session) by extensions ['python_setup_py']
[0.481s] [34mcolcon.colcon_core.package_identification[0m [1;30mLevel 1[0m _identify(data/20260518_213627_session) by extension 'python_setup_py'
[0.481s] [34mcolcon.colcon_core.package_identification[0m [1;30mLevel 1[0m _identify(data/20260518_213808_session) by extensions ['ignore', 'ignore_ament_install']
[0.481s] [34mcolcon.colcon_core.package_identification[0m [1;30mLevel 1[0m _identify(data/20260518_213808_session) by extension 'ignore'
[0.481s] [34mcolcon.colcon_core.package_identification[0m [1;30mLevel 1[0m _identify(data/20260518_213808_session) by extension 'ignore_ament_install'
[0.481s] [34mcolcon.colcon_core.package_identification[0m [1;30mLevel 1[0m _identify(data/20260518_213808_session) by extensions ['colcon_pkg']
[0.481s] [34mcolcon.colcon_core.package_identification[0m [1;30mLevel 1[0m _identify(data/20260518_213808_session) by extension 'colcon_pkg'
[0.481s] [34mcolcon.colcon_core.package_identification[0m [1;30mLevel 1[0m _identify(data/20260518_213808_session) by extensions ['colcon_meta']
[0.481s] [34mcolcon.colcon_core.package_identification[0m [1;30mLevel 1[0m _identify(data/20260518_213808_session) by extension 'colcon_meta'
[0.481s] [34mcolcon.colcon_core.package_identification[0m [1;30mLevel 1[0m _identify(data/20260518_213808_session) by extensions ['ros']
[0.481s] [34mcolcon.colcon_core.package_identification[0m [1;30mLevel 1[0m _identify(data/20260518_213808_session) by extension 'ros'
[0.481s] [34mcolcon.colcon_core.package_identification[0m [1;30mLevel 1[0m _identify(data/20260518_213808_session) by extensions ['cmake', 'python']
[0.481s] [34mcolcon.colcon_core.package_identification[0m [1;30mLevel 1[0m _identify(data/20260518_213808_session) by extension 'cmake'
[0.481s] [34mcolcon.colcon_core.package_identification[0m [1;30mLevel 1[0m _identify(data/20260518_213808_session) by extension 'python'
[0.482s] [34mcolcon.colcon_core.package_identification[0m [1;30mLevel 1[0m _identify(data/20260518_213808_session) by extensions ['python_setup_py']
[0.482s] [34mcolcon.colcon_core.package_identification[0m [1;30mLevel 1[0m _identify(data/20260518_213808_session) by extension 'python_setup_py'
[0.482s] [34mcolcon.colcon_core.package_identification[0m [1;30mLevel 1[0m _identify(data/20260518_213932_session) by extensions ['ignore', 'ignore_ament_install']
[0.482s] [34mcolcon.colcon_core.package_identification[0m [1;30mLevel 1[0m _identify(data/20260518_213932_session) by extension 'ignore'
[0.482s] [34mcolcon.colcon_core.package_identification[0m [1;30mLevel 1[0m _identify(data/20260518_213932_session) by extension 'ignore_ament_install'
[0.482s] [34mcolcon.colcon_core.package_identification[0m [1;30mLevel 1[0m _identify(data/20260518_213932_session) by extensions ['colcon_pkg']
[0.482s] [34mcolcon.colcon_core.package_identification[0m [1;30mLevel 1[0m _identify(data/20260518_213932_session) by extension 'colcon_pkg'
[0.482s] [34mcolcon.colcon_core.package_identification[0m [1;30mLevel 1[0m _identify(data/20260518_213932_session) by extensions ['colcon_meta']
[0.482s] [34mcolcon.colcon_core.package_identification[0m [1;30mLevel 1[0m _identify(data/20260518_213932_session) by extension 'colcon_meta'
[0.482s] [34mcolcon.colcon_core.package_identification[0m [1;30mLevel 1[0m _identify(data/20260518_213932_session) by extensions ['ros']
[0.482s] [34mcolcon.colcon_core.package_identification[0m [1;30mLevel 1[0m _identify(data/20260518_213932_session) by extension 'ros'
[0.482s] [34mcolcon.colcon_core.package_identification[0m [1;30mLevel 1[0m _identify(data/20260518_213932_session) by extensions ['cmake', 'python']
[0.482s] [34mcolcon.colcon_core.package_identification[0m [1;30mLevel 1[0m _identify(data/20260518_213932_session) by extension 'cmake'
[0.482s] [34mcolcon.colcon_core.package_identification[0m [1;30mLevel 1[0m _identify(data/20260518_213932_session) by extension 'python'
[0.482s] [34mcolcon.colcon_core.package_identification[0m [1;30mLevel 1[0m _identify(data/20260518_213932_session) by extensions ['python_setup_py']
[0.482s] [34mcolcon.colcon_core.package_identification[0m [1;30mLevel 1[0m _identify(data/20260518_213932_session) by extension 'python_setup_py'
[0.482s] [34mcolcon.colcon_core.package_identification[0m [1;30mLevel 1[0m _identify(data/20260518_214153_session) by extensions ['ignore', 'ignore_ament_install']
[0.483s] [34mcolcon.colcon_core.package_identification[0m [1;30mLevel 1[0m _identify(data/20260518_214153_session) by extension 'ignore'
[0.483s] [34mcolcon.colcon_core.package_identification[0m [1;30mLevel 1[0m _identify(data/20260518_214153_session) by extension 'ignore_ament_install'
[0.483s] [34mcolcon.colcon_core.package_identification[0m [1;30mLevel 1[0m _identify(data/20260518_214153_session) by extensions ['colcon_pkg']
[0.483s] [34mcolcon.colcon_core.package_identification[0m [1;30mLevel 1[0m _identify(data/20260518_214153_session) by extension 'colcon_pkg'
[0.483s] [34mcolcon.colcon_core.package_identification[0m [1;30mLevel 1[0m _identify(data/20260518_214153_session) by extensions ['colcon_meta']
[0.483s] [34mcolcon.colcon_core.package_identification[0m [1;30mLevel 1[0m _identify(data/20260518_214153_session) by extension 'colcon_meta'
[0.483s] [34mcolcon.colcon_core.package_identification[0m [1;30mLevel 1[0m _identify(data/20260518_214153_session) by extensions ['ros']
[0.483s] [34mcolcon.colcon_core.package_identification[0m [1;30mLevel 1[0m _identify(data/20260518_214153_session) by extension 'ros'
[0.483s] [34mcolcon.colcon_core.package_identification[0m [1;30mLevel 1[0m _identify(data/20260518_214153_session) by extensions ['cmake', 'python']
[0.483s] [34mcolcon.colcon_core.package_identification[0m [1;30mLevel 1[0m _identify(data/20260518_214153_session) by extension 'cmake'
[0.483s] [34mcolcon.colcon_core.package_identification[0m [1;30mLevel 1[0m _identify(data/20260518_214153_session) by extension 'python'
[0.483s] [34mcolcon.colcon_core.package_identification[0m [1;30mLevel 1[0m _identify(data/20260518_214153_session) by extensions ['python_setup_py']
[0.483s] [34mcolcon.colcon_core.package_identification[0m [1;30mLevel 1[0m _identify(data/20260518_214153_session) by extension 'python_setup_py'
[0.483s] [34mcolcon.colcon_core.package_identification[0m [1;30mLevel 1[0m _identify(data/20260518_214310_session) by extensions ['ignore', 'ignore_ament_install']
[0.483s] [34mcolcon.colcon_core.package_identification[0m [1;30mLevel 1[0m _identify(data/20260518_214310_session) by extension 'ignore'
[0.483s] [34mcolcon.colcon_core.package_identification[0m [1;30mLevel 1[0m _identify(data/20260518_214310_session) by extension 'ignore_ament_install'
[0.483s] [34mcolcon.colcon_core.package_identification[0m [1;30mLevel 1[0m _identify(data/20260518_214310_session) by extensions ['colcon_pkg']
[0.484s] [34mcolcon.colcon_core.package_identification[0m [1;30mLevel 1[0m _identify(data/20260518_214310_session) by extension 'colcon_pkg'
[0.484s] [34mcolcon.colcon_core.package_identification[0m [1;30mLevel 1[0m _identify(data/20260518_214310_session) by extensions ['colcon_meta']
[0.484s] [34mcolcon.colcon_core.package_identification[0m [1;30mLevel 1[0m _identify(data/20260518_214310_session) by extension 'colcon_meta'
[0.484s] [34mcolcon.colcon_core.package_identification[0m [1;30mLevel 1[0m _identify(data/20260518_214310_session) by extensions ['ros']
[0.484s] [34mcolcon.colcon_core.package_identification[0m [1;30mLevel 1[0m _identify(data/20260518_214310_session) by extension 'ros'
[0.484s] [34mcolcon.colcon_core.package_identification[0m [1;30mLevel 1[0m _identify(data/20260518_214310_session) by extensions ['cmake', 'python']
[0.484s] [34mcolcon.colcon_core.package_identification[0m [1;30mLevel 1[0m _identify(data/20260518_214310_session) by extension 'cmake'
[0.484s] [34mcolcon.colcon_core.package_identification[0m [1;30mLevel 1[0m _identify(data/20260518_214310_session) by extension 'python'
[0.484s] [34mcolcon.colcon_core.package_identification[0m [1;30mLevel 1[0m _identify(data/20260518_214310_session) by extensions ['python_setup_py']
[0.484s] [34mcolcon.colcon_core.package_identification[0m [1;30mLevel 1[0m _identify(data/20260518_214310_session) by extension 'python_setup_py'
[0.484s] [34mcolcon.colcon_core.package_identification[0m [1;30mLevel 1[0m _identify(data/20260518_214451_session) by extensions ['ignore', 'ignore_ament_install']
[0.484s] [34mcolcon.colcon_core.package_identification[0m [1;30mLevel 1[0m _identify(data/20260518_214451_session) by extension 'ignore'
[0.484s] [34mcolcon.colcon_core.package_identification[0m [1;30mLevel 1[0m _identify(data/20260518_214451_session) by extension 'ignore_ament_install'
[0.484s] [34mcolcon.colcon_core.package_identification[0m [1;30mLevel 1[0m _identify(data/20260518_214451_session) by extensions ['colcon_pkg']
[0.484s] [34mcolcon.colcon_core.package_identification[0m [1;30mLevel 1[0m _identify(data/20260518_214451_session) by extension 'colcon_pkg'
[0.484s] [34mcolcon.colcon_core.package_identification[0m [1;30mLevel 1[0m _identify(data/20260518_214451_session) by extensions ['colcon_meta']
[0.484s] [34mcolcon.colcon_core.package_identification[0m [1;30mLevel 1[0m _identify(data/20260518_214451_session) by extension 'colcon_meta'
[0.484s] [34mcolcon.colcon_core.package_identification[0m [1;30mLevel 1[0m _identify(data/20260518_214451_session) by extensions ['ros']
[0.485s] [34mcolcon.colcon_core.package_identification[0m [1;30mLevel 1[0m _identify(data/20260518_214451_session) by extension 'ros'
[0.485s] [34mcolcon.colcon_core.package_identification[0m [1;30mLevel 1[0m _identify(data/20260518_214451_session) by extensions ['cmake', 'python']
[0.485s] [34mcolcon.colcon_core.package_identification[0m [1;30mLevel 1[0m _identify(data/20260518_214451_session) by extension 'cmake'
[0.485s] [34mcolcon.colcon_core.package_identification[0m [1;30mLevel 1[0m _identify(data/20260518_214451_session) by extension 'python'
[0.485s] [34mcolcon.colcon_core.package_identification[0m [1;30mLevel 1[0m _identify(data/20260518_214451_session) by extensions ['python_setup_py']
[0.485s] [34mcolcon.colcon_core.package_identification[0m [1;30mLevel 1[0m _identify(data/20260518_214451_session) by extension 'python_setup_py'
[0.485s] [34mcolcon.colcon_core.package_identification[0m [1;30mLevel 1[0m _identify(data/20260518_214642_session) by extensions ['ignore', 'ignore_ament_install']
[0.485s] [34mcolcon.colcon_core.package_identification[0m [1;30mLevel 1[0m _identify(data/20260518_214642_session) by extension 'ignore'
[0.485s] [34mcolcon.colcon_core.package_identification[0m [1;30mLevel 1[0m _identify(data/20260518_214642_session) by extension 'ignore_ament_install'
[0.485s] [34mcolcon.colcon_core.package_identification[0m [1;30mLevel 1[0m _identify(data/20260518_214642_session) by extensions ['colcon_pkg']
[0.485s] [34mcolcon.colcon_core.package_identification[0m [1;30mLevel 1[0m _identify(data/20260518_214642_session) by extension 'colcon_pkg'
[0.485s] [34mcolcon.colcon_core.package_identification[0m [1;30mLevel 1[0m _identify(data/20260518_214642_session) by extensions ['colcon_meta']
[0.485s] [34mcolcon.colcon_core.package_identification[0m [1;30mLevel 1[0m _identify(data/20260518_214642_session) by extension 'colcon_meta'
[0.485s] [34mcolcon.colcon_core.package_identification[0m [1;30mLevel 1[0m _identify(data/20260518_214642_session) by extensions ['ros']
[0.485s] [34mcolcon.colcon_core.package_identification[0m [1;30mLevel 1[0m _identify(data/20260518_214642_session) by extension 'ros'
[0.485s] [34mcolcon.colcon_core.package_identification[0m [1;30mLevel 1[0m _identify(data/20260518_214642_session) by extensions ['cmake', 'python']
[0.485s] [34mcolcon.colcon_core.package_identification[0m [1;30mLevel 1[0m _identify(data/20260518_214642_session) by extension 'cmake'
[0.485s] [34mcolcon.colcon_core.package_identification[0m [1;30mLevel 1[0m _identify(data/20260518_214642_session) by extension 'python'
[0.486s] [34mcolcon.colcon_core.package_identification[0m [1;30mLevel 1[0m _identify(data/20260518_214642_session) by extensions ['python_setup_py']
[0.486s] [34mcolcon.colcon_core.package_identification[0m [1;30mLevel 1[0m _identify(data/20260518_214642_session) by extension 'python_setup_py'
[0.486s] [34mcolcon.colcon_core.package_identification[0m [1;30mLevel 1[0m _identify(data/20260518_215228_session) by extensions ['ignore', 'ignore_ament_install']
[0.486s] [34mcolcon.colcon_core.package_identification[0m [1;30mLevel 1[0m _identify(data/20260518_215228_session) by extension 'ignore'
[0.486s] [34mcolcon.colcon_core.package_identification[0m [1;30mLevel 1[0m _identify(data/20260518_215228_session) by extension 'ignore_ament_install'
[0.486s] [34mcolcon.colcon_core.package_identification[0m [1;30mLevel 1[0m _identify(data/20260518_215228_session) by extensions ['colcon_pkg']
[0.486s] [34mcolcon.colcon_core.package_identification[0m [1;30mLevel 1[0m _identify(data/20260518_215228_session) by extension 'colcon_pkg'
[0.486s] [34mcolcon.colcon_core.package_identification[0m [1;30mLevel 1[0m _identify(data/20260518_215228_session) by extensions ['colcon_meta']
[0.486s] [34mcolcon.colcon_core.package_identification[0m [1;30mLevel 1[0m _identify(data/20260518_215228_session) by extension 'colcon_meta'
[0.486s] [34mcolcon.colcon_core.package_identification[0m [1;30mLevel 1[0m _identify(data/20260518_215228_session) by extensions ['ros']
[0.486s] [34mcolcon.colcon_core.package_identification[0m [1;30mLevel 1[0m _identify(data/20260518_215228_session) by extension 'ros'
[0.486s] [34mcolcon.colcon_core.package_identification[0m [1;30mLevel 1[0m _identify(data/20260518_215228_session) by extensions ['cmake', 'python']
[0.486s] [34mcolcon.colcon_core.package_identification[0m [1;30mLevel 1[0m _identify(data/20260518_215228_session) by extension 'cmake'
[0.486s] [34mcolcon.colcon_core.package_identification[0m [1;30mLevel 1[0m _identify(data/20260518_215228_session) by extension 'python'
[0.486s] [34mcolcon.colcon_core.package_identification[0m [1;30mLevel 1[0m _identify(data/20260518_215228_session) by extensions ['python_setup_py']
[0.486s] [34mcolcon.colcon_core.package_identification[0m [1;30mLevel 1[0m _identify(data/20260518_215228_session) by extension 'python_setup_py'
[0.486s] [34mcolcon.colcon_core.package_identification[0m [1;30mLevel 1[0m _identify(data/20260518_215809_session) by extensions ['ignore', 'ignore_ament_install']
[0.487s] [34mcolcon.colcon_core.package_identification[0m [1;30mLevel 1[0m _identify(data/20260518_215809_session) by extension 'ignore'
[0.487s] [34mcolcon.colcon_core.package_identification[0m [1;30mLevel 1[0m _identify(data/20260518_215809_session) by extension 'ignore_ament_install'
[0.487s] [34mcolcon.colcon_core.package_identification[0m [1;30mLevel 1[0m _identify(data/20260518_215809_session) by extensions ['colcon_pkg']
[0.487s] [34mcolcon.colcon_core.package_identification[0m [1;30mLevel 1[0m _identify(data/20260518_215809_session) by extension 'colcon_pkg'
[0.487s] [34mcolcon.colcon_core.package_identification[0m [1;30mLevel 1[0m _identify(data/20260518_215809_session) by extensions ['colcon_meta']
[0.487s] [34mcolcon.colcon_core.package_identification[0m [1;30mLevel 1[0m _identify(data/20260518_215809_session) by extension 'colcon_meta'
[0.487s] [34mcolcon.colcon_core.package_identification[0m [1;30mLevel 1[0m _identify(data/20260518_215809_session) by extensions ['ros']
[0.487s] [34mcolcon.colcon_core.package_identification[0m [1;30mLevel 1[0m _identify(data/20260518_215809_session) by extension 'ros'
[0.487s] [34mcolcon.colcon_core.package_identification[0m [1;30mLevel 1[0m _identify(data/20260518_215809_session) by extensions ['cmake', 'python']
[0.487s] [34mcolcon.colcon_core.package_identification[0m [1;30mLevel 1[0m _identify(data/20260518_215809_session) by extension 'cmake'
[0.487s] [34mcolcon.colcon_core.package_identification[0m [1;30mLevel 1[0m _identify(data/20260518_215809_session) by extension 'python'
[0.487s] [34mcolcon.colcon_core.package_identification[0m [1;30mLevel 1[0m _identify(data/20260518_215809_session) by extensions ['python_setup_py']
[0.487s] [34mcolcon.colcon_core.package_identification[0m [1;30mLevel 1[0m _identify(data/20260518_215809_session) by extension 'python_setup_py'
[0.487s] [34mcolcon.colcon_core.package_identification[0m [1;30mLevel 1[0m _identify(data/20260518_220152_session) by extensions ['ignore', 'ignore_ament_install']
[0.487s] [34mcolcon.colcon_core.package_identification[0m [1;30mLevel 1[0m _identify(data/20260518_220152_session) by extension 'ignore'
[0.487s] [34mcolcon.colcon_core.package_identification[0m [1;30mLevel 1[0m _identify(data/20260518_220152_session) by extension 'ignore_ament_install'
[0.488s] [34mcolcon.colcon_core.package_identification[0m [1;30mLevel 1[0m _identify(data/20260518_220152_session) by extensions ['colcon_pkg']
[0.488s] [34mcolcon.colcon_core.package_identification[0m [1;30mLevel 1[0m _identify(data/20260518_220152_session) by extension 'colcon_pkg'
[0.488s] [34mcolcon.colcon_core.package_identification[0m [1;30mLevel 1[0m _identify(data/20260518_220152_session) by extensions ['colcon_meta']
[0.488s] [34mcolcon.colcon_core.package_identification[0m [1;30mLevel 1[0m _identify(data/20260518_220152_session) by extension 'colcon_meta'
[0.488s] [34mcolcon.colcon_core.package_identification[0m [1;30mLevel 1[0m _identify(data/20260518_220152_session) by extensions ['ros']
[0.488s] [34mcolcon.colcon_core.package_identification[0m [1;30mLevel 1[0m _identify(data/20260518_220152_session) by extension 'ros'
[0.488s] [34mcolcon.colcon_core.package_identification[0m [1;30mLevel 1[0m _identify(data/20260518_220152_session) by extensions ['cmake', 'python']
[0.488s] [34mcolcon.colcon_core.package_identification[0m [1;30mLevel 1[0m _identify(data/20260518_220152_session) by extension 'cmake'
[0.488s] [34mcolcon.colcon_core.package_identification[0m [1;30mLevel 1[0m _identify(data/20260518_220152_session) by extension 'python'
[0.488s] [34mcolcon.colcon_core.package_identification[0m [1;30mLevel 1[0m _identify(data/20260518_220152_session) by extensions ['python_setup_py']
[0.488s] [34mcolcon.colcon_core.package_identification[0m [1;30mLevel 1[0m _identify(data/20260518_220152_session) by extension 'python_setup_py'
[0.488s] [34mcolcon.colcon_core.package_identification[0m [1;30mLevel 1[0m _identify(data/20260518_220621_session) by extensions ['ignore', 'ignore_ament_install']
[0.488s] [34mcolcon.colcon_core.package_identification[0m [1;30mLevel 1[0m _identify(data/20260518_220621_session) by extension 'ignore'
[0.488s] [34mcolcon.colcon_core.package_identification[0m [1;30mLevel 1[0m _identify(data/20260518_220621_session) by extension 'ignore_ament_install'
[0.488s] [34mcolcon.colcon_core.package_identification[0m [1;30mLevel 1[0m _identify(data/20260518_220621_session) by extensions ['colcon_pkg']
[0.488s] [34mcolcon.colcon_core.package_identification[0m [1;30mLevel 1[0m _identify(data/20260518_220621_session) by extension 'colcon_pkg'
[0.488s] [34mcolcon.colcon_core.package_identification[0m [1;30mLevel 1[0m _identify(data/20260518_220621_session) by extensions ['colcon_meta']
[0.488s] [34mcolcon.colcon_core.package_identification[0m [1;30mLevel 1[0m _identify(data/20260518_220621_session) by extension 'colcon_meta'
[0.489s] [34mcolcon.colcon_core.package_identification[0m [1;30mLevel 1[0m _identify(data/20260518_220621_session) by extensions ['ros']
[0.489s] [34mcolcon.colcon_core.package_identification[0m [1;30mLevel 1[0m _identify(data/20260518_220621_session) by extension 'ros'
[0.489s] [34mcolcon.colcon_core.package_identification[0m [1;30mLevel 1[0m _identify(data/20260518_220621_session) by extensions ['cmake', 'python']
[0.489s] [34mcolcon.colcon_core.package_identification[0m [1;30mLevel 1[0m _identify(data/20260518_220621_session) by extension 'cmake'
[0.489s] [34mcolcon.colcon_core.package_identification[0m [1;30mLevel 1[0m _identify(data/20260518_220621_session) by extension 'python'
[0.489s] [34mcolcon.colcon_core.package_identification[0m [1;30mLevel 1[0m _identify(data/20260518_220621_session) by extensions ['python_setup_py']
[0.489s] [34mcolcon.colcon_core.package_identification[0m [1;30mLevel 1[0m _identify(data/20260518_220621_session) by extension 'python_setup_py'
[0.489s] [34mcolcon.colcon_core.package_identification[0m [1;30mLevel 1[0m _identify(data/20260518_220757_session) by extensions ['ignore', 'ignore_ament_install']
[0.489s] [34mcolcon.colcon_core.package_identification[0m [1;30mLevel 1[0m _identify(data/20260518_220757_session) by extension 'ignore'
[0.489s] [34mcolcon.colcon_core.package_identification[0m [1;30mLevel 1[0m _identify(data/20260518_220757_session) by extension 'ignore_ament_install'
[0.489s] [34mcolcon.colcon_core.package_identification[0m [1;30mLevel 1[0m _identify(data/20260518_220757_session) by extensions ['colcon_pkg']
[0.489s] [34mcolcon.colcon_core.package_identification[0m [1;30mLevel 1[0m _identify(data/20260518_220757_session) by extension 'colcon_pkg'
[0.489s] [34mcolcon.colcon_core.package_identification[0m [1;30mLevel 1[0m _identify(data/20260518_220757_session) by extensions ['colcon_meta']
[0.489s] [34mcolcon.colcon_core.package_identification[0m [1;30mLevel 1[0m _identify(data/20260518_220757_session) by extension 'colcon_meta'
[0.489s] [34mcolcon.colcon_core.package_identification[0m [1;30mLevel 1[0m _identify(data/20260518_220757_session) by extensions ['ros']
[0.489s] [34mcolcon.colcon_core.package_identification[0m [1;30mLevel 1[0m _identify(data/20260518_220757_session) by extension 'ros'
[0.489s] [34mcolcon.colcon_core.package_identification[0m [1;30mLevel 1[0m _identify(data/20260518_220757_session) by extensions ['cmake', 'python']
[0.489s] [34mcolcon.colcon_core.package_identification[0m [1;30mLevel 1[0m _identify(data/20260518_220757_session) by extension 'cmake'
[0.490s] [34mcolcon.colcon_core.package_identification[0m [1;30mLevel 1[0m _identify(data/20260518_220757_session) by extension 'python'
[0.490s] [34mcolcon.colcon_core.package_identification[0m [1;30mLevel 1[0m _identify(data/20260518_220757_session) by extensions ['python_setup_py']
[0.490s] [34mcolcon.colcon_core.package_identification[0m [1;30mLevel 1[0m _identify(data/20260518_220757_session) by extension 'python_setup_py'
[0.490s] [34mcolcon.colcon_core.package_identification[0m [1;30mLevel 1[0m _identify(data/20260518_221155_session) by extensions ['ignore', 'ignore_ament_install']
[0.490s] [34mcolcon.colcon_core.package_identification[0m [1;30mLevel 1[0m _identify(data/20260518_221155_session) by extension 'ignore'
[0.490s] [34mcolcon.colcon_core.package_identification[0m [1;30mLevel 1[0m _identify(data/20260518_221155_session) by extension 'ignore_ament_install'
[0.490s] [34mcolcon.colcon_core.package_identification[0m [1;30mLevel 1[0m _identify(data/20260518_221155_session) by extensions ['colcon_pkg']
[0.490s] [34mcolcon.colcon_core.package_identification[0m [1;30mLevel 1[0m _identify(data/20260518_221155_session) by extension 'colcon_pkg'
[0.490s] [34mcolcon.colcon_core.package_identification[0m [1;30mLevel 1[0m _identify(data/20260518_221155_session) by extensions ['colcon_meta']
[0.490s] [34mcolcon.colcon_core.package_identification[0m [1;30mLevel 1[0m _identify(data/20260518_221155_session) by extension 'colcon_meta'
[0.490s] [34mcolcon.colcon_core.package_identification[0m [1;30mLevel 1[0m _identify(data/20260518_221155_session) by extensions ['ros']
[0.490s] [34mcolcon.colcon_core.package_identification[0m [1;30mLevel 1[0m _identify(data/20260518_221155_session) by extension 'ros'
[0.490s] [34mcolcon.colcon_core.package_identification[0m [1;30mLevel 1[0m _identify(data/20260518_221155_session) by extensions ['cmake', 'python']
[0.490s] [34mcolcon.colcon_core.package_identification[0m [1;30mLevel 1[0m _identify(data/20260518_221155_session) by extension 'cmake'
[0.490s] [34mcolcon.colcon_core.package_identification[0m [1;30mLevel 1[0m _identify(data/20260518_221155_session) by extension 'python'
[0.490s] [34mcolcon.colcon_core.package_identification[0m [1;30mLevel 1[0m _identify(data/20260518_221155_session) by extensions ['python_setup_py']
[0.490s] [34mcolcon.colcon_core.package_identification[0m [1;30mLevel 1[0m _identify(data/20260518_221155_session) by extension 'python_setup_py'
[0.491s] [34mcolcon.colcon_core.package_identification[0m [1;30mLevel 1[0m _identify(data/20260518_221555_session) by extensions ['ignore', 'ignore_ament_install']
[0.491s] [34mcolcon.colcon_core.package_identification[0m [1;30mLevel 1[0m _identify(data/20260518_221555_session) by extension 'ignore'
[0.491s] [34mcolcon.colcon_core.package_identification[0m [1;30mLevel 1[0m _identify(data/20260518_221555_session) by extension 'ignore_ament_install'
[0.491s] [34mcolcon.colcon_core.package_identification[0m [1;30mLevel 1[0m _identify(data/20260518_221555_session) by extensions ['colcon_pkg']
[0.491s] [34mcolcon.colcon_core.package_identification[0m [1;30mLevel 1[0m _identify(data/20260518_221555_session) by extension 'colcon_pkg'
[0.491s] [34mcolcon.colcon_core.package_identification[0m [1;30mLevel 1[0m _identify(data/20260518_221555_session) by extensions ['colcon_meta']
[0.491s] [34mcolcon.colcon_core.package_identification[0m [1;30mLevel 1[0m _identify(data/20260518_221555_session) by extension 'colcon_meta'
[0.491s] [34mcolcon.colcon_core.package_identification[0m [1;30mLevel 1[0m _identify(data/20260518_221555_session) by extensions ['ros']
[0.491s] [34mcolcon.colcon_core.package_identification[0m [1;30mLevel 1[0m _identify(data/20260518_221555_session) by extension 'ros'
[0.491s] [34mcolcon.colcon_core.package_identification[0m [1;30mLevel 1[0m _identify(data/20260518_221555_session) by extensions ['cmake', 'python']
[0.491s] [34mcolcon.colcon_core.package_identification[0m [1;30mLevel 1[0m _identify(data/20260518_221555_session) by extension 'cmake'
[0.491s] [34mcolcon.colcon_core.package_identification[0m [1;30mLevel 1[0m _identify(data/20260518_221555_session) by extension 'python'
[0.491s] [34mcolcon.colcon_core.package_identification[0m [1;30mLevel 1[0m _identify(data/20260518_221555_session) by extensions ['python_setup_py']
[0.491s] [34mcolcon.colcon_core.package_identification[0m [1;30mLevel 1[0m _identify(data/20260518_221555_session) by extension 'python_setup_py'
[0.491s] [34mcolcon.colcon_core.package_identification[0m [1;30mLevel 1[0m _identify(data/characters) by extensions ['ignore', 'ignore_ament_install']
[0.491s] [34mcolcon.colcon_core.package_identification[0m [1;30mLevel 1[0m _identify(data/characters) by extension 'ignore'
[0.491s] [34mcolcon.colcon_core.package_identification[0m [1;30mLevel 1[0m _identify(data/characters) by extension 'ignore_ament_install'
[0.492s] [34mcolcon.colcon_core.package_identification[0m [1;30mLevel 1[0m _identify(data/characters) by extensions ['colcon_pkg']
[0.492s] [34mcolcon.colcon_core.package_identification[0m [1;30mLevel 1[0m _identify(data/characters) by extension 'colcon_pkg'
[0.492s] [34mcolcon.colcon_core.package_identification[0m [1;30mLevel 1[0m _identify(data/characters) by extensions ['colcon_meta']
[0.492s] [34mcolcon.colcon_core.package_identification[0m [1;30mLevel 1[0m _identify(data/characters) by extension 'colcon_meta'
[0.492s] [34mcolcon.colcon_core.package_identification[0m [1;30mLevel 1[0m _identify(data/characters) by extensions ['ros']
[0.492s] [34mcolcon.colcon_core.package_identification[0m [1;30mLevel 1[0m _identify(data/characters) by extension 'ros'
[0.492s] [34mcolcon.colcon_core.package_identification[0m [1;30mLevel 1[0m _identify(data/characters) by extensions ['cmake', 'python']
[0.492s] [34mcolcon.colcon_core.package_identification[0m [1;30mLevel 1[0m _identify(data/characters) by extension 'cmake'
[0.492s] [34mcolcon.colcon_core.package_identification[0m [1;30mLevel 1[0m _identify(data/characters) by extension 'python'
[0.492s] [34mcolcon.colcon_core.package_identification[0m [1;30mLevel 1[0m _identify(data/characters) by extensions ['python_setup_py']
[0.492s] [34mcolcon.colcon_core.package_identification[0m [1;30mLevel 1[0m _identify(data/characters) by extension 'python_setup_py'
[0.492s] [34mcolcon.colcon_core.package_identification[0m [1;30mLevel 1[0m _identify(data/characters/1. 대학 서브 캐릭터 코리 응용동작 png (총 63종)) by extensions ['ignore', 'ignore_ament_install']
[0.492s] [34mcolcon.colcon_core.package_identification[0m [1;30mLevel 1[0m _identify(data/characters/1. 대학 서브 캐릭터 코리 응용동작 png (총 63종)) by extension 'ignore'
[0.492s] [34mcolcon.colcon_core.package_identification[0m [1;30mLevel 1[0m _identify(data/characters/1. 대학 서브 캐릭터 코리 응용동작 png (총 63종)) by extension 'ignore_ament_install'
[0.492s] [34mcolcon.colcon_core.package_identification[0m [1;30mLevel 1[0m _identify(data/characters/1. 대학 서브 캐릭터 코리 응용동작 png (총 63종)) by extensions ['colcon_pkg']
[0.492s] [34mcolcon.colcon_core.package_identification[0m [1;30mLevel 1[0m _identify(data/characters/1. 대학 서브 캐릭터 코리 응용동작 png (총 63종)) by extension 'colcon_pkg'
[0.493s] [34mcolcon.colcon_core.package_identification[0m [1;30mLevel 1[0m _identify(data/characters/1. 대학 서브 캐릭터 코리 응용동작 png (총 63종)) by extensions ['colcon_meta']
[0.493s] [34mcolcon.colcon_core.package_identification[0m [1;30mLevel 1[0m _identify(data/characters/1. 대학 서브 캐릭터 코리 응용동작 png (총 63종)) by extension 'colcon_meta'
[0.493s] [34mcolcon.colcon_core.package_identification[0m [1;30mLevel 1[0m _identify(data/characters/1. 대학 서브 캐릭터 코리 응용동작 png (총 63종)) by extensions ['ros']
[0.493s] [34mcolcon.colcon_core.package_identification[0m [1;30mLevel 1[0m _identify(data/characters/1. 대학 서브 캐릭터 코리 응용동작 png (총 63종)) by extension 'ros'
[0.493s] [34mcolcon.colcon_core.package_identification[0m [1;30mLevel 1[0m _identify(data/characters/1. 대학 서브 캐릭터 코리 응용동작 png (총 63종)) by extensions ['cmake', 'python']
[0.493s] [34mcolcon.colcon_core.package_identification[0m [1;30mLevel 1[0m _identify(data/characters/1. 대학 서브 캐릭터 코리 응용동작 png (총 63종)) by extension 'cmake'
[0.493s] [34mcolcon.colcon_core.package_identification[0m [1;30mLevel 1[0m _identify(data/characters/1. 대학 서브 캐릭터 코리 응용동작 png (총 63종)) by extension 'python'
[0.493s] [34mcolcon.colcon_core.package_identification[0m [1;30mLevel 1[0m _identify(data/characters/1. 대학 서브 캐릭터 코리 응용동작 png (총 63종)) by extensions ['python_setup_py']
[0.493s] [34mcolcon.colcon_core.package_identification[0m [1;30mLevel 1[0m _identify(data/characters/1. 대학 서브 캐릭터 코리 응용동작 png (총 63종)) by extension 'python_setup_py'
[0.493s] [34mcolcon.colcon_core.package_identification[0m [1;30mLevel 1[0m _identify(data/preview) by extensions ['ignore', 'ignore_ament_install']
[0.493s] [34mcolcon.colcon_core.package_identification[0m [1;30mLevel 1[0m _identify(data/preview) by extension 'ignore'
[0.493s] [34mcolcon.colcon_core.package_identification[0m [1;30mLevel 1[0m _identify(data/preview) by extension 'ignore_ament_install'
[0.493s] [34mcolcon.colcon_core.package_identification[0m [1;30mLevel 1[0m _identify(data/preview) by extensions ['colcon_pkg']
[0.493s] [34mcolcon.colcon_core.package_identification[0m [1;30mLevel 1[0m _identify(data/preview) by extension 'colcon_pkg'
[0.493s] [34mcolcon.colcon_core.package_identification[0m [1;30mLevel 1[0m _identify(data/preview) by extensions ['colcon_meta']
[0.493s] [34mcolcon.colcon_core.package_identification[0m [1;30mLevel 1[0m _identify(data/preview) by extension 'colcon_meta'
[0.493s] [34mcolcon.colcon_core.package_identification[0m [1;30mLevel 1[0m _identify(data/preview) by extensions ['ros']
[0.494s] [34mcolcon.colcon_core.package_identification[0m [1;30mLevel 1[0m _identify(data/preview) by extension 'ros'
[0.494s] [34mcolcon.colcon_core.package_identification[0m [1;30mLevel 1[0m _identify(data/preview) by extensions ['cmake', 'python']
[0.494s] [34mcolcon.colcon_core.package_identification[0m [1;30mLevel 1[0m _identify(data/preview) by extension 'cmake'
[0.494s] [34mcolcon.colcon_core.package_identification[0m [1;30mLevel 1[0m _identify(data/preview) by extension 'python'
[0.494s] [34mcolcon.colcon_core.package_identification[0m [1;30mLevel 1[0m _identify(data/preview) by extensions ['python_setup_py']
[0.494s] [34mcolcon.colcon_core.package_identification[0m [1;30mLevel 1[0m _identify(data/preview) by extension 'python_setup_py'
[0.494s] [34mcolcon.colcon_core.package_identification[0m [1;30mLevel 1[0m _identify(data/raw) by extensions ['ignore', 'ignore_ament_install']
[0.494s] [34mcolcon.colcon_core.package_identification[0m [1;30mLevel 1[0m _identify(data/raw) by extension 'ignore'
[0.494s] [34mcolcon.colcon_core.package_identification[0m [1;30mLevel 1[0m _identify(data/raw) by extension 'ignore_ament_install'
[0.494s] [34mcolcon.colcon_core.package_identification[0m [1;30mLevel 1[0m _identify(data/raw) by extensions ['colcon_pkg']
[0.494s] [34mcolcon.colcon_core.package_identification[0m [1;30mLevel 1[0m _identify(data/raw) by extension 'colcon_pkg'
[0.494s] [34mcolcon.colcon_core.package_identification[0m [1;30mLevel 1[0m _identify(data/raw) by extensions ['colcon_meta']
[0.494s] [34mcolcon.colcon_core.package_identification[0m [1;30mLevel 1[0m _identify(data/raw) by extension 'colcon_meta'
[0.494s] [34mcolcon.colcon_core.package_identification[0m [1;30mLevel 1[0m _identify(data/raw) by extensions ['ros']
[0.494s] [34mcolcon.colcon_core.package_identification[0m [1;30mLevel 1[0m _identify(data/raw) by extension 'ros'
[0.494s] [34mcolcon.colcon_core.package_identification[0m [1;30mLevel 1[0m _identify(data/raw) by extensions ['cmake', 'python']
[0.495s] [34mcolcon.colcon_core.package_identification[0m [1;30mLevel 1[0m _identify(data/raw) by extension 'cmake'
[0.495s] [34mcolcon.colcon_core.package_identification[0m [1;30mLevel 1[0m _identify(data/raw) by extension 'python'
[0.495s] [34mcolcon.colcon_core.package_identification[0m [1;30mLevel 1[0m _identify(data/raw) by extensions ['python_setup_py']
[0.495s] [34mcolcon.colcon_core.package_identification[0m [1;30mLevel 1[0m _identify(data/raw) by extension 'python_setup_py'
[0.495s] [34mcolcon.colcon_core.package_identification[0m [1;30mLevel 1[0m _identify(garbageFile) by extensions ['ignore', 'ignore_ament_install']
[0.495s] [34mcolcon.colcon_core.package_identification[0m [1;30mLevel 1[0m _identify(garbageFile) by extension 'ignore'
[0.495s] [34mcolcon.colcon_core.package_identification[0m [1;30mLevel 1[0m _identify(garbageFile) by extension 'ignore_ament_install'
[0.495s] [34mcolcon.colcon_core.package_identification[0m [1;30mLevel 1[0m _identify(garbageFile) by extensions ['colcon_pkg']
[0.495s] [34mcolcon.colcon_core.package_identification[0m [1;30mLevel 1[0m _identify(garbageFile) by extension 'colcon_pkg'
[0.495s] [34mcolcon.colcon_core.package_identification[0m [1;30mLevel 1[0m _identify(garbageFile) by extensions ['colcon_meta']
[0.495s] [34mcolcon.colcon_core.package_identification[0m [1;30mLevel 1[0m _identify(garbageFile) by extension 'colcon_meta'
[0.495s] [34mcolcon.colcon_core.package_identification[0m [1;30mLevel 1[0m _identify(garbageFile) by extensions ['ros']
[0.495s] [34mcolcon.colcon_core.package_identification[0m [1;30mLevel 1[0m _identify(garbageFile) by extension 'ros'
[0.495s] [34mcolcon.colcon_core.package_identification[0m [1;30mLevel 1[0m _identify(garbageFile) by extensions ['cmake', 'python']
[0.495s] [34mcolcon.colcon_core.package_identification[0m [1;30mLevel 1[0m _identify(garbageFile) by extension 'cmake'
[0.495s] [34mcolcon.colcon_core.package_identification[0m [1;30mLevel 1[0m _identify(garbageFile) by extension 'python'
[0.495s] [34mcolcon.colcon_core.package_identification[0m [1;30mLevel 1[0m _identify(garbageFile) by extensions ['python_setup_py']
[0.496s] [34mcolcon.colcon_core.package_identification[0m [1;30mLevel 1[0m _identify(garbageFile) by extension 'python_setup_py'
[0.496s] [34mcolcon.colcon_core.package_identification[0m [1;30mLevel 1[0m _identify(install) by extensions ['ignore', 'ignore_ament_install']
[0.496s] [34mcolcon.colcon_core.package_identification[0m [1;30mLevel 1[0m _identify(install) by extension 'ignore'
[0.496s] [34mcolcon.colcon_core.package_identification[0m [1;30mLevel 1[0m _identify(install) ignored
[0.496s] [34mcolcon.colcon_core.package_identification[0m [1;30mLevel 1[0m _identify(log) by extensions ['ignore', 'ignore_ament_install']
[0.496s] [34mcolcon.colcon_core.package_identification[0m [1;30mLevel 1[0m _identify(log) by extension 'ignore'
[0.496s] [34mcolcon.colcon_core.package_identification[0m [1;30mLevel 1[0m _identify(log) ignored
[0.496s] [34mcolcon.colcon_core.package_identification[0m [1;30mLevel 1[0m _identify(modules) by extensions ['ignore', 'ignore_ament_install']
[0.496s] [34mcolcon.colcon_core.package_identification[0m [1;30mLevel 1[0m _identify(modules) by extension 'ignore'
[0.496s] [34mcolcon.colcon_core.package_identification[0m [1;30mLevel 1[0m _identify(modules) by extension 'ignore_ament_install'
[0.496s] [34mcolcon.colcon_core.package_identification[0m [1;30mLevel 1[0m _identify(modules) by extensions ['colcon_pkg']
[0.496s] [34mcolcon.colcon_core.package_identification[0m [1;30mLevel 1[0m _identify(modules) by extension 'colcon_pkg'
[0.497s] [34mcolcon.colcon_core.package_identification[0m [1;30mLevel 1[0m _identify(modules) by extensions ['colcon_meta']
[0.497s] [34mcolcon.colcon_core.package_identification[0m [1;30mLevel 1[0m _identify(modules) by extension 'colcon_meta'
[0.497s] [34mcolcon.colcon_core.package_identification[0m [1;30mLevel 1[0m _identify(modules) by extensions ['ros']
[0.497s] [34mcolcon.colcon_core.package_identification[0m [1;30mLevel 1[0m _identify(modules) by extension 'ros'
[0.497s] [34mcolcon.colcon_core.package_identification[0m [1;30mLevel 1[0m _identify(modules) by extensions ['cmake', 'python']
[0.497s] [34mcolcon.colcon_core.package_identification[0m [1;30mLevel 1[0m _identify(modules) by extension 'cmake'
[0.497s] [34mcolcon.colcon_core.package_identification[0m [1;30mLevel 1[0m _identify(modules) by extension 'python'
[0.497s] [34mcolcon.colcon_core.package_identification[0m [1;30mLevel 1[0m _identify(modules) by extensions ['python_setup_py']
[0.497s] [34mcolcon.colcon_core.package_identification[0m [1;30mLevel 1[0m _identify(modules) by extension 'python_setup_py'
[0.497s] [34mcolcon.colcon_core.package_identification[0m [1;30mLevel 1[0m _identify(modules/__pycache__) by extensions ['ignore', 'ignore_ament_install']
[0.497s] [34mcolcon.colcon_core.package_identification[0m [1;30mLevel 1[0m _identify(modules/__pycache__) by extension 'ignore'
[0.497s] [34mcolcon.colcon_core.package_identification[0m [1;30mLevel 1[0m _identify(modules/__pycache__) by extension 'ignore_ament_install'
[0.497s] [34mcolcon.colcon_core.package_identification[0m [1;30mLevel 1[0m _identify(modules/__pycache__) by extensions ['colcon_pkg']
[0.497s] [34mcolcon.colcon_core.package_identification[0m [1;30mLevel 1[0m _identify(modules/__pycache__) by extension 'colcon_pkg'
[0.497s] [34mcolcon.colcon_core.package_identification[0m [1;30mLevel 1[0m _identify(modules/__pycache__) by extensions ['colcon_meta']
[0.497s] [34mcolcon.colcon_core.package_identification[0m [1;30mLevel 1[0m _identify(modules/__pycache__) by extension 'colcon_meta'
[0.498s] [34mcolcon.colcon_core.package_identification[0m [1;30mLevel 1[0m _identify(modules/__pycache__) by extensions ['ros']
[0.498s] [34mcolcon.colcon_core.package_identification[0m [1;30mLevel 1[0m _identify(modules/__pycache__) by extension 'ros'
[0.498s] [34mcolcon.colcon_core.package_identification[0m [1;30mLevel 1[0m _identify(modules/__pycache__) by extensions ['cmake', 'python']
[0.498s] [34mcolcon.colcon_core.package_identification[0m [1;30mLevel 1[0m _identify(modules/__pycache__) by extension 'cmake'
[0.498s] [34mcolcon.colcon_core.package_identification[0m [1;30mLevel 1[0m _identify(modules/__pycache__) by extension 'python'
[0.498s] [34mcolcon.colcon_core.package_identification[0m [1;30mLevel 1[0m _identify(modules/__pycache__) by extensions ['python_setup_py']
[0.498s] [34mcolcon.colcon_core.package_identification[0m [1;30mLevel 1[0m _identify(modules/__pycache__) by extension 'python_setup_py'
[0.498s] [34mcolcon.colcon_core.package_identification[0m [1;30mLevel 1[0m _identify(modules/models) by extensions ['ignore', 'ignore_ament_install']
[0.498s] [34mcolcon.colcon_core.package_identification[0m [1;30mLevel 1[0m _identify(modules/models) by extension 'ignore'
[0.498s] [34mcolcon.colcon_core.package_identification[0m [1;30mLevel 1[0m _identify(modules/models) by extension 'ignore_ament_install'
[0.498s] [34mcolcon.colcon_core.package_identification[0m [1;30mLevel 1[0m _identify(modules/models) by extensions ['colcon_pkg']
[0.498s] [34mcolcon.colcon_core.package_identification[0m [1;30mLevel 1[0m _identify(modules/models) by extension 'colcon_pkg'
[0.498s] [34mcolcon.colcon_core.package_identification[0m [1;30mLevel 1[0m _identify(modules/models) by extensions ['colcon_meta']
[0.498s] [34mcolcon.colcon_core.package_identification[0m [1;30mLevel 1[0m _identify(modules/models) by extension 'colcon_meta'
[0.498s] [34mcolcon.colcon_core.package_identification[0m [1;30mLevel 1[0m _identify(modules/models) by extensions ['ros']
[0.498s] [34mcolcon.colcon_core.package_identification[0m [1;30mLevel 1[0m _identify(modules/models) by extension 'ros'
[0.498s] [34mcolcon.colcon_core.package_identification[0m [1;30mLevel 1[0m _identify(modules/models) by extensions ['cmake', 'python']
[0.499s] [34mcolcon.colcon_core.package_identification[0m [1;30mLevel 1[0m _identify(modules/models) by extension 'cmake'
[0.499s] [34mcolcon.colcon_core.package_identification[0m [1;30mLevel 1[0m _identify(modules/models) by extension 'python'
[0.499s] [34mcolcon.colcon_core.package_identification[0m [1;30mLevel 1[0m _identify(modules/models) by extensions ['python_setup_py']
[0.499s] [34mcolcon.colcon_core.package_identification[0m [1;30mLevel 1[0m _identify(modules/models) by extension 'python_setup_py'
[0.499s] [34mcolcon.colcon_core.package_identification[0m [1;30mLevel 1[0m _identify(modules/models/anime_style) by extensions ['ignore', 'ignore_ament_install']
[0.499s] [34mcolcon.colcon_core.package_identification[0m [1;30mLevel 1[0m _identify(modules/models/anime_style) by extension 'ignore'
[0.499s] [34mcolcon.colcon_core.package_identification[0m [1;30mLevel 1[0m _identify(modules/models/anime_style) by extension 'ignore_ament_install'
[0.499s] [34mcolcon.colcon_core.package_identification[0m [1;30mLevel 1[0m _identify(modules/models/anime_style) by extensions ['colcon_pkg']
[0.499s] [34mcolcon.colcon_core.package_identification[0m [1;30mLevel 1[0m _identify(modules/models/anime_style) by extension 'colcon_pkg'
[0.499s] [34mcolcon.colcon_core.package_identification[0m [1;30mLevel 1[0m _identify(modules/models/anime_style) by extensions ['colcon_meta']
[0.499s] [34mcolcon.colcon_core.package_identification[0m [1;30mLevel 1[0m _identify(modules/models/anime_style) by extension 'colcon_meta'
[0.499s] [34mcolcon.colcon_core.package_identification[0m [1;30mLevel 1[0m _identify(modules/models/anime_style) by extensions ['ros']
[0.499s] [34mcolcon.colcon_core.package_identification[0m [1;30mLevel 1[0m _identify(modules/models/anime_style) by extension 'ros'
[0.499s] [34mcolcon.colcon_core.package_identification[0m [1;30mLevel 1[0m _identify(modules/models/anime_style) by extensions ['cmake', 'python']
[0.499s] [34mcolcon.colcon_core.package_identification[0m [1;30mLevel 1[0m _identify(modules/models/anime_style) by extension 'cmake'
[0.499s] [34mcolcon.colcon_core.package_identification[0m [1;30mLevel 1[0m _identify(modules/models/anime_style) by extension 'python'
[0.499s] [34mcolcon.colcon_core.package_identification[0m [1;30mLevel 1[0m _identify(modules/models/anime_style) by extensions ['python_setup_py']
[0.499s] [34mcolcon.colcon_core.package_identification[0m [1;30mLevel 1[0m _identify(modules/models/anime_style) by extension 'python_setup_py'
[0.500s] [34mcolcon.colcon_core.package_identification[0m [1;30mLevel 1[0m _identify(modules/models/contour_style) by extensions ['ignore', 'ignore_ament_install']
[0.500s] [34mcolcon.colcon_core.package_identification[0m [1;30mLevel 1[0m _identify(modules/models/contour_style) by extension 'ignore'
[0.500s] [34mcolcon.colcon_core.package_identification[0m [1;30mLevel 1[0m _identify(modules/models/contour_style) by extension 'ignore_ament_install'
[0.500s] [34mcolcon.colcon_core.package_identification[0m [1;30mLevel 1[0m _identify(modules/models/contour_style) by extensions ['colcon_pkg']
[0.500s] [34mcolcon.colcon_core.package_identification[0m [1;30mLevel 1[0m _identify(modules/models/contour_style) by extension 'colcon_pkg'
[0.500s] [34mcolcon.colcon_core.package_identification[0m [1;30mLevel 1[0m _identify(modules/models/contour_style) by extensions ['colcon_meta']
[0.500s] [34mcolcon.colcon_core.package_identification[0m [1;30mLevel 1[0m _identify(modules/models/contour_style) by extension 'colcon_meta'
[0.500s] [34mcolcon.colcon_core.package_identification[0m [1;30mLevel 1[0m _identify(modules/models/contour_style) by extensions ['ros']
[0.500s] [34mcolcon.colcon_core.package_identification[0m [1;30mLevel 1[0m _identify(modules/models/contour_style) by extension 'ros'
[0.500s] [34mcolcon.colcon_core.package_identification[0m [1;30mLevel 1[0m _identify(modules/models/contour_style) by extensions ['cmake', 'python']
[0.500s] [34mcolcon.colcon_core.package_identification[0m [1;30mLevel 1[0m _identify(modules/models/contour_style) by extension 'cmake'
[0.500s] [34mcolcon.colcon_core.package_identification[0m [1;30mLevel 1[0m _identify(modules/models/contour_style) by extension 'python'
[0.500s] [34mcolcon.colcon_core.package_identification[0m [1;30mLevel 1[0m _identify(modules/models/contour_style) by extensions ['python_setup_py']
[0.500s] [34mcolcon.colcon_core.package_identification[0m [1;30mLevel 1[0m _identify(modules/models/contour_style) by extension 'python_setup_py'
[0.500s] [34mcolcon.colcon_core.package_identification[0m [1;30mLevel 1[0m _identify(modules/models/opensketch_style) by extensions ['ignore', 'ignore_ament_install']
[0.501s] [34mcolcon.colcon_core.package_identification[0m [1;30mLevel 1[0m _identify(modules/models/opensketch_style) by extension 'ignore'
[0.501s] [34mcolcon.colcon_core.package_identification[0m [1;30mLevel 1[0m _identify(modules/models/opensketch_style) by extension 'ignore_ament_install'
[0.501s] [34mcolcon.colcon_core.package_identification[0m [1;30mLevel 1[0m _identify(modules/models/opensketch_style) by extensions ['colcon_pkg']
[0.501s] [34mcolcon.colcon_core.package_identification[0m [1;30mLevel 1[0m _identify(modules/models/opensketch_style) by extension 'colcon_pkg'
[0.501s] [34mcolcon.colcon_core.package_identification[0m [1;30mLevel 1[0m _identify(modules/models/opensketch_style) by extensions ['colcon_meta']
[0.501s] [34mcolcon.colcon_core.package_identification[0m [1;30mLevel 1[0m _identify(modules/models/opensketch_style) by extension 'colcon_meta'
[0.501s] [34mcolcon.colcon_core.package_identification[0m [1;30mLevel 1[0m _identify(modules/models/opensketch_style) by extensions ['ros']
[0.501s] [34mcolcon.colcon_core.package_identification[0m [1;30mLevel 1[0m _identify(modules/models/opensketch_style) by extension 'ros'
[0.501s] [34mcolcon.colcon_core.package_identification[0m [1;30mLevel 1[0m _identify(modules/models/opensketch_style) by extensions ['cmake', 'python']
[0.501s] [34mcolcon.colcon_core.package_identification[0m [1;30mLevel 1[0m _identify(modules/models/opensketch_style) by extension 'cmake'
[0.501s] [34mcolcon.colcon_core.package_identification[0m [1;30mLevel 1[0m _identify(modules/models/opensketch_style) by extension 'python'
[0.501s] [34mcolcon.colcon_core.package_identification[0m [1;30mLevel 1[0m _identify(modules/models/opensketch_style) by extensions ['python_setup_py']
[0.501s] [34mcolcon.colcon_core.package_identification[0m [1;30mLevel 1[0m _identify(modules/models/opensketch_style) by extension 'python_setup_py'
[0.501s] [34mcolcon.colcon_core.package_discovery[0m [1;30mLevel 1[0m discover_packages(recursive) using defaults
[0.501s] [34mcolcon.colcon_core.package_discovery[0m [1;30mLevel 1[0m discover_packages(ignore) discover
[0.501s] [34mcolcon.colcon_core.package_discovery[0m [1;30mLevel 1[0m discover_packages(ignore) using defaults
[0.501s] [34mcolcon.colcon_core.package_discovery[0m [1;30mLevel 1[0m discover_packages(path) discover
[0.501s] [34mcolcon.colcon_core.package_discovery[0m [1;30mLevel 1[0m discover_packages(path) using defaults
[0.514s] [34mcolcon.colcon_core.package_discovery[0m [1;30mLevel 1[0m discover_packages(prefix_path) check parameters
[0.514s] [34mcolcon.colcon_core.package_discovery[0m [1;30mLevel 1[0m discover_packages(prefix_path) discover
[0.516s] [34mcolcon.colcon_installed_package_information.package_discovery[0m [1;30mDEBUG[0m [32mFound 0 installed packages in /home/smartcps/ros2_ws/src/doosan-robot2/Image_Detection-main/install[0m
[0.517s] [34mcolcon.colcon_installed_package_information.package_discovery[0m [1;30mDEBUG[0m [32mFound 30 installed packages in /home/smartcps/ros2_ws/install[0m
[0.518s] [34mcolcon.colcon_installed_package_information.package_discovery[0m [1;30mDEBUG[0m [32mFound 388 installed packages in /opt/ros/humble[0m
[0.520s] [34mcolcon.colcon_core.package_discovery[0m [1;30mLevel 1[0m discover_packages(prefix_path) using defaults
[0.560s] [34mcolcon.colcon_core.executor[0m [1;30mINFO[0m Executing jobs using 'parallel' executor
[0.560s] [34mcolcon.colcon_parallel_executor.executor.parallel[0m [1;30mDEBUG[0m [32mrun_until_complete[0m
[0.561s] [34mcolcon.colcon_parallel_executor.executor.parallel[0m [1;30mDEBUG[0m [32mclosing loop[0m
[0.561s] [34mcolcon.colcon_parallel_executor.executor.parallel[0m [1;30mDEBUG[0m [32mloop closed[0m
[0.561s] [34mcolcon.colcon_parallel_executor.executor.parallel[0m [1;30mDEBUG[0m [32mrun_until_complete finished with '0'[0m
[0.561s] [34mcolcon.colcon_core.event_reactor[0m [1;30mDEBUG[0m [32mjoining thread[0m
[0.564s] [34mcolcon.colcon_core.plugin_system[0m [1;30mINFO[0m Skipping extension 'colcon_notification.desktop_notification.terminal_notifier': Not used on non-Darwin systems
[0.564s] [34mcolcon.colcon_core.plugin_system[0m [1;30mINFO[0m Skipping extension 'colcon_notification.desktop_notification.win32': Not used on non-Windows systems
[0.564s] [34mcolcon.colcon_notification.desktop_notification[0m [1;30mINFO[0m Sending desktop notification using 'notify2'
[0.574s] [34mcolcon.colcon_core.event_reactor[0m [1;30mDEBUG[0m [32mjoined thread[0m
[0.576s] [34mcolcon.colcon_core.plugin_system[0m [1;30mINFO[0m Skipping extension 'colcon_core.shell.bat': Not used on non-Windows systems
[0.576s] [34mcolcon.colcon_core.shell[0m [1;30mINFO[0m Creating prefix script '/home/smartcps/ros2_ws/src/doosan-robot2/Image_Detection-main/install/local_setup.ps1'
[0.578s] [34mcolcon.colcon_core.shell[0m [1;30mINFO[0m Creating prefix util module '/home/smartcps/ros2_ws/src/doosan-robot2/Image_Detection-main/install/_local_setup_util_ps1.py'
[0.579s] [34mcolcon.colcon_core.shell[0m [1;30mINFO[0m Creating prefix chain script '/home/smartcps/ros2_ws/src/doosan-robot2/Image_Detection-main/install/setup.ps1'
[0.582s] [34mcolcon.colcon_core.shell[0m [1;30mINFO[0m Creating prefix script '/home/smartcps/ros2_ws/src/doosan-robot2/Image_Detection-main/install/local_setup.sh'
[0.582s] [34mcolcon.colcon_core.shell[0m [1;30mINFO[0m Creating prefix util module '/home/smartcps/ros2_ws/src/doosan-robot2/Image_Detection-main/install/_local_setup_util_sh.py'
[0.583s] [34mcolcon.colcon_core.shell[0m [1;30mINFO[0m Creating prefix chain script '/home/smartcps/ros2_ws/src/doosan-robot2/Image_Detection-main/install/setup.sh'
[0.584s] [34mcolcon.colcon_core.shell[0m [1;30mINFO[0m Creating prefix script '/home/smartcps/ros2_ws/src/doosan-robot2/Image_Detection-main/install/local_setup.bash'
[0.585s] [34mcolcon.colcon_core.shell[0m [1;30mINFO[0m Creating prefix chain script '/home/smartcps/ros2_ws/src/doosan-robot2/Image_Detection-main/install/setup.bash'
[0.586s] [34mcolcon.colcon_core.shell[0m [1;30mINFO[0m Creating prefix script '/home/smartcps/ros2_ws/src/doosan-robot2/Image_Detection-main/install/local_setup.zsh'
[0.587s] [34mcolcon.colcon_core.shell[0m [1;30mINFO[0m Creating prefix chain script '/home/smartcps/ros2_ws/src/doosan-robot2/Image_Detection-main/install/setup.zsh'
