[0.184s] [34mcolcon[0m [1;30mDEBUG[0m [32mCommand line arguments: ['/usr/bin/colcon', 'build'][0m
[0.184s] [34mcolcon[0m [1;30mDEBUG[0m [32mParsed command line arguments: Namespace(log_base=None, log_level=None, verb_name='build', build_base='build', install_base='install', merge_install=False, symlink_install=False, test_result_base=None, continue_on_error=False, executor='parallel', parallel_workers=20, event_handlers=None, ignore_user_meta=False, metas=['./colcon.meta'], base_paths=['.'], packages_ignore=None, packages_ignore_regex=None, paths=None, packages_up_to=None, packages_up_to_regex=None, packages_above=None, packages_above_and_dependencies=None, packages_above_depth=None, packages_select_by_dep=None, packages_skip_by_dep=None, packages_skip_up_to=None, packages_select_build_failed=False, packages_skip_build_finished=False, packages_select_test_failures=False, packages_skip_test_passed=False, packages_select=None, packages_skip=None, packages_select_regex=None, packages_skip_regex=None, packages_start=None, packages_end=None, allow_overriding=[], cmake_args=None, cmake_target=None, cmake_target_skip_unavailable=False, cmake_clean_cache=False, cmake_clean_first=False, cmake_force_configure=False, ament_cmake_args=None, catkin_cmake_args=None, catkin_skip_building_tests=False, mixin_files=None, mixin=None, verb_parser=<colcon_mixin.mixin.mixin_argument.MixinArgumentDecorator object at 0x70ffbd743be0>, verb_extension=<colcon_core.verb.build.BuildVerb object at 0x70ffbd87cbb0>, main=<bound method BuildVerb.main of <colcon_core.verb.build.BuildVerb object at 0x70ffbd87cbb0>>, mixin_verb=('build',))[0m
[0.541s] [34mcolcon.colcon_core.package_discovery[0m [1;30mLevel 1[0m discover_packages(colcon_meta) check parameters
[0.541s] [34mcolcon.colcon_core.package_discovery[0m [1;30mLevel 1[0m discover_packages(recursive) check parameters
[0.541s] [34mcolcon.colcon_core.package_discovery[0m [1;30mLevel 1[0m discover_packages(ignore) check parameters
[0.541s] [34mcolcon.colcon_core.package_discovery[0m [1;30mLevel 1[0m discover_packages(path) check parameters
[0.541s] [34mcolcon.colcon_core.package_discovery[0m [1;30mLevel 1[0m discover_packages(colcon_meta) discover
[0.541s] [34mcolcon.colcon_core.package_discovery[0m [1;30mLevel 1[0m discover_packages(recursive) discover
[0.541s] [34mcolcon.colcon_core.package_discovery[0m [1;30mINFO[0m Crawling recursively for packages in '/home/smartcps/ros2_ws/src/doosan-robot2/Image_Detection-main'
[0.541s] [34mcolcon.colcon_core.package_identification[0m [1;30mLevel 1[0m _identify(.) by extensions ['ignore', 'ignore_ament_install']
[0.541s] [34mcolcon.colcon_core.package_identification[0m [1;30mLevel 1[0m _identify(.) by extension 'ignore'
[0.542s] [34mcolcon.colcon_core.package_identification[0m [1;30mLevel 1[0m _identify(.) by extension 'ignore_ament_install'
[0.542s] [34mcolcon.colcon_core.package_identification[0m [1;30mLevel 1[0m _identify(.) by extensions ['colcon_pkg']
[0.542s] [34mcolcon.colcon_core.package_identification[0m [1;30mLevel 1[0m _identify(.) by extension 'colcon_pkg'
[0.542s] [34mcolcon.colcon_core.package_identification[0m [1;30mLevel 1[0m _identify(.) by extensions ['colcon_meta']
[0.542s] [34mcolcon.colcon_core.package_identification[0m [1;30mLevel 1[0m _identify(.) by extension 'colcon_meta'
[0.542s] [34mcolcon.colcon_core.package_identification[0m [1;30mLevel 1[0m _identify(.) by extensions ['ros']
[0.542s] [34mcolcon.colcon_core.package_identification[0m [1;30mLevel 1[0m _identify(.) by extension 'ros'
[0.570s] [34mcolcon.colcon_core.package_identification[0m [1;30mLevel 1[0m _identify(.) by extensions ['cmake', 'python']
[0.570s] [34mcolcon.colcon_core.package_identification[0m [1;30mLevel 1[0m _identify(.) by extension 'cmake'
[0.570s] [34mcolcon.colcon_core.package_identification[0m [1;30mLevel 1[0m _identify(.) by extension 'python'
[0.570s] [34mcolcon.colcon_core.package_identification[0m [1;30mLevel 1[0m _identify(.) by extensions ['python_setup_py']
[0.570s] [34mcolcon.colcon_core.package_identification[0m [1;30mLevel 1[0m _identify(.) by extension 'python_setup_py'
[0.570s] [34mcolcon.colcon_core.package_identification[0m [1;30mLevel 1[0m _identify(Test) by extensions ['ignore', 'ignore_ament_install']
[0.570s] [34mcolcon.colcon_core.package_identification[0m [1;30mLevel 1[0m _identify(Test) by extension 'ignore'
[0.570s] [34mcolcon.colcon_core.package_identification[0m [1;30mLevel 1[0m _identify(Test) by extension 'ignore_ament_install'
[0.571s] [34mcolcon.colcon_core.package_identification[0m [1;30mLevel 1[0m _identify(Test) by extensions ['colcon_pkg']
[0.571s] [34mcolcon.colcon_core.package_identification[0m [1;30mLevel 1[0m _identify(Test) by extension 'colcon_pkg'
[0.571s] [34mcolcon.colcon_core.package_identification[0m [1;30mLevel 1[0m _identify(Test) by extensions ['colcon_meta']
[0.571s] [34mcolcon.colcon_core.package_identification[0m [1;30mLevel 1[0m _identify(Test) by extension 'colcon_meta'
[0.571s] [34mcolcon.colcon_core.package_identification[0m [1;30mLevel 1[0m _identify(Test) by extensions ['ros']
[0.571s] [34mcolcon.colcon_core.package_identification[0m [1;30mLevel 1[0m _identify(Test) by extension 'ros'
[0.571s] [34mcolcon.colcon_core.package_identification[0m [1;30mLevel 1[0m _identify(Test) by extensions ['cmake', 'python']
[0.571s] [34mcolcon.colcon_core.package_identification[0m [1;30mLevel 1[0m _identify(Test) by extension 'cmake'
[0.571s] [34mcolcon.colcon_core.package_identification[0m [1;30mLevel 1[0m _identify(Test) by extension 'python'
[0.571s] [34mcolcon.colcon_core.package_identification[0m [1;30mLevel 1[0m _identify(Test) by extensions ['python_setup_py']
[0.571s] [34mcolcon.colcon_core.package_identification[0m [1;30mLevel 1[0m _identify(Test) by extension 'python_setup_py'
[0.571s] [34mcolcon.colcon_core.package_identification[0m [1;30mLevel 1[0m _identify(__pycache__) by extensions ['ignore', 'ignore_ament_install']
[0.571s] [34mcolcon.colcon_core.package_identification[0m [1;30mLevel 1[0m _identify(__pycache__) by extension 'ignore'
[0.571s] [34mcolcon.colcon_core.package_identification[0m [1;30mLevel 1[0m _identify(__pycache__) by extension 'ignore_ament_install'
[0.571s] [34mcolcon.colcon_core.package_identification[0m [1;30mLevel 1[0m _identify(__pycache__) by extensions ['colcon_pkg']
[0.571s] [34mcolcon.colcon_core.package_identification[0m [1;30mLevel 1[0m _identify(__pycache__) by extension 'colcon_pkg'
[0.571s] [34mcolcon.colcon_core.package_identification[0m [1;30mLevel 1[0m _identify(__pycache__) by extensions ['colcon_meta']
[0.571s] [34mcolcon.colcon_core.package_identification[0m [1;30mLevel 1[0m _identify(__pycache__) by extension 'colcon_meta'
[0.571s] [34mcolcon.colcon_core.package_identification[0m [1;30mLevel 1[0m _identify(__pycache__) by extensions ['ros']
[0.571s] [34mcolcon.colcon_core.package_identification[0m [1;30mLevel 1[0m _identify(__pycache__) by extension 'ros'
[0.571s] [34mcolcon.colcon_core.package_identification[0m [1;30mLevel 1[0m _identify(__pycache__) by extensions ['cmake', 'python']
[0.571s] [34mcolcon.colcon_core.package_identification[0m [1;30mLevel 1[0m _identify(__pycache__) by extension 'cmake'
[0.571s] [34mcolcon.colcon_core.package_identification[0m [1;30mLevel 1[0m _identify(__pycache__) by extension 'python'
[0.571s] [34mcolcon.colcon_core.package_identification[0m [1;30mLevel 1[0m _identify(__pycache__) by extensions ['python_setup_py']
[0.571s] [34mcolcon.colcon_core.package_identification[0m [1;30mLevel 1[0m _identify(__pycache__) by extension 'python_setup_py'
[0.572s] [34mcolcon.colcon_core.package_identification[0m [1;30mLevel 1[0m _identify(anaconda_projects) by extensions ['ignore', 'ignore_ament_install']
[0.572s] [34mcolcon.colcon_core.package_identification[0m [1;30mLevel 1[0m _identify(anaconda_projects) by extension 'ignore'
[0.572s] [34mcolcon.colcon_core.package_identification[0m [1;30mLevel 1[0m _identify(anaconda_projects) by extension 'ignore_ament_install'
[0.572s] [34mcolcon.colcon_core.package_identification[0m [1;30mLevel 1[0m _identify(anaconda_projects) by extensions ['colcon_pkg']
[0.572s] [34mcolcon.colcon_core.package_identification[0m [1;30mLevel 1[0m _identify(anaconda_projects) by extension 'colcon_pkg'
[0.572s] [34mcolcon.colcon_core.package_identification[0m [1;30mLevel 1[0m _identify(anaconda_projects) by extensions ['colcon_meta']
[0.572s] [34mcolcon.colcon_core.package_identification[0m [1;30mLevel 1[0m _identify(anaconda_projects) by extension 'colcon_meta'
[0.572s] [34mcolcon.colcon_core.package_identification[0m [1;30mLevel 1[0m _identify(anaconda_projects) by extensions ['ros']
[0.572s] [34mcolcon.colcon_core.package_identification[0m [1;30mLevel 1[0m _identify(anaconda_projects) by extension 'ros'
[0.572s] [34mcolcon.colcon_core.package_identification[0m [1;30mLevel 1[0m _identify(anaconda_projects) by extensions ['cmake', 'python']
[0.572s] [34mcolcon.colcon_core.package_identification[0m [1;30mLevel 1[0m _identify(anaconda_projects) by extension 'cmake'
[0.572s] [34mcolcon.colcon_core.package_identification[0m [1;30mLevel 1[0m _identify(anaconda_projects) by extension 'python'
[0.572s] [34mcolcon.colcon_core.package_identification[0m [1;30mLevel 1[0m _identify(anaconda_projects) by extensions ['python_setup_py']
[0.572s] [34mcolcon.colcon_core.package_identification[0m [1;30mLevel 1[0m _identify(anaconda_projects) by extension 'python_setup_py'
[0.572s] [34mcolcon.colcon_core.package_identification[0m [1;30mLevel 1[0m _identify(anaconda_projects/db) by extensions ['ignore', 'ignore_ament_install']
[0.572s] [34mcolcon.colcon_core.package_identification[0m [1;30mLevel 1[0m _identify(anaconda_projects/db) by extension 'ignore'
[0.572s] [34mcolcon.colcon_core.package_identification[0m [1;30mLevel 1[0m _identify(anaconda_projects/db) by extension 'ignore_ament_install'
[0.572s] [34mcolcon.colcon_core.package_identification[0m [1;30mLevel 1[0m _identify(anaconda_projects/db) by extensions ['colcon_pkg']
[0.572s] [34mcolcon.colcon_core.package_identification[0m [1;30mLevel 1[0m _identify(anaconda_projects/db) by extension 'colcon_pkg'
[0.572s] [34mcolcon.colcon_core.package_identification[0m [1;30mLevel 1[0m _identify(anaconda_projects/db) by extensions ['colcon_meta']
[0.572s] [34mcolcon.colcon_core.package_identification[0m [1;30mLevel 1[0m _identify(anaconda_projects/db) by extension 'colcon_meta'
[0.572s] [34mcolcon.colcon_core.package_identification[0m [1;30mLevel 1[0m _identify(anaconda_projects/db) by extensions ['ros']
[0.573s] [34mcolcon.colcon_core.package_identification[0m [1;30mLevel 1[0m _identify(anaconda_projects/db) by extension 'ros'
[0.573s] [34mcolcon.colcon_core.package_identification[0m [1;30mLevel 1[0m _identify(anaconda_projects/db) by extensions ['cmake', 'python']
[0.573s] [34mcolcon.colcon_core.package_identification[0m [1;30mLevel 1[0m _identify(anaconda_projects/db) by extension 'cmake'
[0.573s] [34mcolcon.colcon_core.package_identification[0m [1;30mLevel 1[0m _identify(anaconda_projects/db) by extension 'python'
[0.573s] [34mcolcon.colcon_core.package_identification[0m [1;30mLevel 1[0m _identify(anaconda_projects/db) by extensions ['python_setup_py']
[0.573s] [34mcolcon.colcon_core.package_identification[0m [1;30mLevel 1[0m _identify(anaconda_projects/db) by extension 'python_setup_py'
[0.573s] [34mcolcon.colcon_core.package_identification[0m [1;30mLevel 1[0m _identify(build) by extensions ['ignore', 'ignore_ament_install']
[0.573s] [34mcolcon.colcon_core.package_identification[0m [1;30mLevel 1[0m _identify(build) by extension 'ignore'
[0.573s] [34mcolcon.colcon_core.package_identification[0m [1;30mLevel 1[0m _identify(build) ignored
[0.573s] [34mcolcon.colcon_core.package_identification[0m [1;30mLevel 1[0m _identify(config) by extensions ['ignore', 'ignore_ament_install']
[0.573s] [34mcolcon.colcon_core.package_identification[0m [1;30mLevel 1[0m _identify(config) by extension 'ignore'
[0.573s] [34mcolcon.colcon_core.package_identification[0m [1;30mLevel 1[0m _identify(config) by extension 'ignore_ament_install'
[0.573s] [34mcolcon.colcon_core.package_identification[0m [1;30mLevel 1[0m _identify(config) by extensions ['colcon_pkg']
[0.573s] [34mcolcon.colcon_core.package_identification[0m [1;30mLevel 1[0m _identify(config) by extension 'colcon_pkg'
[0.573s] [34mcolcon.colcon_core.package_identification[0m [1;30mLevel 1[0m _identify(config) by extensions ['colcon_meta']
[0.573s] [34mcolcon.colcon_core.package_identification[0m [1;30mLevel 1[0m _identify(config) by extension 'colcon_meta'
[0.573s] [34mcolcon.colcon_core.package_identification[0m [1;30mLevel 1[0m _identify(config) by extensions ['ros']
[0.573s] [34mcolcon.colcon_core.package_identification[0m [1;30mLevel 1[0m _identify(config) by extension 'ros'
[0.573s] [34mcolcon.colcon_core.package_identification[0m [1;30mLevel 1[0m _identify(config) by extensions ['cmake', 'python']
[0.573s] [34mcolcon.colcon_core.package_identification[0m [1;30mLevel 1[0m _identify(config) by extension 'cmake'
[0.574s] [34mcolcon.colcon_core.package_identification[0m [1;30mLevel 1[0m _identify(config) by extension 'python'
[0.574s] [34mcolcon.colcon_core.package_identification[0m [1;30mLevel 1[0m _identify(config) by extensions ['python_setup_py']
[0.574s] [34mcolcon.colcon_core.package_identification[0m [1;30mLevel 1[0m _identify(config) by extension 'python_setup_py'
[0.574s] [34mcolcon.colcon_core.package_identification[0m [1;30mLevel 1[0m _identify(data) by extensions ['ignore', 'ignore_ament_install']
[0.574s] [34mcolcon.colcon_core.package_identification[0m [1;30mLevel 1[0m _identify(data) by extension 'ignore'
[0.574s] [34mcolcon.colcon_core.package_identification[0m [1;30mLevel 1[0m _identify(data) by extension 'ignore_ament_install'
[0.574s] [34mcolcon.colcon_core.package_identification[0m [1;30mLevel 1[0m _identify(data) by extensions ['colcon_pkg']
[0.574s] [34mcolcon.colcon_core.package_identification[0m [1;30mLevel 1[0m _identify(data) by extension 'colcon_pkg'
[0.574s] [34mcolcon.colcon_core.package_identification[0m [1;30mLevel 1[0m _identify(data) by extensions ['colcon_meta']
[0.574s] [34mcolcon.colcon_core.package_identification[0m [1;30mLevel 1[0m _identify(data) by extension 'colcon_meta'
[0.574s] [34mcolcon.colcon_core.package_identification[0m [1;30mLevel 1[0m _identify(data) by extensions ['ros']
[0.574s] [34mcolcon.colcon_core.package_identification[0m [1;30mLevel 1[0m _identify(data) by extension 'ros'
[0.574s] [34mcolcon.colcon_core.package_identification[0m [1;30mLevel 1[0m _identify(data) by extensions ['cmake', 'python']
[0.574s] [34mcolcon.colcon_core.package_identification[0m [1;30mLevel 1[0m _identify(data) by extension 'cmake'
[0.574s] [34mcolcon.colcon_core.package_identification[0m [1;30mLevel 1[0m _identify(data) by extension 'python'
[0.575s] [34mcolcon.colcon_core.package_identification[0m [1;30mLevel 1[0m _identify(data) by extensions ['python_setup_py']
[0.575s] [34mcolcon.colcon_core.package_identification[0m [1;30mLevel 1[0m _identify(data) by extension 'python_setup_py'
[0.575s] [34mcolcon.colcon_core.package_identification[0m [1;30mLevel 1[0m _identify(data/20260324_192735_session) by extensions ['ignore', 'ignore_ament_install']
[0.575s] [34mcolcon.colcon_core.package_identification[0m [1;30mLevel 1[0m _identify(data/20260324_192735_session) by extension 'ignore'
[0.575s] [34mcolcon.colcon_core.package_identification[0m [1;30mLevel 1[0m _identify(data/20260324_192735_session) by extension 'ignore_ament_install'
[0.575s] [34mcolcon.colcon_core.package_identification[0m [1;30mLevel 1[0m _identify(data/20260324_192735_session) by extensions ['colcon_pkg']
[0.575s] [34mcolcon.colcon_core.package_identification[0m [1;30mLevel 1[0m _identify(data/20260324_192735_session) by extension 'colcon_pkg'
[0.575s] [34mcolcon.colcon_core.package_identification[0m [1;30mLevel 1[0m _identify(data/20260324_192735_session) by extensions ['colcon_meta']
[0.575s] [34mcolcon.colcon_core.package_identification[0m [1;30mLevel 1[0m _identify(data/20260324_192735_session) by extension 'colcon_meta'
[0.575s] [34mcolcon.colcon_core.package_identification[0m [1;30mLevel 1[0m _identify(data/20260324_192735_session) by extensions ['ros']
[0.575s] [34mcolcon.colcon_core.package_identification[0m [1;30mLevel 1[0m _identify(data/20260324_192735_session) by extension 'ros'
[0.575s] [34mcolcon.colcon_core.package_identification[0m [1;30mLevel 1[0m _identify(data/20260324_192735_session) by extensions ['cmake', 'python']
[0.575s] [34mcolcon.colcon_core.package_identification[0m [1;30mLevel 1[0m _identify(data/20260324_192735_session) by extension 'cmake'
[0.575s] [34mcolcon.colcon_core.package_identification[0m [1;30mLevel 1[0m _identify(data/20260324_192735_session) by extension 'python'
[0.575s] [34mcolcon.colcon_core.package_identification[0m [1;30mLevel 1[0m _identify(data/20260324_192735_session) by extensions ['python_setup_py']
[0.575s] [34mcolcon.colcon_core.package_identification[0m [1;30mLevel 1[0m _identify(data/20260324_192735_session) by extension 'python_setup_py'
[0.575s] [34mcolcon.colcon_core.package_identification[0m [1;30mLevel 1[0m _identify(data/20260324_192735_session/1_capture) by extensions ['ignore', 'ignore_ament_install']
[0.575s] [34mcolcon.colcon_core.package_identification[0m [1;30mLevel 1[0m _identify(data/20260324_192735_session/1_capture) by extension 'ignore'
[0.575s] [34mcolcon.colcon_core.package_identification[0m [1;30mLevel 1[0m _identify(data/20260324_192735_session/1_capture) by extension 'ignore_ament_install'
[0.575s] [34mcolcon.colcon_core.package_identification[0m [1;30mLevel 1[0m _identify(data/20260324_192735_session/1_capture) by extensions ['colcon_pkg']
[0.575s] [34mcolcon.colcon_core.package_identification[0m [1;30mLevel 1[0m _identify(data/20260324_192735_session/1_capture) by extension 'colcon_pkg'
[0.575s] [34mcolcon.colcon_core.package_identification[0m [1;30mLevel 1[0m _identify(data/20260324_192735_session/1_capture) by extensions ['colcon_meta']
[0.575s] [34mcolcon.colcon_core.package_identification[0m [1;30mLevel 1[0m _identify(data/20260324_192735_session/1_capture) by extension 'colcon_meta'
[0.576s] [34mcolcon.colcon_core.package_identification[0m [1;30mLevel 1[0m _identify(data/20260324_192735_session/1_capture) by extensions ['ros']
[0.576s] [34mcolcon.colcon_core.package_identification[0m [1;30mLevel 1[0m _identify(data/20260324_192735_session/1_capture) by extension 'ros'
[0.576s] [34mcolcon.colcon_core.package_identification[0m [1;30mLevel 1[0m _identify(data/20260324_192735_session/1_capture) by extensions ['cmake', 'python']
[0.576s] [34mcolcon.colcon_core.package_identification[0m [1;30mLevel 1[0m _identify(data/20260324_192735_session/1_capture) by extension 'cmake'
[0.576s] [34mcolcon.colcon_core.package_identification[0m [1;30mLevel 1[0m _identify(data/20260324_192735_session/1_capture) by extension 'python'
[0.576s] [34mcolcon.colcon_core.package_identification[0m [1;30mLevel 1[0m _identify(data/20260324_192735_session/1_capture) by extensions ['python_setup_py']
[0.576s] [34mcolcon.colcon_core.package_identification[0m [1;30mLevel 1[0m _identify(data/20260324_192735_session/1_capture) by extension 'python_setup_py'
[0.576s] [34mcolcon.colcon_core.package_identification[0m [1;30mLevel 1[0m _identify(data/20260324_192735_session/1_capture/intermediate) by extensions ['ignore', 'ignore_ament_install']
[0.576s] [34mcolcon.colcon_core.package_identification[0m [1;30mLevel 1[0m _identify(data/20260324_192735_session/1_capture/intermediate) by extension 'ignore'
[0.576s] [34mcolcon.colcon_core.package_identification[0m [1;30mLevel 1[0m _identify(data/20260324_192735_session/1_capture/intermediate) by extension 'ignore_ament_install'
[0.576s] [34mcolcon.colcon_core.package_identification[0m [1;30mLevel 1[0m _identify(data/20260324_192735_session/1_capture/intermediate) by extensions ['colcon_pkg']
[0.576s] [34mcolcon.colcon_core.package_identification[0m [1;30mLevel 1[0m _identify(data/20260324_192735_session/1_capture/intermediate) by extension 'colcon_pkg'
[0.576s] [34mcolcon.colcon_core.package_identification[0m [1;30mLevel 1[0m _identify(data/20260324_192735_session/1_capture/intermediate) by extensions ['colcon_meta']
[0.576s] [34mcolcon.colcon_core.package_identification[0m [1;30mLevel 1[0m _identify(data/20260324_192735_session/1_capture/intermediate) by extension 'colcon_meta'
[0.576s] [34mcolcon.colcon_core.package_identification[0m [1;30mLevel 1[0m _identify(data/20260324_192735_session/1_capture/intermediate) by extensions ['ros']
[0.576s] [34mcolcon.colcon_core.package_identification[0m [1;30mLevel 1[0m _identify(data/20260324_192735_session/1_capture/intermediate) by extension 'ros'
[0.576s] [34mcolcon.colcon_core.package_identification[0m [1;30mLevel 1[0m _identify(data/20260324_192735_session/1_capture/intermediate) by extensions ['cmake', 'python']
[0.576s] [34mcolcon.colcon_core.package_identification[0m [1;30mLevel 1[0m _identify(data/20260324_192735_session/1_capture/intermediate) by extension 'cmake'
[0.576s] [34mcolcon.colcon_core.package_identification[0m [1;30mLevel 1[0m _identify(data/20260324_192735_session/1_capture/intermediate) by extension 'python'
[0.576s] [34mcolcon.colcon_core.package_identification[0m [1;30mLevel 1[0m _identify(data/20260324_192735_session/1_capture/intermediate) by extensions ['python_setup_py']
[0.576s] [34mcolcon.colcon_core.package_identification[0m [1;30mLevel 1[0m _identify(data/20260324_192735_session/1_capture/intermediate) by extension 'python_setup_py'
[0.576s] [34mcolcon.colcon_core.package_identification[0m [1;30mLevel 1[0m _identify(data/20260324_192735_session/1_capture/processed) by extensions ['ignore', 'ignore_ament_install']
[0.577s] [34mcolcon.colcon_core.package_identification[0m [1;30mLevel 1[0m _identify(data/20260324_192735_session/1_capture/processed) by extension 'ignore'
[0.577s] [34mcolcon.colcon_core.package_identification[0m [1;30mLevel 1[0m _identify(data/20260324_192735_session/1_capture/processed) by extension 'ignore_ament_install'
[0.577s] [34mcolcon.colcon_core.package_identification[0m [1;30mLevel 1[0m _identify(data/20260324_192735_session/1_capture/processed) by extensions ['colcon_pkg']
[0.577s] [34mcolcon.colcon_core.package_identification[0m [1;30mLevel 1[0m _identify(data/20260324_192735_session/1_capture/processed) by extension 'colcon_pkg'
[0.577s] [34mcolcon.colcon_core.package_identification[0m [1;30mLevel 1[0m _identify(data/20260324_192735_session/1_capture/processed) by extensions ['colcon_meta']
[0.577s] [34mcolcon.colcon_core.package_identification[0m [1;30mLevel 1[0m _identify(data/20260324_192735_session/1_capture/processed) by extension 'colcon_meta'
[0.577s] [34mcolcon.colcon_core.package_identification[0m [1;30mLevel 1[0m _identify(data/20260324_192735_session/1_capture/processed) by extensions ['ros']
[0.577s] [34mcolcon.colcon_core.package_identification[0m [1;30mLevel 1[0m _identify(data/20260324_192735_session/1_capture/processed) by extension 'ros'
[0.577s] [34mcolcon.colcon_core.package_identification[0m [1;30mLevel 1[0m _identify(data/20260324_192735_session/1_capture/processed) by extensions ['cmake', 'python']
[0.577s] [34mcolcon.colcon_core.package_identification[0m [1;30mLevel 1[0m _identify(data/20260324_192735_session/1_capture/processed) by extension 'cmake'
[0.577s] [34mcolcon.colcon_core.package_identification[0m [1;30mLevel 1[0m _identify(data/20260324_192735_session/1_capture/processed) by extension 'python'
[0.577s] [34mcolcon.colcon_core.package_identification[0m [1;30mLevel 1[0m _identify(data/20260324_192735_session/1_capture/processed) by extensions ['python_setup_py']
[0.577s] [34mcolcon.colcon_core.package_identification[0m [1;30mLevel 1[0m _identify(data/20260324_192735_session/1_capture/processed) by extension 'python_setup_py'
[0.577s] [34mcolcon.colcon_core.package_identification[0m [1;30mLevel 1[0m _identify(data/20260324_192735_session/1_capture/raw) by extensions ['ignore', 'ignore_ament_install']
[0.577s] [34mcolcon.colcon_core.package_identification[0m [1;30mLevel 1[0m _identify(data/20260324_192735_session/1_capture/raw) by extension 'ignore'
[0.577s] [34mcolcon.colcon_core.package_identification[0m [1;30mLevel 1[0m _identify(data/20260324_192735_session/1_capture/raw) by extension 'ignore_ament_install'
[0.577s] [34mcolcon.colcon_core.package_identification[0m [1;30mLevel 1[0m _identify(data/20260324_192735_session/1_capture/raw) by extensions ['colcon_pkg']
[0.577s] [34mcolcon.colcon_core.package_identification[0m [1;30mLevel 1[0m _identify(data/20260324_192735_session/1_capture/raw) by extension 'colcon_pkg'
[0.577s] [34mcolcon.colcon_core.package_identification[0m [1;30mLevel 1[0m _identify(data/20260324_192735_session/1_capture/raw) by extensions ['colcon_meta']
[0.577s] [34mcolcon.colcon_core.package_identification[0m [1;30mLevel 1[0m _identify(data/20260324_192735_session/1_capture/raw) by extension 'colcon_meta'
[0.577s] [34mcolcon.colcon_core.package_identification[0m [1;30mLevel 1[0m _identify(data/20260324_192735_session/1_capture/raw) by extensions ['ros']
[0.577s] [34mcolcon.colcon_core.package_identification[0m [1;30mLevel 1[0m _identify(data/20260324_192735_session/1_capture/raw) by extension 'ros'
[0.577s] [34mcolcon.colcon_core.package_identification[0m [1;30mLevel 1[0m _identify(data/20260324_192735_session/1_capture/raw) by extensions ['cmake', 'python']
[0.577s] [34mcolcon.colcon_core.package_identification[0m [1;30mLevel 1[0m _identify(data/20260324_192735_session/1_capture/raw) by extension 'cmake'
[0.577s] [34mcolcon.colcon_core.package_identification[0m [1;30mLevel 1[0m _identify(data/20260324_192735_session/1_capture/raw) by extension 'python'
[0.578s] [34mcolcon.colcon_core.package_identification[0m [1;30mLevel 1[0m _identify(data/20260324_192735_session/1_capture/raw) by extensions ['python_setup_py']
[0.578s] [34mcolcon.colcon_core.package_identification[0m [1;30mLevel 1[0m _identify(data/20260324_192735_session/1_capture/raw) by extension 'python_setup_py'
[0.578s] [34mcolcon.colcon_core.package_identification[0m [1;30mLevel 1[0m _identify(data/20260324_193040_session) by extensions ['ignore', 'ignore_ament_install']
[0.578s] [34mcolcon.colcon_core.package_identification[0m [1;30mLevel 1[0m _identify(data/20260324_193040_session) by extension 'ignore'
[0.578s] [34mcolcon.colcon_core.package_identification[0m [1;30mLevel 1[0m _identify(data/20260324_193040_session) by extension 'ignore_ament_install'
[0.578s] [34mcolcon.colcon_core.package_identification[0m [1;30mLevel 1[0m _identify(data/20260324_193040_session) by extensions ['colcon_pkg']
[0.578s] [34mcolcon.colcon_core.package_identification[0m [1;30mLevel 1[0m _identify(data/20260324_193040_session) by extension 'colcon_pkg'
[0.578s] [34mcolcon.colcon_core.package_identification[0m [1;30mLevel 1[0m _identify(data/20260324_193040_session) by extensions ['colcon_meta']
[0.578s] [34mcolcon.colcon_core.package_identification[0m [1;30mLevel 1[0m _identify(data/20260324_193040_session) by extension 'colcon_meta'
[0.578s] [34mcolcon.colcon_core.package_identification[0m [1;30mLevel 1[0m _identify(data/20260324_193040_session) by extensions ['ros']
[0.578s] [34mcolcon.colcon_core.package_identification[0m [1;30mLevel 1[0m _identify(data/20260324_193040_session) by extension 'ros'
[0.578s] [34mcolcon.colcon_core.package_identification[0m [1;30mLevel 1[0m _identify(data/20260324_193040_session) by extensions ['cmake', 'python']
[0.578s] [34mcolcon.colcon_core.package_identification[0m [1;30mLevel 1[0m _identify(data/20260324_193040_session) by extension 'cmake'
[0.578s] [34mcolcon.colcon_core.package_identification[0m [1;30mLevel 1[0m _identify(data/20260324_193040_session) by extension 'python'
[0.578s] [34mcolcon.colcon_core.package_identification[0m [1;30mLevel 1[0m _identify(data/20260324_193040_session) by extensions ['python_setup_py']
[0.578s] [34mcolcon.colcon_core.package_identification[0m [1;30mLevel 1[0m _identify(data/20260324_193040_session) by extension 'python_setup_py'
[0.578s] [34mcolcon.colcon_core.package_identification[0m [1;30mLevel 1[0m _identify(data/20260324_193040_session/1_capture) by extensions ['ignore', 'ignore_ament_install']
[0.579s] [34mcolcon.colcon_core.package_identification[0m [1;30mLevel 1[0m _identify(data/20260324_193040_session/1_capture) by extension 'ignore'
[0.579s] [34mcolcon.colcon_core.package_identification[0m [1;30mLevel 1[0m _identify(data/20260324_193040_session/1_capture) by extension 'ignore_ament_install'
[0.579s] [34mcolcon.colcon_core.package_identification[0m [1;30mLevel 1[0m _identify(data/20260324_193040_session/1_capture) by extensions ['colcon_pkg']
[0.579s] [34mcolcon.colcon_core.package_identification[0m [1;30mLevel 1[0m _identify(data/20260324_193040_session/1_capture) by extension 'colcon_pkg'
[0.579s] [34mcolcon.colcon_core.package_identification[0m [1;30mLevel 1[0m _identify(data/20260324_193040_session/1_capture) by extensions ['colcon_meta']
[0.579s] [34mcolcon.colcon_core.package_identification[0m [1;30mLevel 1[0m _identify(data/20260324_193040_session/1_capture) by extension 'colcon_meta'
[0.579s] [34mcolcon.colcon_core.package_identification[0m [1;30mLevel 1[0m _identify(data/20260324_193040_session/1_capture) by extensions ['ros']
[0.579s] [34mcolcon.colcon_core.package_identification[0m [1;30mLevel 1[0m _identify(data/20260324_193040_session/1_capture) by extension 'ros'
[0.579s] [34mcolcon.colcon_core.package_identification[0m [1;30mLevel 1[0m _identify(data/20260324_193040_session/1_capture) by extensions ['cmake', 'python']
[0.579s] [34mcolcon.colcon_core.package_identification[0m [1;30mLevel 1[0m _identify(data/20260324_193040_session/1_capture) by extension 'cmake'
[0.579s] [34mcolcon.colcon_core.package_identification[0m [1;30mLevel 1[0m _identify(data/20260324_193040_session/1_capture) by extension 'python'
[0.579s] [34mcolcon.colcon_core.package_identification[0m [1;30mLevel 1[0m _identify(data/20260324_193040_session/1_capture) by extensions ['python_setup_py']
[0.579s] [34mcolcon.colcon_core.package_identification[0m [1;30mLevel 1[0m _identify(data/20260324_193040_session/1_capture) by extension 'python_setup_py'
[0.579s] [34mcolcon.colcon_core.package_identification[0m [1;30mLevel 1[0m _identify(data/20260324_193040_session/1_capture/intermediate) by extensions ['ignore', 'ignore_ament_install']
[0.579s] [34mcolcon.colcon_core.package_identification[0m [1;30mLevel 1[0m _identify(data/20260324_193040_session/1_capture/intermediate) by extension 'ignore'
[0.579s] [34mcolcon.colcon_core.package_identification[0m [1;30mLevel 1[0m _identify(data/20260324_193040_session/1_capture/intermediate) by extension 'ignore_ament_install'
[0.579s] [34mcolcon.colcon_core.package_identification[0m [1;30mLevel 1[0m _identify(data/20260324_193040_session/1_capture/intermediate) by extensions ['colcon_pkg']
[0.579s] [34mcolcon.colcon_core.package_identification[0m [1;30mLevel 1[0m _identify(data/20260324_193040_session/1_capture/intermediate) by extension 'colcon_pkg'
[0.579s] [34mcolcon.colcon_core.package_identification[0m [1;30mLevel 1[0m _identify(data/20260324_193040_session/1_capture/intermediate) by extensions ['colcon_meta']
[0.580s] [34mcolcon.colcon_core.package_identification[0m [1;30mLevel 1[0m _identify(data/20260324_193040_session/1_capture/intermediate) by extension 'colcon_meta'
[0.580s] [34mcolcon.colcon_core.package_identification[0m [1;30mLevel 1[0m _identify(data/20260324_193040_session/1_capture/intermediate) by extensions ['ros']
[0.580s] [34mcolcon.colcon_core.package_identification[0m [1;30mLevel 1[0m _identify(data/20260324_193040_session/1_capture/intermediate) by extension 'ros'
[0.580s] [34mcolcon.colcon_core.package_identification[0m [1;30mLevel 1[0m _identify(data/20260324_193040_session/1_capture/intermediate) by extensions ['cmake', 'python']
[0.580s] [34mcolcon.colcon_core.package_identification[0m [1;30mLevel 1[0m _identify(data/20260324_193040_session/1_capture/intermediate) by extension 'cmake'
[0.580s] [34mcolcon.colcon_core.package_identification[0m [1;30mLevel 1[0m _identify(data/20260324_193040_session/1_capture/intermediate) by extension 'python'
[0.580s] [34mcolcon.colcon_core.package_identification[0m [1;30mLevel 1[0m _identify(data/20260324_193040_session/1_capture/intermediate) by extensions ['python_setup_py']
[0.580s] [34mcolcon.colcon_core.package_identification[0m [1;30mLevel 1[0m _identify(data/20260324_193040_session/1_capture/intermediate) by extension 'python_setup_py'
[0.580s] [34mcolcon.colcon_core.package_identification[0m [1;30mLevel 1[0m _identify(data/20260324_193040_session/1_capture/processed) by extensions ['ignore', 'ignore_ament_install']
[0.580s] [34mcolcon.colcon_core.package_identification[0m [1;30mLevel 1[0m _identify(data/20260324_193040_session/1_capture/processed) by extension 'ignore'
[0.580s] [34mcolcon.colcon_core.package_identification[0m [1;30mLevel 1[0m _identify(data/20260324_193040_session/1_capture/processed) by extension 'ignore_ament_install'
[0.580s] [34mcolcon.colcon_core.package_identification[0m [1;30mLevel 1[0m _identify(data/20260324_193040_session/1_capture/processed) by extensions ['colcon_pkg']
[0.580s] [34mcolcon.colcon_core.package_identification[0m [1;30mLevel 1[0m _identify(data/20260324_193040_session/1_capture/processed) by extension 'colcon_pkg'
[0.580s] [34mcolcon.colcon_core.package_identification[0m [1;30mLevel 1[0m _identify(data/20260324_193040_session/1_capture/processed) by extensions ['colcon_meta']
[0.580s] [34mcolcon.colcon_core.package_identification[0m [1;30mLevel 1[0m _identify(data/20260324_193040_session/1_capture/processed) by extension 'colcon_meta'
[0.580s] [34mcolcon.colcon_core.package_identification[0m [1;30mLevel 1[0m _identify(data/20260324_193040_session/1_capture/processed) by extensions ['ros']
[0.580s] [34mcolcon.colcon_core.package_identification[0m [1;30mLevel 1[0m _identify(data/20260324_193040_session/1_capture/processed) by extension 'ros'
[0.580s] [34mcolcon.colcon_core.package_identification[0m [1;30mLevel 1[0m _identify(data/20260324_193040_session/1_capture/processed) by extensions ['cmake', 'python']
[0.581s] [34mcolcon.colcon_core.package_identification[0m [1;30mLevel 1[0m _identify(data/20260324_193040_session/1_capture/processed) by extension 'cmake'
[0.581s] [34mcolcon.colcon_core.package_identification[0m [1;30mLevel 1[0m _identify(data/20260324_193040_session/1_capture/processed) by extension 'python'
[0.581s] [34mcolcon.colcon_core.package_identification[0m [1;30mLevel 1[0m _identify(data/20260324_193040_session/1_capture/processed) by extensions ['python_setup_py']
[0.581s] [34mcolcon.colcon_core.package_identification[0m [1;30mLevel 1[0m _identify(data/20260324_193040_session/1_capture/processed) by extension 'python_setup_py'
[0.581s] [34mcolcon.colcon_core.package_identification[0m [1;30mLevel 1[0m _identify(data/20260324_193040_session/1_capture/raw) by extensions ['ignore', 'ignore_ament_install']
[0.581s] [34mcolcon.colcon_core.package_identification[0m [1;30mLevel 1[0m _identify(data/20260324_193040_session/1_capture/raw) by extension 'ignore'
[0.581s] [34mcolcon.colcon_core.package_identification[0m [1;30mLevel 1[0m _identify(data/20260324_193040_session/1_capture/raw) by extension 'ignore_ament_install'
[0.581s] [34mcolcon.colcon_core.package_identification[0m [1;30mLevel 1[0m _identify(data/20260324_193040_session/1_capture/raw) by extensions ['colcon_pkg']
[0.581s] [34mcolcon.colcon_core.package_identification[0m [1;30mLevel 1[0m _identify(data/20260324_193040_session/1_capture/raw) by extension 'colcon_pkg'
[0.581s] [34mcolcon.colcon_core.package_identification[0m [1;30mLevel 1[0m _identify(data/20260324_193040_session/1_capture/raw) by extensions ['colcon_meta']
[0.581s] [34mcolcon.colcon_core.package_identification[0m [1;30mLevel 1[0m _identify(data/20260324_193040_session/1_capture/raw) by extension 'colcon_meta'
[0.581s] [34mcolcon.colcon_core.package_identification[0m [1;30mLevel 1[0m _identify(data/20260324_193040_session/1_capture/raw) by extensions ['ros']
[0.581s] [34mcolcon.colcon_core.package_identification[0m [1;30mLevel 1[0m _identify(data/20260324_193040_session/1_capture/raw) by extension 'ros'
[0.581s] [34mcolcon.colcon_core.package_identification[0m [1;30mLevel 1[0m _identify(data/20260324_193040_session/1_capture/raw) by extensions ['cmake', 'python']
[0.581s] [34mcolcon.colcon_core.package_identification[0m [1;30mLevel 1[0m _identify(data/20260324_193040_session/1_capture/raw) by extension 'cmake'
[0.581s] [34mcolcon.colcon_core.package_identification[0m [1;30mLevel 1[0m _identify(data/20260324_193040_session/1_capture/raw) by extension 'python'
[0.581s] [34mcolcon.colcon_core.package_identification[0m [1;30mLevel 1[0m _identify(data/20260324_193040_session/1_capture/raw) by extensions ['python_setup_py']
[0.581s] [34mcolcon.colcon_core.package_identification[0m [1;30mLevel 1[0m _identify(data/20260324_193040_session/1_capture/raw) by extension 'python_setup_py'
[0.581s] [34mcolcon.colcon_core.package_identification[0m [1;30mLevel 1[0m _identify(data/20260324_193040_session/2_capture) by extensions ['ignore', 'ignore_ament_install']
[0.582s] [34mcolcon.colcon_core.package_identification[0m [1;30mLevel 1[0m _identify(data/20260324_193040_session/2_capture) by extension 'ignore'
[0.582s] [34mcolcon.colcon_core.package_identification[0m [1;30mLevel 1[0m _identify(data/20260324_193040_session/2_capture) by extension 'ignore_ament_install'
[0.582s] [34mcolcon.colcon_core.package_identification[0m [1;30mLevel 1[0m _identify(data/20260324_193040_session/2_capture) by extensions ['colcon_pkg']
[0.582s] [34mcolcon.colcon_core.package_identification[0m [1;30mLevel 1[0m _identify(data/20260324_193040_session/2_capture) by extension 'colcon_pkg'
[0.582s] [34mcolcon.colcon_core.package_identification[0m [1;30mLevel 1[0m _identify(data/20260324_193040_session/2_capture) by extensions ['colcon_meta']
[0.582s] [34mcolcon.colcon_core.package_identification[0m [1;30mLevel 1[0m _identify(data/20260324_193040_session/2_capture) by extension 'colcon_meta'
[0.582s] [34mcolcon.colcon_core.package_identification[0m [1;30mLevel 1[0m _identify(data/20260324_193040_session/2_capture) by extensions ['ros']
[0.582s] [34mcolcon.colcon_core.package_identification[0m [1;30mLevel 1[0m _identify(data/20260324_193040_session/2_capture) by extension 'ros'
[0.582s] [34mcolcon.colcon_core.package_identification[0m [1;30mLevel 1[0m _identify(data/20260324_193040_session/2_capture) by extensions ['cmake', 'python']
[0.582s] [34mcolcon.colcon_core.package_identification[0m [1;30mLevel 1[0m _identify(data/20260324_193040_session/2_capture) by extension 'cmake'
[0.582s] [34mcolcon.colcon_core.package_identification[0m [1;30mLevel 1[0m _identify(data/20260324_193040_session/2_capture) by extension 'python'
[0.582s] [34mcolcon.colcon_core.package_identification[0m [1;30mLevel 1[0m _identify(data/20260324_193040_session/2_capture) by extensions ['python_setup_py']
[0.582s] [34mcolcon.colcon_core.package_identification[0m [1;30mLevel 1[0m _identify(data/20260324_193040_session/2_capture) by extension 'python_setup_py'
[0.582s] [34mcolcon.colcon_core.package_identification[0m [1;30mLevel 1[0m _identify(data/20260324_193040_session/2_capture/intermediate) by extensions ['ignore', 'ignore_ament_install']
[0.582s] [34mcolcon.colcon_core.package_identification[0m [1;30mLevel 1[0m _identify(data/20260324_193040_session/2_capture/intermediate) by extension 'ignore'
[0.582s] [34mcolcon.colcon_core.package_identification[0m [1;30mLevel 1[0m _identify(data/20260324_193040_session/2_capture/intermediate) by extension 'ignore_ament_install'
[0.582s] [34mcolcon.colcon_core.package_identification[0m [1;30mLevel 1[0m _identify(data/20260324_193040_session/2_capture/intermediate) by extensions ['colcon_pkg']
[0.582s] [34mcolcon.colcon_core.package_identification[0m [1;30mLevel 1[0m _identify(data/20260324_193040_session/2_capture/intermediate) by extension 'colcon_pkg'
[0.582s] [34mcolcon.colcon_core.package_identification[0m [1;30mLevel 1[0m _identify(data/20260324_193040_session/2_capture/intermediate) by extensions ['colcon_meta']
[0.582s] [34mcolcon.colcon_core.package_identification[0m [1;30mLevel 1[0m _identify(data/20260324_193040_session/2_capture/intermediate) by extension 'colcon_meta'
[0.582s] [34mcolcon.colcon_core.package_identification[0m [1;30mLevel 1[0m _identify(data/20260324_193040_session/2_capture/intermediate) by extensions ['ros']
[0.582s] [34mcolcon.colcon_core.package_identification[0m [1;30mLevel 1[0m _identify(data/20260324_193040_session/2_capture/intermediate) by extension 'ros'
[0.582s] [34mcolcon.colcon_core.package_identification[0m [1;30mLevel 1[0m _identify(data/20260324_193040_session/2_capture/intermediate) by extensions ['cmake', 'python']
[0.583s] [34mcolcon.colcon_core.package_identification[0m [1;30mLevel 1[0m _identify(data/20260324_193040_session/2_capture/intermediate) by extension 'cmake'
[0.583s] [34mcolcon.colcon_core.package_identification[0m [1;30mLevel 1[0m _identify(data/20260324_193040_session/2_capture/intermediate) by extension 'python'
[0.583s] [34mcolcon.colcon_core.package_identification[0m [1;30mLevel 1[0m _identify(data/20260324_193040_session/2_capture/intermediate) by extensions ['python_setup_py']
[0.583s] [34mcolcon.colcon_core.package_identification[0m [1;30mLevel 1[0m _identify(data/20260324_193040_session/2_capture/intermediate) by extension 'python_setup_py'
[0.583s] [34mcolcon.colcon_core.package_identification[0m [1;30mLevel 1[0m _identify(data/20260324_193040_session/2_capture/processed) by extensions ['ignore', 'ignore_ament_install']
[0.583s] [34mcolcon.colcon_core.package_identification[0m [1;30mLevel 1[0m _identify(data/20260324_193040_session/2_capture/processed) by extension 'ignore'
[0.583s] [34mcolcon.colcon_core.package_identification[0m [1;30mLevel 1[0m _identify(data/20260324_193040_session/2_capture/processed) by extension 'ignore_ament_install'
[0.583s] [34mcolcon.colcon_core.package_identification[0m [1;30mLevel 1[0m _identify(data/20260324_193040_session/2_capture/processed) by extensions ['colcon_pkg']
[0.583s] [34mcolcon.colcon_core.package_identification[0m [1;30mLevel 1[0m _identify(data/20260324_193040_session/2_capture/processed) by extension 'colcon_pkg'
[0.583s] [34mcolcon.colcon_core.package_identification[0m [1;30mLevel 1[0m _identify(data/20260324_193040_session/2_capture/processed) by extensions ['colcon_meta']
[0.583s] [34mcolcon.colcon_core.package_identification[0m [1;30mLevel 1[0m _identify(data/20260324_193040_session/2_capture/processed) by extension 'colcon_meta'
[0.583s] [34mcolcon.colcon_core.package_identification[0m [1;30mLevel 1[0m _identify(data/20260324_193040_session/2_capture/processed) by extensions ['ros']
[0.583s] [34mcolcon.colcon_core.package_identification[0m [1;30mLevel 1[0m _identify(data/20260324_193040_session/2_capture/processed) by extension 'ros'
[0.583s] [34mcolcon.colcon_core.package_identification[0m [1;30mLevel 1[0m _identify(data/20260324_193040_session/2_capture/processed) by extensions ['cmake', 'python']
[0.583s] [34mcolcon.colcon_core.package_identification[0m [1;30mLevel 1[0m _identify(data/20260324_193040_session/2_capture/processed) by extension 'cmake'
[0.583s] [34mcolcon.colcon_core.package_identification[0m [1;30mLevel 1[0m _identify(data/20260324_193040_session/2_capture/processed) by extension 'python'
[0.583s] [34mcolcon.colcon_core.package_identification[0m [1;30mLevel 1[0m _identify(data/20260324_193040_session/2_capture/processed) by extensions ['python_setup_py']
[0.583s] [34mcolcon.colcon_core.package_identification[0m [1;30mLevel 1[0m _identify(data/20260324_193040_session/2_capture/processed) by extension 'python_setup_py'
[0.583s] [34mcolcon.colcon_core.package_identification[0m [1;30mLevel 1[0m _identify(data/20260324_193040_session/2_capture/raw) by extensions ['ignore', 'ignore_ament_install']
[0.583s] [34mcolcon.colcon_core.package_identification[0m [1;30mLevel 1[0m _identify(data/20260324_193040_session/2_capture/raw) by extension 'ignore'
[0.583s] [34mcolcon.colcon_core.package_identification[0m [1;30mLevel 1[0m _identify(data/20260324_193040_session/2_capture/raw) by extension 'ignore_ament_install'
[0.583s] [34mcolcon.colcon_core.package_identification[0m [1;30mLevel 1[0m _identify(data/20260324_193040_session/2_capture/raw) by extensions ['colcon_pkg']
[0.583s] [34mcolcon.colcon_core.package_identification[0m [1;30mLevel 1[0m _identify(data/20260324_193040_session/2_capture/raw) by extension 'colcon_pkg'
[0.584s] [34mcolcon.colcon_core.package_identification[0m [1;30mLevel 1[0m _identify(data/20260324_193040_session/2_capture/raw) by extensions ['colcon_meta']
[0.584s] [34mcolcon.colcon_core.package_identification[0m [1;30mLevel 1[0m _identify(data/20260324_193040_session/2_capture/raw) by extension 'colcon_meta'
[0.584s] [34mcolcon.colcon_core.package_identification[0m [1;30mLevel 1[0m _identify(data/20260324_193040_session/2_capture/raw) by extensions ['ros']
[0.584s] [34mcolcon.colcon_core.package_identification[0m [1;30mLevel 1[0m _identify(data/20260324_193040_session/2_capture/raw) by extension 'ros'
[0.584s] [34mcolcon.colcon_core.package_identification[0m [1;30mLevel 1[0m _identify(data/20260324_193040_session/2_capture/raw) by extensions ['cmake', 'python']
[0.584s] [34mcolcon.colcon_core.package_identification[0m [1;30mLevel 1[0m _identify(data/20260324_193040_session/2_capture/raw) by extension 'cmake'
[0.584s] [34mcolcon.colcon_core.package_identification[0m [1;30mLevel 1[0m _identify(data/20260324_193040_session/2_capture/raw) by extension 'python'
[0.584s] [34mcolcon.colcon_core.package_identification[0m [1;30mLevel 1[0m _identify(data/20260324_193040_session/2_capture/raw) by extensions ['python_setup_py']
[0.584s] [34mcolcon.colcon_core.package_identification[0m [1;30mLevel 1[0m _identify(data/20260324_193040_session/2_capture/raw) by extension 'python_setup_py'
[0.584s] [34mcolcon.colcon_core.package_identification[0m [1;30mLevel 1[0m _identify(data/20260324_193957_session) by extensions ['ignore', 'ignore_ament_install']
[0.584s] [34mcolcon.colcon_core.package_identification[0m [1;30mLevel 1[0m _identify(data/20260324_193957_session) by extension 'ignore'
[0.584s] [34mcolcon.colcon_core.package_identification[0m [1;30mLevel 1[0m _identify(data/20260324_193957_session) by extension 'ignore_ament_install'
[0.584s] [34mcolcon.colcon_core.package_identification[0m [1;30mLevel 1[0m _identify(data/20260324_193957_session) by extensions ['colcon_pkg']
[0.584s] [34mcolcon.colcon_core.package_identification[0m [1;30mLevel 1[0m _identify(data/20260324_193957_session) by extension 'colcon_pkg'
[0.584s] [34mcolcon.colcon_core.package_identification[0m [1;30mLevel 1[0m _identify(data/20260324_193957_session) by extensions ['colcon_meta']
[0.584s] [34mcolcon.colcon_core.package_identification[0m [1;30mLevel 1[0m _identify(data/20260324_193957_session) by extension 'colcon_meta'
[0.584s] [34mcolcon.colcon_core.package_identification[0m [1;30mLevel 1[0m _identify(data/20260324_193957_session) by extensions ['ros']
[0.584s] [34mcolcon.colcon_core.package_identification[0m [1;30mLevel 1[0m _identify(data/20260324_193957_session) by extension 'ros'
[0.584s] [34mcolcon.colcon_core.package_identification[0m [1;30mLevel 1[0m _identify(data/20260324_193957_session) by extensions ['cmake', 'python']
[0.584s] [34mcolcon.colcon_core.package_identification[0m [1;30mLevel 1[0m _identify(data/20260324_193957_session) by extension 'cmake'
[0.584s] [34mcolcon.colcon_core.package_identification[0m [1;30mLevel 1[0m _identify(data/20260324_193957_session) by extension 'python'
[0.584s] [34mcolcon.colcon_core.package_identification[0m [1;30mLevel 1[0m _identify(data/20260324_193957_session) by extensions ['python_setup_py']
[0.584s] [34mcolcon.colcon_core.package_identification[0m [1;30mLevel 1[0m _identify(data/20260324_193957_session) by extension 'python_setup_py'
[0.584s] [34mcolcon.colcon_core.package_identification[0m [1;30mLevel 1[0m _identify(data/20260324_193957_session/1_capture) by extensions ['ignore', 'ignore_ament_install']
[0.585s] [34mcolcon.colcon_core.package_identification[0m [1;30mLevel 1[0m _identify(data/20260324_193957_session/1_capture) by extension 'ignore'
[0.585s] [34mcolcon.colcon_core.package_identification[0m [1;30mLevel 1[0m _identify(data/20260324_193957_session/1_capture) by extension 'ignore_ament_install'
[0.585s] [34mcolcon.colcon_core.package_identification[0m [1;30mLevel 1[0m _identify(data/20260324_193957_session/1_capture) by extensions ['colcon_pkg']
[0.585s] [34mcolcon.colcon_core.package_identification[0m [1;30mLevel 1[0m _identify(data/20260324_193957_session/1_capture) by extension 'colcon_pkg'
[0.585s] [34mcolcon.colcon_core.package_identification[0m [1;30mLevel 1[0m _identify(data/20260324_193957_session/1_capture) by extensions ['colcon_meta']
[0.585s] [34mcolcon.colcon_core.package_identification[0m [1;30mLevel 1[0m _identify(data/20260324_193957_session/1_capture) by extension 'colcon_meta'
[0.585s] [34mcolcon.colcon_core.package_identification[0m [1;30mLevel 1[0m _identify(data/20260324_193957_session/1_capture) by extensions ['ros']
[0.585s] [34mcolcon.colcon_core.package_identification[0m [1;30mLevel 1[0m _identify(data/20260324_193957_session/1_capture) by extension 'ros'
[0.585s] [34mcolcon.colcon_core.package_identification[0m [1;30mLevel 1[0m _identify(data/20260324_193957_session/1_capture) by extensions ['cmake', 'python']
[0.585s] [34mcolcon.colcon_core.package_identification[0m [1;30mLevel 1[0m _identify(data/20260324_193957_session/1_capture) by extension 'cmake'
[0.585s] [34mcolcon.colcon_core.package_identification[0m [1;30mLevel 1[0m _identify(data/20260324_193957_session/1_capture) by extension 'python'
[0.585s] [34mcolcon.colcon_core.package_identification[0m [1;30mLevel 1[0m _identify(data/20260324_193957_session/1_capture) by extensions ['python_setup_py']
[0.585s] [34mcolcon.colcon_core.package_identification[0m [1;30mLevel 1[0m _identify(data/20260324_193957_session/1_capture) by extension 'python_setup_py'
[0.585s] [34mcolcon.colcon_core.package_identification[0m [1;30mLevel 1[0m _identify(data/20260324_193957_session/1_capture/intermediate) by extensions ['ignore', 'ignore_ament_install']
[0.585s] [34mcolcon.colcon_core.package_identification[0m [1;30mLevel 1[0m _identify(data/20260324_193957_session/1_capture/intermediate) by extension 'ignore'
[0.585s] [34mcolcon.colcon_core.package_identification[0m [1;30mLevel 1[0m _identify(data/20260324_193957_session/1_capture/intermediate) by extension 'ignore_ament_install'
[0.585s] [34mcolcon.colcon_core.package_identification[0m [1;30mLevel 1[0m _identify(data/20260324_193957_session/1_capture/intermediate) by extensions ['colcon_pkg']
[0.585s] [34mcolcon.colcon_core.package_identification[0m [1;30mLevel 1[0m _identify(data/20260324_193957_session/1_capture/intermediate) by extension 'colcon_pkg'
[0.585s] [34mcolcon.colcon_core.package_identification[0m [1;30mLevel 1[0m _identify(data/20260324_193957_session/1_capture/intermediate) by extensions ['colcon_meta']
[0.585s] [34mcolcon.colcon_core.package_identification[0m [1;30mLevel 1[0m _identify(data/20260324_193957_session/1_capture/intermediate) by extension 'colcon_meta'
[0.585s] [34mcolcon.colcon_core.package_identification[0m [1;30mLevel 1[0m _identify(data/20260324_193957_session/1_capture/intermediate) by extensions ['ros']
[0.585s] [34mcolcon.colcon_core.package_identification[0m [1;30mLevel 1[0m _identify(data/20260324_193957_session/1_capture/intermediate) by extension 'ros'
[0.585s] [34mcolcon.colcon_core.package_identification[0m [1;30mLevel 1[0m _identify(data/20260324_193957_session/1_capture/intermediate) by extensions ['cmake', 'python']
[0.585s] [34mcolcon.colcon_core.package_identification[0m [1;30mLevel 1[0m _identify(data/20260324_193957_session/1_capture/intermediate) by extension 'cmake'
[0.585s] [34mcolcon.colcon_core.package_identification[0m [1;30mLevel 1[0m _identify(data/20260324_193957_session/1_capture/intermediate) by extension 'python'
[0.586s] [34mcolcon.colcon_core.package_identification[0m [1;30mLevel 1[0m _identify(data/20260324_193957_session/1_capture/intermediate) by extensions ['python_setup_py']
[0.586s] [34mcolcon.colcon_core.package_identification[0m [1;30mLevel 1[0m _identify(data/20260324_193957_session/1_capture/intermediate) by extension 'python_setup_py'
[0.586s] [34mcolcon.colcon_core.package_identification[0m [1;30mLevel 1[0m _identify(data/20260324_193957_session/1_capture/processed) by extensions ['ignore', 'ignore_ament_install']
[0.586s] [34mcolcon.colcon_core.package_identification[0m [1;30mLevel 1[0m _identify(data/20260324_193957_session/1_capture/processed) by extension 'ignore'
[0.586s] [34mcolcon.colcon_core.package_identification[0m [1;30mLevel 1[0m _identify(data/20260324_193957_session/1_capture/processed) by extension 'ignore_ament_install'
[0.586s] [34mcolcon.colcon_core.package_identification[0m [1;30mLevel 1[0m _identify(data/20260324_193957_session/1_capture/processed) by extensions ['colcon_pkg']
[0.586s] [34mcolcon.colcon_core.package_identification[0m [1;30mLevel 1[0m _identify(data/20260324_193957_session/1_capture/processed) by extension 'colcon_pkg'
[0.586s] [34mcolcon.colcon_core.package_identification[0m [1;30mLevel 1[0m _identify(data/20260324_193957_session/1_capture/processed) by extensions ['colcon_meta']
[0.586s] [34mcolcon.colcon_core.package_identification[0m [1;30mLevel 1[0m _identify(data/20260324_193957_session/1_capture/processed) by extension 'colcon_meta'
[0.586s] [34mcolcon.colcon_core.package_identification[0m [1;30mLevel 1[0m _identify(data/20260324_193957_session/1_capture/processed) by extensions ['ros']
[0.586s] [34mcolcon.colcon_core.package_identification[0m [1;30mLevel 1[0m _identify(data/20260324_193957_session/1_capture/processed) by extension 'ros'
[0.586s] [34mcolcon.colcon_core.package_identification[0m [1;30mLevel 1[0m _identify(data/20260324_193957_session/1_capture/processed) by extensions ['cmake', 'python']
[0.586s] [34mcolcon.colcon_core.package_identification[0m [1;30mLevel 1[0m _identify(data/20260324_193957_session/1_capture/processed) by extension 'cmake'
[0.586s] [34mcolcon.colcon_core.package_identification[0m [1;30mLevel 1[0m _identify(data/20260324_193957_session/1_capture/processed) by extension 'python'
[0.586s] [34mcolcon.colcon_core.package_identification[0m [1;30mLevel 1[0m _identify(data/20260324_193957_session/1_capture/processed) by extensions ['python_setup_py']
[0.586s] [34mcolcon.colcon_core.package_identification[0m [1;30mLevel 1[0m _identify(data/20260324_193957_session/1_capture/processed) by extension 'python_setup_py'
[0.586s] [34mcolcon.colcon_core.package_identification[0m [1;30mLevel 1[0m _identify(data/20260324_193957_session/1_capture/raw) by extensions ['ignore', 'ignore_ament_install']
[0.586s] [34mcolcon.colcon_core.package_identification[0m [1;30mLevel 1[0m _identify(data/20260324_193957_session/1_capture/raw) by extension 'ignore'
[0.587s] [34mcolcon.colcon_core.package_identification[0m [1;30mLevel 1[0m _identify(data/20260324_193957_session/1_capture/raw) by extension 'ignore_ament_install'
[0.587s] [34mcolcon.colcon_core.package_identification[0m [1;30mLevel 1[0m _identify(data/20260324_193957_session/1_capture/raw) by extensions ['colcon_pkg']
[0.587s] [34mcolcon.colcon_core.package_identification[0m [1;30mLevel 1[0m _identify(data/20260324_193957_session/1_capture/raw) by extension 'colcon_pkg'
[0.587s] [34mcolcon.colcon_core.package_identification[0m [1;30mLevel 1[0m _identify(data/20260324_193957_session/1_capture/raw) by extensions ['colcon_meta']
[0.587s] [34mcolcon.colcon_core.package_identification[0m [1;30mLevel 1[0m _identify(data/20260324_193957_session/1_capture/raw) by extension 'colcon_meta'
[0.587s] [34mcolcon.colcon_core.package_identification[0m [1;30mLevel 1[0m _identify(data/20260324_193957_session/1_capture/raw) by extensions ['ros']
[0.587s] [34mcolcon.colcon_core.package_identification[0m [1;30mLevel 1[0m _identify(data/20260324_193957_session/1_capture/raw) by extension 'ros'
[0.587s] [34mcolcon.colcon_core.package_identification[0m [1;30mLevel 1[0m _identify(data/20260324_193957_session/1_capture/raw) by extensions ['cmake', 'python']
[0.587s] [34mcolcon.colcon_core.package_identification[0m [1;30mLevel 1[0m _identify(data/20260324_193957_session/1_capture/raw) by extension 'cmake'
[0.587s] [34mcolcon.colcon_core.package_identification[0m [1;30mLevel 1[0m _identify(data/20260324_193957_session/1_capture/raw) by extension 'python'
[0.587s] [34mcolcon.colcon_core.package_identification[0m [1;30mLevel 1[0m _identify(data/20260324_193957_session/1_capture/raw) by extensions ['python_setup_py']
[0.587s] [34mcolcon.colcon_core.package_identification[0m [1;30mLevel 1[0m _identify(data/20260324_193957_session/1_capture/raw) by extension 'python_setup_py'
[0.587s] [34mcolcon.colcon_core.package_identification[0m [1;30mLevel 1[0m _identify(data/20260324_193957_session/2_capture) by extensions ['ignore', 'ignore_ament_install']
[0.587s] [34mcolcon.colcon_core.package_identification[0m [1;30mLevel 1[0m _identify(data/20260324_193957_session/2_capture) by extension 'ignore'
[0.587s] [34mcolcon.colcon_core.package_identification[0m [1;30mLevel 1[0m _identify(data/20260324_193957_session/2_capture) by extension 'ignore_ament_install'
[0.587s] [34mcolcon.colcon_core.package_identification[0m [1;30mLevel 1[0m _identify(data/20260324_193957_session/2_capture) by extensions ['colcon_pkg']
[0.588s] [34mcolcon.colcon_core.package_identification[0m [1;30mLevel 1[0m _identify(data/20260324_193957_session/2_capture) by extension 'colcon_pkg'
[0.588s] [34mcolcon.colcon_core.package_identification[0m [1;30mLevel 1[0m _identify(data/20260324_193957_session/2_capture) by extensions ['colcon_meta']
[0.588s] [34mcolcon.colcon_core.package_identification[0m [1;30mLevel 1[0m _identify(data/20260324_193957_session/2_capture) by extension 'colcon_meta'
[0.588s] [34mcolcon.colcon_core.package_identification[0m [1;30mLevel 1[0m _identify(data/20260324_193957_session/2_capture) by extensions ['ros']
[0.588s] [34mcolcon.colcon_core.package_identification[0m [1;30mLevel 1[0m _identify(data/20260324_193957_session/2_capture) by extension 'ros'
[0.588s] [34mcolcon.colcon_core.package_identification[0m [1;30mLevel 1[0m _identify(data/20260324_193957_session/2_capture) by extensions ['cmake', 'python']
[0.588s] [34mcolcon.colcon_core.package_identification[0m [1;30mLevel 1[0m _identify(data/20260324_193957_session/2_capture) by extension 'cmake'
[0.588s] [34mcolcon.colcon_core.package_identification[0m [1;30mLevel 1[0m _identify(data/20260324_193957_session/2_capture) by extension 'python'
[0.588s] [34mcolcon.colcon_core.package_identification[0m [1;30mLevel 1[0m _identify(data/20260324_193957_session/2_capture) by extensions ['python_setup_py']
[0.588s] [34mcolcon.colcon_core.package_identification[0m [1;30mLevel 1[0m _identify(data/20260324_193957_session/2_capture) by extension 'python_setup_py'
[0.588s] [34mcolcon.colcon_core.package_identification[0m [1;30mLevel 1[0m _identify(data/20260324_193957_session/2_capture/intermediate) by extensions ['ignore', 'ignore_ament_install']
[0.588s] [34mcolcon.colcon_core.package_identification[0m [1;30mLevel 1[0m _identify(data/20260324_193957_session/2_capture/intermediate) by extension 'ignore'
[0.588s] [34mcolcon.colcon_core.package_identification[0m [1;30mLevel 1[0m _identify(data/20260324_193957_session/2_capture/intermediate) by extension 'ignore_ament_install'
[0.588s] [34mcolcon.colcon_core.package_identification[0m [1;30mLevel 1[0m _identify(data/20260324_193957_session/2_capture/intermediate) by extensions ['colcon_pkg']
[0.588s] [34mcolcon.colcon_core.package_identification[0m [1;30mLevel 1[0m _identify(data/20260324_193957_session/2_capture/intermediate) by extension 'colcon_pkg'
[0.588s] [34mcolcon.colcon_core.package_identification[0m [1;30mLevel 1[0m _identify(data/20260324_193957_session/2_capture/intermediate) by extensions ['colcon_meta']
[0.589s] [34mcolcon.colcon_core.package_identification[0m [1;30mLevel 1[0m _identify(data/20260324_193957_session/2_capture/intermediate) by extension 'colcon_meta'
[0.589s] [34mcolcon.colcon_core.package_identification[0m [1;30mLevel 1[0m _identify(data/20260324_193957_session/2_capture/intermediate) by extensions ['ros']
[0.589s] [34mcolcon.colcon_core.package_identification[0m [1;30mLevel 1[0m _identify(data/20260324_193957_session/2_capture/intermediate) by extension 'ros'
[0.589s] [34mcolcon.colcon_core.package_identification[0m [1;30mLevel 1[0m _identify(data/20260324_193957_session/2_capture/intermediate) by extensions ['cmake', 'python']
[0.589s] [34mcolcon.colcon_core.package_identification[0m [1;30mLevel 1[0m _identify(data/20260324_193957_session/2_capture/intermediate) by extension 'cmake'
[0.589s] [34mcolcon.colcon_core.package_identification[0m [1;30mLevel 1[0m _identify(data/20260324_193957_session/2_capture/intermediate) by extension 'python'
[0.589s] [34mcolcon.colcon_core.package_identification[0m [1;30mLevel 1[0m _identify(data/20260324_193957_session/2_capture/intermediate) by extensions ['python_setup_py']
[0.589s] [34mcolcon.colcon_core.package_identification[0m [1;30mLevel 1[0m _identify(data/20260324_193957_session/2_capture/intermediate) by extension 'python_setup_py'
[0.589s] [34mcolcon.colcon_core.package_identification[0m [1;30mLevel 1[0m _identify(data/20260324_193957_session/2_capture/processed) by extensions ['ignore', 'ignore_ament_install']
[0.589s] [34mcolcon.colcon_core.package_identification[0m [1;30mLevel 1[0m _identify(data/20260324_193957_session/2_capture/processed) by extension 'ignore'
[0.589s] [34mcolcon.colcon_core.package_identification[0m [1;30mLevel 1[0m _identify(data/20260324_193957_session/2_capture/processed) by extension 'ignore_ament_install'
[0.589s] [34mcolcon.colcon_core.package_identification[0m [1;30mLevel 1[0m _identify(data/20260324_193957_session/2_capture/processed) by extensions ['colcon_pkg']
[0.589s] [34mcolcon.colcon_core.package_identification[0m [1;30mLevel 1[0m _identify(data/20260324_193957_session/2_capture/processed) by extension 'colcon_pkg'
[0.589s] [34mcolcon.colcon_core.package_identification[0m [1;30mLevel 1[0m _identify(data/20260324_193957_session/2_capture/processed) by extensions ['colcon_meta']
[0.589s] [34mcolcon.colcon_core.package_identification[0m [1;30mLevel 1[0m _identify(data/20260324_193957_session/2_capture/processed) by extension 'colcon_meta'
[0.589s] [34mcolcon.colcon_core.package_identification[0m [1;30mLevel 1[0m _identify(data/20260324_193957_session/2_capture/processed) by extensions ['ros']
[0.589s] [34mcolcon.colcon_core.package_identification[0m [1;30mLevel 1[0m _identify(data/20260324_193957_session/2_capture/processed) by extension 'ros'
[0.590s] [34mcolcon.colcon_core.package_identification[0m [1;30mLevel 1[0m _identify(data/20260324_193957_session/2_capture/processed) by extensions ['cmake', 'python']
[0.590s] [34mcolcon.colcon_core.package_identification[0m [1;30mLevel 1[0m _identify(data/20260324_193957_session/2_capture/processed) by extension 'cmake'
[0.590s] [34mcolcon.colcon_core.package_identification[0m [1;30mLevel 1[0m _identify(data/20260324_193957_session/2_capture/processed) by extension 'python'
[0.590s] [34mcolcon.colcon_core.package_identification[0m [1;30mLevel 1[0m _identify(data/20260324_193957_session/2_capture/processed) by extensions ['python_setup_py']
[0.590s] [34mcolcon.colcon_core.package_identification[0m [1;30mLevel 1[0m _identify(data/20260324_193957_session/2_capture/processed) by extension 'python_setup_py'
[0.590s] [34mcolcon.colcon_core.package_identification[0m [1;30mLevel 1[0m _identify(data/20260324_193957_session/2_capture/raw) by extensions ['ignore', 'ignore_ament_install']
[0.590s] [34mcolcon.colcon_core.package_identification[0m [1;30mLevel 1[0m _identify(data/20260324_193957_session/2_capture/raw) by extension 'ignore'
[0.590s] [34mcolcon.colcon_core.package_identification[0m [1;30mLevel 1[0m _identify(data/20260324_193957_session/2_capture/raw) by extension 'ignore_ament_install'
[0.590s] [34mcolcon.colcon_core.package_identification[0m [1;30mLevel 1[0m _identify(data/20260324_193957_session/2_capture/raw) by extensions ['colcon_pkg']
[0.590s] [34mcolcon.colcon_core.package_identification[0m [1;30mLevel 1[0m _identify(data/20260324_193957_session/2_capture/raw) by extension 'colcon_pkg'
[0.590s] [34mcolcon.colcon_core.package_identification[0m [1;30mLevel 1[0m _identify(data/20260324_193957_session/2_capture/raw) by extensions ['colcon_meta']
[0.590s] [34mcolcon.colcon_core.package_identification[0m [1;30mLevel 1[0m _identify(data/20260324_193957_session/2_capture/raw) by extension 'colcon_meta'
[0.590s] [34mcolcon.colcon_core.package_identification[0m [1;30mLevel 1[0m _identify(data/20260324_193957_session/2_capture/raw) by extensions ['ros']
[0.590s] [34mcolcon.colcon_core.package_identification[0m [1;30mLevel 1[0m _identify(data/20260324_193957_session/2_capture/raw) by extension 'ros'
[0.590s] [34mcolcon.colcon_core.package_identification[0m [1;30mLevel 1[0m _identify(data/20260324_193957_session/2_capture/raw) by extensions ['cmake', 'python']
[0.590s] [34mcolcon.colcon_core.package_identification[0m [1;30mLevel 1[0m _identify(data/20260324_193957_session/2_capture/raw) by extension 'cmake'
[0.590s] [34mcolcon.colcon_core.package_identification[0m [1;30mLevel 1[0m _identify(data/20260324_193957_session/2_capture/raw) by extension 'python'
[0.590s] [34mcolcon.colcon_core.package_identification[0m [1;30mLevel 1[0m _identify(data/20260324_193957_session/2_capture/raw) by extensions ['python_setup_py']
[0.590s] [34mcolcon.colcon_core.package_identification[0m [1;30mLevel 1[0m _identify(data/20260324_193957_session/2_capture/raw) by extension 'python_setup_py'
[0.590s] [34mcolcon.colcon_core.package_identification[0m [1;30mLevel 1[0m _identify(data/20260325_142714_session) by extensions ['ignore', 'ignore_ament_install']
[0.590s] [34mcolcon.colcon_core.package_identification[0m [1;30mLevel 1[0m _identify(data/20260325_142714_session) by extension 'ignore'
[0.590s] [34mcolcon.colcon_core.package_identification[0m [1;30mLevel 1[0m _identify(data/20260325_142714_session) by extension 'ignore_ament_install'
[0.590s] [34mcolcon.colcon_core.package_identification[0m [1;30mLevel 1[0m _identify(data/20260325_142714_session) by extensions ['colcon_pkg']
[0.590s] [34mcolcon.colcon_core.package_identification[0m [1;30mLevel 1[0m _identify(data/20260325_142714_session) by extension 'colcon_pkg'
[0.591s] [34mcolcon.colcon_core.package_identification[0m [1;30mLevel 1[0m _identify(data/20260325_142714_session) by extensions ['colcon_meta']
[0.591s] [34mcolcon.colcon_core.package_identification[0m [1;30mLevel 1[0m _identify(data/20260325_142714_session) by extension 'colcon_meta'
[0.591s] [34mcolcon.colcon_core.package_identification[0m [1;30mLevel 1[0m _identify(data/20260325_142714_session) by extensions ['ros']
[0.591s] [34mcolcon.colcon_core.package_identification[0m [1;30mLevel 1[0m _identify(data/20260325_142714_session) by extension 'ros'
[0.591s] [34mcolcon.colcon_core.package_identification[0m [1;30mLevel 1[0m _identify(data/20260325_142714_session) by extensions ['cmake', 'python']
[0.591s] [34mcolcon.colcon_core.package_identification[0m [1;30mLevel 1[0m _identify(data/20260325_142714_session) by extension 'cmake'
[0.591s] [34mcolcon.colcon_core.package_identification[0m [1;30mLevel 1[0m _identify(data/20260325_142714_session) by extension 'python'
[0.591s] [34mcolcon.colcon_core.package_identification[0m [1;30mLevel 1[0m _identify(data/20260325_142714_session) by extensions ['python_setup_py']
[0.591s] [34mcolcon.colcon_core.package_identification[0m [1;30mLevel 1[0m _identify(data/20260325_142714_session) by extension 'python_setup_py'
[0.591s] [34mcolcon.colcon_core.package_identification[0m [1;30mLevel 1[0m _identify(data/20260325_142714_session/1_capture) by extensions ['ignore', 'ignore_ament_install']
[0.591s] [34mcolcon.colcon_core.package_identification[0m [1;30mLevel 1[0m _identify(data/20260325_142714_session/1_capture) by extension 'ignore'
[0.591s] [34mcolcon.colcon_core.package_identification[0m [1;30mLevel 1[0m _identify(data/20260325_142714_session/1_capture) by extension 'ignore_ament_install'
[0.591s] [34mcolcon.colcon_core.package_identification[0m [1;30mLevel 1[0m _identify(data/20260325_142714_session/1_capture) by extensions ['colcon_pkg']
[0.591s] [34mcolcon.colcon_core.package_identification[0m [1;30mLevel 1[0m _identify(data/20260325_142714_session/1_capture) by extension 'colcon_pkg'
[0.591s] [34mcolcon.colcon_core.package_identification[0m [1;30mLevel 1[0m _identify(data/20260325_142714_session/1_capture) by extensions ['colcon_meta']
[0.591s] [34mcolcon.colcon_core.package_identification[0m [1;30mLevel 1[0m _identify(data/20260325_142714_session/1_capture) by extension 'colcon_meta'
[0.591s] [34mcolcon.colcon_core.package_identification[0m [1;30mLevel 1[0m _identify(data/20260325_142714_session/1_capture) by extensions ['ros']
[0.591s] [34mcolcon.colcon_core.package_identification[0m [1;30mLevel 1[0m _identify(data/20260325_142714_session/1_capture) by extension 'ros'
[0.591s] [34mcolcon.colcon_core.package_identification[0m [1;30mLevel 1[0m _identify(data/20260325_142714_session/1_capture) by extensions ['cmake', 'python']
[0.591s] [34mcolcon.colcon_core.package_identification[0m [1;30mLevel 1[0m _identify(data/20260325_142714_session/1_capture) by extension 'cmake'
[0.591s] [34mcolcon.colcon_core.package_identification[0m [1;30mLevel 1[0m _identify(data/20260325_142714_session/1_capture) by extension 'python'
[0.592s] [34mcolcon.colcon_core.package_identification[0m [1;30mLevel 1[0m _identify(data/20260325_142714_session/1_capture) by extensions ['python_setup_py']
[0.592s] [34mcolcon.colcon_core.package_identification[0m [1;30mLevel 1[0m _identify(data/20260325_142714_session/1_capture) by extension 'python_setup_py'
[0.592s] [34mcolcon.colcon_core.package_identification[0m [1;30mLevel 1[0m _identify(data/20260325_142714_session/1_capture/intermediate) by extensions ['ignore', 'ignore_ament_install']
[0.592s] [34mcolcon.colcon_core.package_identification[0m [1;30mLevel 1[0m _identify(data/20260325_142714_session/1_capture/intermediate) by extension 'ignore'
[0.592s] [34mcolcon.colcon_core.package_identification[0m [1;30mLevel 1[0m _identify(data/20260325_142714_session/1_capture/intermediate) by extension 'ignore_ament_install'
[0.592s] [34mcolcon.colcon_core.package_identification[0m [1;30mLevel 1[0m _identify(data/20260325_142714_session/1_capture/intermediate) by extensions ['colcon_pkg']
[0.592s] [34mcolcon.colcon_core.package_identification[0m [1;30mLevel 1[0m _identify(data/20260325_142714_session/1_capture/intermediate) by extension 'colcon_pkg'
[0.592s] [34mcolcon.colcon_core.package_identification[0m [1;30mLevel 1[0m _identify(data/20260325_142714_session/1_capture/intermediate) by extensions ['colcon_meta']
[0.592s] [34mcolcon.colcon_core.package_identification[0m [1;30mLevel 1[0m _identify(data/20260325_142714_session/1_capture/intermediate) by extension 'colcon_meta'
[0.592s] [34mcolcon.colcon_core.package_identification[0m [1;30mLevel 1[0m _identify(data/20260325_142714_session/1_capture/intermediate) by extensions ['ros']
[0.592s] [34mcolcon.colcon_core.package_identification[0m [1;30mLevel 1[0m _identify(data/20260325_142714_session/1_capture/intermediate) by extension 'ros'
[0.592s] [34mcolcon.colcon_core.package_identification[0m [1;30mLevel 1[0m _identify(data/20260325_142714_session/1_capture/intermediate) by extensions ['cmake', 'python']
[0.592s] [34mcolcon.colcon_core.package_identification[0m [1;30mLevel 1[0m _identify(data/20260325_142714_session/1_capture/intermediate) by extension 'cmake'
[0.592s] [34mcolcon.colcon_core.package_identification[0m [1;30mLevel 1[0m _identify(data/20260325_142714_session/1_capture/intermediate) by extension 'python'
[0.592s] [34mcolcon.colcon_core.package_identification[0m [1;30mLevel 1[0m _identify(data/20260325_142714_session/1_capture/intermediate) by extensions ['python_setup_py']
[0.592s] [34mcolcon.colcon_core.package_identification[0m [1;30mLevel 1[0m _identify(data/20260325_142714_session/1_capture/intermediate) by extension 'python_setup_py'
[0.592s] [34mcolcon.colcon_core.package_identification[0m [1;30mLevel 1[0m _identify(data/20260325_142714_session/1_capture/processed) by extensions ['ignore', 'ignore_ament_install']
[0.592s] [34mcolcon.colcon_core.package_identification[0m [1;30mLevel 1[0m _identify(data/20260325_142714_session/1_capture/processed) by extension 'ignore'
[0.592s] [34mcolcon.colcon_core.package_identification[0m [1;30mLevel 1[0m _identify(data/20260325_142714_session/1_capture/processed) by extension 'ignore_ament_install'
[0.592s] [34mcolcon.colcon_core.package_identification[0m [1;30mLevel 1[0m _identify(data/20260325_142714_session/1_capture/processed) by extensions ['colcon_pkg']
[0.592s] [34mcolcon.colcon_core.package_identification[0m [1;30mLevel 1[0m _identify(data/20260325_142714_session/1_capture/processed) by extension 'colcon_pkg'
[0.592s] [34mcolcon.colcon_core.package_identification[0m [1;30mLevel 1[0m _identify(data/20260325_142714_session/1_capture/processed) by extensions ['colcon_meta']
[0.592s] [34mcolcon.colcon_core.package_identification[0m [1;30mLevel 1[0m _identify(data/20260325_142714_session/1_capture/processed) by extension 'colcon_meta'
[0.593s] [34mcolcon.colcon_core.package_identification[0m [1;30mLevel 1[0m _identify(data/20260325_142714_session/1_capture/processed) by extensions ['ros']
[0.593s] [34mcolcon.colcon_core.package_identification[0m [1;30mLevel 1[0m _identify(data/20260325_142714_session/1_capture/processed) by extension 'ros'
[0.593s] [34mcolcon.colcon_core.package_identification[0m [1;30mLevel 1[0m _identify(data/20260325_142714_session/1_capture/processed) by extensions ['cmake', 'python']
[0.593s] [34mcolcon.colcon_core.package_identification[0m [1;30mLevel 1[0m _identify(data/20260325_142714_session/1_capture/processed) by extension 'cmake'
[0.593s] [34mcolcon.colcon_core.package_identification[0m [1;30mLevel 1[0m _identify(data/20260325_142714_session/1_capture/processed) by extension 'python'
[0.593s] [34mcolcon.colcon_core.package_identification[0m [1;30mLevel 1[0m _identify(data/20260325_142714_session/1_capture/processed) by extensions ['python_setup_py']
[0.593s] [34mcolcon.colcon_core.package_identification[0m [1;30mLevel 1[0m _identify(data/20260325_142714_session/1_capture/processed) by extension 'python_setup_py'
[0.593s] [34mcolcon.colcon_core.package_identification[0m [1;30mLevel 1[0m _identify(data/20260325_142714_session/1_capture/raw) by extensions ['ignore', 'ignore_ament_install']
[0.593s] [34mcolcon.colcon_core.package_identification[0m [1;30mLevel 1[0m _identify(data/20260325_142714_session/1_capture/raw) by extension 'ignore'
[0.593s] [34mcolcon.colcon_core.package_identification[0m [1;30mLevel 1[0m _identify(data/20260325_142714_session/1_capture/raw) by extension 'ignore_ament_install'
[0.593s] [34mcolcon.colcon_core.package_identification[0m [1;30mLevel 1[0m _identify(data/20260325_142714_session/1_capture/raw) by extensions ['colcon_pkg']
[0.593s] [34mcolcon.colcon_core.package_identification[0m [1;30mLevel 1[0m _identify(data/20260325_142714_session/1_capture/raw) by extension 'colcon_pkg'
[0.593s] [34mcolcon.colcon_core.package_identification[0m [1;30mLevel 1[0m _identify(data/20260325_142714_session/1_capture/raw) by extensions ['colcon_meta']
[0.593s] [34mcolcon.colcon_core.package_identification[0m [1;30mLevel 1[0m _identify(data/20260325_142714_session/1_capture/raw) by extension 'colcon_meta'
[0.593s] [34mcolcon.colcon_core.package_identification[0m [1;30mLevel 1[0m _identify(data/20260325_142714_session/1_capture/raw) by extensions ['ros']
[0.593s] [34mcolcon.colcon_core.package_identification[0m [1;30mLevel 1[0m _identify(data/20260325_142714_session/1_capture/raw) by extension 'ros'
[0.593s] [34mcolcon.colcon_core.package_identification[0m [1;30mLevel 1[0m _identify(data/20260325_142714_session/1_capture/raw) by extensions ['cmake', 'python']
[0.593s] [34mcolcon.colcon_core.package_identification[0m [1;30mLevel 1[0m _identify(data/20260325_142714_session/1_capture/raw) by extension 'cmake'
[0.593s] [34mcolcon.colcon_core.package_identification[0m [1;30mLevel 1[0m _identify(data/20260325_142714_session/1_capture/raw) by extension 'python'
[0.593s] [34mcolcon.colcon_core.package_identification[0m [1;30mLevel 1[0m _identify(data/20260325_142714_session/1_capture/raw) by extensions ['python_setup_py']
[0.593s] [34mcolcon.colcon_core.package_identification[0m [1;30mLevel 1[0m _identify(data/20260325_142714_session/1_capture/raw) by extension 'python_setup_py'
[0.593s] [34mcolcon.colcon_core.package_identification[0m [1;30mLevel 1[0m _identify(data/20260325_142714_session/2_capture) by extensions ['ignore', 'ignore_ament_install']
[0.593s] [34mcolcon.colcon_core.package_identification[0m [1;30mLevel 1[0m _identify(data/20260325_142714_session/2_capture) by extension 'ignore'
[0.593s] [34mcolcon.colcon_core.package_identification[0m [1;30mLevel 1[0m _identify(data/20260325_142714_session/2_capture) by extension 'ignore_ament_install'
[0.594s] [34mcolcon.colcon_core.package_identification[0m [1;30mLevel 1[0m _identify(data/20260325_142714_session/2_capture) by extensions ['colcon_pkg']
[0.594s] [34mcolcon.colcon_core.package_identification[0m [1;30mLevel 1[0m _identify(data/20260325_142714_session/2_capture) by extension 'colcon_pkg'
[0.594s] [34mcolcon.colcon_core.package_identification[0m [1;30mLevel 1[0m _identify(data/20260325_142714_session/2_capture) by extensions ['colcon_meta']
[0.594s] [34mcolcon.colcon_core.package_identification[0m [1;30mLevel 1[0m _identify(data/20260325_142714_session/2_capture) by extension 'colcon_meta'
[0.594s] [34mcolcon.colcon_core.package_identification[0m [1;30mLevel 1[0m _identify(data/20260325_142714_session/2_capture) by extensions ['ros']
[0.594s] [34mcolcon.colcon_core.package_identification[0m [1;30mLevel 1[0m _identify(data/20260325_142714_session/2_capture) by extension 'ros'
[0.594s] [34mcolcon.colcon_core.package_identification[0m [1;30mLevel 1[0m _identify(data/20260325_142714_session/2_capture) by extensions ['cmake', 'python']
[0.594s] [34mcolcon.colcon_core.package_identification[0m [1;30mLevel 1[0m _identify(data/20260325_142714_session/2_capture) by extension 'cmake'
[0.594s] [34mcolcon.colcon_core.package_identification[0m [1;30mLevel 1[0m _identify(data/20260325_142714_session/2_capture) by extension 'python'
[0.594s] [34mcolcon.colcon_core.package_identification[0m [1;30mLevel 1[0m _identify(data/20260325_142714_session/2_capture) by extensions ['python_setup_py']
[0.594s] [34mcolcon.colcon_core.package_identification[0m [1;30mLevel 1[0m _identify(data/20260325_142714_session/2_capture) by extension 'python_setup_py'
[0.594s] [34mcolcon.colcon_core.package_identification[0m [1;30mLevel 1[0m _identify(data/20260325_142714_session/2_capture/intermediate) by extensions ['ignore', 'ignore_ament_install']
[0.594s] [34mcolcon.colcon_core.package_identification[0m [1;30mLevel 1[0m _identify(data/20260325_142714_session/2_capture/intermediate) by extension 'ignore'
[0.594s] [34mcolcon.colcon_core.package_identification[0m [1;30mLevel 1[0m _identify(data/20260325_142714_session/2_capture/intermediate) by extension 'ignore_ament_install'
[0.594s] [34mcolcon.colcon_core.package_identification[0m [1;30mLevel 1[0m _identify(data/20260325_142714_session/2_capture/intermediate) by extensions ['colcon_pkg']
[0.594s] [34mcolcon.colcon_core.package_identification[0m [1;30mLevel 1[0m _identify(data/20260325_142714_session/2_capture/intermediate) by extension 'colcon_pkg'
[0.594s] [34mcolcon.colcon_core.package_identification[0m [1;30mLevel 1[0m _identify(data/20260325_142714_session/2_capture/intermediate) by extensions ['colcon_meta']
[0.594s] [34mcolcon.colcon_core.package_identification[0m [1;30mLevel 1[0m _identify(data/20260325_142714_session/2_capture/intermediate) by extension 'colcon_meta'
[0.594s] [34mcolcon.colcon_core.package_identification[0m [1;30mLevel 1[0m _identify(data/20260325_142714_session/2_capture/intermediate) by extensions ['ros']
[0.594s] [34mcolcon.colcon_core.package_identification[0m [1;30mLevel 1[0m _identify(data/20260325_142714_session/2_capture/intermediate) by extension 'ros'
[0.594s] [34mcolcon.colcon_core.package_identification[0m [1;30mLevel 1[0m _identify(data/20260325_142714_session/2_capture/intermediate) by extensions ['cmake', 'python']
[0.594s] [34mcolcon.colcon_core.package_identification[0m [1;30mLevel 1[0m _identify(data/20260325_142714_session/2_capture/intermediate) by extension 'cmake'
[0.594s] [34mcolcon.colcon_core.package_identification[0m [1;30mLevel 1[0m _identify(data/20260325_142714_session/2_capture/intermediate) by extension 'python'
[0.594s] [34mcolcon.colcon_core.package_identification[0m [1;30mLevel 1[0m _identify(data/20260325_142714_session/2_capture/intermediate) by extensions ['python_setup_py']
[0.594s] [34mcolcon.colcon_core.package_identification[0m [1;30mLevel 1[0m _identify(data/20260325_142714_session/2_capture/intermediate) by extension 'python_setup_py'
[0.595s] [34mcolcon.colcon_core.package_identification[0m [1;30mLevel 1[0m _identify(data/20260325_142714_session/2_capture/processed) by extensions ['ignore', 'ignore_ament_install']
[0.595s] [34mcolcon.colcon_core.package_identification[0m [1;30mLevel 1[0m _identify(data/20260325_142714_session/2_capture/processed) by extension 'ignore'
[0.595s] [34mcolcon.colcon_core.package_identification[0m [1;30mLevel 1[0m _identify(data/20260325_142714_session/2_capture/processed) by extension 'ignore_ament_install'
[0.595s] [34mcolcon.colcon_core.package_identification[0m [1;30mLevel 1[0m _identify(data/20260325_142714_session/2_capture/processed) by extensions ['colcon_pkg']
[0.595s] [34mcolcon.colcon_core.package_identification[0m [1;30mLevel 1[0m _identify(data/20260325_142714_session/2_capture/processed) by extension 'colcon_pkg'
[0.595s] [34mcolcon.colcon_core.package_identification[0m [1;30mLevel 1[0m _identify(data/20260325_142714_session/2_capture/processed) by extensions ['colcon_meta']
[0.595s] [34mcolcon.colcon_core.package_identification[0m [1;30mLevel 1[0m _identify(data/20260325_142714_session/2_capture/processed) by extension 'colcon_meta'
[0.595s] [34mcolcon.colcon_core.package_identification[0m [1;30mLevel 1[0m _identify(data/20260325_142714_session/2_capture/processed) by extensions ['ros']
[0.595s] [34mcolcon.colcon_core.package_identification[0m [1;30mLevel 1[0m _identify(data/20260325_142714_session/2_capture/processed) by extension 'ros'
[0.595s] [34mcolcon.colcon_core.package_identification[0m [1;30mLevel 1[0m _identify(data/20260325_142714_session/2_capture/processed) by extensions ['cmake', 'python']
[0.595s] [34mcolcon.colcon_core.package_identification[0m [1;30mLevel 1[0m _identify(data/20260325_142714_session/2_capture/processed) by extension 'cmake'
[0.595s] [34mcolcon.colcon_core.package_identification[0m [1;30mLevel 1[0m _identify(data/20260325_142714_session/2_capture/processed) by extension 'python'
[0.595s] [34mcolcon.colcon_core.package_identification[0m [1;30mLevel 1[0m _identify(data/20260325_142714_session/2_capture/processed) by extensions ['python_setup_py']
[0.595s] [34mcolcon.colcon_core.package_identification[0m [1;30mLevel 1[0m _identify(data/20260325_142714_session/2_capture/processed) by extension 'python_setup_py'
[0.595s] [34mcolcon.colcon_core.package_identification[0m [1;30mLevel 1[0m _identify(data/20260325_142714_session/2_capture/raw) by extensions ['ignore', 'ignore_ament_install']
[0.595s] [34mcolcon.colcon_core.package_identification[0m [1;30mLevel 1[0m _identify(data/20260325_142714_session/2_capture/raw) by extension 'ignore'
[0.595s] [34mcolcon.colcon_core.package_identification[0m [1;30mLevel 1[0m _identify(data/20260325_142714_session/2_capture/raw) by extension 'ignore_ament_install'
[0.595s] [34mcolcon.colcon_core.package_identification[0m [1;30mLevel 1[0m _identify(data/20260325_142714_session/2_capture/raw) by extensions ['colcon_pkg']
[0.595s] [34mcolcon.colcon_core.package_identification[0m [1;30mLevel 1[0m _identify(data/20260325_142714_session/2_capture/raw) by extension 'colcon_pkg'
[0.595s] [34mcolcon.colcon_core.package_identification[0m [1;30mLevel 1[0m _identify(data/20260325_142714_session/2_capture/raw) by extensions ['colcon_meta']
[0.595s] [34mcolcon.colcon_core.package_identification[0m [1;30mLevel 1[0m _identify(data/20260325_142714_session/2_capture/raw) by extension 'colcon_meta'
[0.595s] [34mcolcon.colcon_core.package_identification[0m [1;30mLevel 1[0m _identify(data/20260325_142714_session/2_capture/raw) by extensions ['ros']
[0.595s] [34mcolcon.colcon_core.package_identification[0m [1;30mLevel 1[0m _identify(data/20260325_142714_session/2_capture/raw) by extension 'ros'
[0.596s] [34mcolcon.colcon_core.package_identification[0m [1;30mLevel 1[0m _identify(data/20260325_142714_session/2_capture/raw) by extensions ['cmake', 'python']
[0.596s] [34mcolcon.colcon_core.package_identification[0m [1;30mLevel 1[0m _identify(data/20260325_142714_session/2_capture/raw) by extension 'cmake'
[0.596s] [34mcolcon.colcon_core.package_identification[0m [1;30mLevel 1[0m _identify(data/20260325_142714_session/2_capture/raw) by extension 'python'
[0.596s] [34mcolcon.colcon_core.package_identification[0m [1;30mLevel 1[0m _identify(data/20260325_142714_session/2_capture/raw) by extensions ['python_setup_py']
[0.596s] [34mcolcon.colcon_core.package_identification[0m [1;30mLevel 1[0m _identify(data/20260325_142714_session/2_capture/raw) by extension 'python_setup_py'
[0.596s] [34mcolcon.colcon_core.package_identification[0m [1;30mLevel 1[0m _identify(data/20260325_142714_session/3_capture) by extensions ['ignore', 'ignore_ament_install']
[0.596s] [34mcolcon.colcon_core.package_identification[0m [1;30mLevel 1[0m _identify(data/20260325_142714_session/3_capture) by extension 'ignore'
[0.596s] [34mcolcon.colcon_core.package_identification[0m [1;30mLevel 1[0m _identify(data/20260325_142714_session/3_capture) by extension 'ignore_ament_install'
[0.596s] [34mcolcon.colcon_core.package_identification[0m [1;30mLevel 1[0m _identify(data/20260325_142714_session/3_capture) by extensions ['colcon_pkg']
[0.596s] [34mcolcon.colcon_core.package_identification[0m [1;30mLevel 1[0m _identify(data/20260325_142714_session/3_capture) by extension 'colcon_pkg'
[0.596s] [34mcolcon.colcon_core.package_identification[0m [1;30mLevel 1[0m _identify(data/20260325_142714_session/3_capture) by extensions ['colcon_meta']
[0.596s] [34mcolcon.colcon_core.package_identification[0m [1;30mLevel 1[0m _identify(data/20260325_142714_session/3_capture) by extension 'colcon_meta'
[0.596s] [34mcolcon.colcon_core.package_identification[0m [1;30mLevel 1[0m _identify(data/20260325_142714_session/3_capture) by extensions ['ros']
[0.596s] [34mcolcon.colcon_core.package_identification[0m [1;30mLevel 1[0m _identify(data/20260325_142714_session/3_capture) by extension 'ros'
[0.596s] [34mcolcon.colcon_core.package_identification[0m [1;30mLevel 1[0m _identify(data/20260325_142714_session/3_capture) by extensions ['cmake', 'python']
[0.596s] [34mcolcon.colcon_core.package_identification[0m [1;30mLevel 1[0m _identify(data/20260325_142714_session/3_capture) by extension 'cmake'
[0.596s] [34mcolcon.colcon_core.package_identification[0m [1;30mLevel 1[0m _identify(data/20260325_142714_session/3_capture) by extension 'python'
[0.597s] [34mcolcon.colcon_core.package_identification[0m [1;30mLevel 1[0m _identify(data/20260325_142714_session/3_capture) by extensions ['python_setup_py']
[0.597s] [34mcolcon.colcon_core.package_identification[0m [1;30mLevel 1[0m _identify(data/20260325_142714_session/3_capture) by extension 'python_setup_py'
[0.597s] [34mcolcon.colcon_core.package_identification[0m [1;30mLevel 1[0m _identify(data/20260325_142714_session/3_capture/intermediate) by extensions ['ignore', 'ignore_ament_install']
[0.597s] [34mcolcon.colcon_core.package_identification[0m [1;30mLevel 1[0m _identify(data/20260325_142714_session/3_capture/intermediate) by extension 'ignore'
[0.597s] [34mcolcon.colcon_core.package_identification[0m [1;30mLevel 1[0m _identify(data/20260325_142714_session/3_capture/intermediate) by extension 'ignore_ament_install'
[0.597s] [34mcolcon.colcon_core.package_identification[0m [1;30mLevel 1[0m _identify(data/20260325_142714_session/3_capture/intermediate) by extensions ['colcon_pkg']
[0.597s] [34mcolcon.colcon_core.package_identification[0m [1;30mLevel 1[0m _identify(data/20260325_142714_session/3_capture/intermediate) by extension 'colcon_pkg'
[0.597s] [34mcolcon.colcon_core.package_identification[0m [1;30mLevel 1[0m _identify(data/20260325_142714_session/3_capture/intermediate) by extensions ['colcon_meta']
[0.597s] [34mcolcon.colcon_core.package_identification[0m [1;30mLevel 1[0m _identify(data/20260325_142714_session/3_capture/intermediate) by extension 'colcon_meta'
[0.597s] [34mcolcon.colcon_core.package_identification[0m [1;30mLevel 1[0m _identify(data/20260325_142714_session/3_capture/intermediate) by extensions ['ros']
[0.597s] [34mcolcon.colcon_core.package_identification[0m [1;30mLevel 1[0m _identify(data/20260325_142714_session/3_capture/intermediate) by extension 'ros'
[0.597s] [34mcolcon.colcon_core.package_identification[0m [1;30mLevel 1[0m _identify(data/20260325_142714_session/3_capture/intermediate) by extensions ['cmake', 'python']
[0.597s] [34mcolcon.colcon_core.package_identification[0m [1;30mLevel 1[0m _identify(data/20260325_142714_session/3_capture/intermediate) by extension 'cmake'
[0.597s] [34mcolcon.colcon_core.package_identification[0m [1;30mLevel 1[0m _identify(data/20260325_142714_session/3_capture/intermediate) by extension 'python'
[0.597s] [34mcolcon.colcon_core.package_identification[0m [1;30mLevel 1[0m _identify(data/20260325_142714_session/3_capture/intermediate) by extensions ['python_setup_py']
[0.597s] [34mcolcon.colcon_core.package_identification[0m [1;30mLevel 1[0m _identify(data/20260325_142714_session/3_capture/intermediate) by extension 'python_setup_py'
[0.597s] [34mcolcon.colcon_core.package_identification[0m [1;30mLevel 1[0m _identify(data/20260325_142714_session/3_capture/processed) by extensions ['ignore', 'ignore_ament_install']
[0.597s] [34mcolcon.colcon_core.package_identification[0m [1;30mLevel 1[0m _identify(data/20260325_142714_session/3_capture/processed) by extension 'ignore'
[0.597s] [34mcolcon.colcon_core.package_identification[0m [1;30mLevel 1[0m _identify(data/20260325_142714_session/3_capture/processed) by extension 'ignore_ament_install'
[0.598s] [34mcolcon.colcon_core.package_identification[0m [1;30mLevel 1[0m _identify(data/20260325_142714_session/3_capture/processed) by extensions ['colcon_pkg']
[0.598s] [34mcolcon.colcon_core.package_identification[0m [1;30mLevel 1[0m _identify(data/20260325_142714_session/3_capture/processed) by extension 'colcon_pkg'
[0.598s] [34mcolcon.colcon_core.package_identification[0m [1;30mLevel 1[0m _identify(data/20260325_142714_session/3_capture/processed) by extensions ['colcon_meta']
[0.598s] [34mcolcon.colcon_core.package_identification[0m [1;30mLevel 1[0m _identify(data/20260325_142714_session/3_capture/processed) by extension 'colcon_meta'
[0.598s] [34mcolcon.colcon_core.package_identification[0m [1;30mLevel 1[0m _identify(data/20260325_142714_session/3_capture/processed) by extensions ['ros']
[0.598s] [34mcolcon.colcon_core.package_identification[0m [1;30mLevel 1[0m _identify(data/20260325_142714_session/3_capture/processed) by extension 'ros'
[0.598s] [34mcolcon.colcon_core.package_identification[0m [1;30mLevel 1[0m _identify(data/20260325_142714_session/3_capture/processed) by extensions ['cmake', 'python']
[0.598s] [34mcolcon.colcon_core.package_identification[0m [1;30mLevel 1[0m _identify(data/20260325_142714_session/3_capture/processed) by extension 'cmake'
[0.598s] [34mcolcon.colcon_core.package_identification[0m [1;30mLevel 1[0m _identify(data/20260325_142714_session/3_capture/processed) by extension 'python'
[0.598s] [34mcolcon.colcon_core.package_identification[0m [1;30mLevel 1[0m _identify(data/20260325_142714_session/3_capture/processed) by extensions ['python_setup_py']
[0.598s] [34mcolcon.colcon_core.package_identification[0m [1;30mLevel 1[0m _identify(data/20260325_142714_session/3_capture/processed) by extension 'python_setup_py'
[0.598s] [34mcolcon.colcon_core.package_identification[0m [1;30mLevel 1[0m _identify(data/20260325_142714_session/3_capture/raw) by extensions ['ignore', 'ignore_ament_install']
[0.598s] [34mcolcon.colcon_core.package_identification[0m [1;30mLevel 1[0m _identify(data/20260325_142714_session/3_capture/raw) by extension 'ignore'
[0.598s] [34mcolcon.colcon_core.package_identification[0m [1;30mLevel 1[0m _identify(data/20260325_142714_session/3_capture/raw) by extension 'ignore_ament_install'
[0.598s] [34mcolcon.colcon_core.package_identification[0m [1;30mLevel 1[0m _identify(data/20260325_142714_session/3_capture/raw) by extensions ['colcon_pkg']
[0.598s] [34mcolcon.colcon_core.package_identification[0m [1;30mLevel 1[0m _identify(data/20260325_142714_session/3_capture/raw) by extension 'colcon_pkg'
[0.598s] [34mcolcon.colcon_core.package_identification[0m [1;30mLevel 1[0m _identify(data/20260325_142714_session/3_capture/raw) by extensions ['colcon_meta']
[0.598s] [34mcolcon.colcon_core.package_identification[0m [1;30mLevel 1[0m _identify(data/20260325_142714_session/3_capture/raw) by extension 'colcon_meta'
[0.598s] [34mcolcon.colcon_core.package_identification[0m [1;30mLevel 1[0m _identify(data/20260325_142714_session/3_capture/raw) by extensions ['ros']
[0.598s] [34mcolcon.colcon_core.package_identification[0m [1;30mLevel 1[0m _identify(data/20260325_142714_session/3_capture/raw) by extension 'ros'
[0.598s] [34mcolcon.colcon_core.package_identification[0m [1;30mLevel 1[0m _identify(data/20260325_142714_session/3_capture/raw) by extensions ['cmake', 'python']
[0.598s] [34mcolcon.colcon_core.package_identification[0m [1;30mLevel 1[0m _identify(data/20260325_142714_session/3_capture/raw) by extension 'cmake'
[0.598s] [34mcolcon.colcon_core.package_identification[0m [1;30mLevel 1[0m _identify(data/20260325_142714_session/3_capture/raw) by extension 'python'
[0.598s] [34mcolcon.colcon_core.package_identification[0m [1;30mLevel 1[0m _identify(data/20260325_142714_session/3_capture/raw) by extensions ['python_setup_py']
[0.598s] [34mcolcon.colcon_core.package_identification[0m [1;30mLevel 1[0m _identify(data/20260325_142714_session/3_capture/raw) by extension 'python_setup_py'
[0.599s] [34mcolcon.colcon_core.package_identification[0m [1;30mLevel 1[0m _identify(data/20260325_143355_session) by extensions ['ignore', 'ignore_ament_install']
[0.599s] [34mcolcon.colcon_core.package_identification[0m [1;30mLevel 1[0m _identify(data/20260325_143355_session) by extension 'ignore'
[0.599s] [34mcolcon.colcon_core.package_identification[0m [1;30mLevel 1[0m _identify(data/20260325_143355_session) by extension 'ignore_ament_install'
[0.599s] [34mcolcon.colcon_core.package_identification[0m [1;30mLevel 1[0m _identify(data/20260325_143355_session) by extensions ['colcon_pkg']
[0.599s] [34mcolcon.colcon_core.package_identification[0m [1;30mLevel 1[0m _identify(data/20260325_143355_session) by extension 'colcon_pkg'
[0.599s] [34mcolcon.colcon_core.package_identification[0m [1;30mLevel 1[0m _identify(data/20260325_143355_session) by extensions ['colcon_meta']
[0.599s] [34mcolcon.colcon_core.package_identification[0m [1;30mLevel 1[0m _identify(data/20260325_143355_session) by extension 'colcon_meta'
[0.599s] [34mcolcon.colcon_core.package_identification[0m [1;30mLevel 1[0m _identify(data/20260325_143355_session) by extensions ['ros']
[0.599s] [34mcolcon.colcon_core.package_identification[0m [1;30mLevel 1[0m _identify(data/20260325_143355_session) by extension 'ros'
[0.599s] [34mcolcon.colcon_core.package_identification[0m [1;30mLevel 1[0m _identify(data/20260325_143355_session) by extensions ['cmake', 'python']
[0.599s] [34mcolcon.colcon_core.package_identification[0m [1;30mLevel 1[0m _identify(data/20260325_143355_session) by extension 'cmake'
[0.599s] [34mcolcon.colcon_core.package_identification[0m [1;30mLevel 1[0m _identify(data/20260325_143355_session) by extension 'python'
[0.599s] [34mcolcon.colcon_core.package_identification[0m [1;30mLevel 1[0m _identify(data/20260325_143355_session) by extensions ['python_setup_py']
[0.599s] [34mcolcon.colcon_core.package_identification[0m [1;30mLevel 1[0m _identify(data/20260325_143355_session) by extension 'python_setup_py'
[0.599s] [34mcolcon.colcon_core.package_identification[0m [1;30mLevel 1[0m _identify(data/20260325_143355_session/1_capture) by extensions ['ignore', 'ignore_ament_install']
[0.599s] [34mcolcon.colcon_core.package_identification[0m [1;30mLevel 1[0m _identify(data/20260325_143355_session/1_capture) by extension 'ignore'
[0.599s] [34mcolcon.colcon_core.package_identification[0m [1;30mLevel 1[0m _identify(data/20260325_143355_session/1_capture) by extension 'ignore_ament_install'
[0.599s] [34mcolcon.colcon_core.package_identification[0m [1;30mLevel 1[0m _identify(data/20260325_143355_session/1_capture) by extensions ['colcon_pkg']
[0.599s] [34mcolcon.colcon_core.package_identification[0m [1;30mLevel 1[0m _identify(data/20260325_143355_session/1_capture) by extension 'colcon_pkg'
[0.599s] [34mcolcon.colcon_core.package_identification[0m [1;30mLevel 1[0m _identify(data/20260325_143355_session/1_capture) by extensions ['colcon_meta']
[0.600s] [34mcolcon.colcon_core.package_identification[0m [1;30mLevel 1[0m _identify(data/20260325_143355_session/1_capture) by extension 'colcon_meta'
[0.600s] [34mcolcon.colcon_core.package_identification[0m [1;30mLevel 1[0m _identify(data/20260325_143355_session/1_capture) by extensions ['ros']
[0.600s] [34mcolcon.colcon_core.package_identification[0m [1;30mLevel 1[0m _identify(data/20260325_143355_session/1_capture) by extension 'ros'
[0.600s] [34mcolcon.colcon_core.package_identification[0m [1;30mLevel 1[0m _identify(data/20260325_143355_session/1_capture) by extensions ['cmake', 'python']
[0.600s] [34mcolcon.colcon_core.package_identification[0m [1;30mLevel 1[0m _identify(data/20260325_143355_session/1_capture) by extension 'cmake'
[0.600s] [34mcolcon.colcon_core.package_identification[0m [1;30mLevel 1[0m _identify(data/20260325_143355_session/1_capture) by extension 'python'
[0.600s] [34mcolcon.colcon_core.package_identification[0m [1;30mLevel 1[0m _identify(data/20260325_143355_session/1_capture) by extensions ['python_setup_py']
[0.600s] [34mcolcon.colcon_core.package_identification[0m [1;30mLevel 1[0m _identify(data/20260325_143355_session/1_capture) by extension 'python_setup_py'
[0.600s] [34mcolcon.colcon_core.package_identification[0m [1;30mLevel 1[0m _identify(data/20260325_143355_session/1_capture/intermediate) by extensions ['ignore', 'ignore_ament_install']
[0.600s] [34mcolcon.colcon_core.package_identification[0m [1;30mLevel 1[0m _identify(data/20260325_143355_session/1_capture/intermediate) by extension 'ignore'
[0.600s] [34mcolcon.colcon_core.package_identification[0m [1;30mLevel 1[0m _identify(data/20260325_143355_session/1_capture/intermediate) by extension 'ignore_ament_install'
[0.600s] [34mcolcon.colcon_core.package_identification[0m [1;30mLevel 1[0m _identify(data/20260325_143355_session/1_capture/intermediate) by extensions ['colcon_pkg']
[0.600s] [34mcolcon.colcon_core.package_identification[0m [1;30mLevel 1[0m _identify(data/20260325_143355_session/1_capture/intermediate) by extension 'colcon_pkg'
[0.600s] [34mcolcon.colcon_core.package_identification[0m [1;30mLevel 1[0m _identify(data/20260325_143355_session/1_capture/intermediate) by extensions ['colcon_meta']
[0.600s] [34mcolcon.colcon_core.package_identification[0m [1;30mLevel 1[0m _identify(data/20260325_143355_session/1_capture/intermediate) by extension 'colcon_meta'
[0.600s] [34mcolcon.colcon_core.package_identification[0m [1;30mLevel 1[0m _identify(data/20260325_143355_session/1_capture/intermediate) by extensions ['ros']
[0.600s] [34mcolcon.colcon_core.package_identification[0m [1;30mLevel 1[0m _identify(data/20260325_143355_session/1_capture/intermediate) by extension 'ros'
[0.600s] [34mcolcon.colcon_core.package_identification[0m [1;30mLevel 1[0m _identify(data/20260325_143355_session/1_capture/intermediate) by extensions ['cmake', 'python']
[0.601s] [34mcolcon.colcon_core.package_identification[0m [1;30mLevel 1[0m _identify(data/20260325_143355_session/1_capture/intermediate) by extension 'cmake'
[0.601s] [34mcolcon.colcon_core.package_identification[0m [1;30mLevel 1[0m _identify(data/20260325_143355_session/1_capture/intermediate) by extension 'python'
[0.601s] [34mcolcon.colcon_core.package_identification[0m [1;30mLevel 1[0m _identify(data/20260325_143355_session/1_capture/intermediate) by extensions ['python_setup_py']
[0.601s] [34mcolcon.colcon_core.package_identification[0m [1;30mLevel 1[0m _identify(data/20260325_143355_session/1_capture/intermediate) by extension 'python_setup_py'
[0.601s] [34mcolcon.colcon_core.package_identification[0m [1;30mLevel 1[0m _identify(data/20260325_143355_session/1_capture/processed) by extensions ['ignore', 'ignore_ament_install']
[0.601s] [34mcolcon.colcon_core.package_identification[0m [1;30mLevel 1[0m _identify(data/20260325_143355_session/1_capture/processed) by extension 'ignore'
[0.601s] [34mcolcon.colcon_core.package_identification[0m [1;30mLevel 1[0m _identify(data/20260325_143355_session/1_capture/processed) by extension 'ignore_ament_install'
[0.601s] [34mcolcon.colcon_core.package_identification[0m [1;30mLevel 1[0m _identify(data/20260325_143355_session/1_capture/processed) by extensions ['colcon_pkg']
[0.601s] [34mcolcon.colcon_core.package_identification[0m [1;30mLevel 1[0m _identify(data/20260325_143355_session/1_capture/processed) by extension 'colcon_pkg'
[0.601s] [34mcolcon.colcon_core.package_identification[0m [1;30mLevel 1[0m _identify(data/20260325_143355_session/1_capture/processed) by extensions ['colcon_meta']
[0.601s] [34mcolcon.colcon_core.package_identification[0m [1;30mLevel 1[0m _identify(data/20260325_143355_session/1_capture/processed) by extension 'colcon_meta'
[0.601s] [34mcolcon.colcon_core.package_identification[0m [1;30mLevel 1[0m _identify(data/20260325_143355_session/1_capture/processed) by extensions ['ros']
[0.601s] [34mcolcon.colcon_core.package_identification[0m [1;30mLevel 1[0m _identify(data/20260325_143355_session/1_capture/processed) by extension 'ros'
[0.601s] [34mcolcon.colcon_core.package_identification[0m [1;30mLevel 1[0m _identify(data/20260325_143355_session/1_capture/processed) by extensions ['cmake', 'python']
[0.601s] [34mcolcon.colcon_core.package_identification[0m [1;30mLevel 1[0m _identify(data/20260325_143355_session/1_capture/processed) by extension 'cmake'
[0.601s] [34mcolcon.colcon_core.package_identification[0m [1;30mLevel 1[0m _identify(data/20260325_143355_session/1_capture/processed) by extension 'python'
[0.601s] [34mcolcon.colcon_core.package_identification[0m [1;30mLevel 1[0m _identify(data/20260325_143355_session/1_capture/processed) by extensions ['python_setup_py']
[0.601s] [34mcolcon.colcon_core.package_identification[0m [1;30mLevel 1[0m _identify(data/20260325_143355_session/1_capture/processed) by extension 'python_setup_py'
[0.602s] [34mcolcon.colcon_core.package_identification[0m [1;30mLevel 1[0m _identify(data/20260325_143355_session/1_capture/raw) by extensions ['ignore', 'ignore_ament_install']
[0.602s] [34mcolcon.colcon_core.package_identification[0m [1;30mLevel 1[0m _identify(data/20260325_143355_session/1_capture/raw) by extension 'ignore'
[0.602s] [34mcolcon.colcon_core.package_identification[0m [1;30mLevel 1[0m _identify(data/20260325_143355_session/1_capture/raw) by extension 'ignore_ament_install'
[0.602s] [34mcolcon.colcon_core.package_identification[0m [1;30mLevel 1[0m _identify(data/20260325_143355_session/1_capture/raw) by extensions ['colcon_pkg']
[0.602s] [34mcolcon.colcon_core.package_identification[0m [1;30mLevel 1[0m _identify(data/20260325_143355_session/1_capture/raw) by extension 'colcon_pkg'
[0.602s] [34mcolcon.colcon_core.package_identification[0m [1;30mLevel 1[0m _identify(data/20260325_143355_session/1_capture/raw) by extensions ['colcon_meta']
[0.602s] [34mcolcon.colcon_core.package_identification[0m [1;30mLevel 1[0m _identify(data/20260325_143355_session/1_capture/raw) by extension 'colcon_meta'
[0.602s] [34mcolcon.colcon_core.package_identification[0m [1;30mLevel 1[0m _identify(data/20260325_143355_session/1_capture/raw) by extensions ['ros']
[0.602s] [34mcolcon.colcon_core.package_identification[0m [1;30mLevel 1[0m _identify(data/20260325_143355_session/1_capture/raw) by extension 'ros'
[0.602s] [34mcolcon.colcon_core.package_identification[0m [1;30mLevel 1[0m _identify(data/20260325_143355_session/1_capture/raw) by extensions ['cmake', 'python']
[0.602s] [34mcolcon.colcon_core.package_identification[0m [1;30mLevel 1[0m _identify(data/20260325_143355_session/1_capture/raw) by extension 'cmake'
[0.602s] [34mcolcon.colcon_core.package_identification[0m [1;30mLevel 1[0m _identify(data/20260325_143355_session/1_capture/raw) by extension 'python'
[0.602s] [34mcolcon.colcon_core.package_identification[0m [1;30mLevel 1[0m _identify(data/20260325_143355_session/1_capture/raw) by extensions ['python_setup_py']
[0.602s] [34mcolcon.colcon_core.package_identification[0m [1;30mLevel 1[0m _identify(data/20260325_143355_session/1_capture/raw) by extension 'python_setup_py'
[0.602s] [34mcolcon.colcon_core.package_identification[0m [1;30mLevel 1[0m _identify(data/20260325_143355_session/2_capture) by extensions ['ignore', 'ignore_ament_install']
[0.602s] [34mcolcon.colcon_core.package_identification[0m [1;30mLevel 1[0m _identify(data/20260325_143355_session/2_capture) by extension 'ignore'
[0.602s] [34mcolcon.colcon_core.package_identification[0m [1;30mLevel 1[0m _identify(data/20260325_143355_session/2_capture) by extension 'ignore_ament_install'
[0.603s] [34mcolcon.colcon_core.package_identification[0m [1;30mLevel 1[0m _identify(data/20260325_143355_session/2_capture) by extensions ['colcon_pkg']
[0.603s] [34mcolcon.colcon_core.package_identification[0m [1;30mLevel 1[0m _identify(data/20260325_143355_session/2_capture) by extension 'colcon_pkg'
[0.603s] [34mcolcon.colcon_core.package_identification[0m [1;30mLevel 1[0m _identify(data/20260325_143355_session/2_capture) by extensions ['colcon_meta']
[0.603s] [34mcolcon.colcon_core.package_identification[0m [1;30mLevel 1[0m _identify(data/20260325_143355_session/2_capture) by extension 'colcon_meta'
[0.603s] [34mcolcon.colcon_core.package_identification[0m [1;30mLevel 1[0m _identify(data/20260325_143355_session/2_capture) by extensions ['ros']
[0.603s] [34mcolcon.colcon_core.package_identification[0m [1;30mLevel 1[0m _identify(data/20260325_143355_session/2_capture) by extension 'ros'
[0.603s] [34mcolcon.colcon_core.package_identification[0m [1;30mLevel 1[0m _identify(data/20260325_143355_session/2_capture) by extensions ['cmake', 'python']
[0.603s] [34mcolcon.colcon_core.package_identification[0m [1;30mLevel 1[0m _identify(data/20260325_143355_session/2_capture) by extension 'cmake'
[0.603s] [34mcolcon.colcon_core.package_identification[0m [1;30mLevel 1[0m _identify(data/20260325_143355_session/2_capture) by extension 'python'
[0.603s] [34mcolcon.colcon_core.package_identification[0m [1;30mLevel 1[0m _identify(data/20260325_143355_session/2_capture) by extensions ['python_setup_py']
[0.603s] [34mcolcon.colcon_core.package_identification[0m [1;30mLevel 1[0m _identify(data/20260325_143355_session/2_capture) by extension 'python_setup_py'
[0.603s] [34mcolcon.colcon_core.package_identification[0m [1;30mLevel 1[0m _identify(data/20260325_143355_session/2_capture/intermediate) by extensions ['ignore', 'ignore_ament_install']
[0.603s] [34mcolcon.colcon_core.package_identification[0m [1;30mLevel 1[0m _identify(data/20260325_143355_session/2_capture/intermediate) by extension 'ignore'
[0.603s] [34mcolcon.colcon_core.package_identification[0m [1;30mLevel 1[0m _identify(data/20260325_143355_session/2_capture/intermediate) by extension 'ignore_ament_install'
[0.603s] [34mcolcon.colcon_core.package_identification[0m [1;30mLevel 1[0m _identify(data/20260325_143355_session/2_capture/intermediate) by extensions ['colcon_pkg']
[0.603s] [34mcolcon.colcon_core.package_identification[0m [1;30mLevel 1[0m _identify(data/20260325_143355_session/2_capture/intermediate) by extension 'colcon_pkg'
[0.603s] [34mcolcon.colcon_core.package_identification[0m [1;30mLevel 1[0m _identify(data/20260325_143355_session/2_capture/intermediate) by extensions ['colcon_meta']
[0.603s] [34mcolcon.colcon_core.package_identification[0m [1;30mLevel 1[0m _identify(data/20260325_143355_session/2_capture/intermediate) by extension 'colcon_meta'
[0.603s] [34mcolcon.colcon_core.package_identification[0m [1;30mLevel 1[0m _identify(data/20260325_143355_session/2_capture/intermediate) by extensions ['ros']
[0.604s] [34mcolcon.colcon_core.package_identification[0m [1;30mLevel 1[0m _identify(data/20260325_143355_session/2_capture/intermediate) by extension 'ros'
[0.604s] [34mcolcon.colcon_core.package_identification[0m [1;30mLevel 1[0m _identify(data/20260325_143355_session/2_capture/intermediate) by extensions ['cmake', 'python']
[0.604s] [34mcolcon.colcon_core.package_identification[0m [1;30mLevel 1[0m _identify(data/20260325_143355_session/2_capture/intermediate) by extension 'cmake'
[0.604s] [34mcolcon.colcon_core.package_identification[0m [1;30mLevel 1[0m _identify(data/20260325_143355_session/2_capture/intermediate) by extension 'python'
[0.604s] [34mcolcon.colcon_core.package_identification[0m [1;30mLevel 1[0m _identify(data/20260325_143355_session/2_capture/intermediate) by extensions ['python_setup_py']
[0.604s] [34mcolcon.colcon_core.package_identification[0m [1;30mLevel 1[0m _identify(data/20260325_143355_session/2_capture/intermediate) by extension 'python_setup_py'
[0.604s] [34mcolcon.colcon_core.package_identification[0m [1;30mLevel 1[0m _identify(data/20260325_143355_session/2_capture/processed) by extensions ['ignore', 'ignore_ament_install']
[0.604s] [34mcolcon.colcon_core.package_identification[0m [1;30mLevel 1[0m _identify(data/20260325_143355_session/2_capture/processed) by extension 'ignore'
[0.604s] [34mcolcon.colcon_core.package_identification[0m [1;30mLevel 1[0m _identify(data/20260325_143355_session/2_capture/processed) by extension 'ignore_ament_install'
[0.604s] [34mcolcon.colcon_core.package_identification[0m [1;30mLevel 1[0m _identify(data/20260325_143355_session/2_capture/processed) by extensions ['colcon_pkg']
[0.604s] [34mcolcon.colcon_core.package_identification[0m [1;30mLevel 1[0m _identify(data/20260325_143355_session/2_capture/processed) by extension 'colcon_pkg'
[0.604s] [34mcolcon.colcon_core.package_identification[0m [1;30mLevel 1[0m _identify(data/20260325_143355_session/2_capture/processed) by extensions ['colcon_meta']
[0.604s] [34mcolcon.colcon_core.package_identification[0m [1;30mLevel 1[0m _identify(data/20260325_143355_session/2_capture/processed) by extension 'colcon_meta'
[0.604s] [34mcolcon.colcon_core.package_identification[0m [1;30mLevel 1[0m _identify(data/20260325_143355_session/2_capture/processed) by extensions ['ros']
[0.604s] [34mcolcon.colcon_core.package_identification[0m [1;30mLevel 1[0m _identify(data/20260325_143355_session/2_capture/processed) by extension 'ros'
[0.604s] [34mcolcon.colcon_core.package_identification[0m [1;30mLevel 1[0m _identify(data/20260325_143355_session/2_capture/processed) by extensions ['cmake', 'python']
[0.604s] [34mcolcon.colcon_core.package_identification[0m [1;30mLevel 1[0m _identify(data/20260325_143355_session/2_capture/processed) by extension 'cmake'
[0.604s] [34mcolcon.colcon_core.package_identification[0m [1;30mLevel 1[0m _identify(data/20260325_143355_session/2_capture/processed) by extension 'python'
[0.605s] [34mcolcon.colcon_core.package_identification[0m [1;30mLevel 1[0m _identify(data/20260325_143355_session/2_capture/processed) by extensions ['python_setup_py']
[0.605s] [34mcolcon.colcon_core.package_identification[0m [1;30mLevel 1[0m _identify(data/20260325_143355_session/2_capture/processed) by extension 'python_setup_py'
[0.605s] [34mcolcon.colcon_core.package_identification[0m [1;30mLevel 1[0m _identify(data/20260325_143355_session/2_capture/raw) by extensions ['ignore', 'ignore_ament_install']
[0.605s] [34mcolcon.colcon_core.package_identification[0m [1;30mLevel 1[0m _identify(data/20260325_143355_session/2_capture/raw) by extension 'ignore'
[0.605s] [34mcolcon.colcon_core.package_identification[0m [1;30mLevel 1[0m _identify(data/20260325_143355_session/2_capture/raw) by extension 'ignore_ament_install'
[0.605s] [34mcolcon.colcon_core.package_identification[0m [1;30mLevel 1[0m _identify(data/20260325_143355_session/2_capture/raw) by extensions ['colcon_pkg']
[0.605s] [34mcolcon.colcon_core.package_identification[0m [1;30mLevel 1[0m _identify(data/20260325_143355_session/2_capture/raw) by extension 'colcon_pkg'
[0.605s] [34mcolcon.colcon_core.package_identification[0m [1;30mLevel 1[0m _identify(data/20260325_143355_session/2_capture/raw) by extensions ['colcon_meta']
[0.605s] [34mcolcon.colcon_core.package_identification[0m [1;30mLevel 1[0m _identify(data/20260325_143355_session/2_capture/raw) by extension 'colcon_meta'
[0.605s] [34mcolcon.colcon_core.package_identification[0m [1;30mLevel 1[0m _identify(data/20260325_143355_session/2_capture/raw) by extensions ['ros']
[0.605s] [34mcolcon.colcon_core.package_identification[0m [1;30mLevel 1[0m _identify(data/20260325_143355_session/2_capture/raw) by extension 'ros'
[0.605s] [34mcolcon.colcon_core.package_identification[0m [1;30mLevel 1[0m _identify(data/20260325_143355_session/2_capture/raw) by extensions ['cmake', 'python']
[0.605s] [34mcolcon.colcon_core.package_identification[0m [1;30mLevel 1[0m _identify(data/20260325_143355_session/2_capture/raw) by extension 'cmake'
[0.605s] [34mcolcon.colcon_core.package_identification[0m [1;30mLevel 1[0m _identify(data/20260325_143355_session/2_capture/raw) by extension 'python'
[0.605s] [34mcolcon.colcon_core.package_identification[0m [1;30mLevel 1[0m _identify(data/20260325_143355_session/2_capture/raw) by extensions ['python_setup_py']
[0.605s] [34mcolcon.colcon_core.package_identification[0m [1;30mLevel 1[0m _identify(data/20260325_143355_session/2_capture/raw) by extension 'python_setup_py'
[0.605s] [34mcolcon.colcon_core.package_identification[0m [1;30mLevel 1[0m _identify(data/20260401_174746_session) by extensions ['ignore', 'ignore_ament_install']
[0.606s] [34mcolcon.colcon_core.package_identification[0m [1;30mLevel 1[0m _identify(data/20260401_174746_session) by extension 'ignore'
[0.606s] [34mcolcon.colcon_core.package_identification[0m [1;30mLevel 1[0m _identify(data/20260401_174746_session) by extension 'ignore_ament_install'
[0.606s] [34mcolcon.colcon_core.package_identification[0m [1;30mLevel 1[0m _identify(data/20260401_174746_session) by extensions ['colcon_pkg']
[0.606s] [34mcolcon.colcon_core.package_identification[0m [1;30mLevel 1[0m _identify(data/20260401_174746_session) by extension 'colcon_pkg'
[0.606s] [34mcolcon.colcon_core.package_identification[0m [1;30mLevel 1[0m _identify(data/20260401_174746_session) by extensions ['colcon_meta']
[0.606s] [34mcolcon.colcon_core.package_identification[0m [1;30mLevel 1[0m _identify(data/20260401_174746_session) by extension 'colcon_meta'
[0.606s] [34mcolcon.colcon_core.package_identification[0m [1;30mLevel 1[0m _identify(data/20260401_174746_session) by extensions ['ros']
[0.606s] [34mcolcon.colcon_core.package_identification[0m [1;30mLevel 1[0m _identify(data/20260401_174746_session) by extension 'ros'
[0.606s] [34mcolcon.colcon_core.package_identification[0m [1;30mLevel 1[0m _identify(data/20260401_174746_session) by extensions ['cmake', 'python']
[0.606s] [34mcolcon.colcon_core.package_identification[0m [1;30mLevel 1[0m _identify(data/20260401_174746_session) by extension 'cmake'
[0.606s] [34mcolcon.colcon_core.package_identification[0m [1;30mLevel 1[0m _identify(data/20260401_174746_session) by extension 'python'
[0.606s] [34mcolcon.colcon_core.package_identification[0m [1;30mLevel 1[0m _identify(data/20260401_174746_session) by extensions ['python_setup_py']
[0.606s] [34mcolcon.colcon_core.package_identification[0m [1;30mLevel 1[0m _identify(data/20260401_174746_session) by extension 'python_setup_py'
[0.606s] [34mcolcon.colcon_core.package_identification[0m [1;30mLevel 1[0m _identify(data/20260401_174746_session/1_capture) by extensions ['ignore', 'ignore_ament_install']
[0.606s] [34mcolcon.colcon_core.package_identification[0m [1;30mLevel 1[0m _identify(data/20260401_174746_session/1_capture) by extension 'ignore'
[0.606s] [34mcolcon.colcon_core.package_identification[0m [1;30mLevel 1[0m _identify(data/20260401_174746_session/1_capture) by extension 'ignore_ament_install'
[0.606s] [34mcolcon.colcon_core.package_identification[0m [1;30mLevel 1[0m _identify(data/20260401_174746_session/1_capture) by extensions ['colcon_pkg']
[0.606s] [34mcolcon.colcon_core.package_identification[0m [1;30mLevel 1[0m _identify(data/20260401_174746_session/1_capture) by extension 'colcon_pkg'
[0.606s] [34mcolcon.colcon_core.package_identification[0m [1;30mLevel 1[0m _identify(data/20260401_174746_session/1_capture) by extensions ['colcon_meta']
[0.607s] [34mcolcon.colcon_core.package_identification[0m [1;30mLevel 1[0m _identify(data/20260401_174746_session/1_capture) by extension 'colcon_meta'
[0.607s] [34mcolcon.colcon_core.package_identification[0m [1;30mLevel 1[0m _identify(data/20260401_174746_session/1_capture) by extensions ['ros']
[0.607s] [34mcolcon.colcon_core.package_identification[0m [1;30mLevel 1[0m _identify(data/20260401_174746_session/1_capture) by extension 'ros'
[0.607s] [34mcolcon.colcon_core.package_identification[0m [1;30mLevel 1[0m _identify(data/20260401_174746_session/1_capture) by extensions ['cmake', 'python']
[0.607s] [34mcolcon.colcon_core.package_identification[0m [1;30mLevel 1[0m _identify(data/20260401_174746_session/1_capture) by extension 'cmake'
[0.607s] [34mcolcon.colcon_core.package_identification[0m [1;30mLevel 1[0m _identify(data/20260401_174746_session/1_capture) by extension 'python'
[0.607s] [34mcolcon.colcon_core.package_identification[0m [1;30mLevel 1[0m _identify(data/20260401_174746_session/1_capture) by extensions ['python_setup_py']
[0.607s] [34mcolcon.colcon_core.package_identification[0m [1;30mLevel 1[0m _identify(data/20260401_174746_session/1_capture) by extension 'python_setup_py'
[0.607s] [34mcolcon.colcon_core.package_identification[0m [1;30mLevel 1[0m _identify(data/20260401_174746_session/1_capture/intermediate) by extensions ['ignore', 'ignore_ament_install']
[0.607s] [34mcolcon.colcon_core.package_identification[0m [1;30mLevel 1[0m _identify(data/20260401_174746_session/1_capture/intermediate) by extension 'ignore'
[0.607s] [34mcolcon.colcon_core.package_identification[0m [1;30mLevel 1[0m _identify(data/20260401_174746_session/1_capture/intermediate) by extension 'ignore_ament_install'
[0.607s] [34mcolcon.colcon_core.package_identification[0m [1;30mLevel 1[0m _identify(data/20260401_174746_session/1_capture/intermediate) by extensions ['colcon_pkg']
[0.607s] [34mcolcon.colcon_core.package_identification[0m [1;30mLevel 1[0m _identify(data/20260401_174746_session/1_capture/intermediate) by extension 'colcon_pkg'
[0.607s] [34mcolcon.colcon_core.package_identification[0m [1;30mLevel 1[0m _identify(data/20260401_174746_session/1_capture/intermediate) by extensions ['colcon_meta']
[0.607s] [34mcolcon.colcon_core.package_identification[0m [1;30mLevel 1[0m _identify(data/20260401_174746_session/1_capture/intermediate) by extension 'colcon_meta'
[0.607s] [34mcolcon.colcon_core.package_identification[0m [1;30mLevel 1[0m _identify(data/20260401_174746_session/1_capture/intermediate) by extensions ['ros']
[0.607s] [34mcolcon.colcon_core.package_identification[0m [1;30mLevel 1[0m _identify(data/20260401_174746_session/1_capture/intermediate) by extension 'ros'
[0.607s] [34mcolcon.colcon_core.package_identification[0m [1;30mLevel 1[0m _identify(data/20260401_174746_session/1_capture/intermediate) by extensions ['cmake', 'python']
[0.608s] [34mcolcon.colcon_core.package_identification[0m [1;30mLevel 1[0m _identify(data/20260401_174746_session/1_capture/intermediate) by extension 'cmake'
[0.608s] [34mcolcon.colcon_core.package_identification[0m [1;30mLevel 1[0m _identify(data/20260401_174746_session/1_capture/intermediate) by extension 'python'
[0.608s] [34mcolcon.colcon_core.package_identification[0m [1;30mLevel 1[0m _identify(data/20260401_174746_session/1_capture/intermediate) by extensions ['python_setup_py']
[0.608s] [34mcolcon.colcon_core.package_identification[0m [1;30mLevel 1[0m _identify(data/20260401_174746_session/1_capture/intermediate) by extension 'python_setup_py'
[0.608s] [34mcolcon.colcon_core.package_identification[0m [1;30mLevel 1[0m _identify(data/20260401_174746_session/1_capture/processed) by extensions ['ignore', 'ignore_ament_install']
[0.608s] [34mcolcon.colcon_core.package_identification[0m [1;30mLevel 1[0m _identify(data/20260401_174746_session/1_capture/processed) by extension 'ignore'
[0.608s] [34mcolcon.colcon_core.package_identification[0m [1;30mLevel 1[0m _identify(data/20260401_174746_session/1_capture/processed) by extension 'ignore_ament_install'
[0.608s] [34mcolcon.colcon_core.package_identification[0m [1;30mLevel 1[0m _identify(data/20260401_174746_session/1_capture/processed) by extensions ['colcon_pkg']
[0.608s] [34mcolcon.colcon_core.package_identification[0m [1;30mLevel 1[0m _identify(data/20260401_174746_session/1_capture/processed) by extension 'colcon_pkg'
[0.608s] [34mcolcon.colcon_core.package_identification[0m [1;30mLevel 1[0m _identify(data/20260401_174746_session/1_capture/processed) by extensions ['colcon_meta']
[0.608s] [34mcolcon.colcon_core.package_identification[0m [1;30mLevel 1[0m _identify(data/20260401_174746_session/1_capture/processed) by extension 'colcon_meta'
[0.608s] [34mcolcon.colcon_core.package_identification[0m [1;30mLevel 1[0m _identify(data/20260401_174746_session/1_capture/processed) by extensions ['ros']
[0.608s] [34mcolcon.colcon_core.package_identification[0m [1;30mLevel 1[0m _identify(data/20260401_174746_session/1_capture/processed) by extension 'ros'
[0.608s] [34mcolcon.colcon_core.package_identification[0m [1;30mLevel 1[0m _identify(data/20260401_174746_session/1_capture/processed) by extensions ['cmake', 'python']
[0.608s] [34mcolcon.colcon_core.package_identification[0m [1;30mLevel 1[0m _identify(data/20260401_174746_session/1_capture/processed) by extension 'cmake'
[0.608s] [34mcolcon.colcon_core.package_identification[0m [1;30mLevel 1[0m _identify(data/20260401_174746_session/1_capture/processed) by extension 'python'
[0.608s] [34mcolcon.colcon_core.package_identification[0m [1;30mLevel 1[0m _identify(data/20260401_174746_session/1_capture/processed) by extensions ['python_setup_py']
[0.608s] [34mcolcon.colcon_core.package_identification[0m [1;30mLevel 1[0m _identify(data/20260401_174746_session/1_capture/processed) by extension 'python_setup_py'
[0.609s] [34mcolcon.colcon_core.package_identification[0m [1;30mLevel 1[0m _identify(data/20260401_174746_session/1_capture/raw) by extensions ['ignore', 'ignore_ament_install']
[0.609s] [34mcolcon.colcon_core.package_identification[0m [1;30mLevel 1[0m _identify(data/20260401_174746_session/1_capture/raw) by extension 'ignore'
[0.609s] [34mcolcon.colcon_core.package_identification[0m [1;30mLevel 1[0m _identify(data/20260401_174746_session/1_capture/raw) by extension 'ignore_ament_install'
[0.609s] [34mcolcon.colcon_core.package_identification[0m [1;30mLevel 1[0m _identify(data/20260401_174746_session/1_capture/raw) by extensions ['colcon_pkg']
[0.609s] [34mcolcon.colcon_core.package_identification[0m [1;30mLevel 1[0m _identify(data/20260401_174746_session/1_capture/raw) by extension 'colcon_pkg'
[0.609s] [34mcolcon.colcon_core.package_identification[0m [1;30mLevel 1[0m _identify(data/20260401_174746_session/1_capture/raw) by extensions ['colcon_meta']
[0.609s] [34mcolcon.colcon_core.package_identification[0m [1;30mLevel 1[0m _identify(data/20260401_174746_session/1_capture/raw) by extension 'colcon_meta'
[0.609s] [34mcolcon.colcon_core.package_identification[0m [1;30mLevel 1[0m _identify(data/20260401_174746_session/1_capture/raw) by extensions ['ros']
[0.609s] [34mcolcon.colcon_core.package_identification[0m [1;30mLevel 1[0m _identify(data/20260401_174746_session/1_capture/raw) by extension 'ros'
[0.609s] [34mcolcon.colcon_core.package_identification[0m [1;30mLevel 1[0m _identify(data/20260401_174746_session/1_capture/raw) by extensions ['cmake', 'python']
[0.609s] [34mcolcon.colcon_core.package_identification[0m [1;30mLevel 1[0m _identify(data/20260401_174746_session/1_capture/raw) by extension 'cmake'
[0.609s] [34mcolcon.colcon_core.package_identification[0m [1;30mLevel 1[0m _identify(data/20260401_174746_session/1_capture/raw) by extension 'python'
[0.609s] [34mcolcon.colcon_core.package_identification[0m [1;30mLevel 1[0m _identify(data/20260401_174746_session/1_capture/raw) by extensions ['python_setup_py']
[0.609s] [34mcolcon.colcon_core.package_identification[0m [1;30mLevel 1[0m _identify(data/20260401_174746_session/1_capture/raw) by extension 'python_setup_py'
[0.609s] [34mcolcon.colcon_core.package_identification[0m [1;30mLevel 1[0m _identify(data/20260401_174746_session/2_capture) by extensions ['ignore', 'ignore_ament_install']
[0.609s] [34mcolcon.colcon_core.package_identification[0m [1;30mLevel 1[0m _identify(data/20260401_174746_session/2_capture) by extension 'ignore'
[0.609s] [34mcolcon.colcon_core.package_identification[0m [1;30mLevel 1[0m _identify(data/20260401_174746_session/2_capture) by extension 'ignore_ament_install'
[0.609s] [34mcolcon.colcon_core.package_identification[0m [1;30mLevel 1[0m _identify(data/20260401_174746_session/2_capture) by extensions ['colcon_pkg']
[0.610s] [34mcolcon.colcon_core.package_identification[0m [1;30mLevel 1[0m _identify(data/20260401_174746_session/2_capture) by extension 'colcon_pkg'
[0.610s] [34mcolcon.colcon_core.package_identification[0m [1;30mLevel 1[0m _identify(data/20260401_174746_session/2_capture) by extensions ['colcon_meta']
[0.610s] [34mcolcon.colcon_core.package_identification[0m [1;30mLevel 1[0m _identify(data/20260401_174746_session/2_capture) by extension 'colcon_meta'
[0.610s] [34mcolcon.colcon_core.package_identification[0m [1;30mLevel 1[0m _identify(data/20260401_174746_session/2_capture) by extensions ['ros']
[0.610s] [34mcolcon.colcon_core.package_identification[0m [1;30mLevel 1[0m _identify(data/20260401_174746_session/2_capture) by extension 'ros'
[0.610s] [34mcolcon.colcon_core.package_identification[0m [1;30mLevel 1[0m _identify(data/20260401_174746_session/2_capture) by extensions ['cmake', 'python']
[0.610s] [34mcolcon.colcon_core.package_identification[0m [1;30mLevel 1[0m _identify(data/20260401_174746_session/2_capture) by extension 'cmake'
[0.610s] [34mcolcon.colcon_core.package_identification[0m [1;30mLevel 1[0m _identify(data/20260401_174746_session/2_capture) by extension 'python'
[0.610s] [34mcolcon.colcon_core.package_identification[0m [1;30mLevel 1[0m _identify(data/20260401_174746_session/2_capture) by extensions ['python_setup_py']
[0.610s] [34mcolcon.colcon_core.package_identification[0m [1;30mLevel 1[0m _identify(data/20260401_174746_session/2_capture) by extension 'python_setup_py'
[0.610s] [34mcolcon.colcon_core.package_identification[0m [1;30mLevel 1[0m _identify(data/20260401_174746_session/2_capture/intermediate) by extensions ['ignore', 'ignore_ament_install']
[0.610s] [34mcolcon.colcon_core.package_identification[0m [1;30mLevel 1[0m _identify(data/20260401_174746_session/2_capture/intermediate) by extension 'ignore'
[0.610s] [34mcolcon.colcon_core.package_identification[0m [1;30mLevel 1[0m _identify(data/20260401_174746_session/2_capture/intermediate) by extension 'ignore_ament_install'
[0.610s] [34mcolcon.colcon_core.package_identification[0m [1;30mLevel 1[0m _identify(data/20260401_174746_session/2_capture/intermediate) by extensions ['colcon_pkg']
[0.610s] [34mcolcon.colcon_core.package_identification[0m [1;30mLevel 1[0m _identify(data/20260401_174746_session/2_capture/intermediate) by extension 'colcon_pkg'
[0.610s] [34mcolcon.colcon_core.package_identification[0m [1;30mLevel 1[0m _identify(data/20260401_174746_session/2_capture/intermediate) by extensions ['colcon_meta']
[0.610s] [34mcolcon.colcon_core.package_identification[0m [1;30mLevel 1[0m _identify(data/20260401_174746_session/2_capture/intermediate) by extension 'colcon_meta'
[0.610s] [34mcolcon.colcon_core.package_identification[0m [1;30mLevel 1[0m _identify(data/20260401_174746_session/2_capture/intermediate) by extensions ['ros']
[0.610s] [34mcolcon.colcon_core.package_identification[0m [1;30mLevel 1[0m _identify(data/20260401_174746_session/2_capture/intermediate) by extension 'ros'
[0.610s] [34mcolcon.colcon_core.package_identification[0m [1;30mLevel 1[0m _identify(data/20260401_174746_session/2_capture/intermediate) by extensions ['cmake', 'python']
[0.610s] [34mcolcon.colcon_core.package_identification[0m [1;30mLevel 1[0m _identify(data/20260401_174746_session/2_capture/intermediate) by extension 'cmake'
[0.611s] [34mcolcon.colcon_core.package_identification[0m [1;30mLevel 1[0m _identify(data/20260401_174746_session/2_capture/intermediate) by extension 'python'
[0.611s] [34mcolcon.colcon_core.package_identification[0m [1;30mLevel 1[0m _identify(data/20260401_174746_session/2_capture/intermediate) by extensions ['python_setup_py']
[0.611s] [34mcolcon.colcon_core.package_identification[0m [1;30mLevel 1[0m _identify(data/20260401_174746_session/2_capture/intermediate) by extension 'python_setup_py'
[0.611s] [34mcolcon.colcon_core.package_identification[0m [1;30mLevel 1[0m _identify(data/20260401_174746_session/2_capture/processed) by extensions ['ignore', 'ignore_ament_install']
[0.611s] [34mcolcon.colcon_core.package_identification[0m [1;30mLevel 1[0m _identify(data/20260401_174746_session/2_capture/processed) by extension 'ignore'
[0.611s] [34mcolcon.colcon_core.package_identification[0m [1;30mLevel 1[0m _identify(data/20260401_174746_session/2_capture/processed) by extension 'ignore_ament_install'
[0.611s] [34mcolcon.colcon_core.package_identification[0m [1;30mLevel 1[0m _identify(data/20260401_174746_session/2_capture/processed) by extensions ['colcon_pkg']
[0.611s] [34mcolcon.colcon_core.package_identification[0m [1;30mLevel 1[0m _identify(data/20260401_174746_session/2_capture/processed) by extension 'colcon_pkg'
[0.611s] [34mcolcon.colcon_core.package_identification[0m [1;30mLevel 1[0m _identify(data/20260401_174746_session/2_capture/processed) by extensions ['colcon_meta']
[0.611s] [34mcolcon.colcon_core.package_identification[0m [1;30mLevel 1[0m _identify(data/20260401_174746_session/2_capture/processed) by extension 'colcon_meta'
[0.611s] [34mcolcon.colcon_core.package_identification[0m [1;30mLevel 1[0m _identify(data/20260401_174746_session/2_capture/processed) by extensions ['ros']
[0.611s] [34mcolcon.colcon_core.package_identification[0m [1;30mLevel 1[0m _identify(data/20260401_174746_session/2_capture/processed) by extension 'ros'
[0.611s] [34mcolcon.colcon_core.package_identification[0m [1;30mLevel 1[0m _identify(data/20260401_174746_session/2_capture/processed) by extensions ['cmake', 'python']
[0.611s] [34mcolcon.colcon_core.package_identification[0m [1;30mLevel 1[0m _identify(data/20260401_174746_session/2_capture/processed) by extension 'cmake'
[0.611s] [34mcolcon.colcon_core.package_identification[0m [1;30mLevel 1[0m _identify(data/20260401_174746_session/2_capture/processed) by extension 'python'
[0.611s] [34mcolcon.colcon_core.package_identification[0m [1;30mLevel 1[0m _identify(data/20260401_174746_session/2_capture/processed) by extensions ['python_setup_py']
[0.611s] [34mcolcon.colcon_core.package_identification[0m [1;30mLevel 1[0m _identify(data/20260401_174746_session/2_capture/processed) by extension 'python_setup_py'
[0.612s] [34mcolcon.colcon_core.package_identification[0m [1;30mLevel 1[0m _identify(data/20260401_174746_session/2_capture/raw) by extensions ['ignore', 'ignore_ament_install']
[0.612s] [34mcolcon.colcon_core.package_identification[0m [1;30mLevel 1[0m _identify(data/20260401_174746_session/2_capture/raw) by extension 'ignore'
[0.612s] [34mcolcon.colcon_core.package_identification[0m [1;30mLevel 1[0m _identify(data/20260401_174746_session/2_capture/raw) by extension 'ignore_ament_install'
[0.612s] [34mcolcon.colcon_core.package_identification[0m [1;30mLevel 1[0m _identify(data/20260401_174746_session/2_capture/raw) by extensions ['colcon_pkg']
[0.612s] [34mcolcon.colcon_core.package_identification[0m [1;30mLevel 1[0m _identify(data/20260401_174746_session/2_capture/raw) by extension 'colcon_pkg'
[0.612s] [34mcolcon.colcon_core.package_identification[0m [1;30mLevel 1[0m _identify(data/20260401_174746_session/2_capture/raw) by extensions ['colcon_meta']
[0.612s] [34mcolcon.colcon_core.package_identification[0m [1;30mLevel 1[0m _identify(data/20260401_174746_session/2_capture/raw) by extension 'colcon_meta'
[0.612s] [34mcolcon.colcon_core.package_identification[0m [1;30mLevel 1[0m _identify(data/20260401_174746_session/2_capture/raw) by extensions ['ros']
[0.612s] [34mcolcon.colcon_core.package_identification[0m [1;30mLevel 1[0m _identify(data/20260401_174746_session/2_capture/raw) by extension 'ros'
[0.612s] [34mcolcon.colcon_core.package_identification[0m [1;30mLevel 1[0m _identify(data/20260401_174746_session/2_capture/raw) by extensions ['cmake', 'python']
[0.612s] [34mcolcon.colcon_core.package_identification[0m [1;30mLevel 1[0m _identify(data/20260401_174746_session/2_capture/raw) by extension 'cmake'
[0.612s] [34mcolcon.colcon_core.package_identification[0m [1;30mLevel 1[0m _identify(data/20260401_174746_session/2_capture/raw) by extension 'python'
[0.612s] [34mcolcon.colcon_core.package_identification[0m [1;30mLevel 1[0m _identify(data/20260401_174746_session/2_capture/raw) by extensions ['python_setup_py']
[0.612s] [34mcolcon.colcon_core.package_identification[0m [1;30mLevel 1[0m _identify(data/20260401_174746_session/2_capture/raw) by extension 'python_setup_py'
[0.612s] [34mcolcon.colcon_core.package_identification[0m [1;30mLevel 1[0m _identify(data/20260510_151534_session) by extensions ['ignore', 'ignore_ament_install']
[0.612s] [34mcolcon.colcon_core.package_identification[0m [1;30mLevel 1[0m _identify(data/20260510_151534_session) by extension 'ignore'
[0.612s] [34mcolcon.colcon_core.package_identification[0m [1;30mLevel 1[0m _identify(data/20260510_151534_session) by extension 'ignore_ament_install'
[0.612s] [34mcolcon.colcon_core.package_identification[0m [1;30mLevel 1[0m _identify(data/20260510_151534_session) by extensions ['colcon_pkg']
[0.612s] [34mcolcon.colcon_core.package_identification[0m [1;30mLevel 1[0m _identify(data/20260510_151534_session) by extension 'colcon_pkg'
[0.612s] [34mcolcon.colcon_core.package_identification[0m [1;30mLevel 1[0m _identify(data/20260510_151534_session) by extensions ['colcon_meta']
[0.612s] [34mcolcon.colcon_core.package_identification[0m [1;30mLevel 1[0m _identify(data/20260510_151534_session) by extension 'colcon_meta'
[0.612s] [34mcolcon.colcon_core.package_identification[0m [1;30mLevel 1[0m _identify(data/20260510_151534_session) by extensions ['ros']
[0.612s] [34mcolcon.colcon_core.package_identification[0m [1;30mLevel 1[0m _identify(data/20260510_151534_session) by extension 'ros'
[0.613s] [34mcolcon.colcon_core.package_identification[0m [1;30mLevel 1[0m _identify(data/20260510_151534_session) by extensions ['cmake', 'python']
[0.613s] [34mcolcon.colcon_core.package_identification[0m [1;30mLevel 1[0m _identify(data/20260510_151534_session) by extension 'cmake'
[0.613s] [34mcolcon.colcon_core.package_identification[0m [1;30mLevel 1[0m _identify(data/20260510_151534_session) by extension 'python'
[0.613s] [34mcolcon.colcon_core.package_identification[0m [1;30mLevel 1[0m _identify(data/20260510_151534_session) by extensions ['python_setup_py']
[0.613s] [34mcolcon.colcon_core.package_identification[0m [1;30mLevel 1[0m _identify(data/20260510_151534_session) by extension 'python_setup_py'
[0.613s] [34mcolcon.colcon_core.package_identification[0m [1;30mLevel 1[0m _identify(data/20260510_151830_session) by extensions ['ignore', 'ignore_ament_install']
[0.613s] [34mcolcon.colcon_core.package_identification[0m [1;30mLevel 1[0m _identify(data/20260510_151830_session) by extension 'ignore'
[0.613s] [34mcolcon.colcon_core.package_identification[0m [1;30mLevel 1[0m _identify(data/20260510_151830_session) by extension 'ignore_ament_install'
[0.613s] [34mcolcon.colcon_core.package_identification[0m [1;30mLevel 1[0m _identify(data/20260510_151830_session) by extensions ['colcon_pkg']
[0.613s] [34mcolcon.colcon_core.package_identification[0m [1;30mLevel 1[0m _identify(data/20260510_151830_session) by extension 'colcon_pkg'
[0.613s] [34mcolcon.colcon_core.package_identification[0m [1;30mLevel 1[0m _identify(data/20260510_151830_session) by extensions ['colcon_meta']
[0.613s] [34mcolcon.colcon_core.package_identification[0m [1;30mLevel 1[0m _identify(data/20260510_151830_session) by extension 'colcon_meta'
[0.613s] [34mcolcon.colcon_core.package_identification[0m [1;30mLevel 1[0m _identify(data/20260510_151830_session) by extensions ['ros']
[0.613s] [34mcolcon.colcon_core.package_identification[0m [1;30mLevel 1[0m _identify(data/20260510_151830_session) by extension 'ros'
[0.613s] [34mcolcon.colcon_core.package_identification[0m [1;30mLevel 1[0m _identify(data/20260510_151830_session) by extensions ['cmake', 'python']
[0.613s] [34mcolcon.colcon_core.package_identification[0m [1;30mLevel 1[0m _identify(data/20260510_151830_session) by extension 'cmake'
[0.613s] [34mcolcon.colcon_core.package_identification[0m [1;30mLevel 1[0m _identify(data/20260510_151830_session) by extension 'python'
[0.613s] [34mcolcon.colcon_core.package_identification[0m [1;30mLevel 1[0m _identify(data/20260510_151830_session) by extensions ['python_setup_py']
[0.613s] [34mcolcon.colcon_core.package_identification[0m [1;30mLevel 1[0m _identify(data/20260510_151830_session) by extension 'python_setup_py'
[0.613s] [34mcolcon.colcon_core.package_identification[0m [1;30mLevel 1[0m _identify(data/20260510_152121_session) by extensions ['ignore', 'ignore_ament_install']
[0.613s] [34mcolcon.colcon_core.package_identification[0m [1;30mLevel 1[0m _identify(data/20260510_152121_session) by extension 'ignore'
[0.613s] [34mcolcon.colcon_core.package_identification[0m [1;30mLevel 1[0m _identify(data/20260510_152121_session) by extension 'ignore_ament_install'
[0.613s] [34mcolcon.colcon_core.package_identification[0m [1;30mLevel 1[0m _identify(data/20260510_152121_session) by extensions ['colcon_pkg']
[0.613s] [34mcolcon.colcon_core.package_identification[0m [1;30mLevel 1[0m _identify(data/20260510_152121_session) by extension 'colcon_pkg'
[0.614s] [34mcolcon.colcon_core.package_identification[0m [1;30mLevel 1[0m _identify(data/20260510_152121_session) by extensions ['colcon_meta']
[0.614s] [34mcolcon.colcon_core.package_identification[0m [1;30mLevel 1[0m _identify(data/20260510_152121_session) by extension 'colcon_meta'
[0.614s] [34mcolcon.colcon_core.package_identification[0m [1;30mLevel 1[0m _identify(data/20260510_152121_session) by extensions ['ros']
[0.614s] [34mcolcon.colcon_core.package_identification[0m [1;30mLevel 1[0m _identify(data/20260510_152121_session) by extension 'ros'
[0.614s] [34mcolcon.colcon_core.package_identification[0m [1;30mLevel 1[0m _identify(data/20260510_152121_session) by extensions ['cmake', 'python']
[0.614s] [34mcolcon.colcon_core.package_identification[0m [1;30mLevel 1[0m _identify(data/20260510_152121_session) by extension 'cmake'
[0.614s] [34mcolcon.colcon_core.package_identification[0m [1;30mLevel 1[0m _identify(data/20260510_152121_session) by extension 'python'
[0.614s] [34mcolcon.colcon_core.package_identification[0m [1;30mLevel 1[0m _identify(data/20260510_152121_session) by extensions ['python_setup_py']
[0.614s] [34mcolcon.colcon_core.package_identification[0m [1;30mLevel 1[0m _identify(data/20260510_152121_session) by extension 'python_setup_py'
[0.614s] [34mcolcon.colcon_core.package_identification[0m [1;30mLevel 1[0m _identify(data/20260510_152152_session) by extensions ['ignore', 'ignore_ament_install']
[0.614s] [34mcolcon.colcon_core.package_identification[0m [1;30mLevel 1[0m _identify(data/20260510_152152_session) by extension 'ignore'
[0.614s] [34mcolcon.colcon_core.package_identification[0m [1;30mLevel 1[0m _identify(data/20260510_152152_session) by extension 'ignore_ament_install'
[0.614s] [34mcolcon.colcon_core.package_identification[0m [1;30mLevel 1[0m _identify(data/20260510_152152_session) by extensions ['colcon_pkg']
[0.614s] [34mcolcon.colcon_core.package_identification[0m [1;30mLevel 1[0m _identify(data/20260510_152152_session) by extension 'colcon_pkg'
[0.614s] [34mcolcon.colcon_core.package_identification[0m [1;30mLevel 1[0m _identify(data/20260510_152152_session) by extensions ['colcon_meta']
[0.614s] [34mcolcon.colcon_core.package_identification[0m [1;30mLevel 1[0m _identify(data/20260510_152152_session) by extension 'colcon_meta'
[0.614s] [34mcolcon.colcon_core.package_identification[0m [1;30mLevel 1[0m _identify(data/20260510_152152_session) by extensions ['ros']
[0.614s] [34mcolcon.colcon_core.package_identification[0m [1;30mLevel 1[0m _identify(data/20260510_152152_session) by extension 'ros'
[0.614s] [34mcolcon.colcon_core.package_identification[0m [1;30mLevel 1[0m _identify(data/20260510_152152_session) by extensions ['cmake', 'python']
[0.614s] [34mcolcon.colcon_core.package_identification[0m [1;30mLevel 1[0m _identify(data/20260510_152152_session) by extension 'cmake'
[0.614s] [34mcolcon.colcon_core.package_identification[0m [1;30mLevel 1[0m _identify(data/20260510_152152_session) by extension 'python'
[0.614s] [34mcolcon.colcon_core.package_identification[0m [1;30mLevel 1[0m _identify(data/20260510_152152_session) by extensions ['python_setup_py']
[0.614s] [34mcolcon.colcon_core.package_identification[0m [1;30mLevel 1[0m _identify(data/20260510_152152_session) by extension 'python_setup_py'
[0.614s] [34mcolcon.colcon_core.package_identification[0m [1;30mLevel 1[0m _identify(data/20260510_152225_session) by extensions ['ignore', 'ignore_ament_install']
[0.614s] [34mcolcon.colcon_core.package_identification[0m [1;30mLevel 1[0m _identify(data/20260510_152225_session) by extension 'ignore'
[0.615s] [34mcolcon.colcon_core.package_identification[0m [1;30mLevel 1[0m _identify(data/20260510_152225_session) by extension 'ignore_ament_install'
[0.615s] [34mcolcon.colcon_core.package_identification[0m [1;30mLevel 1[0m _identify(data/20260510_152225_session) by extensions ['colcon_pkg']
[0.615s] [34mcolcon.colcon_core.package_identification[0m [1;30mLevel 1[0m _identify(data/20260510_152225_session) by extension 'colcon_pkg'
[0.615s] [34mcolcon.colcon_core.package_identification[0m [1;30mLevel 1[0m _identify(data/20260510_152225_session) by extensions ['colcon_meta']
[0.615s] [34mcolcon.colcon_core.package_identification[0m [1;30mLevel 1[0m _identify(data/20260510_152225_session) by extension 'colcon_meta'
[0.615s] [34mcolcon.colcon_core.package_identification[0m [1;30mLevel 1[0m _identify(data/20260510_152225_session) by extensions ['ros']
[0.615s] [34mcolcon.colcon_core.package_identification[0m [1;30mLevel 1[0m _identify(data/20260510_152225_session) by extension 'ros'
[0.615s] [34mcolcon.colcon_core.package_identification[0m [1;30mLevel 1[0m _identify(data/20260510_152225_session) by extensions ['cmake', 'python']
[0.615s] [34mcolcon.colcon_core.package_identification[0m [1;30mLevel 1[0m _identify(data/20260510_152225_session) by extension 'cmake'
[0.615s] [34mcolcon.colcon_core.package_identification[0m [1;30mLevel 1[0m _identify(data/20260510_152225_session) by extension 'python'
[0.615s] [34mcolcon.colcon_core.package_identification[0m [1;30mLevel 1[0m _identify(data/20260510_152225_session) by extensions ['python_setup_py']
[0.615s] [34mcolcon.colcon_core.package_identification[0m [1;30mLevel 1[0m _identify(data/20260510_152225_session) by extension 'python_setup_py'
[0.615s] [34mcolcon.colcon_core.package_identification[0m [1;30mLevel 1[0m _identify(data/20260510_152454_session) by extensions ['ignore', 'ignore_ament_install']
[0.615s] [34mcolcon.colcon_core.package_identification[0m [1;30mLevel 1[0m _identify(data/20260510_152454_session) by extension 'ignore'
[0.615s] [34mcolcon.colcon_core.package_identification[0m [1;30mLevel 1[0m _identify(data/20260510_152454_session) by extension 'ignore_ament_install'
[0.615s] [34mcolcon.colcon_core.package_identification[0m [1;30mLevel 1[0m _identify(data/20260510_152454_session) by extensions ['colcon_pkg']
[0.615s] [34mcolcon.colcon_core.package_identification[0m [1;30mLevel 1[0m _identify(data/20260510_152454_session) by extension 'colcon_pkg'
[0.615s] [34mcolcon.colcon_core.package_identification[0m [1;30mLevel 1[0m _identify(data/20260510_152454_session) by extensions ['colcon_meta']
[0.615s] [34mcolcon.colcon_core.package_identification[0m [1;30mLevel 1[0m _identify(data/20260510_152454_session) by extension 'colcon_meta'
[0.615s] [34mcolcon.colcon_core.package_identification[0m [1;30mLevel 1[0m _identify(data/20260510_152454_session) by extensions ['ros']
[0.615s] [34mcolcon.colcon_core.package_identification[0m [1;30mLevel 1[0m _identify(data/20260510_152454_session) by extension 'ros'
[0.615s] [34mcolcon.colcon_core.package_identification[0m [1;30mLevel 1[0m _identify(data/20260510_152454_session) by extensions ['cmake', 'python']
[0.615s] [34mcolcon.colcon_core.package_identification[0m [1;30mLevel 1[0m _identify(data/20260510_152454_session) by extension 'cmake'
[0.615s] [34mcolcon.colcon_core.package_identification[0m [1;30mLevel 1[0m _identify(data/20260510_152454_session) by extension 'python'
[0.615s] [34mcolcon.colcon_core.package_identification[0m [1;30mLevel 1[0m _identify(data/20260510_152454_session) by extensions ['python_setup_py']
[0.615s] [34mcolcon.colcon_core.package_identification[0m [1;30mLevel 1[0m _identify(data/20260510_152454_session) by extension 'python_setup_py'
[0.616s] [34mcolcon.colcon_core.package_identification[0m [1;30mLevel 1[0m _identify(data/20260510_152532_session) by extensions ['ignore', 'ignore_ament_install']
[0.616s] [34mcolcon.colcon_core.package_identification[0m [1;30mLevel 1[0m _identify(data/20260510_152532_session) by extension 'ignore'
[0.616s] [34mcolcon.colcon_core.package_identification[0m [1;30mLevel 1[0m _identify(data/20260510_152532_session) by extension 'ignore_ament_install'
[0.616s] [34mcolcon.colcon_core.package_identification[0m [1;30mLevel 1[0m _identify(data/20260510_152532_session) by extensions ['colcon_pkg']
[0.616s] [34mcolcon.colcon_core.package_identification[0m [1;30mLevel 1[0m _identify(data/20260510_152532_session) by extension 'colcon_pkg'
[0.616s] [34mcolcon.colcon_core.package_identification[0m [1;30mLevel 1[0m _identify(data/20260510_152532_session) by extensions ['colcon_meta']
[0.616s] [34mcolcon.colcon_core.package_identification[0m [1;30mLevel 1[0m _identify(data/20260510_152532_session) by extension 'colcon_meta'
[0.616s] [34mcolcon.colcon_core.package_identification[0m [1;30mLevel 1[0m _identify(data/20260510_152532_session) by extensions ['ros']
[0.616s] [34mcolcon.colcon_core.package_identification[0m [1;30mLevel 1[0m _identify(data/20260510_152532_session) by extension 'ros'
[0.616s] [34mcolcon.colcon_core.package_identification[0m [1;30mLevel 1[0m _identify(data/20260510_152532_session) by extensions ['cmake', 'python']
[0.616s] [34mcolcon.colcon_core.package_identification[0m [1;30mLevel 1[0m _identify(data/20260510_152532_session) by extension 'cmake'
[0.616s] [34mcolcon.colcon_core.package_identification[0m [1;30mLevel 1[0m _identify(data/20260510_152532_session) by extension 'python'
[0.616s] [34mcolcon.colcon_core.package_identification[0m [1;30mLevel 1[0m _identify(data/20260510_152532_session) by extensions ['python_setup_py']
[0.616s] [34mcolcon.colcon_core.package_identification[0m [1;30mLevel 1[0m _identify(data/20260510_152532_session) by extension 'python_setup_py'
[0.616s] [34mcolcon.colcon_core.package_identification[0m [1;30mLevel 1[0m _identify(data/20260510_152622_session) by extensions ['ignore', 'ignore_ament_install']
[0.616s] [34mcolcon.colcon_core.package_identification[0m [1;30mLevel 1[0m _identify(data/20260510_152622_session) by extension 'ignore'
[0.616s] [34mcolcon.colcon_core.package_identification[0m [1;30mLevel 1[0m _identify(data/20260510_152622_session) by extension 'ignore_ament_install'
[0.616s] [34mcolcon.colcon_core.package_identification[0m [1;30mLevel 1[0m _identify(data/20260510_152622_session) by extensions ['colcon_pkg']
[0.616s] [34mcolcon.colcon_core.package_identification[0m [1;30mLevel 1[0m _identify(data/20260510_152622_session) by extension 'colcon_pkg'
[0.616s] [34mcolcon.colcon_core.package_identification[0m [1;30mLevel 1[0m _identify(data/20260510_152622_session) by extensions ['colcon_meta']
[0.616s] [34mcolcon.colcon_core.package_identification[0m [1;30mLevel 1[0m _identify(data/20260510_152622_session) by extension 'colcon_meta'
[0.616s] [34mcolcon.colcon_core.package_identification[0m [1;30mLevel 1[0m _identify(data/20260510_152622_session) by extensions ['ros']
[0.616s] [34mcolcon.colcon_core.package_identification[0m [1;30mLevel 1[0m _identify(data/20260510_152622_session) by extension 'ros'
[0.616s] [34mcolcon.colcon_core.package_identification[0m [1;30mLevel 1[0m _identify(data/20260510_152622_session) by extensions ['cmake', 'python']
[0.617s] [34mcolcon.colcon_core.package_identification[0m [1;30mLevel 1[0m _identify(data/20260510_152622_session) by extension 'cmake'
[0.617s] [34mcolcon.colcon_core.package_identification[0m [1;30mLevel 1[0m _identify(data/20260510_152622_session) by extension 'python'
[0.617s] [34mcolcon.colcon_core.package_identification[0m [1;30mLevel 1[0m _identify(data/20260510_152622_session) by extensions ['python_setup_py']
[0.617s] [34mcolcon.colcon_core.package_identification[0m [1;30mLevel 1[0m _identify(data/20260510_152622_session) by extension 'python_setup_py'
[0.617s] [34mcolcon.colcon_core.package_identification[0m [1;30mLevel 1[0m _identify(data/20260510_152622_session/1_gui_capture) by extensions ['ignore', 'ignore_ament_install']
[0.617s] [34mcolcon.colcon_core.package_identification[0m [1;30mLevel 1[0m _identify(data/20260510_152622_session/1_gui_capture) by extension 'ignore'
[0.617s] [34mcolcon.colcon_core.package_identification[0m [1;30mLevel 1[0m _identify(data/20260510_152622_session/1_gui_capture) by extension 'ignore_ament_install'
[0.617s] [34mcolcon.colcon_core.package_identification[0m [1;30mLevel 1[0m _identify(data/20260510_152622_session/1_gui_capture) by extensions ['colcon_pkg']
[0.617s] [34mcolcon.colcon_core.package_identification[0m [1;30mLevel 1[0m _identify(data/20260510_152622_session/1_gui_capture) by extension 'colcon_pkg'
[0.617s] [34mcolcon.colcon_core.package_identification[0m [1;30mLevel 1[0m _identify(data/20260510_152622_session/1_gui_capture) by extensions ['colcon_meta']
[0.617s] [34mcolcon.colcon_core.package_identification[0m [1;30mLevel 1[0m _identify(data/20260510_152622_session/1_gui_capture) by extension 'colcon_meta'
[0.617s] [34mcolcon.colcon_core.package_identification[0m [1;30mLevel 1[0m _identify(data/20260510_152622_session/1_gui_capture) by extensions ['ros']
[0.617s] [34mcolcon.colcon_core.package_identification[0m [1;30mLevel 1[0m _identify(data/20260510_152622_session/1_gui_capture) by extension 'ros'
[0.617s] [34mcolcon.colcon_core.package_identification[0m [1;30mLevel 1[0m _identify(data/20260510_152622_session/1_gui_capture) by extensions ['cmake', 'python']
[0.617s] [34mcolcon.colcon_core.package_identification[0m [1;30mLevel 1[0m _identify(data/20260510_152622_session/1_gui_capture) by extension 'cmake'
[0.617s] [34mcolcon.colcon_core.package_identification[0m [1;30mLevel 1[0m _identify(data/20260510_152622_session/1_gui_capture) by extension 'python'
[0.617s] [34mcolcon.colcon_core.package_identification[0m [1;30mLevel 1[0m _identify(data/20260510_152622_session/1_gui_capture) by extensions ['python_setup_py']
[0.617s] [34mcolcon.colcon_core.package_identification[0m [1;30mLevel 1[0m _identify(data/20260510_152622_session/1_gui_capture) by extension 'python_setup_py'
[0.617s] [34mcolcon.colcon_core.package_identification[0m [1;30mLevel 1[0m _identify(data/20260510_152622_session/1_gui_capture/intermediate) by extensions ['ignore', 'ignore_ament_install']
[0.617s] [34mcolcon.colcon_core.package_identification[0m [1;30mLevel 1[0m _identify(data/20260510_152622_session/1_gui_capture/intermediate) by extension 'ignore'
[0.617s] [34mcolcon.colcon_core.package_identification[0m [1;30mLevel 1[0m _identify(data/20260510_152622_session/1_gui_capture/intermediate) by extension 'ignore_ament_install'
[0.617s] [34mcolcon.colcon_core.package_identification[0m [1;30mLevel 1[0m _identify(data/20260510_152622_session/1_gui_capture/intermediate) by extensions ['colcon_pkg']
[0.617s] [34mcolcon.colcon_core.package_identification[0m [1;30mLevel 1[0m _identify(data/20260510_152622_session/1_gui_capture/intermediate) by extension 'colcon_pkg'
[0.617s] [34mcolcon.colcon_core.package_identification[0m [1;30mLevel 1[0m _identify(data/20260510_152622_session/1_gui_capture/intermediate) by extensions ['colcon_meta']
[0.618s] [34mcolcon.colcon_core.package_identification[0m [1;30mLevel 1[0m _identify(data/20260510_152622_session/1_gui_capture/intermediate) by extension 'colcon_meta'
[0.618s] [34mcolcon.colcon_core.package_identification[0m [1;30mLevel 1[0m _identify(data/20260510_152622_session/1_gui_capture/intermediate) by extensions ['ros']
[0.618s] [34mcolcon.colcon_core.package_identification[0m [1;30mLevel 1[0m _identify(data/20260510_152622_session/1_gui_capture/intermediate) by extension 'ros'
[0.618s] [34mcolcon.colcon_core.package_identification[0m [1;30mLevel 1[0m _identify(data/20260510_152622_session/1_gui_capture/intermediate) by extensions ['cmake', 'python']
[0.618s] [34mcolcon.colcon_core.package_identification[0m [1;30mLevel 1[0m _identify(data/20260510_152622_session/1_gui_capture/intermediate) by extension 'cmake'
[0.618s] [34mcolcon.colcon_core.package_identification[0m [1;30mLevel 1[0m _identify(data/20260510_152622_session/1_gui_capture/intermediate) by extension 'python'
[0.618s] [34mcolcon.colcon_core.package_identification[0m [1;30mLevel 1[0m _identify(data/20260510_152622_session/1_gui_capture/intermediate) by extensions ['python_setup_py']
[0.618s] [34mcolcon.colcon_core.package_identification[0m [1;30mLevel 1[0m _identify(data/20260510_152622_session/1_gui_capture/intermediate) by extension 'python_setup_py'
[0.618s] [34mcolcon.colcon_core.package_identification[0m [1;30mLevel 1[0m _identify(data/20260510_152622_session/1_gui_capture/processed) by extensions ['ignore', 'ignore_ament_install']
[0.618s] [34mcolcon.colcon_core.package_identification[0m [1;30mLevel 1[0m _identify(data/20260510_152622_session/1_gui_capture/processed) by extension 'ignore'
[0.618s] [34mcolcon.colcon_core.package_identification[0m [1;30mLevel 1[0m _identify(data/20260510_152622_session/1_gui_capture/processed) by extension 'ignore_ament_install'
[0.618s] [34mcolcon.colcon_core.package_identification[0m [1;30mLevel 1[0m _identify(data/20260510_152622_session/1_gui_capture/processed) by extensions ['colcon_pkg']
[0.618s] [34mcolcon.colcon_core.package_identification[0m [1;30mLevel 1[0m _identify(data/20260510_152622_session/1_gui_capture/processed) by extension 'colcon_pkg'
[0.618s] [34mcolcon.colcon_core.package_identification[0m [1;30mLevel 1[0m _identify(data/20260510_152622_session/1_gui_capture/processed) by extensions ['colcon_meta']
[0.618s] [34mcolcon.colcon_core.package_identification[0m [1;30mLevel 1[0m _identify(data/20260510_152622_session/1_gui_capture/processed) by extension 'colcon_meta'
[0.618s] [34mcolcon.colcon_core.package_identification[0m [1;30mLevel 1[0m _identify(data/20260510_152622_session/1_gui_capture/processed) by extensions ['ros']
[0.618s] [34mcolcon.colcon_core.package_identification[0m [1;30mLevel 1[0m _identify(data/20260510_152622_session/1_gui_capture/processed) by extension 'ros'
[0.618s] [34mcolcon.colcon_core.package_identification[0m [1;30mLevel 1[0m _identify(data/20260510_152622_session/1_gui_capture/processed) by extensions ['cmake', 'python']
[0.618s] [34mcolcon.colcon_core.package_identification[0m [1;30mLevel 1[0m _identify(data/20260510_152622_session/1_gui_capture/processed) by extension 'cmake'
[0.618s] [34mcolcon.colcon_core.package_identification[0m [1;30mLevel 1[0m _identify(data/20260510_152622_session/1_gui_capture/processed) by extension 'python'
[0.618s] [34mcolcon.colcon_core.package_identification[0m [1;30mLevel 1[0m _identify(data/20260510_152622_session/1_gui_capture/processed) by extensions ['python_setup_py']
[0.618s] [34mcolcon.colcon_core.package_identification[0m [1;30mLevel 1[0m _identify(data/20260510_152622_session/1_gui_capture/processed) by extension 'python_setup_py'
[0.618s] [34mcolcon.colcon_core.package_identification[0m [1;30mLevel 1[0m _identify(data/20260510_152622_session/1_gui_capture/raw) by extensions ['ignore', 'ignore_ament_install']
[0.619s] [34mcolcon.colcon_core.package_identification[0m [1;30mLevel 1[0m _identify(data/20260510_152622_session/1_gui_capture/raw) by extension 'ignore'
[0.619s] [34mcolcon.colcon_core.package_identification[0m [1;30mLevel 1[0m _identify(data/20260510_152622_session/1_gui_capture/raw) by extension 'ignore_ament_install'
[0.619s] [34mcolcon.colcon_core.package_identification[0m [1;30mLevel 1[0m _identify(data/20260510_152622_session/1_gui_capture/raw) by extensions ['colcon_pkg']
[0.619s] [34mcolcon.colcon_core.package_identification[0m [1;30mLevel 1[0m _identify(data/20260510_152622_session/1_gui_capture/raw) by extension 'colcon_pkg'
[0.619s] [34mcolcon.colcon_core.package_identification[0m [1;30mLevel 1[0m _identify(data/20260510_152622_session/1_gui_capture/raw) by extensions ['colcon_meta']
[0.619s] [34mcolcon.colcon_core.package_identification[0m [1;30mLevel 1[0m _identify(data/20260510_152622_session/1_gui_capture/raw) by extension 'colcon_meta'
[0.619s] [34mcolcon.colcon_core.package_identification[0m [1;30mLevel 1[0m _identify(data/20260510_152622_session/1_gui_capture/raw) by extensions ['ros']
[0.619s] [34mcolcon.colcon_core.package_identification[0m [1;30mLevel 1[0m _identify(data/20260510_152622_session/1_gui_capture/raw) by extension 'ros'
[0.619s] [34mcolcon.colcon_core.package_identification[0m [1;30mLevel 1[0m _identify(data/20260510_152622_session/1_gui_capture/raw) by extensions ['cmake', 'python']
[0.619s] [34mcolcon.colcon_core.package_identification[0m [1;30mLevel 1[0m _identify(data/20260510_152622_session/1_gui_capture/raw) by extension 'cmake'
[0.619s] [34mcolcon.colcon_core.package_identification[0m [1;30mLevel 1[0m _identify(data/20260510_152622_session/1_gui_capture/raw) by extension 'python'
[0.619s] [34mcolcon.colcon_core.package_identification[0m [1;30mLevel 1[0m _identify(data/20260510_152622_session/1_gui_capture/raw) by extensions ['python_setup_py']
[0.619s] [34mcolcon.colcon_core.package_identification[0m [1;30mLevel 1[0m _identify(data/20260510_152622_session/1_gui_capture/raw) by extension 'python_setup_py'
[0.619s] [34mcolcon.colcon_core.package_identification[0m [1;30mLevel 1[0m _identify(data/20260510_153906_session) by extensions ['ignore', 'ignore_ament_install']
[0.619s] [34mcolcon.colcon_core.package_identification[0m [1;30mLevel 1[0m _identify(data/20260510_153906_session) by extension 'ignore'
[0.619s] [34mcolcon.colcon_core.package_identification[0m [1;30mLevel 1[0m _identify(data/20260510_153906_session) by extension 'ignore_ament_install'
[0.619s] [34mcolcon.colcon_core.package_identification[0m [1;30mLevel 1[0m _identify(data/20260510_153906_session) by extensions ['colcon_pkg']
[0.619s] [34mcolcon.colcon_core.package_identification[0m [1;30mLevel 1[0m _identify(data/20260510_153906_session) by extension 'colcon_pkg'
[0.619s] [34mcolcon.colcon_core.package_identification[0m [1;30mLevel 1[0m _identify(data/20260510_153906_session) by extensions ['colcon_meta']
[0.619s] [34mcolcon.colcon_core.package_identification[0m [1;30mLevel 1[0m _identify(data/20260510_153906_session) by extension 'colcon_meta'
[0.619s] [34mcolcon.colcon_core.package_identification[0m [1;30mLevel 1[0m _identify(data/20260510_153906_session) by extensions ['ros']
[0.619s] [34mcolcon.colcon_core.package_identification[0m [1;30mLevel 1[0m _identify(data/20260510_153906_session) by extension 'ros'
[0.619s] [34mcolcon.colcon_core.package_identification[0m [1;30mLevel 1[0m _identify(data/20260510_153906_session) by extensions ['cmake', 'python']
[0.620s] [34mcolcon.colcon_core.package_identification[0m [1;30mLevel 1[0m _identify(data/20260510_153906_session) by extension 'cmake'
[0.620s] [34mcolcon.colcon_core.package_identification[0m [1;30mLevel 1[0m _identify(data/20260510_153906_session) by extension 'python'
[0.620s] [34mcolcon.colcon_core.package_identification[0m [1;30mLevel 1[0m _identify(data/20260510_153906_session) by extensions ['python_setup_py']
[0.620s] [34mcolcon.colcon_core.package_identification[0m [1;30mLevel 1[0m _identify(data/20260510_153906_session) by extension 'python_setup_py'
[0.620s] [34mcolcon.colcon_core.package_identification[0m [1;30mLevel 1[0m _identify(data/20260510_153906_session/1_gui_capture) by extensions ['ignore', 'ignore_ament_install']
[0.620s] [34mcolcon.colcon_core.package_identification[0m [1;30mLevel 1[0m _identify(data/20260510_153906_session/1_gui_capture) by extension 'ignore'
[0.620s] [34mcolcon.colcon_core.package_identification[0m [1;30mLevel 1[0m _identify(data/20260510_153906_session/1_gui_capture) by extension 'ignore_ament_install'
[0.620s] [34mcolcon.colcon_core.package_identification[0m [1;30mLevel 1[0m _identify(data/20260510_153906_session/1_gui_capture) by extensions ['colcon_pkg']
[0.620s] [34mcolcon.colcon_core.package_identification[0m [1;30mLevel 1[0m _identify(data/20260510_153906_session/1_gui_capture) by extension 'colcon_pkg'
[0.620s] [34mcolcon.colcon_core.package_identification[0m [1;30mLevel 1[0m _identify(data/20260510_153906_session/1_gui_capture) by extensions ['colcon_meta']
[0.620s] [34mcolcon.colcon_core.package_identification[0m [1;30mLevel 1[0m _identify(data/20260510_153906_session/1_gui_capture) by extension 'colcon_meta'
[0.620s] [34mcolcon.colcon_core.package_identification[0m [1;30mLevel 1[0m _identify(data/20260510_153906_session/1_gui_capture) by extensions ['ros']
[0.620s] [34mcolcon.colcon_core.package_identification[0m [1;30mLevel 1[0m _identify(data/20260510_153906_session/1_gui_capture) by extension 'ros'
[0.620s] [34mcolcon.colcon_core.package_identification[0m [1;30mLevel 1[0m _identify(data/20260510_153906_session/1_gui_capture) by extensions ['cmake', 'python']
[0.620s] [34mcolcon.colcon_core.package_identification[0m [1;30mLevel 1[0m _identify(data/20260510_153906_session/1_gui_capture) by extension 'cmake'
[0.620s] [34mcolcon.colcon_core.package_identification[0m [1;30mLevel 1[0m _identify(data/20260510_153906_session/1_gui_capture) by extension 'python'
[0.620s] [34mcolcon.colcon_core.package_identification[0m [1;30mLevel 1[0m _identify(data/20260510_153906_session/1_gui_capture) by extensions ['python_setup_py']
[0.620s] [34mcolcon.colcon_core.package_identification[0m [1;30mLevel 1[0m _identify(data/20260510_153906_session/1_gui_capture) by extension 'python_setup_py'
[0.620s] [34mcolcon.colcon_core.package_identification[0m [1;30mLevel 1[0m _identify(data/20260510_153906_session/1_gui_capture/intermediate) by extensions ['ignore', 'ignore_ament_install']
[0.620s] [34mcolcon.colcon_core.package_identification[0m [1;30mLevel 1[0m _identify(data/20260510_153906_session/1_gui_capture/intermediate) by extension 'ignore'
[0.620s] [34mcolcon.colcon_core.package_identification[0m [1;30mLevel 1[0m _identify(data/20260510_153906_session/1_gui_capture/intermediate) by extension 'ignore_ament_install'
[0.620s] [34mcolcon.colcon_core.package_identification[0m [1;30mLevel 1[0m _identify(data/20260510_153906_session/1_gui_capture/intermediate) by extensions ['colcon_pkg']
[0.620s] [34mcolcon.colcon_core.package_identification[0m [1;30mLevel 1[0m _identify(data/20260510_153906_session/1_gui_capture/intermediate) by extension 'colcon_pkg'
[0.620s] [34mcolcon.colcon_core.package_identification[0m [1;30mLevel 1[0m _identify(data/20260510_153906_session/1_gui_capture/intermediate) by extensions ['colcon_meta']
[0.620s] [34mcolcon.colcon_core.package_identification[0m [1;30mLevel 1[0m _identify(data/20260510_153906_session/1_gui_capture/intermediate) by extension 'colcon_meta'
[0.621s] [34mcolcon.colcon_core.package_identification[0m [1;30mLevel 1[0m _identify(data/20260510_153906_session/1_gui_capture/intermediate) by extensions ['ros']
[0.621s] [34mcolcon.colcon_core.package_identification[0m [1;30mLevel 1[0m _identify(data/20260510_153906_session/1_gui_capture/intermediate) by extension 'ros'
[0.621s] [34mcolcon.colcon_core.package_identification[0m [1;30mLevel 1[0m _identify(data/20260510_153906_session/1_gui_capture/intermediate) by extensions ['cmake', 'python']
[0.621s] [34mcolcon.colcon_core.package_identification[0m [1;30mLevel 1[0m _identify(data/20260510_153906_session/1_gui_capture/intermediate) by extension 'cmake'
[0.621s] [34mcolcon.colcon_core.package_identification[0m [1;30mLevel 1[0m _identify(data/20260510_153906_session/1_gui_capture/intermediate) by extension 'python'
[0.621s] [34mcolcon.colcon_core.package_identification[0m [1;30mLevel 1[0m _identify(data/20260510_153906_session/1_gui_capture/intermediate) by extensions ['python_setup_py']
[0.621s] [34mcolcon.colcon_core.package_identification[0m [1;30mLevel 1[0m _identify(data/20260510_153906_session/1_gui_capture/intermediate) by extension 'python_setup_py'
[0.621s] [34mcolcon.colcon_core.package_identification[0m [1;30mLevel 1[0m _identify(data/20260510_153906_session/1_gui_capture/processed) by extensions ['ignore', 'ignore_ament_install']
[0.621s] [34mcolcon.colcon_core.package_identification[0m [1;30mLevel 1[0m _identify(data/20260510_153906_session/1_gui_capture/processed) by extension 'ignore'
[0.621s] [34mcolcon.colcon_core.package_identification[0m [1;30mLevel 1[0m _identify(data/20260510_153906_session/1_gui_capture/processed) by extension 'ignore_ament_install'
[0.621s] [34mcolcon.colcon_core.package_identification[0m [1;30mLevel 1[0m _identify(data/20260510_153906_session/1_gui_capture/processed) by extensions ['colcon_pkg']
[0.621s] [34mcolcon.colcon_core.package_identification[0m [1;30mLevel 1[0m _identify(data/20260510_153906_session/1_gui_capture/processed) by extension 'colcon_pkg'
[0.621s] [34mcolcon.colcon_core.package_identification[0m [1;30mLevel 1[0m _identify(data/20260510_153906_session/1_gui_capture/processed) by extensions ['colcon_meta']
[0.621s] [34mcolcon.colcon_core.package_identification[0m [1;30mLevel 1[0m _identify(data/20260510_153906_session/1_gui_capture/processed) by extension 'colcon_meta'
[0.621s] [34mcolcon.colcon_core.package_identification[0m [1;30mLevel 1[0m _identify(data/20260510_153906_session/1_gui_capture/processed) by extensions ['ros']
[0.621s] [34mcolcon.colcon_core.package_identification[0m [1;30mLevel 1[0m _identify(data/20260510_153906_session/1_gui_capture/processed) by extension 'ros'
[0.621s] [34mcolcon.colcon_core.package_identification[0m [1;30mLevel 1[0m _identify(data/20260510_153906_session/1_gui_capture/processed) by extensions ['cmake', 'python']
[0.621s] [34mcolcon.colcon_core.package_identification[0m [1;30mLevel 1[0m _identify(data/20260510_153906_session/1_gui_capture/processed) by extension 'cmake'
[0.621s] [34mcolcon.colcon_core.package_identification[0m [1;30mLevel 1[0m _identify(data/20260510_153906_session/1_gui_capture/processed) by extension 'python'
[0.621s] [34mcolcon.colcon_core.package_identification[0m [1;30mLevel 1[0m _identify(data/20260510_153906_session/1_gui_capture/processed) by extensions ['python_setup_py']
[0.621s] [34mcolcon.colcon_core.package_identification[0m [1;30mLevel 1[0m _identify(data/20260510_153906_session/1_gui_capture/processed) by extension 'python_setup_py'
[0.621s] [34mcolcon.colcon_core.package_identification[0m [1;30mLevel 1[0m _identify(data/20260510_153906_session/1_gui_capture/raw) by extensions ['ignore', 'ignore_ament_install']
[0.621s] [34mcolcon.colcon_core.package_identification[0m [1;30mLevel 1[0m _identify(data/20260510_153906_session/1_gui_capture/raw) by extension 'ignore'
[0.622s] [34mcolcon.colcon_core.package_identification[0m [1;30mLevel 1[0m _identify(data/20260510_153906_session/1_gui_capture/raw) by extension 'ignore_ament_install'
[0.622s] [34mcolcon.colcon_core.package_identification[0m [1;30mLevel 1[0m _identify(data/20260510_153906_session/1_gui_capture/raw) by extensions ['colcon_pkg']
[0.622s] [34mcolcon.colcon_core.package_identification[0m [1;30mLevel 1[0m _identify(data/20260510_153906_session/1_gui_capture/raw) by extension 'colcon_pkg'
[0.622s] [34mcolcon.colcon_core.package_identification[0m [1;30mLevel 1[0m _identify(data/20260510_153906_session/1_gui_capture/raw) by extensions ['colcon_meta']
[0.622s] [34mcolcon.colcon_core.package_identification[0m [1;30mLevel 1[0m _identify(data/20260510_153906_session/1_gui_capture/raw) by extension 'colcon_meta'
[0.622s] [34mcolcon.colcon_core.package_identification[0m [1;30mLevel 1[0m _identify(data/20260510_153906_session/1_gui_capture/raw) by extensions ['ros']
[0.622s] [34mcolcon.colcon_core.package_identification[0m [1;30mLevel 1[0m _identify(data/20260510_153906_session/1_gui_capture/raw) by extension 'ros'
[0.622s] [34mcolcon.colcon_core.package_identification[0m [1;30mLevel 1[0m _identify(data/20260510_153906_session/1_gui_capture/raw) by extensions ['cmake', 'python']
[0.622s] [34mcolcon.colcon_core.package_identification[0m [1;30mLevel 1[0m _identify(data/20260510_153906_session/1_gui_capture/raw) by extension 'cmake'
[0.622s] [34mcolcon.colcon_core.package_identification[0m [1;30mLevel 1[0m _identify(data/20260510_153906_session/1_gui_capture/raw) by extension 'python'
[0.622s] [34mcolcon.colcon_core.package_identification[0m [1;30mLevel 1[0m _identify(data/20260510_153906_session/1_gui_capture/raw) by extensions ['python_setup_py']
[0.622s] [34mcolcon.colcon_core.package_identification[0m [1;30mLevel 1[0m _identify(data/20260510_153906_session/1_gui_capture/raw) by extension 'python_setup_py'
[0.622s] [34mcolcon.colcon_core.package_identification[0m [1;30mLevel 1[0m _identify(data/20260510_154410_session) by extensions ['ignore', 'ignore_ament_install']
[0.622s] [34mcolcon.colcon_core.package_identification[0m [1;30mLevel 1[0m _identify(data/20260510_154410_session) by extension 'ignore'
[0.622s] [34mcolcon.colcon_core.package_identification[0m [1;30mLevel 1[0m _identify(data/20260510_154410_session) by extension 'ignore_ament_install'
[0.622s] [34mcolcon.colcon_core.package_identification[0m [1;30mLevel 1[0m _identify(data/20260510_154410_session) by extensions ['colcon_pkg']
[0.622s] [34mcolcon.colcon_core.package_identification[0m [1;30mLevel 1[0m _identify(data/20260510_154410_session) by extension 'colcon_pkg'
[0.623s] [34mcolcon.colcon_core.package_identification[0m [1;30mLevel 1[0m _identify(data/20260510_154410_session) by extensions ['colcon_meta']
[0.623s] [34mcolcon.colcon_core.package_identification[0m [1;30mLevel 1[0m _identify(data/20260510_154410_session) by extension 'colcon_meta'
[0.623s] [34mcolcon.colcon_core.package_identification[0m [1;30mLevel 1[0m _identify(data/20260510_154410_session) by extensions ['ros']
[0.623s] [34mcolcon.colcon_core.package_identification[0m [1;30mLevel 1[0m _identify(data/20260510_154410_session) by extension 'ros'
[0.623s] [34mcolcon.colcon_core.package_identification[0m [1;30mLevel 1[0m _identify(data/20260510_154410_session) by extensions ['cmake', 'python']
[0.623s] [34mcolcon.colcon_core.package_identification[0m [1;30mLevel 1[0m _identify(data/20260510_154410_session) by extension 'cmake'
[0.623s] [34mcolcon.colcon_core.package_identification[0m [1;30mLevel 1[0m _identify(data/20260510_154410_session) by extension 'python'
[0.623s] [34mcolcon.colcon_core.package_identification[0m [1;30mLevel 1[0m _identify(data/20260510_154410_session) by extensions ['python_setup_py']
[0.623s] [34mcolcon.colcon_core.package_identification[0m [1;30mLevel 1[0m _identify(data/20260510_154410_session) by extension 'python_setup_py'
[0.623s] [34mcolcon.colcon_core.package_identification[0m [1;30mLevel 1[0m _identify(data/20260510_154410_session/1_gui_capture) by extensions ['ignore', 'ignore_ament_install']
[0.623s] [34mcolcon.colcon_core.package_identification[0m [1;30mLevel 1[0m _identify(data/20260510_154410_session/1_gui_capture) by extension 'ignore'
[0.623s] [34mcolcon.colcon_core.package_identification[0m [1;30mLevel 1[0m _identify(data/20260510_154410_session/1_gui_capture) by extension 'ignore_ament_install'
[0.623s] [34mcolcon.colcon_core.package_identification[0m [1;30mLevel 1[0m _identify(data/20260510_154410_session/1_gui_capture) by extensions ['colcon_pkg']
[0.623s] [34mcolcon.colcon_core.package_identification[0m [1;30mLevel 1[0m _identify(data/20260510_154410_session/1_gui_capture) by extension 'colcon_pkg'
[0.623s] [34mcolcon.colcon_core.package_identification[0m [1;30mLevel 1[0m _identify(data/20260510_154410_session/1_gui_capture) by extensions ['colcon_meta']
[0.623s] [34mcolcon.colcon_core.package_identification[0m [1;30mLevel 1[0m _identify(data/20260510_154410_session/1_gui_capture) by extension 'colcon_meta'
[0.623s] [34mcolcon.colcon_core.package_identification[0m [1;30mLevel 1[0m _identify(data/20260510_154410_session/1_gui_capture) by extensions ['ros']
[0.623s] [34mcolcon.colcon_core.package_identification[0m [1;30mLevel 1[0m _identify(data/20260510_154410_session/1_gui_capture) by extension 'ros'
[0.624s] [34mcolcon.colcon_core.package_identification[0m [1;30mLevel 1[0m _identify(data/20260510_154410_session/1_gui_capture) by extensions ['cmake', 'python']
[0.624s] [34mcolcon.colcon_core.package_identification[0m [1;30mLevel 1[0m _identify(data/20260510_154410_session/1_gui_capture) by extension 'cmake'
[0.624s] [34mcolcon.colcon_core.package_identification[0m [1;30mLevel 1[0m _identify(data/20260510_154410_session/1_gui_capture) by extension 'python'
[0.624s] [34mcolcon.colcon_core.package_identification[0m [1;30mLevel 1[0m _identify(data/20260510_154410_session/1_gui_capture) by extensions ['python_setup_py']
[0.624s] [34mcolcon.colcon_core.package_identification[0m [1;30mLevel 1[0m _identify(data/20260510_154410_session/1_gui_capture) by extension 'python_setup_py'
[0.624s] [34mcolcon.colcon_core.package_identification[0m [1;30mLevel 1[0m _identify(data/20260510_154410_session/1_gui_capture/intermediate) by extensions ['ignore', 'ignore_ament_install']
[0.624s] [34mcolcon.colcon_core.package_identification[0m [1;30mLevel 1[0m _identify(data/20260510_154410_session/1_gui_capture/intermediate) by extension 'ignore'
[0.624s] [34mcolcon.colcon_core.package_identification[0m [1;30mLevel 1[0m _identify(data/20260510_154410_session/1_gui_capture/intermediate) by extension 'ignore_ament_install'
[0.624s] [34mcolcon.colcon_core.package_identification[0m [1;30mLevel 1[0m _identify(data/20260510_154410_session/1_gui_capture/intermediate) by extensions ['colcon_pkg']
[0.624s] [34mcolcon.colcon_core.package_identification[0m [1;30mLevel 1[0m _identify(data/20260510_154410_session/1_gui_capture/intermediate) by extension 'colcon_pkg'
[0.624s] [34mcolcon.colcon_core.package_identification[0m [1;30mLevel 1[0m _identify(data/20260510_154410_session/1_gui_capture/intermediate) by extensions ['colcon_meta']
[0.624s] [34mcolcon.colcon_core.package_identification[0m [1;30mLevel 1[0m _identify(data/20260510_154410_session/1_gui_capture/intermediate) by extension 'colcon_meta'
[0.624s] [34mcolcon.colcon_core.package_identification[0m [1;30mLevel 1[0m _identify(data/20260510_154410_session/1_gui_capture/intermediate) by extensions ['ros']
[0.624s] [34mcolcon.colcon_core.package_identification[0m [1;30mLevel 1[0m _identify(data/20260510_154410_session/1_gui_capture/intermediate) by extension 'ros'
[0.624s] [34mcolcon.colcon_core.package_identification[0m [1;30mLevel 1[0m _identify(data/20260510_154410_session/1_gui_capture/intermediate) by extensions ['cmake', 'python']
[0.624s] [34mcolcon.colcon_core.package_identification[0m [1;30mLevel 1[0m _identify(data/20260510_154410_session/1_gui_capture/intermediate) by extension 'cmake'
[0.624s] [34mcolcon.colcon_core.package_identification[0m [1;30mLevel 1[0m _identify(data/20260510_154410_session/1_gui_capture/intermediate) by extension 'python'
[0.624s] [34mcolcon.colcon_core.package_identification[0m [1;30mLevel 1[0m _identify(data/20260510_154410_session/1_gui_capture/intermediate) by extensions ['python_setup_py']
[0.624s] [34mcolcon.colcon_core.package_identification[0m [1;30mLevel 1[0m _identify(data/20260510_154410_session/1_gui_capture/intermediate) by extension 'python_setup_py'
[0.625s] [34mcolcon.colcon_core.package_identification[0m [1;30mLevel 1[0m _identify(data/20260510_154410_session/1_gui_capture/processed) by extensions ['ignore', 'ignore_ament_install']
[0.625s] [34mcolcon.colcon_core.package_identification[0m [1;30mLevel 1[0m _identify(data/20260510_154410_session/1_gui_capture/processed) by extension 'ignore'
[0.625s] [34mcolcon.colcon_core.package_identification[0m [1;30mLevel 1[0m _identify(data/20260510_154410_session/1_gui_capture/processed) by extension 'ignore_ament_install'
[0.625s] [34mcolcon.colcon_core.package_identification[0m [1;30mLevel 1[0m _identify(data/20260510_154410_session/1_gui_capture/processed) by extensions ['colcon_pkg']
[0.625s] [34mcolcon.colcon_core.package_identification[0m [1;30mLevel 1[0m _identify(data/20260510_154410_session/1_gui_capture/processed) by extension 'colcon_pkg'
[0.625s] [34mcolcon.colcon_core.package_identification[0m [1;30mLevel 1[0m _identify(data/20260510_154410_session/1_gui_capture/processed) by extensions ['colcon_meta']
[0.625s] [34mcolcon.colcon_core.package_identification[0m [1;30mLevel 1[0m _identify(data/20260510_154410_session/1_gui_capture/processed) by extension 'colcon_meta'
[0.626s] [34mcolcon.colcon_core.package_identification[0m [1;30mLevel 1[0m _identify(data/20260510_154410_session/1_gui_capture/processed) by extensions ['ros']
[0.626s] [34mcolcon.colcon_core.package_identification[0m [1;30mLevel 1[0m _identify(data/20260510_154410_session/1_gui_capture/processed) by extension 'ros'
[0.626s] [34mcolcon.colcon_core.package_identification[0m [1;30mLevel 1[0m _identify(data/20260510_154410_session/1_gui_capture/processed) by extensions ['cmake', 'python']
[0.626s] [34mcolcon.colcon_core.package_identification[0m [1;30mLevel 1[0m _identify(data/20260510_154410_session/1_gui_capture/processed) by extension 'cmake'
[0.626s] [34mcolcon.colcon_core.package_identification[0m [1;30mLevel 1[0m _identify(data/20260510_154410_session/1_gui_capture/processed) by extension 'python'
[0.626s] [34mcolcon.colcon_core.package_identification[0m [1;30mLevel 1[0m _identify(data/20260510_154410_session/1_gui_capture/processed) by extensions ['python_setup_py']
[0.626s] [34mcolcon.colcon_core.package_identification[0m [1;30mLevel 1[0m _identify(data/20260510_154410_session/1_gui_capture/processed) by extension 'python_setup_py'
[0.627s] [34mcolcon.colcon_core.package_identification[0m [1;30mLevel 1[0m _identify(data/20260510_154410_session/1_gui_capture/raw) by extensions ['ignore', 'ignore_ament_install']
[0.627s] [34mcolcon.colcon_core.package_identification[0m [1;30mLevel 1[0m _identify(data/20260510_154410_session/1_gui_capture/raw) by extension 'ignore'
[0.627s] [34mcolcon.colcon_core.package_identification[0m [1;30mLevel 1[0m _identify(data/20260510_154410_session/1_gui_capture/raw) by extension 'ignore_ament_install'
[0.627s] [34mcolcon.colcon_core.package_identification[0m [1;30mLevel 1[0m _identify(data/20260510_154410_session/1_gui_capture/raw) by extensions ['colcon_pkg']
[0.627s] [34mcolcon.colcon_core.package_identification[0m [1;30mLevel 1[0m _identify(data/20260510_154410_session/1_gui_capture/raw) by extension 'colcon_pkg'
[0.627s] [34mcolcon.colcon_core.package_identification[0m [1;30mLevel 1[0m _identify(data/20260510_154410_session/1_gui_capture/raw) by extensions ['colcon_meta']
[0.627s] [34mcolcon.colcon_core.package_identification[0m [1;30mLevel 1[0m _identify(data/20260510_154410_session/1_gui_capture/raw) by extension 'colcon_meta'
[0.628s] [34mcolcon.colcon_core.package_identification[0m [1;30mLevel 1[0m _identify(data/20260510_154410_session/1_gui_capture/raw) by extensions ['ros']
[0.628s] [34mcolcon.colcon_core.package_identification[0m [1;30mLevel 1[0m _identify(data/20260510_154410_session/1_gui_capture/raw) by extension 'ros'
[0.628s] [34mcolcon.colcon_core.package_identification[0m [1;30mLevel 1[0m _identify(data/20260510_154410_session/1_gui_capture/raw) by extensions ['cmake', 'python']
[0.628s] [34mcolcon.colcon_core.package_identification[0m [1;30mLevel 1[0m _identify(data/20260510_154410_session/1_gui_capture/raw) by extension 'cmake'
[0.628s] [34mcolcon.colcon_core.package_identification[0m [1;30mLevel 1[0m _identify(data/20260510_154410_session/1_gui_capture/raw) by extension 'python'
[0.628s] [34mcolcon.colcon_core.package_identification[0m [1;30mLevel 1[0m _identify(data/20260510_154410_session/1_gui_capture/raw) by extensions ['python_setup_py']
[0.628s] [34mcolcon.colcon_core.package_identification[0m [1;30mLevel 1[0m _identify(data/20260510_154410_session/1_gui_capture/raw) by extension 'python_setup_py'
[0.628s] [34mcolcon.colcon_core.package_identification[0m [1;30mLevel 1[0m _identify(data/20260510_155629_session) by extensions ['ignore', 'ignore_ament_install']
[0.629s] [34mcolcon.colcon_core.package_identification[0m [1;30mLevel 1[0m _identify(data/20260510_155629_session) by extension 'ignore'
[0.629s] [34mcolcon.colcon_core.package_identification[0m [1;30mLevel 1[0m _identify(data/20260510_155629_session) by extension 'ignore_ament_install'
[0.629s] [34mcolcon.colcon_core.package_identification[0m [1;30mLevel 1[0m _identify(data/20260510_155629_session) by extensions ['colcon_pkg']
[0.629s] [34mcolcon.colcon_core.package_identification[0m [1;30mLevel 1[0m _identify(data/20260510_155629_session) by extension 'colcon_pkg'
[0.629s] [34mcolcon.colcon_core.package_identification[0m [1;30mLevel 1[0m _identify(data/20260510_155629_session) by extensions ['colcon_meta']
[0.629s] [34mcolcon.colcon_core.package_identification[0m [1;30mLevel 1[0m _identify(data/20260510_155629_session) by extension 'colcon_meta'
[0.629s] [34mcolcon.colcon_core.package_identification[0m [1;30mLevel 1[0m _identify(data/20260510_155629_session) by extensions ['ros']
[0.629s] [34mcolcon.colcon_core.package_identification[0m [1;30mLevel 1[0m _identify(data/20260510_155629_session) by extension 'ros'
[0.629s] [34mcolcon.colcon_core.package_identification[0m [1;30mLevel 1[0m _identify(data/20260510_155629_session) by extensions ['cmake', 'python']
[0.629s] [34mcolcon.colcon_core.package_identification[0m [1;30mLevel 1[0m _identify(data/20260510_155629_session) by extension 'cmake'
[0.629s] [34mcolcon.colcon_core.package_identification[0m [1;30mLevel 1[0m _identify(data/20260510_155629_session) by extension 'python'
[0.629s] [34mcolcon.colcon_core.package_identification[0m [1;30mLevel 1[0m _identify(data/20260510_155629_session) by extensions ['python_setup_py']
[0.629s] [34mcolcon.colcon_core.package_identification[0m [1;30mLevel 1[0m _identify(data/20260510_155629_session) by extension 'python_setup_py'
[0.629s] [34mcolcon.colcon_core.package_identification[0m [1;30mLevel 1[0m _identify(data/20260510_160331_session) by extensions ['ignore', 'ignore_ament_install']
[0.629s] [34mcolcon.colcon_core.package_identification[0m [1;30mLevel 1[0m _identify(data/20260510_160331_session) by extension 'ignore'
[0.630s] [34mcolcon.colcon_core.package_identification[0m [1;30mLevel 1[0m _identify(data/20260510_160331_session) by extension 'ignore_ament_install'
[0.630s] [34mcolcon.colcon_core.package_identification[0m [1;30mLevel 1[0m _identify(data/20260510_160331_session) by extensions ['colcon_pkg']
[0.630s] [34mcolcon.colcon_core.package_identification[0m [1;30mLevel 1[0m _identify(data/20260510_160331_session) by extension 'colcon_pkg'
[0.630s] [34mcolcon.colcon_core.package_identification[0m [1;30mLevel 1[0m _identify(data/20260510_160331_session) by extensions ['colcon_meta']
[0.630s] [34mcolcon.colcon_core.package_identification[0m [1;30mLevel 1[0m _identify(data/20260510_160331_session) by extension 'colcon_meta'
[0.630s] [34mcolcon.colcon_core.package_identification[0m [1;30mLevel 1[0m _identify(data/20260510_160331_session) by extensions ['ros']
[0.630s] [34mcolcon.colcon_core.package_identification[0m [1;30mLevel 1[0m _identify(data/20260510_160331_session) by extension 'ros'
[0.631s] [34mcolcon.colcon_core.package_identification[0m [1;30mLevel 1[0m _identify(data/20260510_160331_session) by extensions ['cmake', 'python']
[0.631s] [34mcolcon.colcon_core.package_identification[0m [1;30mLevel 1[0m _identify(data/20260510_160331_session) by extension 'cmake'
[0.631s] [34mcolcon.colcon_core.package_identification[0m [1;30mLevel 1[0m _identify(data/20260510_160331_session) by extension 'python'
[0.631s] [34mcolcon.colcon_core.package_identification[0m [1;30mLevel 1[0m _identify(data/20260510_160331_session) by extensions ['python_setup_py']
[0.631s] [34mcolcon.colcon_core.package_identification[0m [1;30mLevel 1[0m _identify(data/20260510_160331_session) by extension 'python_setup_py'
[0.631s] [34mcolcon.colcon_core.package_identification[0m [1;30mLevel 1[0m _identify(data/20260510_160613_session) by extensions ['ignore', 'ignore_ament_install']
[0.631s] [34mcolcon.colcon_core.package_identification[0m [1;30mLevel 1[0m _identify(data/20260510_160613_session) by extension 'ignore'
[0.631s] [34mcolcon.colcon_core.package_identification[0m [1;30mLevel 1[0m _identify(data/20260510_160613_session) by extension 'ignore_ament_install'
[0.631s] [34mcolcon.colcon_core.package_identification[0m [1;30mLevel 1[0m _identify(data/20260510_160613_session) by extensions ['colcon_pkg']
[0.631s] [34mcolcon.colcon_core.package_identification[0m [1;30mLevel 1[0m _identify(data/20260510_160613_session) by extension 'colcon_pkg'
[0.631s] [34mcolcon.colcon_core.package_identification[0m [1;30mLevel 1[0m _identify(data/20260510_160613_session) by extensions ['colcon_meta']
[0.631s] [34mcolcon.colcon_core.package_identification[0m [1;30mLevel 1[0m _identify(data/20260510_160613_session) by extension 'colcon_meta'
[0.631s] [34mcolcon.colcon_core.package_identification[0m [1;30mLevel 1[0m _identify(data/20260510_160613_session) by extensions ['ros']
[0.631s] [34mcolcon.colcon_core.package_identification[0m [1;30mLevel 1[0m _identify(data/20260510_160613_session) by extension 'ros'
[0.631s] [34mcolcon.colcon_core.package_identification[0m [1;30mLevel 1[0m _identify(data/20260510_160613_session) by extensions ['cmake', 'python']
[0.632s] [34mcolcon.colcon_core.package_identification[0m [1;30mLevel 1[0m _identify(data/20260510_160613_session) by extension 'cmake'
[0.632s] [34mcolcon.colcon_core.package_identification[0m [1;30mLevel 1[0m _identify(data/20260510_160613_session) by extension 'python'
[0.632s] [34mcolcon.colcon_core.package_identification[0m [1;30mLevel 1[0m _identify(data/20260510_160613_session) by extensions ['python_setup_py']
[0.632s] [34mcolcon.colcon_core.package_identification[0m [1;30mLevel 1[0m _identify(data/20260510_160613_session) by extension 'python_setup_py'
[0.632s] [34mcolcon.colcon_core.package_identification[0m [1;30mLevel 1[0m _identify(data/20260510_162155_session) by extensions ['ignore', 'ignore_ament_install']
[0.632s] [34mcolcon.colcon_core.package_identification[0m [1;30mLevel 1[0m _identify(data/20260510_162155_session) by extension 'ignore'
[0.632s] [34mcolcon.colcon_core.package_identification[0m [1;30mLevel 1[0m _identify(data/20260510_162155_session) by extension 'ignore_ament_install'
[0.632s] [34mcolcon.colcon_core.package_identification[0m [1;30mLevel 1[0m _identify(data/20260510_162155_session) by extensions ['colcon_pkg']
[0.632s] [34mcolcon.colcon_core.package_identification[0m [1;30mLevel 1[0m _identify(data/20260510_162155_session) by extension 'colcon_pkg'
[0.632s] [34mcolcon.colcon_core.package_identification[0m [1;30mLevel 1[0m _identify(data/20260510_162155_session) by extensions ['colcon_meta']
[0.632s] [34mcolcon.colcon_core.package_identification[0m [1;30mLevel 1[0m _identify(data/20260510_162155_session) by extension 'colcon_meta'
[0.632s] [34mcolcon.colcon_core.package_identification[0m [1;30mLevel 1[0m _identify(data/20260510_162155_session) by extensions ['ros']
[0.632s] [34mcolcon.colcon_core.package_identification[0m [1;30mLevel 1[0m _identify(data/20260510_162155_session) by extension 'ros'
[0.632s] [34mcolcon.colcon_core.package_identification[0m [1;30mLevel 1[0m _identify(data/20260510_162155_session) by extensions ['cmake', 'python']
[0.632s] [34mcolcon.colcon_core.package_identification[0m [1;30mLevel 1[0m _identify(data/20260510_162155_session) by extension 'cmake'
[0.632s] [34mcolcon.colcon_core.package_identification[0m [1;30mLevel 1[0m _identify(data/20260510_162155_session) by extension 'python'
[0.632s] [34mcolcon.colcon_core.package_identification[0m [1;30mLevel 1[0m _identify(data/20260510_162155_session) by extensions ['python_setup_py']
[0.632s] [34mcolcon.colcon_core.package_identification[0m [1;30mLevel 1[0m _identify(data/20260510_162155_session) by extension 'python_setup_py'
[0.633s] [34mcolcon.colcon_core.package_identification[0m [1;30mLevel 1[0m _identify(data/20260510_162347_session) by extensions ['ignore', 'ignore_ament_install']
[0.633s] [34mcolcon.colcon_core.package_identification[0m [1;30mLevel 1[0m _identify(data/20260510_162347_session) by extension 'ignore'
[0.633s] [34mcolcon.colcon_core.package_identification[0m [1;30mLevel 1[0m _identify(data/20260510_162347_session) by extension 'ignore_ament_install'
[0.633s] [34mcolcon.colcon_core.package_identification[0m [1;30mLevel 1[0m _identify(data/20260510_162347_session) by extensions ['colcon_pkg']
[0.633s] [34mcolcon.colcon_core.package_identification[0m [1;30mLevel 1[0m _identify(data/20260510_162347_session) by extension 'colcon_pkg'
[0.633s] [34mcolcon.colcon_core.package_identification[0m [1;30mLevel 1[0m _identify(data/20260510_162347_session) by extensions ['colcon_meta']
[0.633s] [34mcolcon.colcon_core.package_identification[0m [1;30mLevel 1[0m _identify(data/20260510_162347_session) by extension 'colcon_meta'
[0.633s] [34mcolcon.colcon_core.package_identification[0m [1;30mLevel 1[0m _identify(data/20260510_162347_session) by extensions ['ros']
[0.633s] [34mcolcon.colcon_core.package_identification[0m [1;30mLevel 1[0m _identify(data/20260510_162347_session) by extension 'ros'
[0.633s] [34mcolcon.colcon_core.package_identification[0m [1;30mLevel 1[0m _identify(data/20260510_162347_session) by extensions ['cmake', 'python']
[0.633s] [34mcolcon.colcon_core.package_identification[0m [1;30mLevel 1[0m _identify(data/20260510_162347_session) by extension 'cmake'
[0.633s] [34mcolcon.colcon_core.package_identification[0m [1;30mLevel 1[0m _identify(data/20260510_162347_session) by extension 'python'
[0.633s] [34mcolcon.colcon_core.package_identification[0m [1;30mLevel 1[0m _identify(data/20260510_162347_session) by extensions ['python_setup_py']
[0.633s] [34mcolcon.colcon_core.package_identification[0m [1;30mLevel 1[0m _identify(data/20260510_162347_session) by extension 'python_setup_py'
[0.633s] [34mcolcon.colcon_core.package_identification[0m [1;30mLevel 1[0m _identify(data/20260510_162409_session) by extensions ['ignore', 'ignore_ament_install']
[0.633s] [34mcolcon.colcon_core.package_identification[0m [1;30mLevel 1[0m _identify(data/20260510_162409_session) by extension 'ignore'
[0.633s] [34mcolcon.colcon_core.package_identification[0m [1;30mLevel 1[0m _identify(data/20260510_162409_session) by extension 'ignore_ament_install'
[0.634s] [34mcolcon.colcon_core.package_identification[0m [1;30mLevel 1[0m _identify(data/20260510_162409_session) by extensions ['colcon_pkg']
[0.634s] [34mcolcon.colcon_core.package_identification[0m [1;30mLevel 1[0m _identify(data/20260510_162409_session) by extension 'colcon_pkg'
[0.634s] [34mcolcon.colcon_core.package_identification[0m [1;30mLevel 1[0m _identify(data/20260510_162409_session) by extensions ['colcon_meta']
[0.634s] [34mcolcon.colcon_core.package_identification[0m [1;30mLevel 1[0m _identify(data/20260510_162409_session) by extension 'colcon_meta'
[0.634s] [34mcolcon.colcon_core.package_identification[0m [1;30mLevel 1[0m _identify(data/20260510_162409_session) by extensions ['ros']
[0.634s] [34mcolcon.colcon_core.package_identification[0m [1;30mLevel 1[0m _identify(data/20260510_162409_session) by extension 'ros'
[0.634s] [34mcolcon.colcon_core.package_identification[0m [1;30mLevel 1[0m _identify(data/20260510_162409_session) by extensions ['cmake', 'python']
[0.634s] [34mcolcon.colcon_core.package_identification[0m [1;30mLevel 1[0m _identify(data/20260510_162409_session) by extension 'cmake'
[0.634s] [34mcolcon.colcon_core.package_identification[0m [1;30mLevel 1[0m _identify(data/20260510_162409_session) by extension 'python'
[0.634s] [34mcolcon.colcon_core.package_identification[0m [1;30mLevel 1[0m _identify(data/20260510_162409_session) by extensions ['python_setup_py']
[0.634s] [34mcolcon.colcon_core.package_identification[0m [1;30mLevel 1[0m _identify(data/20260510_162409_session) by extension 'python_setup_py'
[0.634s] [34mcolcon.colcon_core.package_identification[0m [1;30mLevel 1[0m _identify(data/20260510_163312_session) by extensions ['ignore', 'ignore_ament_install']
[0.634s] [34mcolcon.colcon_core.package_identification[0m [1;30mLevel 1[0m _identify(data/20260510_163312_session) by extension 'ignore'
[0.634s] [34mcolcon.colcon_core.package_identification[0m [1;30mLevel 1[0m _identify(data/20260510_163312_session) by extension 'ignore_ament_install'
[0.634s] [34mcolcon.colcon_core.package_identification[0m [1;30mLevel 1[0m _identify(data/20260510_163312_session) by extensions ['colcon_pkg']
[0.634s] [34mcolcon.colcon_core.package_identification[0m [1;30mLevel 1[0m _identify(data/20260510_163312_session) by extension 'colcon_pkg'
[0.634s] [34mcolcon.colcon_core.package_identification[0m [1;30mLevel 1[0m _identify(data/20260510_163312_session) by extensions ['colcon_meta']
[0.634s] [34mcolcon.colcon_core.package_identification[0m [1;30mLevel 1[0m _identify(data/20260510_163312_session) by extension 'colcon_meta'
[0.634s] [34mcolcon.colcon_core.package_identification[0m [1;30mLevel 1[0m _identify(data/20260510_163312_session) by extensions ['ros']
[0.634s] [34mcolcon.colcon_core.package_identification[0m [1;30mLevel 1[0m _identify(data/20260510_163312_session) by extension 'ros'
[0.635s] [34mcolcon.colcon_core.package_identification[0m [1;30mLevel 1[0m _identify(data/20260510_163312_session) by extensions ['cmake', 'python']
[0.635s] [34mcolcon.colcon_core.package_identification[0m [1;30mLevel 1[0m _identify(data/20260510_163312_session) by extension 'cmake'
[0.635s] [34mcolcon.colcon_core.package_identification[0m [1;30mLevel 1[0m _identify(data/20260510_163312_session) by extension 'python'
[0.635s] [34mcolcon.colcon_core.package_identification[0m [1;30mLevel 1[0m _identify(data/20260510_163312_session) by extensions ['python_setup_py']
[0.635s] [34mcolcon.colcon_core.package_identification[0m [1;30mLevel 1[0m _identify(data/20260510_163312_session) by extension 'python_setup_py'
[0.635s] [34mcolcon.colcon_core.package_identification[0m [1;30mLevel 1[0m _identify(data/20260510_163457_session) by extensions ['ignore', 'ignore_ament_install']
[0.635s] [34mcolcon.colcon_core.package_identification[0m [1;30mLevel 1[0m _identify(data/20260510_163457_session) by extension 'ignore'
[0.635s] [34mcolcon.colcon_core.package_identification[0m [1;30mLevel 1[0m _identify(data/20260510_163457_session) by extension 'ignore_ament_install'
[0.635s] [34mcolcon.colcon_core.package_identification[0m [1;30mLevel 1[0m _identify(data/20260510_163457_session) by extensions ['colcon_pkg']
[0.635s] [34mcolcon.colcon_core.package_identification[0m [1;30mLevel 1[0m _identify(data/20260510_163457_session) by extension 'colcon_pkg'
[0.635s] [34mcolcon.colcon_core.package_identification[0m [1;30mLevel 1[0m _identify(data/20260510_163457_session) by extensions ['colcon_meta']
[0.635s] [34mcolcon.colcon_core.package_identification[0m [1;30mLevel 1[0m _identify(data/20260510_163457_session) by extension 'colcon_meta'
[0.635s] [34mcolcon.colcon_core.package_identification[0m [1;30mLevel 1[0m _identify(data/20260510_163457_session) by extensions ['ros']
[0.635s] [34mcolcon.colcon_core.package_identification[0m [1;30mLevel 1[0m _identify(data/20260510_163457_session) by extension 'ros'
[0.635s] [34mcolcon.colcon_core.package_identification[0m [1;30mLevel 1[0m _identify(data/20260510_163457_session) by extensions ['cmake', 'python']
[0.635s] [34mcolcon.colcon_core.package_identification[0m [1;30mLevel 1[0m _identify(data/20260510_163457_session) by extension 'cmake'
[0.635s] [34mcolcon.colcon_core.package_identification[0m [1;30mLevel 1[0m _identify(data/20260510_163457_session) by extension 'python'
[0.635s] [34mcolcon.colcon_core.package_identification[0m [1;30mLevel 1[0m _identify(data/20260510_163457_session) by extensions ['python_setup_py']
[0.635s] [34mcolcon.colcon_core.package_identification[0m [1;30mLevel 1[0m _identify(data/20260510_163457_session) by extension 'python_setup_py'
[0.636s] [34mcolcon.colcon_core.package_identification[0m [1;30mLevel 1[0m _identify(data/20260510_163515_session) by extensions ['ignore', 'ignore_ament_install']
[0.636s] [34mcolcon.colcon_core.package_identification[0m [1;30mLevel 1[0m _identify(data/20260510_163515_session) by extension 'ignore'
[0.636s] [34mcolcon.colcon_core.package_identification[0m [1;30mLevel 1[0m _identify(data/20260510_163515_session) by extension 'ignore_ament_install'
[0.636s] [34mcolcon.colcon_core.package_identification[0m [1;30mLevel 1[0m _identify(data/20260510_163515_session) by extensions ['colcon_pkg']
[0.636s] [34mcolcon.colcon_core.package_identification[0m [1;30mLevel 1[0m _identify(data/20260510_163515_session) by extension 'colcon_pkg'
[0.636s] [34mcolcon.colcon_core.package_identification[0m [1;30mLevel 1[0m _identify(data/20260510_163515_session) by extensions ['colcon_meta']
[0.636s] [34mcolcon.colcon_core.package_identification[0m [1;30mLevel 1[0m _identify(data/20260510_163515_session) by extension 'colcon_meta'
[0.636s] [34mcolcon.colcon_core.package_identification[0m [1;30mLevel 1[0m _identify(data/20260510_163515_session) by extensions ['ros']
[0.636s] [34mcolcon.colcon_core.package_identification[0m [1;30mLevel 1[0m _identify(data/20260510_163515_session) by extension 'ros'
[0.636s] [34mcolcon.colcon_core.package_identification[0m [1;30mLevel 1[0m _identify(data/20260510_163515_session) by extensions ['cmake', 'python']
[0.636s] [34mcolcon.colcon_core.package_identification[0m [1;30mLevel 1[0m _identify(data/20260510_163515_session) by extension 'cmake'
[0.636s] [34mcolcon.colcon_core.package_identification[0m [1;30mLevel 1[0m _identify(data/20260510_163515_session) by extension 'python'
[0.636s] [34mcolcon.colcon_core.package_identification[0m [1;30mLevel 1[0m _identify(data/20260510_163515_session) by extensions ['python_setup_py']
[0.636s] [34mcolcon.colcon_core.package_identification[0m [1;30mLevel 1[0m _identify(data/20260510_163515_session) by extension 'python_setup_py'
[0.636s] [34mcolcon.colcon_core.package_identification[0m [1;30mLevel 1[0m _identify(data/20260510_163735_session) by extensions ['ignore', 'ignore_ament_install']
[0.636s] [34mcolcon.colcon_core.package_identification[0m [1;30mLevel 1[0m _identify(data/20260510_163735_session) by extension 'ignore'
[0.636s] [34mcolcon.colcon_core.package_identification[0m [1;30mLevel 1[0m _identify(data/20260510_163735_session) by extension 'ignore_ament_install'
[0.636s] [34mcolcon.colcon_core.package_identification[0m [1;30mLevel 1[0m _identify(data/20260510_163735_session) by extensions ['colcon_pkg']
[0.636s] [34mcolcon.colcon_core.package_identification[0m [1;30mLevel 1[0m _identify(data/20260510_163735_session) by extension 'colcon_pkg'
[0.636s] [34mcolcon.colcon_core.package_identification[0m [1;30mLevel 1[0m _identify(data/20260510_163735_session) by extensions ['colcon_meta']
[0.636s] [34mcolcon.colcon_core.package_identification[0m [1;30mLevel 1[0m _identify(data/20260510_163735_session) by extension 'colcon_meta'
[0.636s] [34mcolcon.colcon_core.package_identification[0m [1;30mLevel 1[0m _identify(data/20260510_163735_session) by extensions ['ros']
[0.636s] [34mcolcon.colcon_core.package_identification[0m [1;30mLevel 1[0m _identify(data/20260510_163735_session) by extension 'ros'
[0.637s] [34mcolcon.colcon_core.package_identification[0m [1;30mLevel 1[0m _identify(data/20260510_163735_session) by extensions ['cmake', 'python']
[0.637s] [34mcolcon.colcon_core.package_identification[0m [1;30mLevel 1[0m _identify(data/20260510_163735_session) by extension 'cmake'
[0.637s] [34mcolcon.colcon_core.package_identification[0m [1;30mLevel 1[0m _identify(data/20260510_163735_session) by extension 'python'
[0.637s] [34mcolcon.colcon_core.package_identification[0m [1;30mLevel 1[0m _identify(data/20260510_163735_session) by extensions ['python_setup_py']
[0.637s] [34mcolcon.colcon_core.package_identification[0m [1;30mLevel 1[0m _identify(data/20260510_163735_session) by extension 'python_setup_py'
[0.637s] [34mcolcon.colcon_core.package_identification[0m [1;30mLevel 1[0m _identify(data/20260510_163816_session) by extensions ['ignore', 'ignore_ament_install']
[0.637s] [34mcolcon.colcon_core.package_identification[0m [1;30mLevel 1[0m _identify(data/20260510_163816_session) by extension 'ignore'
[0.637s] [34mcolcon.colcon_core.package_identification[0m [1;30mLevel 1[0m _identify(data/20260510_163816_session) by extension 'ignore_ament_install'
[0.637s] [34mcolcon.colcon_core.package_identification[0m [1;30mLevel 1[0m _identify(data/20260510_163816_session) by extensions ['colcon_pkg']
[0.637s] [34mcolcon.colcon_core.package_identification[0m [1;30mLevel 1[0m _identify(data/20260510_163816_session) by extension 'colcon_pkg'
[0.637s] [34mcolcon.colcon_core.package_identification[0m [1;30mLevel 1[0m _identify(data/20260510_163816_session) by extensions ['colcon_meta']
[0.637s] [34mcolcon.colcon_core.package_identification[0m [1;30mLevel 1[0m _identify(data/20260510_163816_session) by extension 'colcon_meta'
[0.637s] [34mcolcon.colcon_core.package_identification[0m [1;30mLevel 1[0m _identify(data/20260510_163816_session) by extensions ['ros']
[0.637s] [34mcolcon.colcon_core.package_identification[0m [1;30mLevel 1[0m _identify(data/20260510_163816_session) by extension 'ros'
[0.637s] [34mcolcon.colcon_core.package_identification[0m [1;30mLevel 1[0m _identify(data/20260510_163816_session) by extensions ['cmake', 'python']
[0.637s] [34mcolcon.colcon_core.package_identification[0m [1;30mLevel 1[0m _identify(data/20260510_163816_session) by extension 'cmake'
[0.637s] [34mcolcon.colcon_core.package_identification[0m [1;30mLevel 1[0m _identify(data/20260510_163816_session) by extension 'python'
[0.637s] [34mcolcon.colcon_core.package_identification[0m [1;30mLevel 1[0m _identify(data/20260510_163816_session) by extensions ['python_setup_py']
[0.637s] [34mcolcon.colcon_core.package_identification[0m [1;30mLevel 1[0m _identify(data/20260510_163816_session) by extension 'python_setup_py'
[0.637s] [34mcolcon.colcon_core.package_identification[0m [1;30mLevel 1[0m _identify(data/20260510_163951_session) by extensions ['ignore', 'ignore_ament_install']
[0.637s] [34mcolcon.colcon_core.package_identification[0m [1;30mLevel 1[0m _identify(data/20260510_163951_session) by extension 'ignore'
[0.637s] [34mcolcon.colcon_core.package_identification[0m [1;30mLevel 1[0m _identify(data/20260510_163951_session) by extension 'ignore_ament_install'
[0.638s] [34mcolcon.colcon_core.package_identification[0m [1;30mLevel 1[0m _identify(data/20260510_163951_session) by extensions ['colcon_pkg']
[0.638s] [34mcolcon.colcon_core.package_identification[0m [1;30mLevel 1[0m _identify(data/20260510_163951_session) by extension 'colcon_pkg'
[0.638s] [34mcolcon.colcon_core.package_identification[0m [1;30mLevel 1[0m _identify(data/20260510_163951_session) by extensions ['colcon_meta']
[0.638s] [34mcolcon.colcon_core.package_identification[0m [1;30mLevel 1[0m _identify(data/20260510_163951_session) by extension 'colcon_meta'
[0.638s] [34mcolcon.colcon_core.package_identification[0m [1;30mLevel 1[0m _identify(data/20260510_163951_session) by extensions ['ros']
[0.638s] [34mcolcon.colcon_core.package_identification[0m [1;30mLevel 1[0m _identify(data/20260510_163951_session) by extension 'ros'
[0.638s] [34mcolcon.colcon_core.package_identification[0m [1;30mLevel 1[0m _identify(data/20260510_163951_session) by extensions ['cmake', 'python']
[0.638s] [34mcolcon.colcon_core.package_identification[0m [1;30mLevel 1[0m _identify(data/20260510_163951_session) by extension 'cmake'
[0.638s] [34mcolcon.colcon_core.package_identification[0m [1;30mLevel 1[0m _identify(data/20260510_163951_session) by extension 'python'
[0.638s] [34mcolcon.colcon_core.package_identification[0m [1;30mLevel 1[0m _identify(data/20260510_163951_session) by extensions ['python_setup_py']
[0.638s] [34mcolcon.colcon_core.package_identification[0m [1;30mLevel 1[0m _identify(data/20260510_163951_session) by extension 'python_setup_py'
[0.638s] [34mcolcon.colcon_core.package_identification[0m [1;30mLevel 1[0m _identify(data/20260510_164424_session) by extensions ['ignore', 'ignore_ament_install']
[0.638s] [34mcolcon.colcon_core.package_identification[0m [1;30mLevel 1[0m _identify(data/20260510_164424_session) by extension 'ignore'
[0.639s] [34mcolcon.colcon_core.package_identification[0m [1;30mLevel 1[0m _identify(data/20260510_164424_session) by extension 'ignore_ament_install'
[0.639s] [34mcolcon.colcon_core.package_identification[0m [1;30mLevel 1[0m _identify(data/20260510_164424_session) by extensions ['colcon_pkg']
[0.639s] [34mcolcon.colcon_core.package_identification[0m [1;30mLevel 1[0m _identify(data/20260510_164424_session) by extension 'colcon_pkg'
[0.639s] [34mcolcon.colcon_core.package_identification[0m [1;30mLevel 1[0m _identify(data/20260510_164424_session) by extensions ['colcon_meta']
[0.639s] [34mcolcon.colcon_core.package_identification[0m [1;30mLevel 1[0m _identify(data/20260510_164424_session) by extension 'colcon_meta'
[0.639s] [34mcolcon.colcon_core.package_identification[0m [1;30mLevel 1[0m _identify(data/20260510_164424_session) by extensions ['ros']
[0.639s] [34mcolcon.colcon_core.package_identification[0m [1;30mLevel 1[0m _identify(data/20260510_164424_session) by extension 'ros'
[0.639s] [34mcolcon.colcon_core.package_identification[0m [1;30mLevel 1[0m _identify(data/20260510_164424_session) by extensions ['cmake', 'python']
[0.639s] [34mcolcon.colcon_core.package_identification[0m [1;30mLevel 1[0m _identify(data/20260510_164424_session) by extension 'cmake'
[0.639s] [34mcolcon.colcon_core.package_identification[0m [1;30mLevel 1[0m _identify(data/20260510_164424_session) by extension 'python'
[0.639s] [34mcolcon.colcon_core.package_identification[0m [1;30mLevel 1[0m _identify(data/20260510_164424_session) by extensions ['python_setup_py']
[0.639s] [34mcolcon.colcon_core.package_identification[0m [1;30mLevel 1[0m _identify(data/20260510_164424_session) by extension 'python_setup_py'
[0.639s] [34mcolcon.colcon_core.package_identification[0m [1;30mLevel 1[0m _identify(data/20260510_164424_session/1_gui_capture) by extensions ['ignore', 'ignore_ament_install']
[0.639s] [34mcolcon.colcon_core.package_identification[0m [1;30mLevel 1[0m _identify(data/20260510_164424_session/1_gui_capture) by extension 'ignore'
[0.639s] [34mcolcon.colcon_core.package_identification[0m [1;30mLevel 1[0m _identify(data/20260510_164424_session/1_gui_capture) by extension 'ignore_ament_install'
[0.639s] [34mcolcon.colcon_core.package_identification[0m [1;30mLevel 1[0m _identify(data/20260510_164424_session/1_gui_capture) by extensions ['colcon_pkg']
[0.639s] [34mcolcon.colcon_core.package_identification[0m [1;30mLevel 1[0m _identify(data/20260510_164424_session/1_gui_capture) by extension 'colcon_pkg'
[0.639s] [34mcolcon.colcon_core.package_identification[0m [1;30mLevel 1[0m _identify(data/20260510_164424_session/1_gui_capture) by extensions ['colcon_meta']
[0.639s] [34mcolcon.colcon_core.package_identification[0m [1;30mLevel 1[0m _identify(data/20260510_164424_session/1_gui_capture) by extension 'colcon_meta'
[0.639s] [34mcolcon.colcon_core.package_identification[0m [1;30mLevel 1[0m _identify(data/20260510_164424_session/1_gui_capture) by extensions ['ros']
[0.639s] [34mcolcon.colcon_core.package_identification[0m [1;30mLevel 1[0m _identify(data/20260510_164424_session/1_gui_capture) by extension 'ros'
[0.640s] [34mcolcon.colcon_core.package_identification[0m [1;30mLevel 1[0m _identify(data/20260510_164424_session/1_gui_capture) by extensions ['cmake', 'python']
[0.640s] [34mcolcon.colcon_core.package_identification[0m [1;30mLevel 1[0m _identify(data/20260510_164424_session/1_gui_capture) by extension 'cmake'
[0.640s] [34mcolcon.colcon_core.package_identification[0m [1;30mLevel 1[0m _identify(data/20260510_164424_session/1_gui_capture) by extension 'python'
[0.640s] [34mcolcon.colcon_core.package_identification[0m [1;30mLevel 1[0m _identify(data/20260510_164424_session/1_gui_capture) by extensions ['python_setup_py']
[0.640s] [34mcolcon.colcon_core.package_identification[0m [1;30mLevel 1[0m _identify(data/20260510_164424_session/1_gui_capture) by extension 'python_setup_py'
[0.640s] [34mcolcon.colcon_core.package_identification[0m [1;30mLevel 1[0m _identify(data/20260510_164424_session/1_gui_capture/intermediate) by extensions ['ignore', 'ignore_ament_install']
[0.640s] [34mcolcon.colcon_core.package_identification[0m [1;30mLevel 1[0m _identify(data/20260510_164424_session/1_gui_capture/intermediate) by extension 'ignore'
[0.640s] [34mcolcon.colcon_core.package_identification[0m [1;30mLevel 1[0m _identify(data/20260510_164424_session/1_gui_capture/intermediate) by extension 'ignore_ament_install'
[0.640s] [34mcolcon.colcon_core.package_identification[0m [1;30mLevel 1[0m _identify(data/20260510_164424_session/1_gui_capture/intermediate) by extensions ['colcon_pkg']
[0.640s] [34mcolcon.colcon_core.package_identification[0m [1;30mLevel 1[0m _identify(data/20260510_164424_session/1_gui_capture/intermediate) by extension 'colcon_pkg'
[0.640s] [34mcolcon.colcon_core.package_identification[0m [1;30mLevel 1[0m _identify(data/20260510_164424_session/1_gui_capture/intermediate) by extensions ['colcon_meta']
[0.640s] [34mcolcon.colcon_core.package_identification[0m [1;30mLevel 1[0m _identify(data/20260510_164424_session/1_gui_capture/intermediate) by extension 'colcon_meta'
[0.640s] [34mcolcon.colcon_core.package_identification[0m [1;30mLevel 1[0m _identify(data/20260510_164424_session/1_gui_capture/intermediate) by extensions ['ros']
[0.640s] [34mcolcon.colcon_core.package_identification[0m [1;30mLevel 1[0m _identify(data/20260510_164424_session/1_gui_capture/intermediate) by extension 'ros'
[0.640s] [34mcolcon.colcon_core.package_identification[0m [1;30mLevel 1[0m _identify(data/20260510_164424_session/1_gui_capture/intermediate) by extensions ['cmake', 'python']
[0.640s] [34mcolcon.colcon_core.package_identification[0m [1;30mLevel 1[0m _identify(data/20260510_164424_session/1_gui_capture/intermediate) by extension 'cmake'
[0.640s] [34mcolcon.colcon_core.package_identification[0m [1;30mLevel 1[0m _identify(data/20260510_164424_session/1_gui_capture/intermediate) by extension 'python'
[0.640s] [34mcolcon.colcon_core.package_identification[0m [1;30mLevel 1[0m _identify(data/20260510_164424_session/1_gui_capture/intermediate) by extensions ['python_setup_py']
[0.640s] [34mcolcon.colcon_core.package_identification[0m [1;30mLevel 1[0m _identify(data/20260510_164424_session/1_gui_capture/intermediate) by extension 'python_setup_py'
[0.641s] [34mcolcon.colcon_core.package_identification[0m [1;30mLevel 1[0m _identify(data/20260510_164424_session/1_gui_capture/processed) by extensions ['ignore', 'ignore_ament_install']
[0.641s] [34mcolcon.colcon_core.package_identification[0m [1;30mLevel 1[0m _identify(data/20260510_164424_session/1_gui_capture/processed) by extension 'ignore'
[0.641s] [34mcolcon.colcon_core.package_identification[0m [1;30mLevel 1[0m _identify(data/20260510_164424_session/1_gui_capture/processed) by extension 'ignore_ament_install'
[0.641s] [34mcolcon.colcon_core.package_identification[0m [1;30mLevel 1[0m _identify(data/20260510_164424_session/1_gui_capture/processed) by extensions ['colcon_pkg']
[0.641s] [34mcolcon.colcon_core.package_identification[0m [1;30mLevel 1[0m _identify(data/20260510_164424_session/1_gui_capture/processed) by extension 'colcon_pkg'
[0.641s] [34mcolcon.colcon_core.package_identification[0m [1;30mLevel 1[0m _identify(data/20260510_164424_session/1_gui_capture/processed) by extensions ['colcon_meta']
[0.641s] [34mcolcon.colcon_core.package_identification[0m [1;30mLevel 1[0m _identify(data/20260510_164424_session/1_gui_capture/processed) by extension 'colcon_meta'
[0.641s] [34mcolcon.colcon_core.package_identification[0m [1;30mLevel 1[0m _identify(data/20260510_164424_session/1_gui_capture/processed) by extensions ['ros']
[0.641s] [34mcolcon.colcon_core.package_identification[0m [1;30mLevel 1[0m _identify(data/20260510_164424_session/1_gui_capture/processed) by extension 'ros'
[0.641s] [34mcolcon.colcon_core.package_identification[0m [1;30mLevel 1[0m _identify(data/20260510_164424_session/1_gui_capture/processed) by extensions ['cmake', 'python']
[0.641s] [34mcolcon.colcon_core.package_identification[0m [1;30mLevel 1[0m _identify(data/20260510_164424_session/1_gui_capture/processed) by extension 'cmake'
[0.641s] [34mcolcon.colcon_core.package_identification[0m [1;30mLevel 1[0m _identify(data/20260510_164424_session/1_gui_capture/processed) by extension 'python'
[0.641s] [34mcolcon.colcon_core.package_identification[0m [1;30mLevel 1[0m _identify(data/20260510_164424_session/1_gui_capture/processed) by extensions ['python_setup_py']
[0.641s] [34mcolcon.colcon_core.package_identification[0m [1;30mLevel 1[0m _identify(data/20260510_164424_session/1_gui_capture/processed) by extension 'python_setup_py'
[0.641s] [34mcolcon.colcon_core.package_identification[0m [1;30mLevel 1[0m _identify(data/20260510_164424_session/1_gui_capture/raw) by extensions ['ignore', 'ignore_ament_install']
[0.642s] [34mcolcon.colcon_core.package_identification[0m [1;30mLevel 1[0m _identify(data/20260510_164424_session/1_gui_capture/raw) by extension 'ignore'
[0.642s] [34mcolcon.colcon_core.package_identification[0m [1;30mLevel 1[0m _identify(data/20260510_164424_session/1_gui_capture/raw) by extension 'ignore_ament_install'
[0.642s] [34mcolcon.colcon_core.package_identification[0m [1;30mLevel 1[0m _identify(data/20260510_164424_session/1_gui_capture/raw) by extensions ['colcon_pkg']
[0.642s] [34mcolcon.colcon_core.package_identification[0m [1;30mLevel 1[0m _identify(data/20260510_164424_session/1_gui_capture/raw) by extension 'colcon_pkg'
[0.642s] [34mcolcon.colcon_core.package_identification[0m [1;30mLevel 1[0m _identify(data/20260510_164424_session/1_gui_capture/raw) by extensions ['colcon_meta']
[0.642s] [34mcolcon.colcon_core.package_identification[0m [1;30mLevel 1[0m _identify(data/20260510_164424_session/1_gui_capture/raw) by extension 'colcon_meta'
[0.642s] [34mcolcon.colcon_core.package_identification[0m [1;30mLevel 1[0m _identify(data/20260510_164424_session/1_gui_capture/raw) by extensions ['ros']
[0.642s] [34mcolcon.colcon_core.package_identification[0m [1;30mLevel 1[0m _identify(data/20260510_164424_session/1_gui_capture/raw) by extension 'ros'
[0.642s] [34mcolcon.colcon_core.package_identification[0m [1;30mLevel 1[0m _identify(data/20260510_164424_session/1_gui_capture/raw) by extensions ['cmake', 'python']
[0.642s] [34mcolcon.colcon_core.package_identification[0m [1;30mLevel 1[0m _identify(data/20260510_164424_session/1_gui_capture/raw) by extension 'cmake'
[0.642s] [34mcolcon.colcon_core.package_identification[0m [1;30mLevel 1[0m _identify(data/20260510_164424_session/1_gui_capture/raw) by extension 'python'
[0.642s] [34mcolcon.colcon_core.package_identification[0m [1;30mLevel 1[0m _identify(data/20260510_164424_session/1_gui_capture/raw) by extensions ['python_setup_py']
[0.642s] [34mcolcon.colcon_core.package_identification[0m [1;30mLevel 1[0m _identify(data/20260510_164424_session/1_gui_capture/raw) by extension 'python_setup_py'
[0.642s] [34mcolcon.colcon_core.package_identification[0m [1;30mLevel 1[0m _identify(data/20260510_165024_session) by extensions ['ignore', 'ignore_ament_install']
[0.642s] [34mcolcon.colcon_core.package_identification[0m [1;30mLevel 1[0m _identify(data/20260510_165024_session) by extension 'ignore'
[0.642s] [34mcolcon.colcon_core.package_identification[0m [1;30mLevel 1[0m _identify(data/20260510_165024_session) by extension 'ignore_ament_install'
[0.642s] [34mcolcon.colcon_core.package_identification[0m [1;30mLevel 1[0m _identify(data/20260510_165024_session) by extensions ['colcon_pkg']
[0.643s] [34mcolcon.colcon_core.package_identification[0m [1;30mLevel 1[0m _identify(data/20260510_165024_session) by extension 'colcon_pkg'
[0.643s] [34mcolcon.colcon_core.package_identification[0m [1;30mLevel 1[0m _identify(data/20260510_165024_session) by extensions ['colcon_meta']
[0.643s] [34mcolcon.colcon_core.package_identification[0m [1;30mLevel 1[0m _identify(data/20260510_165024_session) by extension 'colcon_meta'
[0.643s] [34mcolcon.colcon_core.package_identification[0m [1;30mLevel 1[0m _identify(data/20260510_165024_session) by extensions ['ros']
[0.643s] [34mcolcon.colcon_core.package_identification[0m [1;30mLevel 1[0m _identify(data/20260510_165024_session) by extension 'ros'
[0.643s] [34mcolcon.colcon_core.package_identification[0m [1;30mLevel 1[0m _identify(data/20260510_165024_session) by extensions ['cmake', 'python']
[0.643s] [34mcolcon.colcon_core.package_identification[0m [1;30mLevel 1[0m _identify(data/20260510_165024_session) by extension 'cmake'
[0.643s] [34mcolcon.colcon_core.package_identification[0m [1;30mLevel 1[0m _identify(data/20260510_165024_session) by extension 'python'
[0.643s] [34mcolcon.colcon_core.package_identification[0m [1;30mLevel 1[0m _identify(data/20260510_165024_session) by extensions ['python_setup_py']
[0.643s] [34mcolcon.colcon_core.package_identification[0m [1;30mLevel 1[0m _identify(data/20260510_165024_session) by extension 'python_setup_py'
[0.643s] [34mcolcon.colcon_core.package_identification[0m [1;30mLevel 1[0m _identify(data/20260510_165024_session/1_gui_capture) by extensions ['ignore', 'ignore_ament_install']
[0.643s] [34mcolcon.colcon_core.package_identification[0m [1;30mLevel 1[0m _identify(data/20260510_165024_session/1_gui_capture) by extension 'ignore'
[0.643s] [34mcolcon.colcon_core.package_identification[0m [1;30mLevel 1[0m _identify(data/20260510_165024_session/1_gui_capture) by extension 'ignore_ament_install'
[0.643s] [34mcolcon.colcon_core.package_identification[0m [1;30mLevel 1[0m _identify(data/20260510_165024_session/1_gui_capture) by extensions ['colcon_pkg']
[0.643s] [34mcolcon.colcon_core.package_identification[0m [1;30mLevel 1[0m _identify(data/20260510_165024_session/1_gui_capture) by extension 'colcon_pkg'
[0.643s] [34mcolcon.colcon_core.package_identification[0m [1;30mLevel 1[0m _identify(data/20260510_165024_session/1_gui_capture) by extensions ['colcon_meta']
[0.643s] [34mcolcon.colcon_core.package_identification[0m [1;30mLevel 1[0m _identify(data/20260510_165024_session/1_gui_capture) by extension 'colcon_meta'
[0.644s] [34mcolcon.colcon_core.package_identification[0m [1;30mLevel 1[0m _identify(data/20260510_165024_session/1_gui_capture) by extensions ['ros']
[0.644s] [34mcolcon.colcon_core.package_identification[0m [1;30mLevel 1[0m _identify(data/20260510_165024_session/1_gui_capture) by extension 'ros'
[0.644s] [34mcolcon.colcon_core.package_identification[0m [1;30mLevel 1[0m _identify(data/20260510_165024_session/1_gui_capture) by extensions ['cmake', 'python']
[0.644s] [34mcolcon.colcon_core.package_identification[0m [1;30mLevel 1[0m _identify(data/20260510_165024_session/1_gui_capture) by extension 'cmake'
[0.644s] [34mcolcon.colcon_core.package_identification[0m [1;30mLevel 1[0m _identify(data/20260510_165024_session/1_gui_capture) by extension 'python'
[0.644s] [34mcolcon.colcon_core.package_identification[0m [1;30mLevel 1[0m _identify(data/20260510_165024_session/1_gui_capture) by extensions ['python_setup_py']
[0.644s] [34mcolcon.colcon_core.package_identification[0m [1;30mLevel 1[0m _identify(data/20260510_165024_session/1_gui_capture) by extension 'python_setup_py'
[0.644s] [34mcolcon.colcon_core.package_identification[0m [1;30mLevel 1[0m _identify(data/20260510_165024_session/1_gui_capture/intermediate) by extensions ['ignore', 'ignore_ament_install']
[0.644s] [34mcolcon.colcon_core.package_identification[0m [1;30mLevel 1[0m _identify(data/20260510_165024_session/1_gui_capture/intermediate) by extension 'ignore'
[0.644s] [34mcolcon.colcon_core.package_identification[0m [1;30mLevel 1[0m _identify(data/20260510_165024_session/1_gui_capture/intermediate) by extension 'ignore_ament_install'
[0.644s] [34mcolcon.colcon_core.package_identification[0m [1;30mLevel 1[0m _identify(data/20260510_165024_session/1_gui_capture/intermediate) by extensions ['colcon_pkg']
[0.644s] [34mcolcon.colcon_core.package_identification[0m [1;30mLevel 1[0m _identify(data/20260510_165024_session/1_gui_capture/intermediate) by extension 'colcon_pkg'
[0.644s] [34mcolcon.colcon_core.package_identification[0m [1;30mLevel 1[0m _identify(data/20260510_165024_session/1_gui_capture/intermediate) by extensions ['colcon_meta']
[0.644s] [34mcolcon.colcon_core.package_identification[0m [1;30mLevel 1[0m _identify(data/20260510_165024_session/1_gui_capture/intermediate) by extension 'colcon_meta'
[0.644s] [34mcolcon.colcon_core.package_identification[0m [1;30mLevel 1[0m _identify(data/20260510_165024_session/1_gui_capture/intermediate) by extensions ['ros']
[0.644s] [34mcolcon.colcon_core.package_identification[0m [1;30mLevel 1[0m _identify(data/20260510_165024_session/1_gui_capture/intermediate) by extension 'ros'
[0.644s] [34mcolcon.colcon_core.package_identification[0m [1;30mLevel 1[0m _identify(data/20260510_165024_session/1_gui_capture/intermediate) by extensions ['cmake', 'python']
[0.645s] [34mcolcon.colcon_core.package_identification[0m [1;30mLevel 1[0m _identify(data/20260510_165024_session/1_gui_capture/intermediate) by extension 'cmake'
[0.645s] [34mcolcon.colcon_core.package_identification[0m [1;30mLevel 1[0m _identify(data/20260510_165024_session/1_gui_capture/intermediate) by extension 'python'
[0.645s] [34mcolcon.colcon_core.package_identification[0m [1;30mLevel 1[0m _identify(data/20260510_165024_session/1_gui_capture/intermediate) by extensions ['python_setup_py']
[0.645s] [34mcolcon.colcon_core.package_identification[0m [1;30mLevel 1[0m _identify(data/20260510_165024_session/1_gui_capture/intermediate) by extension 'python_setup_py'
[0.645s] [34mcolcon.colcon_core.package_identification[0m [1;30mLevel 1[0m _identify(data/20260510_165024_session/1_gui_capture/processed) by extensions ['ignore', 'ignore_ament_install']
[0.645s] [34mcolcon.colcon_core.package_identification[0m [1;30mLevel 1[0m _identify(data/20260510_165024_session/1_gui_capture/processed) by extension 'ignore'
[0.645s] [34mcolcon.colcon_core.package_identification[0m [1;30mLevel 1[0m _identify(data/20260510_165024_session/1_gui_capture/processed) by extension 'ignore_ament_install'
[0.645s] [34mcolcon.colcon_core.package_identification[0m [1;30mLevel 1[0m _identify(data/20260510_165024_session/1_gui_capture/processed) by extensions ['colcon_pkg']
[0.645s] [34mcolcon.colcon_core.package_identification[0m [1;30mLevel 1[0m _identify(data/20260510_165024_session/1_gui_capture/processed) by extension 'colcon_pkg'
[0.645s] [34mcolcon.colcon_core.package_identification[0m [1;30mLevel 1[0m _identify(data/20260510_165024_session/1_gui_capture/processed) by extensions ['colcon_meta']
[0.645s] [34mcolcon.colcon_core.package_identification[0m [1;30mLevel 1[0m _identify(data/20260510_165024_session/1_gui_capture/processed) by extension 'colcon_meta'
[0.645s] [34mcolcon.colcon_core.package_identification[0m [1;30mLevel 1[0m _identify(data/20260510_165024_session/1_gui_capture/processed) by extensions ['ros']
[0.645s] [34mcolcon.colcon_core.package_identification[0m [1;30mLevel 1[0m _identify(data/20260510_165024_session/1_gui_capture/processed) by extension 'ros'
[0.645s] [34mcolcon.colcon_core.package_identification[0m [1;30mLevel 1[0m _identify(data/20260510_165024_session/1_gui_capture/processed) by extensions ['cmake', 'python']
[0.645s] [34mcolcon.colcon_core.package_identification[0m [1;30mLevel 1[0m _identify(data/20260510_165024_session/1_gui_capture/processed) by extension 'cmake'
[0.645s] [34mcolcon.colcon_core.package_identification[0m [1;30mLevel 1[0m _identify(data/20260510_165024_session/1_gui_capture/processed) by extension 'python'
[0.645s] [34mcolcon.colcon_core.package_identification[0m [1;30mLevel 1[0m _identify(data/20260510_165024_session/1_gui_capture/processed) by extensions ['python_setup_py']
[0.646s] [34mcolcon.colcon_core.package_identification[0m [1;30mLevel 1[0m _identify(data/20260510_165024_session/1_gui_capture/processed) by extension 'python_setup_py'
[0.646s] [34mcolcon.colcon_core.package_identification[0m [1;30mLevel 1[0m _identify(data/20260510_165024_session/1_gui_capture/raw) by extensions ['ignore', 'ignore_ament_install']
[0.646s] [34mcolcon.colcon_core.package_identification[0m [1;30mLevel 1[0m _identify(data/20260510_165024_session/1_gui_capture/raw) by extension 'ignore'
[0.646s] [34mcolcon.colcon_core.package_identification[0m [1;30mLevel 1[0m _identify(data/20260510_165024_session/1_gui_capture/raw) by extension 'ignore_ament_install'
[0.646s] [34mcolcon.colcon_core.package_identification[0m [1;30mLevel 1[0m _identify(data/20260510_165024_session/1_gui_capture/raw) by extensions ['colcon_pkg']
[0.646s] [34mcolcon.colcon_core.package_identification[0m [1;30mLevel 1[0m _identify(data/20260510_165024_session/1_gui_capture/raw) by extension 'colcon_pkg'
[0.646s] [34mcolcon.colcon_core.package_identification[0m [1;30mLevel 1[0m _identify(data/20260510_165024_session/1_gui_capture/raw) by extensions ['colcon_meta']
[0.646s] [34mcolcon.colcon_core.package_identification[0m [1;30mLevel 1[0m _identify(data/20260510_165024_session/1_gui_capture/raw) by extension 'colcon_meta'
[0.646s] [34mcolcon.colcon_core.package_identification[0m [1;30mLevel 1[0m _identify(data/20260510_165024_session/1_gui_capture/raw) by extensions ['ros']
[0.646s] [34mcolcon.colcon_core.package_identification[0m [1;30mLevel 1[0m _identify(data/20260510_165024_session/1_gui_capture/raw) by extension 'ros'
[0.646s] [34mcolcon.colcon_core.package_identification[0m [1;30mLevel 1[0m _identify(data/20260510_165024_session/1_gui_capture/raw) by extensions ['cmake', 'python']
[0.646s] [34mcolcon.colcon_core.package_identification[0m [1;30mLevel 1[0m _identify(data/20260510_165024_session/1_gui_capture/raw) by extension 'cmake'
[0.646s] [34mcolcon.colcon_core.package_identification[0m [1;30mLevel 1[0m _identify(data/20260510_165024_session/1_gui_capture/raw) by extension 'python'
[0.646s] [34mcolcon.colcon_core.package_identification[0m [1;30mLevel 1[0m _identify(data/20260510_165024_session/1_gui_capture/raw) by extensions ['python_setup_py']
[0.646s] [34mcolcon.colcon_core.package_identification[0m [1;30mLevel 1[0m _identify(data/20260510_165024_session/1_gui_capture/raw) by extension 'python_setup_py'
[0.646s] [34mcolcon.colcon_core.package_identification[0m [1;30mLevel 1[0m _identify(data/20260510_165719_session) by extensions ['ignore', 'ignore_ament_install']
[0.647s] [34mcolcon.colcon_core.package_identification[0m [1;30mLevel 1[0m _identify(data/20260510_165719_session) by extension 'ignore'
[0.647s] [34mcolcon.colcon_core.package_identification[0m [1;30mLevel 1[0m _identify(data/20260510_165719_session) by extension 'ignore_ament_install'
[0.647s] [34mcolcon.colcon_core.package_identification[0m [1;30mLevel 1[0m _identify(data/20260510_165719_session) by extensions ['colcon_pkg']
[0.647s] [34mcolcon.colcon_core.package_identification[0m [1;30mLevel 1[0m _identify(data/20260510_165719_session) by extension 'colcon_pkg'
[0.647s] [34mcolcon.colcon_core.package_identification[0m [1;30mLevel 1[0m _identify(data/20260510_165719_session) by extensions ['colcon_meta']
[0.647s] [34mcolcon.colcon_core.package_identification[0m [1;30mLevel 1[0m _identify(data/20260510_165719_session) by extension 'colcon_meta'
[0.647s] [34mcolcon.colcon_core.package_identification[0m [1;30mLevel 1[0m _identify(data/20260510_165719_session) by extensions ['ros']
[0.647s] [34mcolcon.colcon_core.package_identification[0m [1;30mLevel 1[0m _identify(data/20260510_165719_session) by extension 'ros'
[0.647s] [34mcolcon.colcon_core.package_identification[0m [1;30mLevel 1[0m _identify(data/20260510_165719_session) by extensions ['cmake', 'python']
[0.647s] [34mcolcon.colcon_core.package_identification[0m [1;30mLevel 1[0m _identify(data/20260510_165719_session) by extension 'cmake'
[0.647s] [34mcolcon.colcon_core.package_identification[0m [1;30mLevel 1[0m _identify(data/20260510_165719_session) by extension 'python'
[0.647s] [34mcolcon.colcon_core.package_identification[0m [1;30mLevel 1[0m _identify(data/20260510_165719_session) by extensions ['python_setup_py']
[0.647s] [34mcolcon.colcon_core.package_identification[0m [1;30mLevel 1[0m _identify(data/20260510_165719_session) by extension 'python_setup_py'
[0.647s] [34mcolcon.colcon_core.package_identification[0m [1;30mLevel 1[0m _identify(data/20260510_165719_session/1_gui_capture) by extensions ['ignore', 'ignore_ament_install']
[0.647s] [34mcolcon.colcon_core.package_identification[0m [1;30mLevel 1[0m _identify(data/20260510_165719_session/1_gui_capture) by extension 'ignore'
[0.647s] [34mcolcon.colcon_core.package_identification[0m [1;30mLevel 1[0m _identify(data/20260510_165719_session/1_gui_capture) by extension 'ignore_ament_install'
[0.647s] [34mcolcon.colcon_core.package_identification[0m [1;30mLevel 1[0m _identify(data/20260510_165719_session/1_gui_capture) by extensions ['colcon_pkg']
[0.648s] [34mcolcon.colcon_core.package_identification[0m [1;30mLevel 1[0m _identify(data/20260510_165719_session/1_gui_capture) by extension 'colcon_pkg'
[0.648s] [34mcolcon.colcon_core.package_identification[0m [1;30mLevel 1[0m _identify(data/20260510_165719_session/1_gui_capture) by extensions ['colcon_meta']
[0.648s] [34mcolcon.colcon_core.package_identification[0m [1;30mLevel 1[0m _identify(data/20260510_165719_session/1_gui_capture) by extension 'colcon_meta'
[0.648s] [34mcolcon.colcon_core.package_identification[0m [1;30mLevel 1[0m _identify(data/20260510_165719_session/1_gui_capture) by extensions ['ros']
[0.648s] [34mcolcon.colcon_core.package_identification[0m [1;30mLevel 1[0m _identify(data/20260510_165719_session/1_gui_capture) by extension 'ros'
[0.648s] [34mcolcon.colcon_core.package_identification[0m [1;30mLevel 1[0m _identify(data/20260510_165719_session/1_gui_capture) by extensions ['cmake', 'python']
[0.648s] [34mcolcon.colcon_core.package_identification[0m [1;30mLevel 1[0m _identify(data/20260510_165719_session/1_gui_capture) by extension 'cmake'
[0.648s] [34mcolcon.colcon_core.package_identification[0m [1;30mLevel 1[0m _identify(data/20260510_165719_session/1_gui_capture) by extension 'python'
[0.648s] [34mcolcon.colcon_core.package_identification[0m [1;30mLevel 1[0m _identify(data/20260510_165719_session/1_gui_capture) by extensions ['python_setup_py']
[0.648s] [34mcolcon.colcon_core.package_identification[0m [1;30mLevel 1[0m _identify(data/20260510_165719_session/1_gui_capture) by extension 'python_setup_py'
[0.648s] [34mcolcon.colcon_core.package_identification[0m [1;30mLevel 1[0m _identify(data/20260510_165719_session/1_gui_capture/intermediate) by extensions ['ignore', 'ignore_ament_install']
[0.648s] [34mcolcon.colcon_core.package_identification[0m [1;30mLevel 1[0m _identify(data/20260510_165719_session/1_gui_capture/intermediate) by extension 'ignore'
[0.648s] [34mcolcon.colcon_core.package_identification[0m [1;30mLevel 1[0m _identify(data/20260510_165719_session/1_gui_capture/intermediate) by extension 'ignore_ament_install'
[0.648s] [34mcolcon.colcon_core.package_identification[0m [1;30mLevel 1[0m _identify(data/20260510_165719_session/1_gui_capture/intermediate) by extensions ['colcon_pkg']
[0.648s] [34mcolcon.colcon_core.package_identification[0m [1;30mLevel 1[0m _identify(data/20260510_165719_session/1_gui_capture/intermediate) by extension 'colcon_pkg'
[0.648s] [34mcolcon.colcon_core.package_identification[0m [1;30mLevel 1[0m _identify(data/20260510_165719_session/1_gui_capture/intermediate) by extensions ['colcon_meta']
[0.648s] [34mcolcon.colcon_core.package_identification[0m [1;30mLevel 1[0m _identify(data/20260510_165719_session/1_gui_capture/intermediate) by extension 'colcon_meta'
[0.648s] [34mcolcon.colcon_core.package_identification[0m [1;30mLevel 1[0m _identify(data/20260510_165719_session/1_gui_capture/intermediate) by extensions ['ros']
[0.649s] [34mcolcon.colcon_core.package_identification[0m [1;30mLevel 1[0m _identify(data/20260510_165719_session/1_gui_capture/intermediate) by extension 'ros'
[0.649s] [34mcolcon.colcon_core.package_identification[0m [1;30mLevel 1[0m _identify(data/20260510_165719_session/1_gui_capture/intermediate) by extensions ['cmake', 'python']
[0.649s] [34mcolcon.colcon_core.package_identification[0m [1;30mLevel 1[0m _identify(data/20260510_165719_session/1_gui_capture/intermediate) by extension 'cmake'
[0.649s] [34mcolcon.colcon_core.package_identification[0m [1;30mLevel 1[0m _identify(data/20260510_165719_session/1_gui_capture/intermediate) by extension 'python'
[0.649s] [34mcolcon.colcon_core.package_identification[0m [1;30mLevel 1[0m _identify(data/20260510_165719_session/1_gui_capture/intermediate) by extensions ['python_setup_py']
[0.649s] [34mcolcon.colcon_core.package_identification[0m [1;30mLevel 1[0m _identify(data/20260510_165719_session/1_gui_capture/intermediate) by extension 'python_setup_py'
[0.649s] [34mcolcon.colcon_core.package_identification[0m [1;30mLevel 1[0m _identify(data/20260510_165719_session/1_gui_capture/processed) by extensions ['ignore', 'ignore_ament_install']
[0.649s] [34mcolcon.colcon_core.package_identification[0m [1;30mLevel 1[0m _identify(data/20260510_165719_session/1_gui_capture/processed) by extension 'ignore'
[0.649s] [34mcolcon.colcon_core.package_identification[0m [1;30mLevel 1[0m _identify(data/20260510_165719_session/1_gui_capture/processed) by extension 'ignore_ament_install'
[0.649s] [34mcolcon.colcon_core.package_identification[0m [1;30mLevel 1[0m _identify(data/20260510_165719_session/1_gui_capture/processed) by extensions ['colcon_pkg']
[0.649s] [34mcolcon.colcon_core.package_identification[0m [1;30mLevel 1[0m _identify(data/20260510_165719_session/1_gui_capture/processed) by extension 'colcon_pkg'
[0.649s] [34mcolcon.colcon_core.package_identification[0m [1;30mLevel 1[0m _identify(data/20260510_165719_session/1_gui_capture/processed) by extensions ['colcon_meta']
[0.649s] [34mcolcon.colcon_core.package_identification[0m [1;30mLevel 1[0m _identify(data/20260510_165719_session/1_gui_capture/processed) by extension 'colcon_meta'
[0.649s] [34mcolcon.colcon_core.package_identification[0m [1;30mLevel 1[0m _identify(data/20260510_165719_session/1_gui_capture/processed) by extensions ['ros']
[0.649s] [34mcolcon.colcon_core.package_identification[0m [1;30mLevel 1[0m _identify(data/20260510_165719_session/1_gui_capture/processed) by extension 'ros'
[0.649s] [34mcolcon.colcon_core.package_identification[0m [1;30mLevel 1[0m _identify(data/20260510_165719_session/1_gui_capture/processed) by extensions ['cmake', 'python']
[0.649s] [34mcolcon.colcon_core.package_identification[0m [1;30mLevel 1[0m _identify(data/20260510_165719_session/1_gui_capture/processed) by extension 'cmake'
[0.650s] [34mcolcon.colcon_core.package_identification[0m [1;30mLevel 1[0m _identify(data/20260510_165719_session/1_gui_capture/processed) by extension 'python'
[0.650s] [34mcolcon.colcon_core.package_identification[0m [1;30mLevel 1[0m _identify(data/20260510_165719_session/1_gui_capture/processed) by extensions ['python_setup_py']
[0.650s] [34mcolcon.colcon_core.package_identification[0m [1;30mLevel 1[0m _identify(data/20260510_165719_session/1_gui_capture/processed) by extension 'python_setup_py'
[0.650s] [34mcolcon.colcon_core.package_identification[0m [1;30mLevel 1[0m _identify(data/20260510_165719_session/1_gui_capture/raw) by extensions ['ignore', 'ignore_ament_install']
[0.650s] [34mcolcon.colcon_core.package_identification[0m [1;30mLevel 1[0m _identify(data/20260510_165719_session/1_gui_capture/raw) by extension 'ignore'
[0.650s] [34mcolcon.colcon_core.package_identification[0m [1;30mLevel 1[0m _identify(data/20260510_165719_session/1_gui_capture/raw) by extension 'ignore_ament_install'
[0.650s] [34mcolcon.colcon_core.package_identification[0m [1;30mLevel 1[0m _identify(data/20260510_165719_session/1_gui_capture/raw) by extensions ['colcon_pkg']
[0.650s] [34mcolcon.colcon_core.package_identification[0m [1;30mLevel 1[0m _identify(data/20260510_165719_session/1_gui_capture/raw) by extension 'colcon_pkg'
[0.650s] [34mcolcon.colcon_core.package_identification[0m [1;30mLevel 1[0m _identify(data/20260510_165719_session/1_gui_capture/raw) by extensions ['colcon_meta']
[0.650s] [34mcolcon.colcon_core.package_identification[0m [1;30mLevel 1[0m _identify(data/20260510_165719_session/1_gui_capture/raw) by extension 'colcon_meta'
[0.650s] [34mcolcon.colcon_core.package_identification[0m [1;30mLevel 1[0m _identify(data/20260510_165719_session/1_gui_capture/raw) by extensions ['ros']
[0.650s] [34mcolcon.colcon_core.package_identification[0m [1;30mLevel 1[0m _identify(data/20260510_165719_session/1_gui_capture/raw) by extension 'ros'
[0.650s] [34mcolcon.colcon_core.package_identification[0m [1;30mLevel 1[0m _identify(data/20260510_165719_session/1_gui_capture/raw) by extensions ['cmake', 'python']
[0.650s] [34mcolcon.colcon_core.package_identification[0m [1;30mLevel 1[0m _identify(data/20260510_165719_session/1_gui_capture/raw) by extension 'cmake'
[0.650s] [34mcolcon.colcon_core.package_identification[0m [1;30mLevel 1[0m _identify(data/20260510_165719_session/1_gui_capture/raw) by extension 'python'
[0.650s] [34mcolcon.colcon_core.package_identification[0m [1;30mLevel 1[0m _identify(data/20260510_165719_session/1_gui_capture/raw) by extensions ['python_setup_py']
[0.650s] [34mcolcon.colcon_core.package_identification[0m [1;30mLevel 1[0m _identify(data/20260510_165719_session/1_gui_capture/raw) by extension 'python_setup_py'
[0.651s] [34mcolcon.colcon_core.package_identification[0m [1;30mLevel 1[0m _identify(data/raw) by extensions ['ignore', 'ignore_ament_install']
[0.651s] [34mcolcon.colcon_core.package_identification[0m [1;30mLevel 1[0m _identify(data/raw) by extension 'ignore'
[0.651s] [34mcolcon.colcon_core.package_identification[0m [1;30mLevel 1[0m _identify(data/raw) by extension 'ignore_ament_install'
[0.651s] [34mcolcon.colcon_core.package_identification[0m [1;30mLevel 1[0m _identify(data/raw) by extensions ['colcon_pkg']
[0.651s] [34mcolcon.colcon_core.package_identification[0m [1;30mLevel 1[0m _identify(data/raw) by extension 'colcon_pkg'
[0.651s] [34mcolcon.colcon_core.package_identification[0m [1;30mLevel 1[0m _identify(data/raw) by extensions ['colcon_meta']
[0.651s] [34mcolcon.colcon_core.package_identification[0m [1;30mLevel 1[0m _identify(data/raw) by extension 'colcon_meta'
[0.651s] [34mcolcon.colcon_core.package_identification[0m [1;30mLevel 1[0m _identify(data/raw) by extensions ['ros']
[0.651s] [34mcolcon.colcon_core.package_identification[0m [1;30mLevel 1[0m _identify(data/raw) by extension 'ros'
[0.651s] [34mcolcon.colcon_core.package_identification[0m [1;30mLevel 1[0m _identify(data/raw) by extensions ['cmake', 'python']
[0.651s] [34mcolcon.colcon_core.package_identification[0m [1;30mLevel 1[0m _identify(data/raw) by extension 'cmake'
[0.651s] [34mcolcon.colcon_core.package_identification[0m [1;30mLevel 1[0m _identify(data/raw) by extension 'python'
[0.651s] [34mcolcon.colcon_core.package_identification[0m [1;30mLevel 1[0m _identify(data/raw) by extensions ['python_setup_py']
[0.651s] [34mcolcon.colcon_core.package_identification[0m [1;30mLevel 1[0m _identify(data/raw) by extension 'python_setup_py'
[0.651s] [34mcolcon.colcon_core.package_identification[0m [1;30mLevel 1[0m _identify(garbageFile) by extensions ['ignore', 'ignore_ament_install']
[0.651s] [34mcolcon.colcon_core.package_identification[0m [1;30mLevel 1[0m _identify(garbageFile) by extension 'ignore'
[0.651s] [34mcolcon.colcon_core.package_identification[0m [1;30mLevel 1[0m _identify(garbageFile) by extension 'ignore_ament_install'
[0.652s] [34mcolcon.colcon_core.package_identification[0m [1;30mLevel 1[0m _identify(garbageFile) by extensions ['colcon_pkg']
[0.652s] [34mcolcon.colcon_core.package_identification[0m [1;30mLevel 1[0m _identify(garbageFile) by extension 'colcon_pkg'
[0.652s] [34mcolcon.colcon_core.package_identification[0m [1;30mLevel 1[0m _identify(garbageFile) by extensions ['colcon_meta']
[0.652s] [34mcolcon.colcon_core.package_identification[0m [1;30mLevel 1[0m _identify(garbageFile) by extension 'colcon_meta'
[0.652s] [34mcolcon.colcon_core.package_identification[0m [1;30mLevel 1[0m _identify(garbageFile) by extensions ['ros']
[0.652s] [34mcolcon.colcon_core.package_identification[0m [1;30mLevel 1[0m _identify(garbageFile) by extension 'ros'
[0.652s] [34mcolcon.colcon_core.package_identification[0m [1;30mLevel 1[0m _identify(garbageFile) by extensions ['cmake', 'python']
[0.652s] [34mcolcon.colcon_core.package_identification[0m [1;30mLevel 1[0m _identify(garbageFile) by extension 'cmake'
[0.652s] [34mcolcon.colcon_core.package_identification[0m [1;30mLevel 1[0m _identify(garbageFile) by extension 'python'
[0.652s] [34mcolcon.colcon_core.package_identification[0m [1;30mLevel 1[0m _identify(garbageFile) by extensions ['python_setup_py']
[0.652s] [34mcolcon.colcon_core.package_identification[0m [1;30mLevel 1[0m _identify(garbageFile) by extension 'python_setup_py'
[0.652s] [34mcolcon.colcon_core.package_identification[0m [1;30mLevel 1[0m _identify(install) by extensions ['ignore', 'ignore_ament_install']
[0.652s] [34mcolcon.colcon_core.package_identification[0m [1;30mLevel 1[0m _identify(install) by extension 'ignore'
[0.652s] [34mcolcon.colcon_core.package_identification[0m [1;30mLevel 1[0m _identify(install) ignored
[0.652s] [34mcolcon.colcon_core.package_identification[0m [1;30mLevel 1[0m _identify(log) by extensions ['ignore', 'ignore_ament_install']
[0.652s] [34mcolcon.colcon_core.package_identification[0m [1;30mLevel 1[0m _identify(log) by extension 'ignore'
[0.653s] [34mcolcon.colcon_core.package_identification[0m [1;30mLevel 1[0m _identify(log) ignored
[0.653s] [34mcolcon.colcon_core.package_identification[0m [1;30mLevel 1[0m _identify(modules) by extensions ['ignore', 'ignore_ament_install']
[0.653s] [34mcolcon.colcon_core.package_identification[0m [1;30mLevel 1[0m _identify(modules) by extension 'ignore'
[0.653s] [34mcolcon.colcon_core.package_identification[0m [1;30mLevel 1[0m _identify(modules) by extension 'ignore_ament_install'
[0.653s] [34mcolcon.colcon_core.package_identification[0m [1;30mLevel 1[0m _identify(modules) by extensions ['colcon_pkg']
[0.653s] [34mcolcon.colcon_core.package_identification[0m [1;30mLevel 1[0m _identify(modules) by extension 'colcon_pkg'
[0.653s] [34mcolcon.colcon_core.package_identification[0m [1;30mLevel 1[0m _identify(modules) by extensions ['colcon_meta']
[0.653s] [34mcolcon.colcon_core.package_identification[0m [1;30mLevel 1[0m _identify(modules) by extension 'colcon_meta'
[0.653s] [34mcolcon.colcon_core.package_identification[0m [1;30mLevel 1[0m _identify(modules) by extensions ['ros']
[0.653s] [34mcolcon.colcon_core.package_identification[0m [1;30mLevel 1[0m _identify(modules) by extension 'ros'
[0.653s] [34mcolcon.colcon_core.package_identification[0m [1;30mLevel 1[0m _identify(modules) by extensions ['cmake', 'python']
[0.653s] [34mcolcon.colcon_core.package_identification[0m [1;30mLevel 1[0m _identify(modules) by extension 'cmake'
[0.653s] [34mcolcon.colcon_core.package_identification[0m [1;30mLevel 1[0m _identify(modules) by extension 'python'
[0.653s] [34mcolcon.colcon_core.package_identification[0m [1;30mLevel 1[0m _identify(modules) by extensions ['python_setup_py']
[0.653s] [34mcolcon.colcon_core.package_identification[0m [1;30mLevel 1[0m _identify(modules) by extension 'python_setup_py'
[0.653s] [34mcolcon.colcon_core.package_identification[0m [1;30mLevel 1[0m _identify(modules/__pycache__) by extensions ['ignore', 'ignore_ament_install']
[0.654s] [34mcolcon.colcon_core.package_identification[0m [1;30mLevel 1[0m _identify(modules/__pycache__) by extension 'ignore'
[0.654s] [34mcolcon.colcon_core.package_identification[0m [1;30mLevel 1[0m _identify(modules/__pycache__) by extension 'ignore_ament_install'
[0.654s] [34mcolcon.colcon_core.package_identification[0m [1;30mLevel 1[0m _identify(modules/__pycache__) by extensions ['colcon_pkg']
[0.654s] [34mcolcon.colcon_core.package_identification[0m [1;30mLevel 1[0m _identify(modules/__pycache__) by extension 'colcon_pkg'
[0.654s] [34mcolcon.colcon_core.package_identification[0m [1;30mLevel 1[0m _identify(modules/__pycache__) by extensions ['colcon_meta']
[0.654s] [34mcolcon.colcon_core.package_identification[0m [1;30mLevel 1[0m _identify(modules/__pycache__) by extension 'colcon_meta'
[0.654s] [34mcolcon.colcon_core.package_identification[0m [1;30mLevel 1[0m _identify(modules/__pycache__) by extensions ['ros']
[0.654s] [34mcolcon.colcon_core.package_identification[0m [1;30mLevel 1[0m _identify(modules/__pycache__) by extension 'ros'
[0.654s] [34mcolcon.colcon_core.package_identification[0m [1;30mLevel 1[0m _identify(modules/__pycache__) by extensions ['cmake', 'python']
[0.654s] [34mcolcon.colcon_core.package_identification[0m [1;30mLevel 1[0m _identify(modules/__pycache__) by extension 'cmake'
[0.654s] [34mcolcon.colcon_core.package_identification[0m [1;30mLevel 1[0m _identify(modules/__pycache__) by extension 'python'
[0.654s] [34mcolcon.colcon_core.package_identification[0m [1;30mLevel 1[0m _identify(modules/__pycache__) by extensions ['python_setup_py']
[0.654s] [34mcolcon.colcon_core.package_identification[0m [1;30mLevel 1[0m _identify(modules/__pycache__) by extension 'python_setup_py'
[0.654s] [34mcolcon.colcon_core.package_identification[0m [1;30mLevel 1[0m _identify(modules/models) by extensions ['ignore', 'ignore_ament_install']
[0.654s] [34mcolcon.colcon_core.package_identification[0m [1;30mLevel 1[0m _identify(modules/models) by extension 'ignore'
[0.655s] [34mcolcon.colcon_core.package_identification[0m [1;30mLevel 1[0m _identify(modules/models) by extension 'ignore_ament_install'
[0.655s] [34mcolcon.colcon_core.package_identification[0m [1;30mLevel 1[0m _identify(modules/models) by extensions ['colcon_pkg']
[0.655s] [34mcolcon.colcon_core.package_identification[0m [1;30mLevel 1[0m _identify(modules/models) by extension 'colcon_pkg'
[0.655s] [34mcolcon.colcon_core.package_identification[0m [1;30mLevel 1[0m _identify(modules/models) by extensions ['colcon_meta']
[0.655s] [34mcolcon.colcon_core.package_identification[0m [1;30mLevel 1[0m _identify(modules/models) by extension 'colcon_meta'
[0.655s] [34mcolcon.colcon_core.package_identification[0m [1;30mLevel 1[0m _identify(modules/models) by extensions ['ros']
[0.655s] [34mcolcon.colcon_core.package_identification[0m [1;30mLevel 1[0m _identify(modules/models) by extension 'ros'
[0.655s] [34mcolcon.colcon_core.package_identification[0m [1;30mLevel 1[0m _identify(modules/models) by extensions ['cmake', 'python']
[0.655s] [34mcolcon.colcon_core.package_identification[0m [1;30mLevel 1[0m _identify(modules/models) by extension 'cmake'
[0.655s] [34mcolcon.colcon_core.package_identification[0m [1;30mLevel 1[0m _identify(modules/models) by extension 'python'
[0.655s] [34mcolcon.colcon_core.package_identification[0m [1;30mLevel 1[0m _identify(modules/models) by extensions ['python_setup_py']
[0.655s] [34mcolcon.colcon_core.package_identification[0m [1;30mLevel 1[0m _identify(modules/models) by extension 'python_setup_py'
[0.655s] [34mcolcon.colcon_core.package_identification[0m [1;30mLevel 1[0m _identify(modules/models/anime_style) by extensions ['ignore', 'ignore_ament_install']
[0.655s] [34mcolcon.colcon_core.package_identification[0m [1;30mLevel 1[0m _identify(modules/models/anime_style) by extension 'ignore'
[0.655s] [34mcolcon.colcon_core.package_identification[0m [1;30mLevel 1[0m _identify(modules/models/anime_style) by extension 'ignore_ament_install'
[0.655s] [34mcolcon.colcon_core.package_identification[0m [1;30mLevel 1[0m _identify(modules/models/anime_style) by extensions ['colcon_pkg']
[0.655s] [34mcolcon.colcon_core.package_identification[0m [1;30mLevel 1[0m _identify(modules/models/anime_style) by extension 'colcon_pkg'
[0.655s] [34mcolcon.colcon_core.package_identification[0m [1;30mLevel 1[0m _identify(modules/models/anime_style) by extensions ['colcon_meta']
[0.655s] [34mcolcon.colcon_core.package_identification[0m [1;30mLevel 1[0m _identify(modules/models/anime_style) by extension 'colcon_meta'
[0.656s] [34mcolcon.colcon_core.package_identification[0m [1;30mLevel 1[0m _identify(modules/models/anime_style) by extensions ['ros']
[0.656s] [34mcolcon.colcon_core.package_identification[0m [1;30mLevel 1[0m _identify(modules/models/anime_style) by extension 'ros'
[0.656s] [34mcolcon.colcon_core.package_identification[0m [1;30mLevel 1[0m _identify(modules/models/anime_style) by extensions ['cmake', 'python']
[0.656s] [34mcolcon.colcon_core.package_identification[0m [1;30mLevel 1[0m _identify(modules/models/anime_style) by extension 'cmake'
[0.656s] [34mcolcon.colcon_core.package_identification[0m [1;30mLevel 1[0m _identify(modules/models/anime_style) by extension 'python'
[0.656s] [34mcolcon.colcon_core.package_identification[0m [1;30mLevel 1[0m _identify(modules/models/anime_style) by extensions ['python_setup_py']
[0.656s] [34mcolcon.colcon_core.package_identification[0m [1;30mLevel 1[0m _identify(modules/models/anime_style) by extension 'python_setup_py'
[0.656s] [34mcolcon.colcon_core.package_identification[0m [1;30mLevel 1[0m _identify(modules/models/contour_style) by extensions ['ignore', 'ignore_ament_install']
[0.656s] [34mcolcon.colcon_core.package_identification[0m [1;30mLevel 1[0m _identify(modules/models/contour_style) by extension 'ignore'
[0.656s] [34mcolcon.colcon_core.package_identification[0m [1;30mLevel 1[0m _identify(modules/models/contour_style) by extension 'ignore_ament_install'
[0.656s] [34mcolcon.colcon_core.package_identification[0m [1;30mLevel 1[0m _identify(modules/models/contour_style) by extensions ['colcon_pkg']
[0.656s] [34mcolcon.colcon_core.package_identification[0m [1;30mLevel 1[0m _identify(modules/models/contour_style) by extension 'colcon_pkg'
[0.656s] [34mcolcon.colcon_core.package_identification[0m [1;30mLevel 1[0m _identify(modules/models/contour_style) by extensions ['colcon_meta']
[0.656s] [34mcolcon.colcon_core.package_identification[0m [1;30mLevel 1[0m _identify(modules/models/contour_style) by extension 'colcon_meta'
[0.656s] [34mcolcon.colcon_core.package_identification[0m [1;30mLevel 1[0m _identify(modules/models/contour_style) by extensions ['ros']
[0.656s] [34mcolcon.colcon_core.package_identification[0m [1;30mLevel 1[0m _identify(modules/models/contour_style) by extension 'ros'
[0.656s] [34mcolcon.colcon_core.package_identification[0m [1;30mLevel 1[0m _identify(modules/models/contour_style) by extensions ['cmake', 'python']
[0.656s] [34mcolcon.colcon_core.package_identification[0m [1;30mLevel 1[0m _identify(modules/models/contour_style) by extension 'cmake'
[0.656s] [34mcolcon.colcon_core.package_identification[0m [1;30mLevel 1[0m _identify(modules/models/contour_style) by extension 'python'
[0.656s] [34mcolcon.colcon_core.package_identification[0m [1;30mLevel 1[0m _identify(modules/models/contour_style) by extensions ['python_setup_py']
[0.656s] [34mcolcon.colcon_core.package_identification[0m [1;30mLevel 1[0m _identify(modules/models/contour_style) by extension 'python_setup_py'
[0.657s] [34mcolcon.colcon_core.package_identification[0m [1;30mLevel 1[0m _identify(modules/models/opensketch_style) by extensions ['ignore', 'ignore_ament_install']
[0.657s] [34mcolcon.colcon_core.package_identification[0m [1;30mLevel 1[0m _identify(modules/models/opensketch_style) by extension 'ignore'
[0.657s] [34mcolcon.colcon_core.package_identification[0m [1;30mLevel 1[0m _identify(modules/models/opensketch_style) by extension 'ignore_ament_install'
[0.657s] [34mcolcon.colcon_core.package_identification[0m [1;30mLevel 1[0m _identify(modules/models/opensketch_style) by extensions ['colcon_pkg']
[0.657s] [34mcolcon.colcon_core.package_identification[0m [1;30mLevel 1[0m _identify(modules/models/opensketch_style) by extension 'colcon_pkg'
[0.657s] [34mcolcon.colcon_core.package_identification[0m [1;30mLevel 1[0m _identify(modules/models/opensketch_style) by extensions ['colcon_meta']
[0.657s] [34mcolcon.colcon_core.package_identification[0m [1;30mLevel 1[0m _identify(modules/models/opensketch_style) by extension 'colcon_meta'
[0.657s] [34mcolcon.colcon_core.package_identification[0m [1;30mLevel 1[0m _identify(modules/models/opensketch_style) by extensions ['ros']
[0.657s] [34mcolcon.colcon_core.package_identification[0m [1;30mLevel 1[0m _identify(modules/models/opensketch_style) by extension 'ros'
[0.657s] [34mcolcon.colcon_core.package_identification[0m [1;30mLevel 1[0m _identify(modules/models/opensketch_style) by extensions ['cmake', 'python']
[0.657s] [34mcolcon.colcon_core.package_identification[0m [1;30mLevel 1[0m _identify(modules/models/opensketch_style) by extension 'cmake'
[0.657s] [34mcolcon.colcon_core.package_identification[0m [1;30mLevel 1[0m _identify(modules/models/opensketch_style) by extension 'python'
[0.657s] [34mcolcon.colcon_core.package_identification[0m [1;30mLevel 1[0m _identify(modules/models/opensketch_style) by extensions ['python_setup_py']
[0.657s] [34mcolcon.colcon_core.package_identification[0m [1;30mLevel 1[0m _identify(modules/models/opensketch_style) by extension 'python_setup_py'
[0.657s] [34mcolcon.colcon_core.package_discovery[0m [1;30mLevel 1[0m discover_packages(recursive) using defaults
[0.657s] [34mcolcon.colcon_core.package_discovery[0m [1;30mLevel 1[0m discover_packages(ignore) discover
[0.657s] [34mcolcon.colcon_core.package_discovery[0m [1;30mLevel 1[0m discover_packages(ignore) using defaults
[0.657s] [34mcolcon.colcon_core.package_discovery[0m [1;30mLevel 1[0m discover_packages(path) discover
[0.657s] [34mcolcon.colcon_core.package_discovery[0m [1;30mLevel 1[0m discover_packages(path) using defaults
[0.680s] [34mcolcon.colcon_core.package_discovery[0m [1;30mLevel 1[0m discover_packages(prefix_path) check parameters
[0.680s] [34mcolcon.colcon_core.package_discovery[0m [1;30mLevel 1[0m discover_packages(prefix_path) discover
[0.686s] [34mcolcon.colcon_installed_package_information.package_discovery[0m [1;30mDEBUG[0m [32mFound 30 installed packages in /home/smartcps/ros2_ws/install[0m
[0.689s] [34mcolcon.colcon_installed_package_information.package_discovery[0m [1;30mDEBUG[0m [32mFound 388 installed packages in /opt/ros/humble[0m
[0.690s] [34mcolcon.colcon_core.package_discovery[0m [1;30mLevel 1[0m discover_packages(prefix_path) using defaults
[0.757s] [34mcolcon.colcon_core.executor[0m [1;30mINFO[0m Executing jobs using 'parallel' executor
[0.758s] [34mcolcon.colcon_parallel_executor.executor.parallel[0m [1;30mDEBUG[0m [32mrun_until_complete[0m
[0.758s] [34mcolcon.colcon_parallel_executor.executor.parallel[0m [1;30mDEBUG[0m [32mclosing loop[0m
[0.759s] [34mcolcon.colcon_parallel_executor.executor.parallel[0m [1;30mDEBUG[0m [32mloop closed[0m
[0.759s] [34mcolcon.colcon_parallel_executor.executor.parallel[0m [1;30mDEBUG[0m [32mrun_until_complete finished with '0'[0m
[0.759s] [34mcolcon.colcon_core.event_reactor[0m [1;30mDEBUG[0m [32mjoining thread[0m
[0.765s] [34mcolcon.colcon_core.plugin_system[0m [1;30mINFO[0m Skipping extension 'colcon_notification.desktop_notification.terminal_notifier': Not used on non-Darwin systems
[0.765s] [34mcolcon.colcon_core.plugin_system[0m [1;30mINFO[0m Skipping extension 'colcon_notification.desktop_notification.win32': Not used on non-Windows systems
[0.765s] [34mcolcon.colcon_notification.desktop_notification[0m [1;30mINFO[0m Sending desktop notification using 'notify2'
[0.775s] [34mcolcon.colcon_core.event_reactor[0m [1;30mDEBUG[0m [32mjoined thread[0m
[0.780s] [34mcolcon.colcon_core.plugin_system[0m [1;30mINFO[0m Skipping extension 'colcon_core.shell.bat': Not used on non-Windows systems
[0.780s] [34mcolcon.colcon_core.shell[0m [1;30mINFO[0m Creating prefix script '/home/smartcps/ros2_ws/src/doosan-robot2/Image_Detection-main/install/local_setup.ps1'
[0.782s] [34mcolcon.colcon_core.shell[0m [1;30mINFO[0m Creating prefix util module '/home/smartcps/ros2_ws/src/doosan-robot2/Image_Detection-main/install/_local_setup_util_ps1.py'
[0.788s] [34mcolcon.colcon_core.shell[0m [1;30mINFO[0m Creating prefix chain script '/home/smartcps/ros2_ws/src/doosan-robot2/Image_Detection-main/install/setup.ps1'
[0.794s] [34mcolcon.colcon_core.shell[0m [1;30mINFO[0m Creating prefix script '/home/smartcps/ros2_ws/src/doosan-robot2/Image_Detection-main/install/local_setup.sh'
[0.795s] [34mcolcon.colcon_core.shell[0m [1;30mINFO[0m Creating prefix util module '/home/smartcps/ros2_ws/src/doosan-robot2/Image_Detection-main/install/_local_setup_util_sh.py'
[0.795s] [34mcolcon.colcon_core.shell[0m [1;30mINFO[0m Creating prefix chain script '/home/smartcps/ros2_ws/src/doosan-robot2/Image_Detection-main/install/setup.sh'
[0.798s] [34mcolcon.colcon_core.shell[0m [1;30mINFO[0m Creating prefix script '/home/smartcps/ros2_ws/src/doosan-robot2/Image_Detection-main/install/local_setup.bash'
[0.798s] [34mcolcon.colcon_core.shell[0m [1;30mINFO[0m Creating prefix chain script '/home/smartcps/ros2_ws/src/doosan-robot2/Image_Detection-main/install/setup.bash'
[0.801s] [34mcolcon.colcon_core.shell[0m [1;30mINFO[0m Creating prefix script '/home/smartcps/ros2_ws/src/doosan-robot2/Image_Detection-main/install/local_setup.zsh'
[0.801s] [34mcolcon.colcon_core.shell[0m [1;30mINFO[0m Creating prefix chain script '/home/smartcps/ros2_ws/src/doosan-robot2/Image_Detection-main/install/setup.zsh'
